[{"College_Name":"Government Polytechnic, Daman","College_Logo":"https:\/\/images.collegedunia.com\/public\/college_data\/images\/logos\/15992165223169722128241454581261040502356n.jpg?h=80&w=80&mode=stretch","Upper_Section_Details":{"Place":"Daman,  Daman and Diu","Approval":"","Establishment":"Estd 1989","University Type":"State University"},"College_Rating":7.0,"College_Summary":"Government Polytechnic Daman\u00a0at Daman and Diu, is a state-run college, which has created a space for itself in Damn and Diu ever since its inception. It offers\u00a0diploma\u00a0courses in 7 Engineering branches. Admissions to this reputed college is strictly based on merit and the qualification required to apply to this college is that the candidate should have passed the Std. X examination. Big companies like Reliance Industries Ltd., PSL Ltd, Mouldcare, and Super Knit Industries, etc. visit the campus to recruit students.","Fees_and_Eligibility":null,"Courses_Details":null},{"College_Name":"National Institute of Fashion Technology - [NIFT], Daman","College_Logo":"https:\/\/images.collegedunia.com\/public\/college_data\/images\/logos\/1668745818WhatsAppImage20220802at3.31.57PM.jpg?h=80&w=80&mode=stretch","Upper_Section_Details":{"Place":"Daman,  Daman and Diu","Approval":"","Establishment":"Estd 2022","University Type":"Public Institute"},"College_Rating":"","College_Summary":"","Fees_and_Eligibility":null,"Courses_Details":[{"Course Name":"Bachelor of Design [B.Des] (Textile Design)","Course Duration":"4 Years","Course Degree":"Degree","Course Graduation":"Graduation","Course Time":"Full Time","Course Rating":"","Application Date":"5 Dec - 08 Jan 2024","Application Fees":"\u20b9 326,2001st Yr Fees"},{"Course Name":"Master of Fashion Management [MFM]","Course Duration":"2 Years","Course Degree":"Degree","Course Graduation":"Post Graduation","Course Time":"Full Time","Course Rating":"","Application Date":"5 Dec - 08 Jan 2024"}]},{"College_Name":"Indian Institute of Information Technology Vadodara - International Campus Diu -[IIITV-ICD], Diu","College_Logo":"https:\/\/images.collegedunia.com\/public\/college_data\/images\/logos\/1702543626Logo4.png?h=80&w=80&mode=stretch","Upper_Section_Details":{"Place":"Diu,  Daman and Diu","Approval":"","Establishment":"","University Type":""},"College_Rating":"","College_Summary":"","Fees_and_Eligibility":null,"Courses_Details":[{"Course Name":"Bachelor of Technology [B.Tech] (Computer Science  and Engineering)","Course Duration":"4 Years","Course Degree":"Degree","Course Graduation":"Graduation","Course Time":"Full Time","Course Rating":"","Exam Accepted":"DASA","Application Fees":"\u20b9 327,7201st Yr Fees"}]}]