[{"College_Name":"GIM (Goa Institute of Management)","College_Logo":"https:\/\/images.collegedunia.com\/public\/college_data\/images\/logos\/1597308225Logo.jpg?h=80&w=80&mode=stretch","Upper_Section_Details":{"Place":"North Goa,  Goa","Approval":"AICTE, NBA, AIU","Establishment":"Estd 1993","University Type":"Private"},"College_Rating":8.6,"College_Summary":"Goa Institute of Management, or popularly known as GIM Goa is a premier B-School known for offering PGDM as its flagship program. The institute\u00a0is often considered a very good alternative for MBA for aspirants looking to get into colleges which are not as difficult as IIMs and other top MBA colleges but offer similar returns. GIM Goa\u2019s NIRF 2023 rank is 33. Admission is done through CAT\/ XAT\/ GMAT\u00a0however a majority of the aspirants gets admitted through CAT making it the most preferred exam.\u00a0GIM Goa PGDM fees is INR 19.40\u00a0Lakhs for 2 year whereas GIM Goa average package stood at INR 14.7 LPA.","Fees_and_Eligibility":null,"Courses_Details":[{"Course Name":"Post Graduate Diploma in Management [PGDM]","Course Duration":"2 Years","Course Degree":"Diploma","Course Graduation":"Post Graduation","Course Time":"Full Time","Course Rating":"8.5","Course Review":"70 Reviews","Exam Accepted":"CAT","Application Date":"15 Jan 2024","Application Fees":"\u20b9 1,940,000Total Fees"},{"Course Name":"Fellow Programme in Management [FPM]","Course Duration":"4 Years","Course Degree":"Degree","Course Graduation":"Doctorate\/M.Phil","Course Time":"Full Time","Course Rating":"Rated #27\n          out of 272\n          by\n        India Today in Management","Application Date":"27 Oct - 15 Mar 2024","Application Fees":"\u20b9 22,000Total Fees"},{"Course Name":"Post Graduate Diploma in Management [PGDM]","Course Duration":"2 Years","Course Degree":"Diploma","Course Graduation":"Post Graduation","Course Time":"Part Time","Course Rating":"8.0","Course Review":"1 Reviews","Application Fees":"\u20b9 290,0001st Yr Fees"}]},{"College_Name":"Institute Of Hotel Management Catering Technology and Applied Nutrition - [IHM], North Goa, Goa","College_Logo":"https:\/\/images.collegedunia.com\/public\/college_data\/images\/logos\/1438240221IHMGOA.png?h=80&w=80&mode=stretch","Upper_Section_Details":{"Place":"North Goa,  Goa","Approval":"NCHMCT","Establishment":"Estd 1968","University Type":"Public (Autonomous)"},"College_Rating":8.2,"College_Summary":"Institute Of Hotel Management Catering Technology and Applied Nutrition, Goa is an autonomous institute established in 1984. Affiliated to National Council for Hotel Management and Catering Technology, Noida (NCHMCT), the Institute offers various undergraduate, diploma and certificate courses across various specializations. The institute imparts education to the students in the hospitality industry. Admissions to B.Sc courses are entrance based(NCHM-JEE) whereas admissions to Craftsmanship courses are merit based.","Fees_and_Eligibility":null,"Courses_Details":[{"Course Name":"Bachelor of Science [B.Sc] (Hospitality and Hotel Administration)","Course Duration":"3 Years","Course Degree":"Degree","Course Graduation":"Graduation","Course Time":"Full Time","Course Rating":"7.9","Course Review":"16 Reviews","Exam Accepted":"NCHMCT JEE","Application Date":"30 May 2024","Application Fees":"\u20b9 120,8001st Yr Fees"},{"Course Name":"Diploma","Course Duration":"1 Year 6 Months","Course Degree":"Diploma","Course Graduation":"10+2","Course Time":"Full Time","Course Rating":"Rated #7\n          out of 63\n          by\n        The Week in Hotel Management","Application Date":"30 May 2024","Application Fees":"\u20b9 88,250Total Fees"},{"Course Name":"Craftsmanship Course","Course Duration":"2 Years","Course Degree":"Certification","Course Graduation":"10+2","Course Time":"Full Time","Course Rating":"","Application Date":"30 May 2024","Application Fees":"\u20b9 80,400Total Fees"}]},{"College_Name":"Goa College of Pharmacy, Panji","College_Logo":"https:\/\/images.collegedunia.com\/public\/college_data\/images\/logos\/1470315044image004.jpg?h=80&w=80&mode=stretch","Upper_Section_Details":{"Place":"Panji,  Goa","Approval":"AICTE, PCI","Establishment":"Estd 1963","University Type":"Public"},"College_Rating":5.2,"College_Summary":"","Fees_and_Eligibility":null,"Courses_Details":[{"Course Name":"Bachelor of Pharmacy [B.Pharma]","Course Duration":"4 Years","Course Degree":"Degree","Course Graduation":"Graduation","Course Time":"Full Time","Course Rating":"5.4","Course Review":"4 Reviews"},{"Course Name":"Master of Pharmacy [M.Pharma]","Course Duration":"2 Years","Course Degree":"Degree","Course Graduation":"Post Graduation","Course Time":"Full Time","Course Rating":"Rated #66\n          out of 125\n          by\n        NIRF in Pharmacy","Application Fees":"\u20b9 88,1001st Yr Fees"},{"Course Name":"Pharm.D","Course Duration":"4 Years","Course Degree":"Degree","Course Graduation":"Doctorate\/M.Phil","Course Time":"Full Time","Course Rating":"Rated #66\n          out of 125\n          by\n        NIRF in Pharmacy"},{"Course Name":"Diploma in Pharmacy [D.Pharm]","Course Duration":"2 Years","Course Degree":"Diploma","Course Graduation":"10+2","Course Time":"Full Time","Course Rating":"4.7","Course Review":"1 Reviews"}]},{"College_Name":"VM Salgaocar College of Law, Panji","College_Logo":"https:\/\/images.collegedunia.com\/public\/college_data\/images\/logos\/1459767819vm-logo.png?h=80&w=80&mode=stretch","Upper_Section_Details":{"Place":"Panji,  Goa","Approval":"BCI","Establishment":"Estd 1973","University Type":"Private"},"College_Rating":8.0,"College_Summary":"","Fees_and_Eligibility":null,"Courses_Details":[{"Course Name":"Bachelor of Law [L.L.B]","Course Duration":"3 Years","Course Degree":"Degree","Course Graduation":"Graduation","Course Time":"Full Time","Course Rating":"7.6","Course Review":"6 Reviews","Application Fees":"\u20b9 21,0001st Yr Fees"},{"Course Name":"Bachelor of Arts + Bachelor of Laws [B.A.L.L.B.]","Course Duration":"5 Years","Course Degree":"Degree","Course Graduation":"Graduation","Course Time":"Full Time","Course Rating":"Rated #45\n          out of 70\n          by\n        India Today in Law","Application Fees":"\u20b9 9,0001st Yr Fees"},{"Course Name":"Master of Laws [L.L.M.]","Course Duration":"2 Years","Course Degree":"Degree","Course Graduation":"Post Graduation","Course Time":"Full Time","Course Rating":"8.7","Course Review":"1 Reviews","Application Fees":"\u20b9 26,4001st Yr Fees"},{"Course Name":"Ph.D. (Law)","Course Duration":"3 Years","Course Degree":"Degree","Course Graduation":"Doctorate\/M.Phil","Course Time":"Full Time","Course Rating":"Rated #45\n          out of 70\n          by\n        India Today in Law"}]},{"College_Name":"St. Xaviers College Goa","College_Logo":"https:\/\/images.collegedunia.com\/public\/college_data\/images\/logos\/1422687956zoutons-online-coupons.jpg?h=80&w=80&mode=stretch","Upper_Section_Details":{"Place":"Bardez,  Goa","Approval":"UGC","Establishment":"Estd 1963","University Type":"Private"},"College_Rating":7.6,"College_Summary":"","Fees_and_Eligibility":[{"Course":"BA","Fees":"\u20b95,980 (1st Year Fees) ","Eligibility":"10+2"},{"Course":"MA","Fees":"\u20b96,515 (Total Fees) ","Eligibility":"Graduation"},{"Course":"B.Sc","Fees":"\u20b97,640 (1st Year Fees) ","Eligibility":"10+2"},{"Course":"BCA","Fees":"\u20b949,074 (1st Year Fees) ","Eligibility":"10+2"},{"Course":"BBA","Fees":"\u20b962,194 (1st Year Fees) ","Eligibility":"10+2 with 50% + AIMA UGAT"},{"Course":"M.Com","Fees":"\u20b96,515 (Total Fees) ","Eligibility":"Graduation"},{"Course":"B.Com","Fees":"\u20b96,180 (1st Year Fees) ","Eligibility":"10+2"}],"Courses_Details":[{"Course Name":"Bachelor of Arts [BA]","Course Duration":"3 Years","Course Degree":"Degree","Course Graduation":"Graduation","Course Time":"Full Time","Course Rating":"6.7","Course Review":"3 Reviews","Application Fees":"\u20b9 5,9801st Yr Fees"},{"Course Name":"Master of Arts [MA]","Course Duration":"2 Years","Course Degree":"Degree","Course Graduation":"Post Graduation","Course Time":"Full Time","Course Rating":"Rated #127\n          out of 173\n          by\n        India Today in Arts","Application Fees":"\u20b9 6,515Total Fees"},{"Course Name":"Bachelor of Computer Applications [BCA]","Course Duration":"3 Years","Course Degree":"Degree","Course Graduation":"Graduation","Course Time":"Full Time","Course Rating":"7.9","Course Review":"5 Reviews","Application Fees":"\u20b9 49,0741st Yr Fees"},{"Course Name":"Bachelor of Science [B.Sc]","Course Duration":"3 Years","Course Degree":"Degree","Course Graduation":"Graduation","Course Time":"Full Time","Course Rating":"7.0","Course Review":"3 Reviews","Application Fees":"\u20b9 7,6401st Yr Fees"},{"Course Name":"Bachelor of Business Administration [BBA]","Course Duration":"3 Years","Course Degree":"Degree","Course Graduation":"Graduation","Course Time":"Full Time","Course Rating":"Rated #84\n          out of 120\n          by\n        India Today in Management","Exam Accepted":"AIMA UGAT","Application Fees":"\u20b9 62,1941st Yr Fees"}]},{"College_Name":"NIT Goa (NITG)","College_Logo":"https:\/\/images.collegedunia.com\/public\/college_data\/images\/logos\/15094366571394873627NationalInstituteofTechnologyNITGoa.png?h=80&w=80&mode=stretch","Upper_Section_Details":{"Place":"South Goa,  Goa","Approval":"AICTE, UGC","Establishment":"Estd 2010","University Type":"Autonomous University"},"College_Rating":7.5,"College_Summary":"NIT Goa is an autonomous technical university located in Concolim, South Goa. The institute is one of India's 31 National Institutes of Technology and\u00a0is recognized as an Institute of National Importance. NIT Goa is ranked on 90th in India\u2019s top Engineering college category by NIRF 2023. NIT Goa offers 5 Btech Courses, 3 MTech Courses\u00a0and 5 PhD Courses. The flagship program of the institute is\u00a0BTech and Admission to the course is based on JEE Main rank. The seat allocation for BTech courses is done via JoSAA Counselling. IIT Goa offers BTech admissions in 2 categories i.e Home State (HS) and Other State categories. The total fees of BTech program at NIT Goa is INR 5.33 Lakhs and the average package is INR 10.87 LPA.\u00a0Over 160 recruiters took part in the NIT Goa placement campaign. Infosys, Publicis Sapient, MAQ Software, HDFC Bank, JSW, and other notable recruiters were among them.","Fees_and_Eligibility":null,"Courses_Details":[{"Course Name":"Bachelor of Technology [B.Tech]","Course Duration":"4 Years","Course Degree":"Degree","Course Graduation":"Graduation","Course Time":"Full Time","Course Rating":"7.4","Course Review":"26 Reviews","Exam Accepted":"JEE Main","Application Date":"19 June - 31 Jul 2024","Application Fees":"\u20b9 143,2001st Yr Fees"},{"Course Name":"Ph.D","Course Duration":"5 Years","Course Degree":"Degree","Course Graduation":"Doctorate\/M.Phil","Course Time":"Full Time","Course Rating":"Rated #90\n          out of 200\n          by\n        NIRF in Engineering","Application Date":"29 May - 23 Jun 2024","Application Fees":"\u20b9 32,2001st Yr Fees"},{"Course Name":"Master of Technology [M.Tech]","Course Duration":"2 Years","Course Degree":"Degree","Course Graduation":"Post Graduation","Course Time":"Full Time","Course Rating":"8.3","Course Review":"1 Reviews","Exam Accepted":"GATE","Application Date":"5 June - 26 Jun 2024","Application Fees":"\u20b9 87,2001st Yr Fees"},{"Course Name":"Ph.D.","Course Duration":"5 Years","Course Degree":"Degree","Course Graduation":"Doctorate\/M.Phil","Course Time":"Part Time","Course Rating":"","Application Date":"29 May - 23 Jun 2024","Application Fees":"\u20b9 32,2001st Yr Fees"}]},{"College_Name":"ICAR-Central Coastal Agricultural Research Institute -  [CCARI], North Goa","College_Logo":"https:\/\/images.collegedunia.com\/public\/college_data\/images\/logos\/col6632.jpg?h=80&w=80&mode=stretch","Upper_Section_Details":{"Place":"North Goa,  Goa","Approval":"ICAR","Establishment":"Estd 1976","University Type":"Public"},"College_Rating":"","College_Summary":"","Fees_and_Eligibility":null,"Courses_Details":[{"Course Name":"Bachelor of Science [B.Sc] (Agriculture)","Course Duration":"4 Years","Course Degree":"Degree","Course Graduation":"Graduation","Course Time":"Full Time","Course Rating":"","Application Fees":"\u20b9 60,000Total Fees"},{"Course Name":"Bachelor of Science [B.Sc] (Agricultural Economics)","Course Duration":"3 Years","Course Degree":"Degree","Course Graduation":"Graduation","Course Time":"Full Time","Course Rating":"","Application Fees":"\u20b9 60,000Total Fees"}]},{"College_Name":"Goa College of Architecture, Panji","College_Logo":"https:\/\/images.collegedunia.com\/public\/college_data\/images\/logos\/col32765.jpg?h=80&w=80&mode=stretch","Upper_Section_Details":{"Place":"Panji,  Goa","Approval":"AICTE","Establishment":"Estd 1982","University Type":"Public"},"College_Rating":3.3,"College_Summary":"Goa College of Architecture was established back in 1982. It is the only institute in Goa offering Bachelor studies in Architecture. It offers B.Arch and M.Arch courses. The admission is based on the NATA entrance exam. The minimum eligibility required to apply for admission is 50% aggregate marks in the previous qualifying examination in the relevant subject. The application process is offline.","Fees_and_Eligibility":null,"Courses_Details":[{"Course Name":"Bachelor of Architecture [B.Arch]","Course Duration":"5 Years","Course Degree":"Degree","Course Graduation":"Graduation","Course Time":"Full Time","Course Rating":"4.0","Course Review":"1 Reviews","Exam Accepted":"NATA","Application Fees":"\u20b9 57,2001st Yr Fees"}]},{"College_Name":"Ann Institute of Hotel Management and Catering Technology, North Goa","College_Logo":"https:\/\/images.collegedunia.com\/public\/college_data\/images\/logos\/1423645749aihmct-logo1.jpg?h=80&w=80&mode=stretch","Upper_Section_Details":{"Place":"North Goa,  Goa","Approval":"NCHMCT, UGC","Establishment":"Estd 1999","University Type":"Private"},"College_Rating":"","College_Summary":"","Fees_and_Eligibility":null,"Courses_Details":[{"Course Name":"Bachelor of Science [B.Sc] (Catering Science and Hotel Management)","Course Duration":"3 Years","Course Degree":"Degree","Course Graduation":"Graduation","Course Time":"Full Time","Course Rating":"","Application Date":"10 Apr 2024","Application Fees":"\u20b9 195,000Total Fees"},{"Course Name":"Diploma","Course Duration":"1 Month","Course Degree":"Diploma","Course Graduation":"10th","Course Time":"Full Time","Course Rating":"","Application Date":"10 Apr 2024"},{"Course Name":"Advanced Diploma in Food Preparation and Culinary Arts","Course Duration":"6 Months","Course Degree":"Diploma","Course Graduation":"10+2","Course Time":"Full Time","Course Rating":"","Application Date":"10 Apr 2024"},{"Course Name":"Post Graduate Diploma in Hotel Management","Course Duration":"1 Year 6 Months","Course Degree":"Diploma","Course Graduation":"Post Graduation","Course Time":"Full Time","Course Rating":"","Application Date":"10 Apr 2024"}]},{"College_Name":"IIT Goa","College_Logo":"https:\/\/images.collegedunia.com\/public\/college_data\/images\/logos\/1541821870iitgoa.jpg?h=80&w=80&mode=stretch","Upper_Section_Details":{"Place":"Ponda,  Goa","Approval":"UGC","Establishment":"Estd 2016","University Type":"Autonomous University"},"College_Rating":8.4,"College_Summary":"Established in 2016, Indian Institute of Technology Goa\u00a0(IIT Goa) is\u00a0the youngest autonomous public university located in Goa. Currently, IIT Goa is functioning from its temporary campus of GEC, Farmagudi, Ponda, and is building its permanent campus in Sattari, North Goa.\u00a0As part of the mentorship plan, IIT-Bombay was the mentor for IIT-Goa for three pioneer years.","Fees_and_Eligibility":[{"Course":"B.Tech","Fees":"\u20b92.43 Lakhs (1st Year Fees) ","Eligibility":"10+2 with 75% + JEE"},{"Course":"M.Tech","Fees":"\u20b956,000 (1st Year Fees) ","Eligibility":"Graduation with 60% + GATE"},{"Course":"Ph.D","Fees":"\u20b956,500 (1st Year Fees) ","Eligibility":"Post Graduation with 60%"},{"Course":"Executive","Fees":"\u20b94.13 Lakhs (Total Fees) ","Eligibility":"Graduation with 60%"}],"Courses_Details":[{"Course Name":"Bachelor of Technology [B.Tech]","Course Duration":"4 Years","Course Degree":"Degree","Course Graduation":"Graduation","Course Time":"Full Time","Course Rating":"8.3","Course Review":"41 Reviews","Exam Accepted":"JEE Advanced","Application Date":"19 June - 29 Jul 2024","Application Fees":"\u20b9 242,8001st Yr Fees"},{"Course Name":"Master of Technology [M.Tech]","Course Duration":"2 Years","Course Degree":"Degree","Course Graduation":"Post Graduation","Course Time":"Full Time","Course Rating":"8.6","Course Review":"7 Reviews","Exam Accepted":"GATE","Application Date":"20 Apr 2024","Application Fees":"\u20b9 56,0001st Yr Fees"},{"Course Name":"Ph.D","Course Duration":"5 Years","Course Degree":"Degree","Course Graduation":"Doctorate\/M.Phil","Course Time":"Full Time","Course Rating":"9.7","Course Review":"1 Reviews","Application Date":"24 Nov - 30 Apr 2024","Application Fees":"\u20b9 56,5001st Yr Fees"},{"Course Name":"Executive Post Graduate Diploma in Enterprise Resource Planning [ERP]","Course Duration":"1 Year","Course Degree":"Diploma","Course Graduation":"Post Graduation","Course Time":"Part Time","Course Rating":"","Application Fees":"\u20b9 413,0001st Yr Fees"}]},{"College_Name":"BITS Pilani Goa","College_Logo":"https:\/\/images.collegedunia.com\/public\/college_data\/images\/logos\/1578548425D0GSnuY5SXyhNfM5orI1RQmini1.jpg?h=80&w=80&mode=stretch","Upper_Section_Details":{"Place":"South Goa,  Goa","Approval":"UGC","Establishment":"Estd 2004","University Type":"Deemed University"},"College_Rating":8.6,"College_Summary":"Table of Content","Fees_and_Eligibility":[{"Course":"BE","Fees":"\u20b95.72 Lakhs (1st Year Fees) ","Eligibility":"10+2 with 75% + BITSAT"},{"Course":"M.Sc","Fees":"\u20b95.72 Lakhs (1st Year Fees) ","Eligibility":"Graduation"},{"Course":"ME","Fees":"\u20b95.72 Lakhs (1st Year Fees) ","Eligibility":"Graduation"},{"Course":"Ph.D","Fees":"\u20b992,025 (1st Year Fees) ","Eligibility":"Post Graduation"}],"Courses_Details":[{"Course Name":"Bachelor of Engineering [BE]","Course Duration":"4 Years","Course Degree":"Degree","Course Graduation":"Graduation","Course Time":"Full Time","Course Rating":"8.7","Course Review":"69 Reviews","Exam Accepted":"BITSAT","Application Date":"15 Jan - 11 Apr 2024","Application Fees":"\u20b9 571,5751st Yr Fees"},{"Course Name":"Master of Science [M.Sc]","Course Duration":"2 Years","Course Degree":"Degree","Course Graduation":"Post Graduation","Course Time":"Full Time","Course Rating":"9.0","Course Review":"17 Reviews","Application Date":"15 Jan - 11 Apr 2024","Application Fees":"\u20b9 571,5751st Yr Fees"},{"Course Name":"Master of Engineering [ME]","Course Duration":"2 Years","Course Degree":"Degree","Course Graduation":"Post Graduation","Course Time":"Full Time","Course Rating":"8.8","Course Review":"4 Reviews","Application Date":"6 Mar - 19 Apr 2024","Application Fees":"\u20b9 571,5751st Yr Fees"},{"Course Name":"Ph.D","Course Duration":"3 Years","Course Degree":"Degree","Course Graduation":"Doctorate\/M.Phil","Course Time":"Full Time","Course Rating":"","Application Date":"1 Mar - 29 Apr 2024","Application Fees":"\u20b9 92,0251st Yr Fees"},{"Course Name":"M.Phil. (liberal Arts)","Course Duration":"2 Years","Course Degree":"Degree","Course Graduation":"Doctorate\/M.Phil","Course Time":"Full Time","Course Rating":"","Application Date":"1 Mar - 29 Apr 2024"}]},{"College_Name":"Goa College of Engineering - [GEC], Ponda","College_Logo":"https:\/\/images.collegedunia.com\/public\/college_data\/images\/logos\/1470209819Goa_College_of_Engineering_logo.png?h=80&w=80&mode=stretch","Upper_Section_Details":{"Place":"Ponda,  Goa","Approval":"AICTE, NBA","Establishment":"Estd 1967","University Type":"Public"},"College_Rating":7.5,"College_Summary":"Goa College of Engineering, Goa commonly known as GEC was established in 1967 mainly for providing technical education in the field of Engineering. Currently, the college offers UG in 7 streams of B.E. (Bachelor of Engineering), PG in 9 streams of M.E. (Master of Engineering), and 5 streams in Ph.D.","Fees_and_Eligibility":null,"Courses_Details":[{"Course Name":"Bachelor of Engineering [BE]","Course Duration":"4 Years","Course Degree":"Degree","Course Graduation":"Graduation","Course Time":"Full Time","Course Rating":"7.6","Course Review":"31 Reviews","Exam Accepted":"GCET","Application Fees":"\u20b9 92,5001st Yr Fees"},{"Course Name":"Master of Engineering [ME]","Course Duration":"2 Years","Course Degree":"Degree","Course Graduation":"Post Graduation","Course Time":"Full Time","Course Rating":"5.2","Course Review":"2 Reviews","Exam Accepted":"GATE","Application Fees":"\u20b9 57,3751st Yr Fees"},{"Course Name":"Master of Engineering [ME] (Industrial Engineering)","Course Duration":"3 Years","Course Degree":"Degree","Course Graduation":"Post Graduation","Course Time":"Part Time","Course Rating":"5.2","Course Review":"2 Reviews","Exam Accepted":"GATE","Application Fees":"\u20b9 40,9251st Yr Fees"},{"Course Name":"Ph.D","Course Duration":"3 Years","Course Degree":"Degree","Course Graduation":"Doctorate\/M.Phil","Course Time":"Full Time","Course Rating":""}]},{"College_Name":"Government College of Arts Science and Commerce Sanquelim, North Goa","College_Logo":"https:\/\/images.collegedunia.com\/public\/college_data\/images\/logos\/1486556439Capture.jpg?h=80&w=80&mode=stretch","Upper_Section_Details":{"Place":"North Goa,  Goa","Approval":"UGC","Establishment":"Estd 1988","University Type":"Government"},"College_Rating":8.5,"College_Summary":"","Fees_and_Eligibility":null,"Courses_Details":[{"Course Name":"Bachelor of Commerce [B.Com]","Course Duration":"3 Years","Course Degree":"Degree","Course Graduation":"Graduation","Course Time":"Full Time","Course Rating":"Rated #191\n          out of 200\n          by\n        India Today in Commerce","Application Fees":"\u20b9 6,2601st Yr Fees"},{"Course Name":"Bachelor of Science [B.Sc]","Course Duration":"3 Years","Course Degree":"Degree","Course Graduation":"Graduation","Course Time":"Full Time","Course Rating":"2 Reviews|Rated #164\n          out of 178\n          by\n        India Today in Science","Course Review":"2 Reviews","Application Fees":"\u20b9 8,5201st Yr Fees"},{"Course Name":"Bachelor of Arts [BA]","Course Duration":"3 Years","Course Degree":"Degree","Course Graduation":"Graduation","Course Time":"Full Time","Course Rating":"Rated #145\n          out of 162\n          by\n        India Today in Arts","Application Fees":"\u20b9 6,2601st Yr Fees"}]},{"College_Name":"Padre Conceicao College of Engineering, Salcete","College_Logo":"https:\/\/images.collegedunia.com\/public\/college_data\/images\/logos\/1395121523Padre Conceicao College of Engineering.png?h=80&w=80&mode=stretch","Upper_Section_Details":{"Place":"Salcete,  Goa","Approval":"AICTE","Establishment":"Estd 1997","University Type":"Private"},"College_Rating":6.6,"College_Summary":"","Fees_and_Eligibility":null,"Courses_Details":[{"Course Name":"Bachelor of Engineering [BE]","Course Duration":"4 Years","Course Degree":"Degree","Course Graduation":"Graduation","Course Time":"Full Time","Course Rating":"6.9","Course Review":"11 Reviews","Application Fees":"\u20b9 130,0001st Yr Fees"},{"Course Name":"Master of Engineering [ME] (Information Technology)","Course Duration":"2 Years","Course Degree":"Degree","Course Graduation":"Post Graduation","Course Time":"Full Time","Course Rating":"","Exam Accepted":"GATE","Application Fees":"\u20b9 83,500*1st Yr Fees"}]},{"College_Name":"National Centre for Antarctic and Ocean Research - [NCAOR], South Goa","College_Logo":"https:\/\/images.collegedunia.com\/public\/college_data\/images\/logos\/col16736.jpg?h=80&w=80&mode=stretch","Upper_Section_Details":{"Place":"South Goa,  Goa","Approval":"UGC","Establishment":"Estd 1998","University Type":"Public (Autonomous)"},"College_Rating":9.2,"College_Summary":"","Fees_and_Eligibility":null,"Courses_Details":[{"Course Name":"Master of Technology [M.Tech] (Exploration Geoscience)","Course Duration":"2 Years","Course Degree":"Degree","Course Graduation":"Post Graduation","Course Time":"Full Time","Course Rating":"9.0","Course Review":"1 Reviews"},{"Course Name":"Ph.D. (Geological Sciences)","Course Duration":"3 Years","Course Degree":"Degree","Course Graduation":"Doctorate\/M.Phil","Course Time":"Full Time","Course Rating":""}]},{"College_Name":"Shree Rayeshwar Institute of Engineering and Information Technology, North Goa","College_Logo":"https:\/\/images.collegedunia.com\/public\/college_data\/images\/logos\/1428144013home.jpg?h=80&w=80&mode=stretch","Upper_Section_Details":{"Place":"North Goa,  Goa","Approval":"AICTE","Establishment":"Estd 2001","University Type":"Private"},"College_Rating":6.6,"College_Summary":"","Fees_and_Eligibility":null,"Courses_Details":[{"Course Name":"Bachelor of Engineering [BE]","Course Duration":"4 Years","Course Degree":"Degree","Course Graduation":"Graduation","Course Time":"Full Time","Course Rating":"6.7","Course Review":"25 Reviews","Application Fees":"\u20b9 102,3001st Yr Fees"},{"Course Name":"Bachelor of Engineering [BE] {Lateral}","Course Duration":"3 Years","Course Degree":"Degree","Course Graduation":"Graduation","Course Time":"Full Time","Course Rating":"6.7","Course Review":"25 Reviews","Application Fees":"\u20b9 102,3001st Yr Fees"}]},{"College_Name":"Sri Sri Institute of Management Studies - [SSIMS], South Goa","College_Logo":"https:\/\/images.collegedunia.com\/public\/college_data\/images\/logos\/1394358919Sri Sri Institute of Management Studies (SSIMS).JPG?h=80&w=80&mode=stretch","Upper_Section_Details":{"Place":"South Goa,  Goa","Approval":"AICTE","Establishment":"Estd 1999","University Type":"Private Institute"},"College_Rating":"","College_Summary":"","Fees_and_Eligibility":null,"Courses_Details":[{"Course Name":"Master of Business Administration [MBA]","Course Duration":"2 Years","Course Degree":"Degree","Course Graduation":"Post Graduation","Course Time":"Full Time","Course Rating":"","Application Fees":"\u20b9 330,0001st Yr Fees"},{"Course Name":"Post Graduate Diploma in Management [PGDM] (Business Management)","Course Duration":"2 Years","Course Degree":"Degree","Course Graduation":"Post Graduation","Course Time":"Full Time","Course Rating":"","Application Fees":"\u20b9 367,000Total Fees"}]},{"College_Name":"Sridora Caculo College of Commerce and Management Studies - [SCCCMS], Bardez","College_Logo":"https:\/\/images.collegedunia.com\/public\/college_data\/images\/logos\/1462449048logo.png?h=80&w=80&mode=stretch","Upper_Section_Details":{"Place":"Bardez,  Goa","Approval":"AICTE, UGC","Establishment":"Estd 1991","University Type":"Private"},"College_Rating":7.3,"College_Summary":"","Fees_and_Eligibility":null,"Courses_Details":[{"Course Name":"Bachelor of Commerce [B.Com]","Course Duration":"3 Years","Course Degree":"Degree","Course Graduation":"Graduation","Course Time":"Full Time","Course Rating":"6.8","Course Review":"2 Reviews","Application Fees":"\u20b9 8,9201st Yr Fees"},{"Course Name":"Bachelor of Business Administration [BBA]","Course Duration":"3 Years","Course Degree":"Degree","Course Graduation":"Graduation","Course Time":"Full Time","Course Rating":"7.3","Course Review":"1 Reviews","Exam Accepted":"AIMA UGAT","Application Fees":"\u20b9 61,8041st Yr Fees"},{"Course Name":"Bachelor of Computer Applications [BCA]","Course Duration":"3 Years","Course Degree":"Degree","Course Graduation":"Graduation","Course Time":"Full Time","Course Rating":""}]},{"College_Name":"CES College of Arts and Commerce, Salcete","College_Logo":"https:\/\/images.collegedunia.com\/public\/college_data\/images\/logos\/col709.jpg?h=80&w=80&mode=stretch","Upper_Section_Details":{"Place":"Salcete,  Goa","Approval":"UGC","Establishment":"Estd 1987","University Type":"Private"},"College_Rating":"","College_Summary":"","Fees_and_Eligibility":null,"Courses_Details":[{"Course Name":"Bachelor of Arts [BA]","Course Duration":"3 Years","Course Degree":"Degree","Course Graduation":"Graduation","Course Time":"Full Time","Course Rating":"Rated #172\n          out of 173\n          by\n        India Today in Arts"},{"Course Name":"Bachelor of Commerce [B.Com]","Course Duration":"3 Years","Course Degree":"Degree","Course Graduation":"Graduation","Course Time":"Full Time","Course Rating":"Rated #223\n          out of 225\n          by\n        India Today in Commerce"}]},{"College_Name":"Carmel College for Women, Salcete","College_Logo":"https:\/\/images.collegedunia.com\/public\/college_data\/images\/logos\/1469784692Capture.jpg?h=80&w=80&mode=stretch","Upper_Section_Details":{"Place":"Salcete,  Goa","Approval":"UGC","Establishment":"Estd 1964","University Type":"Private"},"College_Rating":7.7,"College_Summary":"","Fees_and_Eligibility":[{"Course":"BA","Fees":"\u20b98,906 (1st Year Fees) ","Eligibility":"10+2"},{"Course":"B.Sc","Fees":"\u20b99,876 (1st Year Fees) ","Eligibility":"10+2"},{"Course":"M.Com","Fees":"\u20b933,906 (1st Year Fees) ","Eligibility":"Graduation"},{"Course":"B.Com","Fees":"\u20b98,906 (1st Year Fees) ","Eligibility":"10+2"}],"Courses_Details":[{"Course Name":"Bachelor of Arts [BA]","Course Duration":"3 Years","Course Degree":"Degree","Course Graduation":"Graduation","Course Time":"Full Time","Course Rating":"7.7","Course Review":"1 Reviews","Application Fees":"\u20b9 8,9061st Yr Fees"},{"Course Name":"Master of Arts [MA] (Psychology)","Course Duration":"2 Years","Course Degree":"Degree","Course Graduation":"Post Graduation","Course Time":"Full Time","Course Rating":""},{"Course Name":"Bachelor of Science [B.Sc]","Course Duration":"3 Years","Course Degree":"Degree","Course Graduation":"Graduation","Course Time":"Full Time","Course Rating":"","Application Fees":"\u20b9 9,8761st Yr Fees"},{"Course Name":"Master of Science [M.Sc] (Food Technology)","Course Duration":"2 Years","Course Degree":"Degree","Course Graduation":"Post Graduation","Course Time":"Full Time","Course Rating":""},{"Course Name":"Master of Commerce [M.Com]","Course Duration":"2 Years","Course Degree":"Degree","Course Graduation":"Post Graduation","Course Time":"Full Time","Course Rating":"1 Reviews","Course Review":"1 Reviews","Application Fees":"\u20b9 33,9061st Yr Fees"}]},{"College_Name":"DCT\u2019s Dhempe College of Arts and Science, Panji","College_Logo":"https:\/\/images.collegedunia.com\/public\/college_data\/images\/logos\/1469878751fghdhd.png?h=80&w=80&mode=stretch","Upper_Section_Details":{"Place":"Panji,  Goa","Approval":"UGC","Establishment":"Estd 1962","University Type":"Private"},"College_Rating":7.3,"College_Summary":"","Fees_and_Eligibility":null,"Courses_Details":[{"Course Name":"Bachelor of Science [B.Sc]","Course Duration":"3 Years","Course Degree":"Degree","Course Graduation":"Graduation","Course Time":"Full Time","Course Rating":"5.7","Course Review":"2 Reviews","Application Fees":"\u20b9 7,1301st Yr Fees"},{"Course Name":"Master of Science [M.Sc]","Course Duration":"2 Years","Course Degree":"Degree","Course Graduation":"Post Graduation","Course Time":"Full Time","Course Rating":"7.5","Course Review":"2 Reviews"},{"Course Name":"Bachelor of Arts [BA]","Course Duration":"3 Years","Course Degree":"Degree","Course Graduation":"Graduation","Course Time":"Full Time","Course Rating":"7.8","Course Review":"2 Reviews","Application Fees":"\u20b9 6,6601st Yr Fees"},{"Course Name":"Post Graduate Diploma","Course Duration":"1 Year","Course Degree":"Diploma","Course Graduation":"Post Graduation","Course Time":"Full Time","Course Rating":"Rated #102\n          out of 197\n          by\n        India Today in Science"}]},{"College_Name":"Dnyanprassarak Mandal's College of Arts Science Commerce Management Studies & Technology, Bardez","College_Logo":"https:\/\/images.collegedunia.com\/public\/college_data\/images\/logos\/1470120857images (1).jpg?h=80&w=80&mode=stretch","Upper_Section_Details":{"Place":"Bardez,  Goa","Approval":"UGC","Establishment":"Estd 1974","University Type":"Private"},"College_Rating":6.6,"College_Summary":"","Fees_and_Eligibility":null,"Courses_Details":[{"Course Name":"Bachelor of Science [B.Sc]","Course Duration":"3 Years","Course Degree":"Degree","Course Graduation":"Graduation","Course Time":"Full Time","Course Rating":"4.0","Course Review":"1 Reviews"},{"Course Name":"Master of Science [M.Sc] (Pharmaceutical Chemistry)","Course Duration":"2 Years","Course Degree":"Degree","Course Graduation":"Post Graduation","Course Time":"Full Time","Course Rating":"8.7","Course Review":"1 Reviews"},{"Course Name":"Bachelor of Commerce [B.Com]","Course Duration":"3 Years","Course Degree":"Degree","Course Graduation":"Graduation","Course Time":"Full Time","Course Rating":"7.3","Course Review":"2 Reviews"},{"Course Name":"Bachelor of Arts [BA]","Course Duration":"3 Years","Course Degree":"Degree","Course Graduation":"Graduation","Course Time":"Full Time","Course Rating":"6.3","Course Review":"1 Reviews"},{"Course Name":"Bachelor of Business Administration [BBA]","Course Duration":"3 Years","Course Degree":"Degree","Course Graduation":"Graduation","Course Time":"Full Time","Course Rating":"Rated #114\n          out of 120\n          by\n        India Today in Management"}]},{"College_Name":"Government College of Arts Science and Commerce Quepem, North Goa","College_Logo":"https:\/\/images.collegedunia.com\/public\/college_data\/images\/logos\/1424103571Capturedsa.jpg?h=80&w=80&mode=stretch","Upper_Section_Details":{"Place":"North Goa,  Goa","Approval":"","Establishment":"Estd 1989","University Type":"Government"},"College_Rating":8.0,"College_Summary":"","Fees_and_Eligibility":null,"Courses_Details":[{"Course Name":"Bachelor of Arts [BA]","Course Duration":"3 Years","Course Degree":"Degree","Course Graduation":"Graduation","Course Time":"Full Time","Course Rating":"","Application Fees":"\u20b9 4,7601st Yr Fees"},{"Course Name":"Bachelor of Commerce [B.Com]","Course Duration":"3 Years","Course Degree":"Degree","Course Graduation":"Graduation","Course Time":"Full Time","Course Rating":"8.0","Course Review":"2 Reviews","Application Fees":"\u20b9 4,7601st Yr Fees"},{"Course Name":"Master of Commerce [M.Com]","Course Duration":"2 Years","Course Degree":"Degree","Course Graduation":"Post Graduation","Course Time":"Full Time","Course Rating":""},{"Course Name":"Bachelor of Science [B.Sc]","Course Duration":"3 Years","Course Degree":"Degree","Course Graduation":"Graduation","Course Time":"Full Time","Course Rating":"4.3","Course Review":"1 Reviews","Application Fees":"\u20b9 5,5401st Yr Fees"}]},{"College_Name":"Murgaon Education Societys College of Arts and Commerce - [MES], North Goa","College_Logo":"https:\/\/images.collegedunia.com\/public\/college_data\/images\/logos\/1426578339mes.jpg?h=80&w=80&mode=stretch","Upper_Section_Details":{"Place":"North Goa,  Goa","Approval":"","Establishment":"Estd 1971","University Type":"Private"},"College_Rating":8.3,"College_Summary":"","Fees_and_Eligibility":[{"Course":"BA","Fees":"\u20b97,708 (1st Year Fees) ","Eligibility":"10+2"},{"Course":"BCA","Fees":"\u20b951,619 (1st Year Fees) ","Eligibility":"10+2"},{"Course":"BBA","Fees":"\u20b962,275 (1st Year Fees) ","Eligibility":"10+2"},{"Course":"B.Com","Fees":"\u20b97,708 (1st Year Fees) ","Eligibility":"10+2"}],"Courses_Details":[{"Course Name":"Bachelor of Arts [BA]","Course Duration":"3 Years","Course Degree":"Degree","Course Graduation":"Graduation","Course Time":"Full Time","Course Rating":"Rated #88\n          out of 173\n          by\n        India Today in Arts","Application Fees":"\u20b9 7,7081st Yr Fees"},{"Course Name":"Bachelor of Computer Applications [BCA]","Course Duration":"3 Years","Course Degree":"Degree","Course Graduation":"Graduation","Course Time":"Full Time","Course Rating":"Rated #73\n          out of 100\n          by\n        India Today in Computer Applications","Application Fees":"\u20b9 51,6191st Yr Fees"},{"Course Name":"Bachelor of Business Administration [BBA] (Air-Cargo,Shipping and Logistics Management)","Course Duration":"3 Years","Course Degree":"Degree","Course Graduation":"Graduation","Course Time":"Full Time","Course Rating":"","Application Fees":"\u20b9 62,2751st Yr Fees"},{"Course Name":"Bachelor of Commerce [B.Com]","Course Duration":"3 Years","Course Degree":"Degree","Course Graduation":"Graduation","Course Time":"Full Time","Course Rating":"8.1","Course Review":"4 Reviews","Application Fees":"\u20b9 7,7081st Yr Fees"}]},{"College_Name":"Rosary College of Commerce and Arts, Salcete","College_Logo":"https:\/\/images.collegedunia.com\/public\/college_data\/images\/logos\/?h=80&w=80&mode=stretch","Upper_Section_Details":{"Place":"Salcete,  Goa","Approval":"","Establishment":"Estd 1999","University Type":"Private"},"College_Rating":7.4,"College_Summary":"","Fees_and_Eligibility":[{"Course":"BBA","Fees":"\u20b967,717 (1st Year Fees) ","Eligibility":"10+2"},{"Course":"BCA","Fees":"\u20b954,287 (1st Year Fees) ","Eligibility":"10+2"},{"Course":"B.Com","Fees":"\u20b98,620 (1st Year Fees) ","Eligibility":"10+2"},{"Course":"BA","Fees":"\u20b98,620 (1st Year Fees) ","Eligibility":"10+2"},{"Course":"M.Com","Fees":"\u20b949,917 (1st Year Fees) ","Eligibility":"Graduation"}],"Courses_Details":[{"Course Name":"Bachelor of Business Administration [BBA]","Course Duration":"3 Years","Course Degree":"Degree","Course Graduation":"Graduation","Course Time":"Full Time","Course Rating":"8.0","Course Review":"3 Reviews","Exam Accepted":"AIMA UGAT","Application Fees":"\u20b9 67,7171st Yr Fees"},{"Course Name":"Bachelor of Computer Applications [BCA]","Course Duration":"3 Years","Course Degree":"Degree","Course Graduation":"Graduation","Course Time":"Full Time","Course Rating":"6.8","Course Review":"4 Reviews","Application Fees":"\u20b9 54,2871st Yr Fees"},{"Course Name":"Bachelor of Commerce [B.Com]","Course Duration":"3 Years","Course Degree":"Degree","Course Graduation":"Graduation","Course Time":"Full Time","Course Rating":"7.3","Course Review":"3 Reviews","Application Fees":"\u20b9 8,6201st Yr Fees"},{"Course Name":"Bachelor of Arts [BA]","Course Duration":"3 Years","Course Degree":"Degree","Course Graduation":"Graduation","Course Time":"Full Time","Course Rating":"5.7","Course Review":"1 Reviews","Application Fees":"\u20b9 8,6201st Yr Fees"},{"Course Name":"Master of Commerce [M.Com]","Course Duration":"2 Years","Course Degree":"Degree","Course Graduation":"Post Graduation","Course Time":"Full Time","Course Rating":"Rated #87\n          out of 225\n          by\n        India Today in Commerce","Application Fees":"\u20b9 49,9171st Yr Fees"}]},{"College_Name":"Shree Maliikarjun College of Arts and Commerce, South Goa","College_Logo":"https:\/\/images.collegedunia.com\/public\/college_data\/images\/logos\/1426745817shree mallikarjun.jpg?h=80&w=80&mode=stretch","Upper_Section_Details":{"Place":"South Goa,  Goa","Approval":"UGC","Establishment":"Estd 1993","University Type":"Private"},"College_Rating":9.5,"College_Summary":"","Fees_and_Eligibility":null,"Courses_Details":[{"Course Name":"Bachelor of Arts [BA]","Course Duration":"3 Years","Course Degree":"Degree","Course Graduation":"Graduation","Course Time":"Full Time","Course Rating":"Rated #143\n          out of 162\n          by\n        India Today in Arts","Application Fees":"\u20b9 8,9201st Yr Fees"},{"Course Name":"Bachelor of Commerce [B.Com]","Course Duration":"3 Years","Course Degree":"Degree","Course Graduation":"Graduation","Course Time":"Full Time","Course Rating":"Rated #132\n          out of 160\n          by\n        India Today in Commerce","Application Fees":"\u20b9 8,7801st Yr Fees"}]},{"College_Name":"Parvatibai Chowgule College of Arts and Science, Salcete","College_Logo":"https:\/\/images.collegedunia.com\/public\/college_data\/images\/logos\/1518846234ParvatibaiChowguleCollegeofArtsandScience.png?h=80&w=80&mode=stretch","Upper_Section_Details":{"Place":"Salcete,  Goa","Approval":"","Establishment":"Estd 1962","University Type":"Private (Autonomous)"},"College_Rating":7.6,"College_Summary":"Parvatibai Chowgule College of Science and Arts popularly known as Chowgule College is the first and only autonomous college in the state of Goa. The college has been placed in the 101-150th rank bank in the NIRF India Rankings 2018. Recently, it was selected in the DBT Star Scheme of the Government of India. It was also awarded the Best Internship Partner Award at the Goa Rugby Awards 2018.\u00a0","Fees_and_Eligibility":[{"Course":"B.Sc","Fees":"\u20b919,305 (1st Year Fees) ","Eligibility":"Apply Now "},{"Course":"MA","Fees":"\u20b963,060 (1st Year Fees) ","Eligibility":"Apply Now "},{"Course":"B.Voc","Fees":"\u20b985,525 (1st Year Fees) ","Eligibility":"Apply Now "},{"Course":"M.Sc","Fees":"\u20b91.06 Lakhs (1st Year Fees) ","Eligibility":"Apply Now "},{"Course":"PG Diploma","Fees":"\u20b972,370 (Total Fees) ","Eligibility":"Apply Now "},{"Course":"Certification","Fees":"\u20b942,000 (Total Fees) ","Eligibility":"Apply Now "}],"Courses_Details":[{"Course Name":"Bachelor of Science [B.Sc]","Course Duration":"3 Years","Course Degree":"Degree","Course Graduation":"Graduation","Course Time":"Full Time","Course Rating":"6.9","Course Review":"6 Reviews","Application Fees":"\u20b9 19,3051st Yr Fees"},{"Course Name":"Master of Arts [MA]","Course Duration":"2 Years","Course Degree":"Degree","Course Graduation":"Post Graduation","Course Time":"Full Time","Course Rating":"","Application Fees":"\u20b9 63,0601st Yr Fees"},{"Course Name":"Diploma in Aviation","Course Duration":"1 Year","Course Degree":"Diploma","Course Graduation":"10+2","Course Time":"Full Time","Course Rating":""},{"Course Name":"Bachelor of Vocational Studies [B.Voc]","Course Duration":"3 Years","Course Degree":"Degree","Course Graduation":"Graduation","Course Time":"Full Time","Course Rating":"","Application Fees":"\u20b9 85,5251st Yr Fees"},{"Course Name":"Master of Science [M.Sc]","Course Duration":"2 Years","Course Degree":"Degree","Course Graduation":"Post Graduation","Course Time":"Full Time","Course Rating":"","Application Fees":"\u20b9 106,1401st Yr Fees"}]},{"College_Name":"Goa College of Art, Panji","College_Logo":"https:\/\/images.collegedunia.com\/public\/college_data\/images\/logos\/1560256302GCALOGO2.png?h=80&w=80&mode=stretch","Upper_Section_Details":{"Place":"Panji,  Goa","Approval":"AICTE","Establishment":"Estd 1972","University Type":"Public"},"College_Rating":6.2,"College_Summary":"","Fees_and_Eligibility":null,"Courses_Details":[{"Course Name":"Bachelor of Fine Arts [B.F.A]","Course Duration":"4 Years","Course Degree":"Degree","Course Graduation":"Graduation","Course Time":"Full Time","Course Rating":"5.5","Course Review":"2 Reviews","Application Fees":"\u20b9 23,3201st Yr Fees"},{"Course Name":"Master of Fine Arts [MFA]","Course Duration":"2 Years","Course Degree":"Degree","Course Graduation":"Post Graduation","Course Time":"Full Time","Course Rating":"Rated #171\n          out of 171\n          by\n        India Today in Arts","Application Fees":"\u20b9 30,0001st Yr Fees"}]},{"College_Name":"Goa College of Hospitality and Culinary Education , North Goa","College_Logo":"https:\/\/images.collegedunia.com\/public\/college_data\/images\/logos\/1470308593logo-hdr.jpg?h=80&w=80&mode=stretch","Upper_Section_Details":{"Place":"North Goa,  Goa","Approval":"UGC","Establishment":"Estd 1995","University Type":"Private"},"College_Rating":"","College_Summary":"","Fees_and_Eligibility":null,"Courses_Details":[{"Course Name":"Craftsmanship Course","Course Duration":"6 Months","Course Degree":"Certification","Course Graduation":"10th","Course Time":"Full Time","Course Rating":"","Application Date":"10 Apr 2024","Application Fees":"\u20b9 35,056Total Fees"},{"Course Name":"Post Graduate Diploma in Chef's Management","Course Duration":"1 Year","Course Degree":"Diploma","Course Graduation":"Post Graduation","Course Time":"Full Time","Course Rating":"","Application Date":"10 Apr 2024","Application Fees":"\u20b9 119,0001st Yr Fees"},{"Course Name":"Bachelor of Business Administration [BBA] (Hospitality & Culinary Education)","Course Duration":"3 Years","Course Degree":"Degree","Course Graduation":"Graduation","Course Time":"Full Time","Course Rating":"","Application Date":"10 Apr 2024","Application Fees":"\u20b9 85,0001st Yr Fees"}]},{"College_Name":"Shree Damodar College of Commerce and Economics, Salcete","College_Logo":"https:\/\/images.collegedunia.com\/public\/college_data\/images\/logos\/13977987237484.JPG?h=80&w=80&mode=stretch","Upper_Section_Details":{"Place":"Salcete,  Goa","Approval":"UGC","Establishment":"Estd 1973","University Type":"Public"},"College_Rating":7.9,"College_Summary":"","Fees_and_Eligibility":[{"Course":"BBA","Fees":"\u20b937,407 (1st Year Fees) ","Eligibility":"10+2"},{"Course":"M.Com","Fees":"\u20b944,640 (1st Year Fees) ","Eligibility":"Graduation"},{"Course":"BCA","Fees":"\u20b949,890 (1st Year Fees) ","Eligibility":"10+2"},{"Course":"B.Com","Fees":"\u20b98,665 (1st Year Fees) ","Eligibility":"10+2"},{"Course":"B.Com {Hons.}","Fees":"\u20b97,805 (1st Year Fees) ","Eligibility":"10+2"}],"Courses_Details":[{"Course Name":"Bachelor of Business Administration [BBA] (Financial Services)","Course Duration":"3 Years","Course Degree":"Degree","Course Graduation":"Graduation","Course Time":"Full Time","Course Rating":"7.7","Course Review":"1 Reviews","Application Fees":"\u20b9 37,4071st Yr Fees"},{"Course Name":"Bachelor of Computer Applications [BCA]","Course Duration":"3 Years","Course Degree":"Degree","Course Graduation":"Graduation","Course Time":"Full Time","Course Rating":"8.3","Course Review":"1 Reviews","Application Fees":"\u20b9 49,8901st Yr Fees"},{"Course Name":"Master of Commerce [M.Com]","Course Duration":"2 Years","Course Degree":"Degree","Course Graduation":"Post Graduation","Course Time":"Full Time","Course Rating":"Rated #189\n          out of 200\n          by\n        India Today in Commerce","Application Fees":"\u20b9 44,6401st Yr Fees"},{"Course Name":"Bachelor of Commerce [B.Com]","Course Duration":"3 Years","Course Degree":"Degree","Course Graduation":"Graduation","Course Time":"Full Time","Course Rating":"7.8","Course Review":"6 Reviews","Application Fees":"\u20b9 8,6651st Yr Fees"},{"Course Name":"Bachelor of Commerce [B.Com] {Hons.}","Course Duration":"3 Years","Course Degree":"Degree","Course Graduation":"Graduation","Course Time":"Full Time","Course Rating":"7.8","Course Review":"6 Reviews","Application Fees":"\u20b9 7,8051st Yr Fees"}]},{"College_Name":"Goa Dental College and Hospital - [GDCH], North Goa","College_Logo":"https:\/\/images.collegedunia.com\/public\/college_data\/images\/logos\/1395140146Goa Dental College and Hospital.png?h=80&w=80&mode=stretch","Upper_Section_Details":{"Place":"North Goa,  Goa","Approval":"DCI","Establishment":"Estd 1980","University Type":"Public Institute"},"College_Rating":8.8,"College_Summary":"","Fees_and_Eligibility":null,"Courses_Details":[{"Course Name":"Bachelor of Dental Surgery [BDS]","Course Duration":"4 Years","Course Degree":"Degree","Course Graduation":"Graduation","Course Time":"Full Time","Course Rating":"9.6","Course Review":"3 Reviews","Exam Accepted":"NEET","Application Date":"9 Feb - 16 Mar 2024"},{"Course Name":"Master of Dental Surgery [MDS]","Course Duration":"3 Years","Course Degree":"Degree","Course Graduation":"Post Graduation","Course Time":"Full Time","Course Rating":"","Exam Accepted":"NEET MDS"}]},{"College_Name":"Guardian Angel Institute of Hotel Management and Catering Technology - [GAIHM], South Goa","College_Logo":"https:\/\/images.collegedunia.com\/public\/college_data\/images\/logos\/col7924.jpg?h=80&w=80&mode=stretch","Upper_Section_Details":{"Place":"South Goa,  Goa","Approval":"AICTE","Establishment":"Estd 1997","University Type":"Private Institute"},"College_Rating":"","College_Summary":"","Fees_and_Eligibility":null,"Courses_Details":[{"Course Name":"Diploma","Course Duration":"1 Year","Course Degree":"Diploma","Course Graduation":"10+2","Course Time":"Full Time","Course Rating":"","Application Date":"10 Apr 2024","Application Fees":"\u20b9 40,0001st Yr Fees"}]},{"College_Name":"Govind Ramnath Kare College of Law, South Goa","College_Logo":"https:\/\/images.collegedunia.com\/public\/college_data\/images\/logos\/col8752.jpg?h=80&w=80&mode=stretch","Upper_Section_Details":{"Place":"South Goa,  Goa","Approval":"BCI, UGC","Establishment":"Estd 1979","University Type":"Private Institute"},"College_Rating":5.8,"College_Summary":"","Fees_and_Eligibility":null,"Courses_Details":[{"Course Name":"Bachelor of Law [L.L.B]","Course Duration":"3 Years","Course Degree":"Degree","Course Graduation":"Graduation","Course Time":"Full Time","Course Rating":"4.0","Course Review":"2 Reviews","Application Fees":"\u20b9 27,8821st Yr Fees"},{"Course Name":"Bachelor of Arts + Bachelor of Laws [B.A.L.L.B.]","Course Duration":"5 Years","Course Degree":"Degree","Course Graduation":"Graduation","Course Time":"Full Time","Course Rating":"Rated #64\n          out of 70\n          by\n        India Today in Law","Application Fees":"\u20b9 14,4461st Yr Fees"},{"Course Name":"Master of Laws [L.L.M]","Course Duration":"2 Years","Course Degree":"Degree","Course Graduation":"Post Graduation","Course Time":"Full Time","Course Rating":"Rated #64\n          out of 70\n          by\n        India Today in Law","Application Fees":"\u20b9 39,5121st Yr Fees"},{"Course Name":"Ph.D. (Law)","Course Duration":"2 Years","Course Degree":"Degree","Course Graduation":"Doctorate\/M.Phil","Course Time":"Full Time","Course Rating":"Rated #64\n          out of 70\n          by\n        India Today in Law"}]},{"College_Name":"Goa Medical College","College_Logo":"https:\/\/images.collegedunia.com\/public\/college_data\/images\/logos\/1693568708goalogo.jpg?h=80&w=80&mode=stretch","Upper_Section_Details":{"Place":"Tiswadi,  Goa","Approval":"MCI","Establishment":"Estd 1842","University Type":"Government"},"College_Rating":8.2,"College_Summary":"Goa Medical College, founded by the Portuguese in 1842, is one of the oldest medical colleges in India. The college offers UG and PG programs in 19 specializations, Diploma in 8 specializations\u00a0 and Allied Health Courses such as Bachelor in Physiotherapy, Bachelor in Occupational Therapy, Bachelor in Optometry, B.Sc in Medical Imaging Technology and Anaesthesia Technology. Admission to UG and PG courses is through NEET UG & NEET\u00a0 PG score. Application forms for admission are available on the official website of DTE, Goa and can also be delivered offline. The minimum eligibility for MBBS is 10 + 2 with minimum 50% marks in PCB \/ Biotech combined.","Fees_and_Eligibility":[{"Course":"MBBS","Fees":"\u20b95.62 Lakhs (Total Fees) ","Eligibility":"10+2 with 50% + NEET"},{"Course":"M.D","Fees":"\u20b961,344 (1st Year Fees) ","Eligibility":"MBBS"},{"Course":"M.Sc","Fees":"\u20b969,900 (1st Year Fees) ","Eligibility":"Graduation"},{"Course":"M.S","Fees":"\u20b961,344 (1st Year Fees) ","Eligibility":"Graduation"}],"Courses_Details":[{"Course Name":"M.B.B.S.","Course Duration":"5 Years","Course Degree":"Degree","Course Graduation":"Graduation","Course Time":"Full Time","Course Rating":"7.5","Course Review":"5 Reviews","Exam Accepted":"NEET","Application Date":"9 Feb - 16 Mar 2024","Application Fees":"\u20b9 562,000Total Fees"},{"Course Name":"Bachelor of Physiotherapy [BPT]","Course Duration":"4 Years","Course Degree":"Degree","Course Graduation":"Graduation","Course Time":"Full Time","Course Rating":""},{"Course Name":"Doctorate of Medicine [MD]","Course Duration":"3 Years","Course Degree":"Degree","Course Graduation":"Post Graduation","Course Time":"Full Time","Course Rating":"7.3","Course Review":"1 Reviews","Exam Accepted":"NEET PG","Application Fees":"\u20b9 61,3441st Yr Fees"},{"Course Name":"Bachelor of Science [B.Sc]","Course Duration":"3 Years","Course Degree":"Degree","Course Graduation":"Graduation","Course Time":"Full Time","Course Rating":""},{"Course Name":"Bachelor of Occupational Therapy","Course Duration":"4 Years","Course Degree":"Degree","Course Graduation":"Graduation","Course Time":"Full Time","Course Rating":""}]},{"College_Name":"Narayan Zantye College of Commerce, North Goa","College_Logo":"https:\/\/images.collegedunia.com\/public\/college_data\/images\/logos\/col15966.jpg?h=80&w=80&mode=stretch","Upper_Section_Details":{"Place":"North Goa,  Goa","Approval":"","Establishment":"Estd 1994","University Type":"Public"},"College_Rating":10.0,"College_Summary":"","Fees_and_Eligibility":null,"Courses_Details":[{"Course Name":"Bachelor of Commerce [B.Com]","Course Duration":"3 Years","Course Degree":"Degree","Course Graduation":"Graduation","Course Time":"Full Time","Course Rating":"10.0","Course Review":"1 Reviews","Application Fees":"\u20b9 5,5351st Yr Fees"},{"Course Name":"Master of Commerce [M.Com]","Course Duration":"2 Years","Course Degree":"Degree","Course Graduation":"Post Graduation","Course Time":"Full Time","Course Rating":"","Application Fees":"\u20b9 47,9261st Yr Fees"},{"Course Name":"Ph.D","Course Duration":"3 Years","Course Degree":"Degree","Course Graduation":"Doctorate\/M.Phil","Course Time":"Full Time","Course Rating":""}]},{"College_Name":"National Institute of Oceanography - [NIO], Panji","College_Logo":"https:\/\/images.collegedunia.com\/public\/college_data\/images\/logos\/col16743.jpg?h=80&w=80&mode=stretch","Upper_Section_Details":{"Place":"Panji,  Goa","Approval":"UGC","Establishment":"Estd 1966","University Type":"Public (Autonomous)"},"College_Rating":8.8,"College_Summary":"National Institute of Oceanography (NIO),\u00a0Goa was established in the year 1996. The autonomous institute of research is one of the 37 research laboratories of the CSIR. The institute offers\u00a0Doctorate programs in Science. Candidates seeking admission can apply for courses online through the official website.","Fees_and_Eligibility":null,"Courses_Details":[{"Course Name":"Ph.D. (Science)","Course Duration":"3 Years","Course Degree":"Degree","Course Graduation":"Doctorate\/M.Phil","Course Time":"Full Time","Course Rating":"8.5","Course Review":"2 Reviews","Application Fees":"\u20b9 22,000*1st Yr Fees"}]},{"College_Name":"GVM's Dr. Dada Vaidya College of Education, Ponda","College_Logo":"https:\/\/images.collegedunia.com\/public\/college_data\/images\/logos\/1424500303logo.jpg?h=80&w=80&mode=stretch","Upper_Section_Details":{"Place":"Ponda,  Goa","Approval":"NCTE, UGC","Establishment":"Estd 1993","University Type":"Private"},"College_Rating":"","College_Summary":"","Fees_and_Eligibility":[{"Course":"B.Ed","Fees":"\u20b913,550 (1st Year Fees) ","Eligibility":"Graduation"},{"Course":"M.Ed","Fees":"\u20b917,145 (1st Year Fees) ","Eligibility":"Graduation"},{"Course":"Diploma","Fees":"\u20b926,000 (Total Fees) ","Eligibility":"10+2"},{"Course":"Ph.D","Fees":"\u20b925,944 (1st Year Fees) ","Eligibility":"Post Graduation"}],"Courses_Details":[{"Course Name":"Bachelor of Education [B.Ed]","Course Duration":"2 Years","Course Degree":"Degree","Course Graduation":"Graduation","Course Time":"Full Time","Course Rating":"","Application Fees":"\u20b9 13,5501st Yr Fees"},{"Course Name":"Master of Education [M.Ed]","Course Duration":"2 Years","Course Degree":"Degree","Course Graduation":"Post Graduation","Course Time":"Full Time","Course Rating":"","Application Fees":"\u20b9 17,1451st Yr Fees"},{"Course Name":"Diploma in Pre Primary Teacher Training","Course Duration":"1 Year","Course Degree":"Certification","Course Graduation":"Graduation","Course Time":"Full Time","Course Rating":"","Application Fees":"\u20b9 26,000Total Fees"},{"Course Name":"Ph.D (Education)","Course Duration":"3 Years","Course Degree":"Degree","Course Graduation":"Doctorate\/M.Phil","Course Time":"Part Time","Course Rating":"","Application Fees":"\u20b9 25,9441st Yr Fees"}]},{"College_Name":"Goa University","College_Logo":"https:\/\/images.collegedunia.com\/public\/college_data\/images\/logos\/1464585093logo.png?h=80&w=80&mode=stretch","Upper_Section_Details":{"Place":"North Goa,  Goa","Approval":"UGC, MHRD, AIU","Establishment":"Estd 1985","University Type":"State University"},"College_Rating":7.2,"College_Summary":"Goa University is a state-level university, accredited by NAAC with Grade A for being a leading pedagogic institute. Goa University imparts education at UG, PG, Doctoral & Diploma levels. It has a total of 56 affiliated colleges providing both professional and general education. The University on its campus has 1 Centre, 14 Departments, and 7 Schools. In addition, 9 institutions are recognized for research programs leading to the Ph.D. degree by the University. Check: Goa University Courses\u00a0","Fees_and_Eligibility":[{"Course":"Ph.D","Fees":"\u20b917,935 (1st Year Fees) ","Eligibility":"Post Graduation"},{"Course":"MBA","Fees":"\u20b91.29 Lakhs (1st Year Fees) ","Eligibility":"Graduation with 50% + CMAT"},{"Course":"M.Sc","Fees":"\u20b917,290 (1st Year Fees) ","Eligibility":"Graduation"},{"Course":"M.A","Fees":"\u20b911,105 (1st Year Fees) ","Eligibility":"Graduation"},{"Course":"BA","Fees":"\u20b96,590 (1st Year Fees) ","Eligibility":"10+2"}],"Courses_Details":[{"Course Name":"Ph.D","Course Duration":"3 Years","Course Degree":"Degree","Course Graduation":"Doctorate\/M.Phil","Course Time":"Full Time","Course Rating":"","Application Fees":"\u20b9 17,9351st Yr Fees"},{"Course Name":"Master of Computer Applications [M.C.A]","Course Duration":"2 Years","Course Degree":"Degree","Course Graduation":"Post Graduation","Course Time":"Full Time","Course Rating":"4.0","Course Review":"1 Reviews","Application Fees":"\u20b9 22,8901st Yr Fees"},{"Course Name":"Master of Business Administration [MBA]","Course Duration":"2 Years","Course Degree":"Degree","Course Graduation":"Post Graduation","Course Time":"Full Time","Course Rating":"6.3","Course Review":"2 Reviews","Exam Accepted":"CMAT","Application Fees":"\u20b9 128,8751st Yr Fees"},{"Course Name":"Bachelor of Education [B.Ed]","Course Duration":"2 Years","Course Degree":"Degree","Course Graduation":"Graduation","Course Time":"Full Time","Course Rating":"","Application Date":"22 Dec - 21 Jan 2024"},{"Course Name":"Bachelor of Business Administration [BBA]","Course Duration":"3 Years","Course Degree":"Degree","Course Graduation":"Graduation","Course Time":"Full Time","Course Rating":"8.3","Course Review":"4 Reviews","Exam Accepted":"AIMA UGAT"}]},{"College_Name":"S. S. Dempo College of Commerce and Economics, Panji","College_Logo":"https:\/\/images.collegedunia.com\/public\/college_data\/images\/logos\/1462434900dempo-banner3.png?h=80&w=80&mode=stretch","Upper_Section_Details":{"Place":"Panji,  Goa","Approval":"","Establishment":"Estd 1966","University Type":"Private"},"College_Rating":6.6,"College_Summary":"S. Dempo College of Commerce and Economics was established in the year 1966 by the Goa Education Society. The institute is located in the North Goa district in the state of Goa. The college is affiliated with Goa University and is accredited by NAAC at grade \u2018A\u201d with a CGPA of 3.30 on a 4 point scale.\u00a0","Fees_and_Eligibility":[{"Course":"BBA","Fees":"\u20b969,856 (1st Year Fees) ","Eligibility":"10+2 with 50% + AIMA UGAT"},{"Course":"B.Com","Fees":"\u20b98,265 (1st Year Fees) ","Eligibility":"10+2"},{"Course":"M.Com","Fees":"\u20b939,910 (1st Year Fees) ","Eligibility":"Graduation"},{"Course":"PG Diploma","Fees":"\u20b940,673 (1st Year Fees) ","Eligibility":"Graduation"},{"Course":"Certification","Fees":"\u20b930,000 (Total Fees) ","Eligibility":"10+2"},{"Course":"MTTM","Fees":"\u20b942,846 (1st Year Fees) ","Eligibility":"Graduation"}],"Courses_Details":[{"Course Name":"Master of Tourism and Travel Management","Course Duration":"2 Years","Course Degree":"Degree","Course Graduation":"Post Graduation","Course Time":"Full Time","Course Rating":"","Application Fees":"\u20b9 42,8461st Yr Fees"},{"Course Name":"Bachelor of Business Administration [BBA]","Course Duration":"3 Years","Course Degree":"Degree","Course Graduation":"Graduation","Course Time":"Full Time","Course Rating":"8.8","Course Review":"2 Reviews","Exam Accepted":"AIMA UGAT","Application Fees":"\u20b9 69,8561st Yr Fees"},{"Course Name":"Bachelor of Commerce [B.Com]","Course Duration":"3 Years","Course Degree":"Degree","Course Graduation":"Graduation","Course Time":"Full Time","Course Rating":"5.2","Course Review":"2 Reviews","Application Fees":"\u20b9 8,265*1st Yr Fees"},{"Course Name":"Master of Commerce [M.Com]","Course Duration":"2 Years","Course Degree":"Degree","Course Graduation":"Post Graduation","Course Time":"Full Time","Course Rating":"","Application Fees":"\u20b9 39,9101st Yr Fees"},{"Course Name":"Post Graduate Diploma in Event Management","Course Duration":"2 Years","Course Degree":"Diploma","Course Graduation":"Post Graduation","Course Time":"Full Time","Course Rating":"","Application Fees":"\u20b9 40,6731st Yr Fees"}]},{"College_Name":"Don Bosco College, Panji","College_Logo":"https:\/\/images.collegedunia.com\/public\/college_data\/images\/logos\/1462447807donbosco(2).jpg?h=80&w=80&mode=stretch","Upper_Section_Details":{"Place":"Panji,  Goa","Approval":"","Establishment":"Estd 2001","University Type":"Private"},"College_Rating":6.3,"College_Summary":"Don Bosco College, situated in the heart of Panjim, was established in the year 2001. The college offers UG, PG and certificate courses like BBA, BA, MSW, B.PEd, MCA, etc. Additionally, it also provides a certificate course in Sound Engineering. The admission is based on both merit and entrance exam. The application mode is online.","Fees_and_Eligibility":[{"Course":"BCA","Fees":"\u20b949,554 (1st Year Fees) ","Eligibility":"10+2"},{"Course":"BA","Fees":"\u20b950,339 (1st Year Fees) ","Eligibility":"10+2"},{"Course":"BBA","Fees":"\u20b964,554 (1st Year Fees) ","Eligibility":"10+2 with 50% + AIMA UGAT"},{"Course":"B.P.Ed","Fees":"\u20b970,019 (1st Year Fees) ","Eligibility":"10+2 or Graduation"},{"Course":"B.S.W","Fees":"\u20b923,339 (1st Year Fees) ","Eligibility":"10+2"},{"Course":"MSW","Fees":"\u20b964,229 (1st Year Fees) ","Eligibility":"Graduation"}],"Courses_Details":[{"Course Name":"Bachelor of Computer Applications [BCA]","Course Duration":"3 Years","Course Degree":"Degree","Course Graduation":"Graduation","Course Time":"Full Time","Course Rating":"4.9","Course Review":"3 Reviews","Application Fees":"\u20b9 49,5541st Yr Fees"},{"Course Name":"Bachelor of Arts [BA] (Mass Communication)","Course Duration":"3 Years","Course Degree":"Degree","Course Graduation":"Graduation","Course Time":"Full Time","Course Rating":"","Application Fees":"\u20b9 50,3391st Yr Fees"},{"Course Name":"Bachelor of Business Administration [BBA]","Course Duration":"3 Years","Course Degree":"Degree","Course Graduation":"Graduation","Course Time":"Full Time","Course Rating":"7.7","Course Review":"2 Reviews","Exam Accepted":"AIMA UGAT","Application Fees":"\u20b9 64,5541st Yr Fees"},{"Course Name":"Bachelor of Physical Education [B.P.Ed]","Course Duration":"3 Years","Course Degree":"Degree","Course Graduation":"Graduation","Course Time":"Full Time","Course Rating":"","Application Fees":"\u20b9 70,0191st Yr Fees"},{"Course Name":"Master of Social Work [MSW]","Course Duration":"2 Years","Course Degree":"Degree","Course Graduation":"Post Graduation","Course Time":"Full Time","Course Rating":"Rated #159\n          out of 171\n          by\n        India Today in Arts","Application Fees":"\u20b9 64,2291st Yr Fees"}]},{"College_Name":"Enviroskills Academy - [ESA], Panji","College_Logo":"https:\/\/images.collegedunia.com\/public\/college_data\/images\/logos\/1580123154evviroskillsacademylogo.png?h=80&w=80&mode=stretch","Upper_Section_Details":{"Place":"Panji,  Goa","Approval":"","Establishment":"Estd 2017","University Type":"Private"},"College_Rating":"","College_Summary":"Enviroskills Academy (ESA), Goa\u00a0is awarded the \u2018Education Leadership Award\u2019 by Business School Affaire and Dewang Mehta National Education Awards. ESA, Goa offers a diploma program in the discipline of Hotel Management. The institute has 4 campuses in different countries which are as follows:","Fees_and_Eligibility":null,"Courses_Details":[{"Course Name":"Diploma in Hotel Management","Course Duration":"1 Year","Course Degree":"Diploma","Course Graduation":"10+2","Course Time":"Full Time","Course Rating":"","Application Date":"10 Apr 2024","Application Fees":"\u20b9 102,000Total Fees"},{"Course Name":"Post Graduate Diploma in International Hospitality & Hotel Management","Course Duration":"1 Year","Course Degree":"Diploma","Course Graduation":"Post Graduation","Course Time":"Full Time","Course Rating":"","Application Date":"10 Apr 2024","Application Fees":"\u20b9 350,000Total Fees"}]},{"College_Name":"IIHM Goa","College_Logo":"https:\/\/images.collegedunia.com\/public\/college_data\/images\/logos\/1582089994IIHMlogo.png?h=80&w=80&mode=stretch","Upper_Section_Details":{"Place":"South Goa,  Goa","Approval":"","Establishment":"Estd 2004","University Type":"Private"},"College_Rating":8.7,"College_Summary":"International Institute of Hotel Management (IIHM) Goa is a prestigious institute established in 2004. It has been approved by NSDC,\u00a0AICTE, State Board of Technical Education & Training - Telangana, Directorate of Technical Education, Goa. The institute offers Bachelor of Tourism Studies, Bachelor of Hospitality Management, and Advanced Program in Hospitality Management.","Fees_and_Eligibility":null,"Courses_Details":[{"Course Name":"Bachelor of Tourism Studies [BTS]","Course Duration":"3 Years","Course Degree":"Degree","Course Graduation":"Graduation","Course Time":"Full Time","Course Rating":"9.0","Course Review":"1 Reviews","Application Date":"10 Apr 2024"},{"Course Name":"Bachelor of Science [B.Sc]","Course Duration":"3 Years","Course Degree":"Degree","Course Graduation":"Graduation","Course Time":"Full Time","Course Rating":"","Application Date":"10 Apr 2024"},{"Course Name":"Advanced Programme in International Hospitality Administration","Course Duration":"2 Years","Course Degree":"Diploma","Course Graduation":"10+2","Course Time":"Full Time","Course Rating":"7.3","Course Review":"1 Reviews","Application Date":"10 Apr 2024"},{"Course Name":"Bachelor of Arts [BA]","Course Duration":"3 Years","Course Degree":"Degree","Course Graduation":"Graduation","Course Time":"Full Time","Course Rating":"","Application Date":"10 Apr 2024","Application Fees":"\u20b9 188,0001st Yr Fees"},{"Course Name":"Diploma","Course Duration":"1 Year","Course Degree":"Diploma","Course Graduation":"10+2","Course Time":"Full Time","Course Rating":"","Application Date":"10 Apr 2024"}]},{"College_Name":"JD Institute of Fashion Technology, Panji","College_Logo":"https:\/\/images.collegedunia.com\/public\/college_data\/images\/logos\/1586688274download31.jpg?h=80&w=80&mode=stretch","Upper_Section_Details":{"Place":"Panji,  Goa","Approval":"","Establishment":"","University Type":"Private"},"College_Rating":"","College_Summary":"","Fees_and_Eligibility":null,"Courses_Details":[{"Course Name":"Bachelor of Science [B.Sc]","Course Duration":"3 Years","Course Degree":"Degree","Course Graduation":"Graduation","Course Time":"Full Time","Course Rating":"","Application Date":"30 Apr 2024"},{"Course Name":"Diploma","Course Duration":"1 Year","Course Degree":"Diploma","Course Graduation":"10+2","Course Time":"Full Time","Course Rating":"","Application Date":"30 Apr 2024"},{"Course Name":"Advanced Diploma","Course Duration":"2 Years","Course Degree":"Diploma","Course Graduation":"Graduation","Course Time":"Full Time","Course Rating":"","Application Date":"30 Apr 2024"},{"Course Name":"Post Graduate Diploma","Course Duration":"2 Years","Course Degree":"Diploma","Course Graduation":"Post Graduation","Course Time":"Full Time","Course Rating":"","Application Date":"30 Apr 2024"}]},{"College_Name":"Government College of Arts, Science and Commerce, North Goa","College_Logo":"https:\/\/images.collegedunia.com\/public\/college_data\/images\/logos\/1591957270goamarcelalogo.jpg?h=80&w=80&mode=stretch","Upper_Section_Details":{"Place":"North Goa,  Goa","Approval":"","Establishment":"Estd 1989","University Type":"Government"},"College_Rating":"","College_Summary":"","Fees_and_Eligibility":[{"Course":"B.Sc","Fees":"\u20b98,800 (1st Year Fees) ","Eligibility":"10+2 Pass"},{"Course":"BA","Fees":"\u20b98,280 (1st Year Fees) ","Eligibility":"10+2 Pass"},{"Course":"B.Com","Fees":"\u20b97,250 (1st Year Fees) ","Eligibility":"10+2 Pass"},{"Course":"B.Com {Hons.}","Fees":"\u20b97,250 (1st Year Fees) ","Eligibility":"10+2 Pass"}],"Courses_Details":[{"Course Name":"Bachelor of Science [B.Sc]","Course Duration":"3 Years","Course Degree":"Degree","Course Graduation":"Graduation","Course Time":"Full Time","Course Rating":"Rated #150\n          out of 178\n          by\n        India Today in Science","Application Fees":"\u20b9 8,8001st Yr Fees"},{"Course Name":"Master of Commerce [M.Com]","Course Duration":"2 Years","Course Degree":"Degree","Course Graduation":"Post Graduation","Course Time":"Full Time","Course Rating":"Rated #188\n          out of 200\n          by\n        India Today in Commerce"},{"Course Name":"Bachelor of Arts [BA]","Course Duration":"3 Years","Course Degree":"Degree","Course Graduation":"Graduation","Course Time":"Full Time","Course Rating":"Rated #146\n          out of 162\n          by\n        India Today in Arts","Application Fees":"\u20b9 8,2801st Yr Fees"},{"Course Name":"Bachelor of Commerce [B.Com]","Course Duration":"3 Years","Course Degree":"Degree","Course Graduation":"Graduation","Course Time":"Full Time","Course Rating":"Rated #188\n          out of 200\n          by\n        India Today in Commerce","Application Fees":"\u20b9 7,2501st Yr Fees"},{"Course Name":"Bachelor of Commerce [B.Com] {Hons.}","Course Duration":"3 Years","Course Degree":"Degree","Course Graduation":"Graduation","Course Time":"Full Time","Course Rating":"Rated #188\n          out of 200\n          by\n        India Today in Commerce","Application Fees":"\u20b9 7,2501st Yr Fees"}]},{"College_Name":"Fr. Agnel College of Arts and Commerce - [ACAC], North Goa","College_Logo":"https:\/\/images.collegedunia.com\/public\/college_data\/images\/logos\/1594556756acaclogo.jpg?h=80&w=80&mode=stretch","Upper_Section_Details":{"Place":"North Goa,  Goa","Approval":"UGC","Establishment":"Estd 1991","University Type":""},"College_Rating":"","College_Summary":"","Fees_and_Eligibility":[{"Course":"BA","Fees":"\u20b97,880 (1st Year Fees) ","Eligibility":"10+2"},{"Course":"B.Com","Fees":"\u20b97,880 (1st Year Fees) ","Eligibility":"10+2"},{"Course":"BCA","Fees":"\u20b949,670 (1st Year Fees) ","Eligibility":"10+2"},{"Course":"B.Com {Hons.}","Fees":"\u20b97,880 (1st Year Fees) ","Eligibility":"10+2"}],"Courses_Details":[{"Course Name":"Bachelor of Arts [BA]","Course Duration":"3 Years","Course Degree":"Degree","Course Graduation":"Graduation","Course Time":"Full Time","Course Rating":"Rated #141\n          out of 173\n          by\n        India Today in Arts","Application Fees":"\u20b9 7,8801st Yr Fees"},{"Course Name":"Bachelor of Commerce [B.Com]","Course Duration":"3 Years","Course Degree":"Degree","Course Graduation":"Graduation","Course Time":"Full Time","Course Rating":"Rated #137\n          out of 225\n          by\n        India Today in Commerce","Application Fees":"\u20b9 7,8801st Yr Fees"},{"Course Name":"Bachelor of Computer Applications [BCA]","Course Duration":"3 Years","Course Degree":"Degree","Course Graduation":"Graduation","Course Time":"Full Time","Course Rating":"Rated #97\n          out of 110\n          by\n        India Today in Computer Applications","Application Fees":"\u20b9 49,6701st Yr Fees"},{"Course Name":"Bachelor of Commerce [B.Com] {Hons.}","Course Duration":"3 Years","Course Degree":"Degree","Course Graduation":"Graduation","Course Time":"Full Time","Course Rating":"Rated #137\n          out of 225\n          by\n        India Today in Commerce","Application Fees":"\u20b9 7,8801st Yr Fees"},{"Course Name":"Certificate of Proficiency in English","Course Duration":"1 Year","Course Degree":"Certification","Course Graduation":"10+2","Course Time":"Full Time","Course Rating":"Rated #141\n          out of 173\n          by\n        India Today in Arts"}]},{"College_Name":"Government Polytechnic, Bicholim","College_Logo":"https:\/\/images.collegedunia.com\/public\/college_data\/images\/logos\/1598359363Logo1.jpg?h=80&w=80&mode=stretch","Upper_Section_Details":{"Place":"Bicholim,  Goa","Approval":"AICTE","Establishment":"Estd 1992","University Type":"Government"},"College_Rating":"","College_Summary":"Government Polytechnic Bicholim\u00a0is a pioneer institute of technology established in the year 1992. The institute has been approved by the All India Council for Technical Education. Currently, it is running a Diploma in Engineering program across five specializations. Admissions are conducted by DTE, Govt. of Goa on the basis of merit. The institute has a spacious campus with good infrastructural facilities.","Fees_and_Eligibility":null,"Courses_Details":null},{"College_Name":"Agnel Polytechnic, South Goa","College_Logo":"https:\/\/images.collegedunia.com\/public\/college_data\/images\/logos\/1599283993mumbailogo.jpg?h=80&w=80&mode=stretch","Upper_Section_Details":{"Place":"South Goa,  Goa","Approval":"AICTE","Establishment":"Estd 1983","University Type":"Private"},"College_Rating":"","College_Summary":"Agnel Polytechnic Verna\u00a0came into existence in the year of 1981 in Verna, Goa. The institution is affiliated to Board of Technical Examinations, Mumbai. The college has 8 academic departments that conduct various Diploma level courses. It offers 7 diploma courses for students who have passed 10th examinations. Admissions are done by means of centralized admission procedure as per the guidelines of Directorate of Technical Education, Government of Goa. Agnel Polytechnic Verna has a dedicated placement cell conducting the recruitment drives every year.\u00a0","Fees_and_Eligibility":null,"Courses_Details":null},{"College_Name":"Government Polytechnic, Curchorem","College_Logo":"https:\/\/images.collegedunia.com\/public\/college_data\/images\/logos\/1599539146logoleft.jpg?h=80&w=80&mode=stretch","Upper_Section_Details":{"Place":"Curchorem,  Goa","Approval":"AICTE","Establishment":"Estd 1996","University Type":"Government"},"College_Rating":"","College_Summary":"","Fees_and_Eligibility":null,"Courses_Details":null},{"College_Name":"Government Polytechnic - [GPP], Panji","College_Logo":"https:\/\/images.collegedunia.com\/public\/college_data\/images\/logos\/1599539317logogpp.jpg?h=80&w=80&mode=stretch","Upper_Section_Details":{"Place":"Panji,  Goa","Approval":"AICTE","Establishment":"Estd 1963","University Type":"Government"},"College_Rating":8.2,"College_Summary":"Government Polytechnic Panji (GPP) is one of the best colleges in Goa. The College is affiliated to Goa State Directorate of Technical Education and has got its approval from AICTE.\u00a0This College offers Different\u00a0types of diploma Courses across varied branches to its students. Students are provided admissions to the college through the Centralised counselling conducted by Directorate of Technical Education under the Goa State government.\u00a0It is one of the oldest and biggest Colleges in Goa. The college provide its students with the best of Facilities to compete with all the future competitions, which aids them in developing individual skills.","Fees_and_Eligibility":null,"Courses_Details":null},{"College_Name":"Sant Sohirobanath Ambiye, Government College of Arts and Commerce, Pernem","College_Logo":"https:\/\/images.collegedunia.com\/public\/college_data\/images\/logos\/16283370522.jpg?h=80&w=80&mode=stretch","Upper_Section_Details":{"Place":"Pernem,  Goa","Approval":"","Establishment":"Estd 1993","University Type":"Government"},"College_Rating":"","College_Summary":"","Fees_and_Eligibility":null,"Courses_Details":[{"Course Name":"Master of Commerce [M.Com]","Course Duration":"2 Years","Course Degree":"Degree","Course Graduation":"Post Graduation","Course Time":"Full Time","Course Rating":""},{"Course Name":"Bachelor of Commerce [B.Com]","Course Duration":"3 Years","Course Degree":"Degree","Course Graduation":"Graduation","Course Time":"Full Time","Course Rating":""},{"Course Name":"Ph.D. (Commerce)","Course Duration":"3 Years","Course Degree":"Degree","Course Graduation":"Doctorate\/M.Phil","Course Time":"Full Time","Course Rating":""},{"Course Name":"Bachelor of Arts [BA]","Course Duration":"3 Years","Course Degree":"Degree","Course Graduation":"Graduation","Course Time":"Full Time","Course Rating":"Rated #160\n          out of 162\n          by\n        India Today in Arts"},{"Course Name":"Bachelor of Arts [BA] {Hons.}","Course Duration":"3 Years","Course Degree":"Degree","Course Graduation":"Graduation","Course Time":"Full Time","Course Rating":"Rated #160\n          out of 162\n          by\n        India Today in Arts"}]},{"College_Name":"Shri. Chetan Manju Desai College, Cancona","College_Logo":"https:\/\/images.collegedunia.com\/public\/college_data\/images\/logos\/162762639020200623222759.png?h=80&w=80&mode=stretch","Upper_Section_Details":{"Place":"Cancona,  Goa","Approval":"","Establishment":"Estd 1993","University Type":""},"College_Rating":"","College_Summary":"","Fees_and_Eligibility":null,"Courses_Details":[{"Course Name":"Bachelor of Science [B.Sc] {Hons.}","Course Duration":"3 Years","Course Degree":"Degree","Course Graduation":"Graduation","Course Time":"Full Time","Course Rating":"","Application Fees":"\u20b9 8,4851st Yr Fees"},{"Course Name":"Bachelor of Commerce [B.Com] {Hons.}","Course Duration":"3 Years","Course Degree":"Degree","Course Graduation":"Graduation","Course Time":"Full Time","Course Rating":"Rated #203\n          out of 225\n          by\n        India Today in Commerce","Application Fees":"\u20b9 5,1051st Yr Fees"},{"Course Name":"Bachelor of Arts [BA]","Course Duration":"3 Years","Course Degree":"Degree","Course Graduation":"Graduation","Course Time":"Full Time","Course Rating":"Rated #148\n          out of 173\n          by\n        India Today in Arts","Application Fees":"\u20b9 5,3351st Yr Fees"},{"Course Name":"Ph.D","Course Duration":"3 Years","Course Degree":"Degree","Course Graduation":"Doctorate\/M.Phil","Course Time":"Full Time","Course Rating":"Rated #203\n          out of 225\n          by\n        India Today in Commerce"}]},{"College_Name":"Government College Of Commerce and Economics - [GCCEM], South Goa","College_Logo":"https:\/\/images.collegedunia.com\/public\/college_data\/images\/logos\/1627629784gcmtralogo.png?h=80&w=80&mode=stretch","Upper_Section_Details":{"Place":"South Goa,  Goa","Approval":"","Establishment":"Estd 2010","University Type":""},"College_Rating":"","College_Summary":"","Fees_and_Eligibility":null,"Courses_Details":[{"Course Name":"Bachelor of Commerce [B.Com] {Hons.}","Course Duration":"3 Years","Course Degree":"Degree","Course Graduation":"Graduation","Course Time":"Full Time","Course Rating":"Rated #195\n          out of 200\n          by\n        India Today in Commerce","Application Fees":"\u20b9 11,1851st Yr Fees"}]},{"College_Name":"Indian Institute of Tourism and Travel Management - [IITTM], Panji","College_Logo":"https:\/\/images.collegedunia.com\/public\/college_data\/images\/logos\/1692422844newlogorecent1.png?h=80&w=80&mode=stretch","Upper_Section_Details":{"Place":"Panji,  Goa","Approval":"","Establishment":"Estd 2004","University Type":"Private"},"College_Rating":"","College_Summary":"Indian Institute of Tourism and Travel Management is a private management institute offering BBA and MBA programs at the UG and PG level. Admission to the UG courses will be done based on the candidate\u2019s performance in the previous qualifying examination whereas for PG courses, the candidate's performance in the national\/ state level entrance examinations.","Fees_and_Eligibility":null,"Courses_Details":[{"Course Name":"Master of Business Administration [MBA] (Travel & Tourism)","Course Duration":"2 Years","Course Degree":"Degree","Course Graduation":"Post Graduation","Course Time":"Full Time","Course Rating":"","Exam Accepted":"CAT","Application Date":"26 Dec - 10 Feb 2024","Application Fees":"\u20b9 339,850Total Fees"},{"Course Name":"Bachelor of Business Administration [BBA] (Tourism and Travel Management)","Course Duration":"3 Years","Course Degree":"Degree","Course Graduation":"Graduation","Course Time":"Full Time","Course Rating":"","Application Date":"5 June 2024","Application Fees":"\u20b9 279,850Total Fees"}]},{"College_Name":"National Institute of Construction Management and Research - [NICMAR], Ponda","College_Logo":"https:\/\/images.collegedunia.com\/public\/college_data\/images\/logos\/1641807675nicmarlogo.jpg?h=80&w=80&mode=stretch","Upper_Section_Details":{"Place":"Ponda,  Goa","Approval":"","Establishment":"","University Type":"Private"},"College_Rating":"","College_Summary":"","Fees_and_Eligibility":null,"Courses_Details":[{"Course Name":"Post Graduate Programme in Advanced Construction Management [PGPACM]","Course Duration":"2 Years","Course Degree":"Degree","Course Graduation":"Post Graduation","Course Time":"Full Time","Course Rating":"","Application Fees":"\u20b9 1,059,100Total Fees"},{"Course Name":"Management Development Programme","Course Duration":"1 Year","Course Degree":"Degree","Course Graduation":"Graduation","Course Time":"Full Time","Course Rating":""}]},{"College_Name":"PES\u2019s Ravi S Naik College of Arts & Science- [PRSNCAS], Ponda","College_Logo":"https:\/\/images.collegedunia.com\/public\/college_data\/images\/logos\/1657014436download3.jpg?h=80&w=80&mode=stretch","Upper_Section_Details":{"Place":"Ponda,  Goa","Approval":"","Establishment":"Estd 1986","University Type":"Private"},"College_Rating":"","College_Summary":"","Fees_and_Eligibility":null,"Courses_Details":[{"Course Name":"Bachelor of Science [B.Sc]","Course Duration":"3 Years","Course Degree":"Degree","Course Graduation":"Graduation","Course Time":"Full Time","Course Rating":"Rated #181\n          out of 197\n          by\n        India Today in Science","Application Fees":"\u20b9 8,7701st Yr Fees"},{"Course Name":"Bachelor of Arts [BA]","Course Duration":"3 Years","Course Degree":"Degree","Course Graduation":"Graduation","Course Time":"Full Time","Course Rating":"Rated #149\n          out of 173\n          by\n        India Today in Arts","Application Fees":"\u20b9 7,8001st Yr Fees"}]},{"College_Name":"India International University of Legal Education and Research, South Goa","College_Logo":"https:\/\/images.collegedunia.com\/public\/college_data\/images\/logos\/1659085839Logo.png?h=80&w=80&mode=stretch","Upper_Section_Details":{"Place":"South Goa,  Goa","Approval":"","Establishment":"Estd 1986","University Type":"Private"},"College_Rating":"","College_Summary":"","Fees_and_Eligibility":[{"Course":"L.L.M","Fees":"\u20b96.64 Lakhs (Total Fees) ","Eligibility":"Graduation"},{"Course":"BBALLB {Hons.}","Fees":"\u20b98.01 Lakhs (1st Year Fees) ","Eligibility":"10+2"},{"Course":"BALLB {Hons.}","Fees":"\u20b98.01 Lakhs (1st Year Fees) ","Eligibility":"10+2"},{"Course":"L.L.D","Fees":"\u20b91.78 Lakhs (1st Year Fees) ","Eligibility":"PhD"}],"Courses_Details":[{"Course Name":"Master of Laws [L.L.M.]","Course Duration":"1 Year","Course Degree":"Degree","Course Graduation":"Post Graduation","Course Time":"Full Time","Course Rating":"","Application Fees":"\u20b9 664,0001st Yr Fees"},{"Course Name":"Bachelor of Arts + Bachelor of Laws [BALLB] {Hons.}","Course Duration":"5 Years","Course Degree":"Degree","Course Graduation":"Graduation","Course Time":"Full Time","Course Rating":"","Application Fees":"\u20b9 801,0001st Yr Fees"},{"Course Name":"Post Graduate Diploma in Law","Course Duration":"1 Year","Course Degree":"Diploma","Course Graduation":"Post Graduation","Course Time":"Full Time","Course Rating":""},{"Course Name":"Ph.D. (Law)","Course Duration":"3 Years","Course Degree":"Degree","Course Graduation":"Doctorate\/M.Phil","Course Time":"Full Time","Course Rating":""},{"Course Name":"Bachelor of Business Administration + Bachelor of Laws [BBALLB] {Hons.}","Course Duration":"5 Years","Course Degree":"Degree","Course Graduation":"Graduation","Course Time":"Full Time","Course Rating":"","Application Fees":"\u20b9 801,0001st Yr Fees"}]},{"College_Name":"Panache Academy, Panji","College_Logo":"https:\/\/images.collegedunia.com\/public\/college_data\/images\/logos\/1669973818SundaywhiteLogo.png?h=80&w=80&mode=stretch","Upper_Section_Details":{"Place":"Panji,  Goa","Approval":"","Establishment":"","University Type":"Private"},"College_Rating":"","College_Summary":"","Fees_and_Eligibility":[{"Course":"MBA","Fees":"\u20b92 Lakhs (Total Fees) ","Eligibility":"Graduation"},{"Course":"BBA","Fees":"\u20b92.23 Lakhs (Total Fees) ","Eligibility":"10+2"},{"Course":"Diploma","Fees":"\u20b91.19 Lakhs (Total Fees) ","Eligibility":"10+2"},{"Course":"Certification","Fees":"\u20b969,000 (Total Fees) ","Eligibility":"10+2"}],"Courses_Details":[{"Course Name":"Master of Business Administration [MBA]","Course Duration":"2 Years","Course Degree":"Degree","Course Graduation":"Post Graduation","Course Time":"Full Time","Course Rating":"","Application Fees":"\u20b9 200,000Total Fees"},{"Course Name":"Diploma","Course Duration":"1 Year","Course Degree":"Diploma","Course Graduation":"10+2","Course Time":"Full Time","Course Rating":"","Application Fees":"\u20b9 119,000Total Fees"},{"Course Name":"Bachelor of Business Administration [BBA]","Course Duration":"3 Years","Course Degree":"Degree","Course Graduation":"Graduation","Course Time":"Full Time","Course Rating":"","Application Fees":"\u20b9 223,000Total Fees"},{"Course Name":"Certification","Course Duration":"6 Months","Course Degree":"Certification","Course Graduation":"10th","Course Time":"Full Time","Course Rating":"","Application Fees":"\u20b9 69,000Total Fees"}]},{"College_Name":"Goa College of Music, Panji","College_Logo":"https:\/\/images.collegedunia.com\/public\/college_data\/images\/logos\/1671192864goagovtlogonew0.jpg?h=80&w=80&mode=stretch","Upper_Section_Details":{"Place":"Panji,  Goa","Approval":"","Establishment":"Estd 1987","University Type":"Public"},"College_Rating":"","College_Summary":"","Fees_and_Eligibility":null,"Courses_Details":[{"Course Name":"Bachelor of Performing Arts [BPA]","Course Duration":"4 Years","Course Degree":"Degree","Course Graduation":"Graduation","Course Time":"Full Time","Course Rating":""},{"Course Name":"Master of Performing Arts [MPA]","Course Duration":"2 Years","Course Degree":"Degree","Course Graduation":"Post Graduation","Course Time":"Part Time","Course Rating":""},{"Course Name":"Foundation Course in Fine Arts","Course Duration":"2 Years","Course Degree":"Certification","Course Graduation":"Graduation","Course Time":"Full Time","Course Rating":""},{"Course Name":"Ph.D","Course Duration":"5 Years","Course Degree":"Degree","Course Graduation":"Doctorate\/M.Phil","Course Time":"Part Time","Course Rating":""}]},{"College_Name":"Vrundavan Institute of Nursing Education, Bardez","College_Logo":"https:\/\/images.collegedunia.com\/public\/college_data\/images\/logos\/1672933861logo1.png?h=80&w=80&mode=stretch","Upper_Section_Details":{"Place":"Bardez,  Goa","Approval":"","Establishment":"Estd 2005","University Type":"Private"},"College_Rating":"","College_Summary":"","Fees_and_Eligibility":null,"Courses_Details":[{"Course Name":"Bachelor of Science [B.Sc] (Nursing)","Course Duration":"4 Years","Course Degree":"Degree","Course Graduation":"Graduation","Course Time":"Full Time","Course Rating":""}]}]