[{"College_Name":"NIT Mizoram","College_Logo":"https:\/\/images.collegedunia.com\/public\/college_data\/images\/logos\/1410158399MIZORAM1.png?h=80&w=80&mode=stretch","Upper_Section_Details":{"Place":"Aizawl,  Mizoram","Approval":"AICTE","Establishment":"Estd 2010","University Type":"Autonomous University"},"College_Rating":6.8,"College_Summary":"NIT Mizoram is an autonomous university, established in 2010. NIT Mizoram is ranked 85 in the BTech category by IIRF 2022. NIT Mizoram provides undergraduate, postgraduate and doctoral degrees. The institute was established in accordance with the NIT Act of 2007 and has AICTE-affiliated courses. NIT Mizoram has been granted 190 acres of land for the development of its permanent campus. NIT Mizoram is now operating from its temporary campus in Aizawl.","Fees_and_Eligibility":null,"Courses_Details":[{"Course Name":"Bachelor of Technology [B.Tech]","Course Duration":"4 Years","Course Degree":"Degree","Course Graduation":"Graduation","Course Time":"Full Time","Course Rating":"6.9","Course Review":"41 Reviews","Exam Accepted":"JEE Main","Application Date":"19 June - 31 Jul 2024","Application Fees":"\u20b9 150,2001st Yr Fees"},{"Course Name":"Ph.D","Course Duration":"5 Years","Course Degree":"Degree","Course Graduation":"Doctorate\/M.Phil","Course Time":"Full Time","Course Rating":"Rated #88\n          out of 170\n          by\n        IIRF in Engineering","Application Fees":"\u20b9 39,7001st Yr Fees"},{"Course Name":"Master of Technology [M.Tech]","Course Duration":"2 Years","Course Degree":"Degree","Course Graduation":"Post Graduation","Course Time":"Full Time","Course Rating":"8.0","Course Review":"1 Reviews","Exam Accepted":"GATE","Application Date":"5 June - 26 Jun 2024","Application Fees":"\u20b9 95,2001st Yr Fees"}]},{"College_Name":"ICFAI University, Aizawl","College_Logo":"https:\/\/images.collegedunia.com\/public\/college_data\/images\/logos\/1482816460logo_Mizoram.jpg?h=80&w=80&mode=stretch","Upper_Section_Details":{"Place":"Aizawl,  Mizoram","Approval":"UGC, DEB, AIU","Establishment":"Estd 2006","University Type":"Private University"},"College_Rating":7.0,"College_Summary":"","Fees_and_Eligibility":[{"Course":"MA","Fees":"\u20b941,000 (1st Year Fees) ","Eligibility":"Graduation"},{"Course":"BA {Hons.}","Fees":"\u20b923,400 (1st Year Fees) ","Eligibility":"10+2 with 40%"},{"Course":"M.Com","Fees":"\u20b941,000 (1st Year Fees) ","Eligibility":"Graduation"},{"Course":"MBA","Fees":"\u20b91.14 Lakhs (1st Year Fees) ","Eligibility":"Graduation"},{"Course":"BCA","Fees":"\u20b941,800 (1st Year Fees) ","Eligibility":"10+2"},{"Course":"BBA","Fees":"\u20b928,000 (1st Year Fees) ","Eligibility":"10+2"},{"Course":"M.Sc","Fees":"\u20b942,500 (1st Year Fees) ","Eligibility":"Graduation"}],"Courses_Details":[{"Course Name":"Master of Arts [MA]","Course Duration":"2 Years","Course Degree":"Degree","Course Graduation":"Post Graduation","Course Time":"Full Time","Course Rating":"","Application Date":"31 May 2024","Application Fees":"\u20b9 41,0001st Yr Fees"},{"Course Name":"Bachelor of Arts [BA] {Hons.}","Course Duration":"3 Years","Course Degree":"Degree","Course Graduation":"Graduation","Course Time":"Full Time","Course Rating":"6.0","Course Review":"1 Reviews","Application Date":"31 May 2024","Application Fees":"\u20b9 23,4001st Yr Fees"},{"Course Name":"Master of Commerce [M.Com]","Course Duration":"2 Years","Course Degree":"Degree","Course Graduation":"Post Graduation","Course Time":"Full Time","Course Rating":"","Application Date":"31 May 2024","Application Fees":"\u20b9 41,0001st Yr Fees"},{"Course Name":"Bachelor of Computer Applications [BCA]","Course Duration":"3 Years","Course Degree":"Degree","Course Graduation":"Graduation","Course Time":"Full Time","Course Rating":"6.8","Course Review":"2 Reviews","Application Date":"31 May 2024","Application Fees":"\u20b9 41,8001st Yr Fees"},{"Course Name":"Master of Business Administration [MBA]","Course Duration":"2 Years","Course Degree":"Degree","Course Graduation":"Post Graduation","Course Time":"Full Time","Course Rating":"7.4","Course Review":"5 Reviews","Exam Accepted":"IBSAT","Application Date":"2 Apr 2024","Application Fees":"\u20b9 114,4501st Yr Fees"}]},{"College_Name":"Mizoram University, School of Engineering and Technology - [MZU SET], Aizawl","College_Logo":"https:\/\/images.collegedunia.com\/public\/college_data\/images\/logos\/1484199407Logo.jpg?h=80&w=80&mode=stretch","Upper_Section_Details":{"Place":"Aizawl,  Mizoram","Approval":"AICTE","Establishment":"Estd 2007","University Type":"Public"},"College_Rating":6.8,"College_Summary":"","Fees_and_Eligibility":null,"Courses_Details":[{"Course Name":"Bachelor of Technology [B.Tech]","Course Duration":"4 Years","Course Degree":"Degree","Course Graduation":"Graduation","Course Time":"Full Time","Course Rating":"6.3","Course Review":"3 Reviews","Exam Accepted":"MZUEEE","Application Fees":"\u20b9 29,0001st Yr Fees"}]},{"College_Name":"Aizawl Theological College-[ATC], Aizawl","College_Logo":"https:\/\/images.collegedunia.com\/public\/college_data\/images\/logos\/col129.jpg?h=80&w=80&mode=stretch","Upper_Section_Details":{"Place":"Aizawl,  Mizoram","Approval":"UGC","Establishment":"Estd 1907","University Type":"Private"},"College_Rating":8.5,"College_Summary":"","Fees_and_Eligibility":[{"Course":"Ph.D","Fees":"\u20b974,450 (1st Year Fees) ","Eligibility":"Apply Now "},{"Course":"PG Diploma","Fees":"\u20b938,200 (Total Fees) ","Eligibility":"Apply Now "},{"Course":"B.Div","Fees":"\u20b941,600 (1st Year Fees) ","Eligibility":"Apply Now "},{"Course":"M.Th","Fees":"\u20b938,700 (1st Year Fees) ","Eligibility":"Apply Now "}],"Courses_Details":[{"Course Name":"Master of Theology [M.Th]","Course Duration":"2 Years","Course Degree":"Degree","Course Graduation":"Post Graduation","Course Time":"Full Time","Course Rating":"8.0","Course Review":"1 Reviews","Application Fees":"\u20b9 38,7001st Yr Fees"},{"Course Name":"Ph.D. (Theology)","Course Duration":"3 Years","Course Degree":"Degree","Course Graduation":"Doctorate\/M.Phil","Course Time":"Full Time","Course Rating":"","Application Fees":"\u20b9 74,4501st Yr Fees"},{"Course Name":"Certificate Course in Christian Studies","Course Duration":"1 Year","Course Degree":"Certification","Course Graduation":"10+2","Course Time":"Full Time","Course Rating":""},{"Course Name":"PG Diploma in Clinical pastoral Counselling","Course Duration":"1 Year","Course Degree":"Diploma","Course Graduation":"Graduation","Course Time":"Full Time","Course Rating":"","Application Fees":"\u20b9 38,2001st Yr Fees"},{"Course Name":"Bachelor of Divinity [B.Div]","Course Duration":"4 Years","Course Degree":"Degree","Course Graduation":"Graduation","Course Time":"Full Time","Course Rating":"9.0","Course Review":"1 Reviews","Application Fees":"\u20b9 41,6001st Yr Fees"}]},{"College_Name":"Government Aizawl West College, Aizawl","College_Logo":"https:\/\/images.collegedunia.com\/public\/college_data\/images\/logos\/col1446.jpg?h=80&w=80&mode=stretch","Upper_Section_Details":{"Place":"Aizawl,  Mizoram","Approval":"UGC","Establishment":"Estd 1990","University Type":"Public"},"College_Rating":7.6,"College_Summary":"","Fees_and_Eligibility":null,"Courses_Details":[{"Course Name":"Bachelor of Arts [BA]","Course Duration":"3 Years","Course Degree":"Degree","Course Graduation":"Graduation","Course Time":"Full Time","Course Rating":"9.3","Course Review":"1 Reviews"}]},{"College_Name":"Government Champhai College, Champhai","College_Logo":"https:\/\/images.collegedunia.com\/public\/college_data\/images\/logos\/1626502529croppedcroppedlogo.png?h=80&w=80&mode=stretch","Upper_Section_Details":{"Place":"Champhai,  Mizoram","Approval":"","Establishment":"","University Type":"Government"},"College_Rating":"","College_Summary":"Government Champhai College was established from the fund donated by people for those who are unable to pursue higher education elsewhere. The college is affiliated to Mizoram University, Aizawl and has been accredited B++ by NAAC. The college offers various UG and Certificate Courses in multiple disciplines.\u00a0","Fees_and_Eligibility":[{"Course":"B.Sc","Fees":"\u20b912,320 (1st Year Fees) ","Eligibility":"10+2"},{"Course":"BA","Fees":"\u20b912,210 (1st Year Fees) ","Eligibility":"10+2"},{"Course":"B.Com","Fees":"\u20b923,120 (1st Year Fees) ","Eligibility":"10+2"},{"Course":"BCA","Fees":"\u20b912,210 (1st Year Fees) ","Eligibility":"10+2"}],"Courses_Details":[{"Course Name":"Bachelor of Science [B.Sc]","Course Duration":"3 Years","Course Degree":"Degree","Course Graduation":"Graduation","Course Time":"Full Time","Course Rating":"","Application Fees":"\u20b9 12,3201st Yr Fees"},{"Course Name":"Bachelor of Commerce [B.Com]","Course Duration":"3 Years","Course Degree":"Degree","Course Graduation":"Graduation","Course Time":"Full Time","Course Rating":"","Application Fees":"\u20b9 23,1201st Yr Fees"},{"Course Name":"Bachelor of Arts [BA]","Course Duration":"3 Years","Course Degree":"Degree","Course Graduation":"Graduation","Course Time":"Full Time","Course Rating":"","Application Fees":"\u20b9 12,2101st Yr Fees"},{"Course Name":"Bachelor of Computer Applications [BCA]","Course Duration":"3 Years","Course Degree":"Degree","Course Graduation":"Graduation","Course Time":"Full Time","Course Rating":"","Application Fees":"\u20b9 12,2101st Yr Fees"},{"Course Name":"Certification","Course Duration":"1 Year","Course Degree":"Certification","Course Graduation":"10+2","Course Time":"Full Time","Course Rating":""}]},{"College_Name":"Government Saiha College, Saiha","College_Logo":"https:\/\/images.collegedunia.com\/public\/college_data\/images\/logos\/?h=80&w=80&mode=stretch","Upper_Section_Details":{"Place":"Saiha,  Mizoram","Approval":"","Establishment":"Estd 1974","University Type":"Government"},"College_Rating":"","College_Summary":"","Fees_and_Eligibility":null,"Courses_Details":[{"Course Name":"Master of Arts [MA]","Course Duration":"2 Years","Course Degree":"Degree","Course Graduation":"Post Graduation","Course Time":"Part Time","Course Rating":""},{"Course Name":"Bachelor of Science [B.Sc]","Course Duration":"3 Years","Course Degree":"Degree","Course Graduation":"Graduation","Course Time":"Full Time","Course Rating":""},{"Course Name":"Bachelor of Arts [BA]","Course Duration":"3 Years","Course Degree":"Degree","Course Graduation":"Graduation","Course Time":"Full Time","Course Rating":""},{"Course Name":"Bachelor of Arts [BA] {Hons.}","Course Duration":"3 Years","Course Degree":"Degree","Course Graduation":"Graduation","Course Time":"Full Time","Course Rating":""}]},{"College_Name":"Pachhunga University College, Aizawl","College_Logo":"https:\/\/images.collegedunia.com\/public\/college_data\/images\/logos\/1427282233jp.jpg?h=80&w=80&mode=stretch","Upper_Section_Details":{"Place":"Aizawl,  Mizoram","Approval":"UGC","Establishment":"Estd 1958","University Type":"Public"},"College_Rating":8.3,"College_Summary":"Pachhunga University College,\u00a0It is the eldest and a premier college in the whole state of Mizoram, India it is one of the most priority choices of institution among the students and their parents from last few years. From the day of opening institute regularly performs and maintains its level of education and believes in regular improvement of quality. All the members of teaching staff and lab assistant are very cooperative and helpful. Institution is a regular organizer of events active participants in other institution events and activities. By keeping in mind, management sets financial budget for research projects of students and faculties and promotes them to be creative and interactive with latest technologies. All the members of the institution are advised to work for the welfare of the society as institution and its governing bodies are the active participants in the society. Institution curriculum is designed by keeping good health concern of the students. Institute management cares about new technologies and ever changing scenario of the world and tried to align their students with this world. Institution is well neat and clean and maintains all possible amenities which are needed for suitable movement of knowledge.","Fees_and_Eligibility":[{"Course":"B.Sc","Fees":"\u20b912,700 (1st Year Fees) ","Eligibility":"10+2"},{"Course":"MA","Fees":"\u20b98,010 (1st Year Fees) ","Eligibility":"B.A. in Philosophy"},{"Course":"BBA","Fees":"\u20b941,000 (1st Year Fees) ","Eligibility":"10+2"},{"Course":"BA {Hons.}","Fees":"\u20b99,700 (1st Year Fees) ","Eligibility":"10+2"},{"Course":"BA","Fees":"\u20b99,700 (1st Year Fees) ","Eligibility":"10+2"},{"Course":"M.Sc","Fees":"\u20b913,470 (1st Year Fees) ","Eligibility":"B.Sc"},{"Course":"B.Com","Fees":"\u20b910,700 (1st Year Fees) ","Eligibility":"10+2"}],"Courses_Details":[{"Course Name":"Bachelor of Science [B.Sc]","Course Duration":"3 Years","Course Degree":"Degree","Course Graduation":"Graduation","Course Time":"Full Time","Course Rating":"8.1","Course Review":"5 Reviews","Application Fees":"\u20b9 12,7001st Yr Fees"},{"Course Name":"Master of Arts [MA]","Course Duration":"2 Years","Course Degree":"Degree","Course Graduation":"Post Graduation","Course Time":"Full Time","Course Rating":"Rated #136\n          out of 173\n          by\n        India Today in Arts","Application Fees":"\u20b9 8,0101st Yr Fees"},{"Course Name":"Bachelor of Business Administration [BBA]","Course Duration":"3 Years","Course Degree":"Degree","Course Graduation":"Graduation","Course Time":"Full Time","Course Rating":"8.0","Course Review":"2 Reviews","Application Fees":"\u20b9 41,0001st Yr Fees"},{"Course Name":"Bachelor of Arts [BA] {Hons.}","Course Duration":"3 Years","Course Degree":"Degree","Course Graduation":"Graduation","Course Time":"Full Time","Course Rating":"9.7","Course Review":"1 Reviews","Application Fees":"\u20b9 9,7001st Yr Fees"},{"Course Name":"Master of Science [M.Sc] (Life Science)","Course Duration":"2 Years","Course Degree":"Degree","Course Graduation":"Post Graduation","Course Time":"Full Time","Course Rating":"Rated #152\n          out of 197\n          by\n        India Today in Science","Application Fees":"\u20b9 13,4701st Yr Fees"}]},{"College_Name":"Govt. T.Romana College - [GTRC], Aizawl","College_Logo":"https:\/\/images.collegedunia.com\/public\/college_data\/images\/logos\/13974721645070.JPG?h=80&w=80&mode=stretch","Upper_Section_Details":{"Place":"Aizawl,  Mizoram","Approval":"","Establishment":"Estd 1992","University Type":"Public"},"College_Rating":6.3,"College_Summary":"The Government T Romana college was established in June 1992 in Mizoram with a mission to promote and support weaker sections of society, especially the economically and Academically disadvantaged students.\u00a0","Fees_and_Eligibility":null,"Courses_Details":[{"Course Name":"Bachelor of Arts [BA]","Course Duration":"3 Years","Course Degree":"Degree","Course Graduation":"Graduation","Course Time":"Full Time","Course Rating":"6.3","Course Review":"1 Reviews","Application Fees":"\u20b9 16,8701st Yr Fees"},{"Course Name":"Bachelor of Arts [BA] {Hons.}","Course Duration":"3 Years","Course Degree":"Degree","Course Graduation":"Graduation","Course Time":"Full Time","Course Rating":"6.3","Course Review":"1 Reviews","Application Fees":"\u20b9 16,8701st Yr Fees"}]},{"College_Name":"Mizoram Polytechnic, Lunglei","College_Logo":"https:\/\/images.collegedunia.com\/public\/college_data\/images\/logos\/1426502288mizoram.jpg?h=80&w=80&mode=stretch","Upper_Section_Details":{"Place":"Lunglei,  Mizoram","Approval":"UGC","Establishment":"Estd 1981","University Type":"Private"},"College_Rating":"","College_Summary":"","Fees_and_Eligibility":null,"Courses_Details":[{"Course Name":"Diploma in Engineering (Polytechnic)","Course Duration":"3 Years","Course Degree":"Diploma","Course Graduation":"10th","Course Time":"Full Time","Course Rating":"","Application Fees":"\u20b9 5,5501st Yr Fees"}]},{"College_Name":"Govt Zirtiri Residential Science College, Aizawl","College_Logo":"https:\/\/images.collegedunia.com\/public\/college_data\/images\/logos\/col16575.jpg?h=80&w=80&mode=stretch","Upper_Section_Details":{"Place":"Aizawl,  Mizoram","Approval":"","Establishment":"Estd 2000","University Type":"Private"},"College_Rating":"","College_Summary":"","Fees_and_Eligibility":null,"Courses_Details":[{"Course Name":"Bachelor of Science [B.Sc]","Course Duration":"3 Years","Course Degree":"Degree","Course Graduation":"Graduation","Course Time":"Full Time","Course Rating":"","Application Fees":"\u20b9 4,7401st Yr Fees"},{"Course Name":"Bachelor of Computer Applications [BCA]","Course Duration":"3 Years","Course Degree":"Degree","Course Graduation":"Graduation","Course Time":"Full Time","Course Rating":"","Application Fees":"\u20b9 12,8401st Yr Fees"}]},{"College_Name":"Mizoram University","College_Logo":"https:\/\/images.collegedunia.com\/public\/college_data\/images\/logos\/1421384852Capture.png?h=80&w=80&mode=stretch","Upper_Section_Details":{"Place":"Aizawl,  Mizoram","Approval":"AICTE, UGC, AIU","Establishment":"Estd 2000","University Type":"Central University"},"College_Rating":7.1,"College_Summary":"Mizoram University is one of the leading universities in North East India. Established in 2001, It is a central university that is recognized by the UGC and accredited with an \u2018A\u2019 grade by the NAAC. Mizoram University is ranked 76th among the top 100 universities in India by NIRF 2023. Mizoram University has a huge campus of approx 978 acres and is located on the outskirts of the city, Aizawl.\u00a0","Fees_and_Eligibility":[{"Course":"Ph.D","Fees":"\u20b920,900 (1st Year Fees) ","Eligibility":"Post Graduation"},{"Course":"B.Ed","Fees":"\u20b920,250 (1st Year Fees) ","Eligibility":"Graduation"},{"Course":"M.Sc","Fees":"\u20b910,150 (1st Year Fees) ","Eligibility":"Graduation"},{"Course":"B.Tech","Fees":"\u20b939,150 (1st Year Fees) ","Eligibility":"10+2 with 50% + MZUEEE"},{"Course":"M.A","Fees":"\u20b97,220 (1st Year Fees) ","Eligibility":"Graduation"},{"Course":"B.Arch","Fees":"\u20b922,950 (1st Year Fees) ","Eligibility":"10+2"},{"Course":"M.Phil","Fees":"\u20b916,020 (Total Fees) ","Eligibility":"Post Graduation"}],"Courses_Details":[{"Course Name":"Ph.D","Course Duration":"3 Years","Course Degree":"Degree","Course Graduation":"Doctorate\/M.Phil","Course Time":"Full Time","Course Rating":"","Application Fees":"\u20b9 20,9001st Yr Fees"},{"Course Name":"Bachelor of Education [B.Ed]","Course Duration":"2 Years","Course Degree":"Degree","Course Graduation":"Graduation","Course Time":"Full Time","Course Rating":"","Exam Accepted":"CUET PG","Application Date":"26 Dec - 10 Feb 2024","Application Fees":"\u20b9 20,2501st Yr Fees"},{"Course Name":"Master of Science [M.Sc]","Course Duration":"2 Years","Course Degree":"Degree","Course Graduation":"Post Graduation","Course Time":"Full Time","Course Rating":"","Exam Accepted":"CUET PG","Application Date":"26 Dec - 10 Feb 2024","Application Fees":"\u20b9 10,1501st Yr Fees"},{"Course Name":"Bachelor of Technology [B.Tech]","Course Duration":"4 Years","Course Degree":"Degree","Course Graduation":"Graduation","Course Time":"Full Time","Course Rating":"8.4","Course Review":"5 Reviews","Exam Accepted":"MZUEEE","Application Fees":"\u20b9 39,1501st Yr Fees"},{"Course Name":"Master of Arts [M.A]","Course Duration":"2 Years","Course Degree":"Degree","Course Graduation":"Post Graduation","Course Time":"Full Time","Course Rating":"","Exam Accepted":"CUET PG","Application Date":"26 Dec - 10 Feb 2024","Application Fees":"\u20b9 7,2201st Yr Fees"}]},{"College_Name":"College of Veterinary Science & Animal Husbandry - [CVSC & AH], Aizawl","College_Logo":"https:\/\/images.collegedunia.com\/public\/college_data\/images\/logos\/1460792176logo.png?h=80&w=80&mode=stretch","Upper_Section_Details":{"Place":"Aizawl,  Mizoram","Approval":"","Establishment":"Estd 1997","University Type":"Public"},"College_Rating":8.0,"College_Summary":"","Fees_and_Eligibility":null,"Courses_Details":[{"Course Name":"Bachelor of Veterinary Science [BVSc] & A.H.","Course Duration":"5 Years","Course Degree":"Degree","Course Graduation":"Graduation","Course Time":"Full Time","Course Rating":"1 Reviews","Course Review":"1 Reviews"},{"Course Name":"Master of Veterinary Science [M.V.Sc]","Course Duration":"2 Years","Course Degree":"Degree","Course Graduation":"Post Graduation","Course Time":"Full Time","Course Rating":""},{"Course Name":"Ph.D","Course Duration":"3 Years","Course Degree":"Degree","Course Graduation":"Doctorate\/M.Phil","Course Time":"Full Time","Course Rating":""}]},{"College_Name":"Government Serchhip College, Serchhip","College_Logo":"https:\/\/images.collegedunia.com\/public\/college_data\/images\/logos\/1487827154logo.jpg?h=80&w=80&mode=stretch","Upper_Section_Details":{"Place":"Serchhip,  Mizoram","Approval":"","Establishment":"Estd 1973","University Type":"Public"},"College_Rating":"","College_Summary":"","Fees_and_Eligibility":null,"Courses_Details":[{"Course Name":"Bachelor of Science [B.Sc]","Course Duration":"3 Years","Course Degree":"Degree","Course Graduation":"Graduation","Course Time":"Full Time","Course Rating":"","Application Fees":"\u20b9 8,8801st Yr Fees"},{"Course Name":"Bachelor of Computer Applications [BCA]","Course Duration":"3 Years","Course Degree":"Degree","Course Graduation":"Graduation","Course Time":"Full Time","Course Rating":"","Application Fees":"\u20b9 22,4801st Yr Fees"},{"Course Name":"Bachelor of Arts [BA]","Course Duration":"3 Years","Course Degree":"Degree","Course Graduation":"Graduation","Course Time":"Full Time","Course Rating":"","Application Fees":"\u20b9 8,2801st Yr Fees"}]},{"College_Name":"Government J.Thankima College, Aizawl","College_Logo":"https:\/\/images.collegedunia.com\/public\/college_data\/images\/logos\/1487831807logo..jpg?h=80&w=80&mode=stretch","Upper_Section_Details":{"Place":"Aizawl,  Mizoram","Approval":"","Establishment":"Estd 1993","University Type":"Government"},"College_Rating":"","College_Summary":"","Fees_and_Eligibility":null,"Courses_Details":null},{"College_Name":"Government Mizoram Law college, Aizawl","College_Logo":"https:\/\/images.collegedunia.com\/public\/college_data\/images\/logos\/1487844700GovernmentMizoramLawCollege.jpg?h=80&w=80&mode=stretch","Upper_Section_Details":{"Place":"Aizawl,  Mizoram","Approval":"BCI","Establishment":"Estd 1983","University Type":"Government"},"College_Rating":"","College_Summary":"The Government Mizoram Law College was established in 1983 and is the sole law college present in the state of Mizoram. Earlier known as Aizawl Law College it is a deemed institute providing legal education for the aspiring youth and facilitating employment in legal and judicial fields. The college is located in the western part of Aizawl city, Mizoram. It is accredited with a Grade \u2018C\u2019 by NAAC and an SGPA of 1.97.","Fees_and_Eligibility":null,"Courses_Details":[{"Course Name":"Bachelor of Law [L.L.B]","Course Duration":"3 Years","Course Degree":"Degree","Course Graduation":"Graduation","Course Time":"Full Time","Course Rating":""},{"Course Name":"Diploma in Personality Development and Soft Skills","Course Duration":"1 Month","Course Degree":"Diploma","Course Graduation":"10+2","Course Time":"Full Time","Course Rating":""}]},{"College_Name":"National Institute of Electronics & Information Technology - [NIELIT], Aizawl","College_Logo":"https:\/\/images.collegedunia.com\/public\/college_data\/images\/logos\/1588311159NIELITLogo.jpg?h=80&w=80&mode=stretch","Upper_Section_Details":{"Place":"Aizawl,  Mizoram","Approval":"AICTE, MHRD","Establishment":"Estd 2001","University Type":"Government"},"College_Rating":5.3,"College_Summary":"NIELIT was established in 2001 and it\u2019s a Government Institute. It offers UG, PG and Diploma programmes in numerous specializations. The Institute offers NIELIT \u2018O\u2019 Level, NIELIT \u2018A\u2019 Level and NIELIT MAT \u2018O\u2019 Level Courses. Apart from these, it also offers Certification Courses in numerous streams. Admission to different courses at NIELIT Aizawl relies on the performance of a student in Counseling\/ Entrance Test as decided by admission committee. Seats are reserved for SC, ST, and OBC candidates in all courses.","Fees_and_Eligibility":[{"Course":"Certification","Fees":"\u20b93,520 (Total Fees) ","Eligibility":"10+2"},{"Course":"BCA","Fees":"\u20b935,700 (1st Year Fees) ","Eligibility":"10+2"},{"Course":"Polytechnic","Fees":"\u20b933,950 (1st Year Fees) ","Eligibility":"10th"},{"Course":"Diploma","Fees":"\u20b918,480 (Total Fees) ","Eligibility":"10+2"},{"Course":"Diploma","Fees":"\u20b933,200 (Total Fees) ","Eligibility":"10+2"},{"Course":"PG Diploma","Fees":"\u20b944,560 (Total Fees) ","Eligibility":"Graduation"},{"Course":"Diploma","Fees":"\u20b915,400 (Total Fees) ","Eligibility":"10+2"}],"Courses_Details":[{"Course Name":"Certification","Course Duration":"","Course Degree":"Certification","Course Graduation":"10+2","Course Time":"Full Time","Course Rating":"","Application Fees":"\u20b9 3,520Total Fees"},{"Course Name":"Bachelor of Computer Applications [BCA]","Course Duration":"3 Years","Course Degree":"Degree","Course Graduation":"Graduation","Course Time":"Full Time","Course Rating":"5.0","Course Review":"1 Reviews","Application Fees":"\u20b9 35,7001st Yr Fees"},{"Course Name":"Master of Computer Applications [M.C.A]","Course Duration":"3 Years","Course Degree":"Degree","Course Graduation":"Post Graduation","Course Time":"Full Time","Course Rating":"","Application Fees":"\u20b9 51,9501st Yr Fees"},{"Course Name":"Diploma in Engineering (Polytechnic)","Course Duration":"3 Years","Course Degree":"Diploma","Course Graduation":"10+2","Course Time":"Full Time","Course Rating":"","Application Fees":"\u20b9 33,9501st Yr Fees"},{"Course Name":"Advance Diploma","Course Duration":"1 Month","Course Degree":"Diploma","Course Graduation":"10+2","Course Time":"Full Time","Course Rating":"","Application Fees":"\u20b9 18,480Total Fees"}]},{"College_Name":"Zoram Medical College Mizoram","College_Logo":"https:\/\/images.collegedunia.com\/public\/college_data\/images\/logos\/1624688587img281220192037.jpg?h=80&w=80&mode=stretch","Upper_Section_Details":{"Place":"Aizawl,  Mizoram","Approval":"MCI","Establishment":"Estd 2018","University Type":"Government"},"College_Rating":"","College_Summary":"Table of Content","Fees_and_Eligibility":null,"Courses_Details":[{"Course Name":"M.B.B.S.","Course Duration":"5 Years","Course Degree":"Degree","Course Graduation":"Graduation","Course Time":"Full Time","Course Rating":"","Exam Accepted":"NEET","Application Date":"9 Feb - 16 Mar 2024","Application Fees":"\u20b9 79,1501st Yr Fees"}]},{"College_Name":"Helen Lowry College (HLC), Aizawl","College_Logo":"https:\/\/images.collegedunia.com\/public\/college_data\/images\/logos\/1627021848Capture1.jpg?h=80&w=80&mode=stretch","Upper_Section_Details":{"Place":"Aizawl,  Mizoram","Approval":"","Establishment":"Estd 2017","University Type":"Private"},"College_Rating":"","College_Summary":"Helen Lowry College (HLC), Aizawl established in the year 2017, is affiliated to Mizoram University. The college offers undergraduate courses in the discipline of Arts & Commerce. Admission in the HLC is done purely on the merit basis of the marks scored in the previous qualifying examination. Furthermore, HLC has a team of qualified and experienced faculty members who provide their valuable guidance and mentorship to the students. The college also provides world-class facilities to the students for their growth and development.","Fees_and_Eligibility":null,"Courses_Details":[{"Course Name":"Bachelor of Commerce [B.Com]","Course Duration":"3 Years","Course Degree":"Degree","Course Graduation":"Graduation","Course Time":"Full Time","Course Rating":"","Application Fees":"\u20b9 28,1501st Yr Fees"},{"Course Name":"Bachelor of Arts [BA]","Course Duration":"3 Years","Course Degree":"Degree","Course Graduation":"Graduation","Course Time":"Full Time","Course Rating":"","Application Fees":"\u20b9 22,1501st Yr Fees"}]},{"College_Name":"Indian Institute of Mass Communication - [IIMC], Aizawl","College_Logo":"https:\/\/images.collegedunia.com\/public\/college_data\/images\/logos\/1704792183iimc1.png?h=80&w=80&mode=stretch","Upper_Section_Details":{"Place":"Aizawl,  Mizoram","Approval":"","Establishment":"Estd 2011","University Type":"Public (Autonomous)"},"College_Rating":"","College_Summary":"","Fees_and_Eligibility":null,"Courses_Details":[{"Course Name":"Post Graduate Diploma","Course Duration":"1 Year","Course Degree":"Diploma","Course Graduation":"Post Graduation","Course Time":"Full Time","Course Rating":"","Exam Accepted":"IIMC","Application Date":"26 Dec - 24 Jan 2024","Application Fees":"\u20b9 95,5001st Yr Fees"}]}]