[{"College_Name":"Nagaland University, Zunheboto","College_Logo":"https:\/\/images.collegedunia.com\/public\/college_data\/images\/logos\/1433224525university.jpg?h=80&w=80&mode=stretch","Upper_Section_Details":{"Place":"Zunhebotto,  Nagaland","Approval":"UGC","Establishment":"Estd 1994","University Type":"Central University"},"College_Rating":7.3,"College_Summary":"Nagaland University offers several undergraduate, postgraduate and Ph.D. programmes in different fields. Arts, Science, Commerce, Agricultural Sciences, Engineering & Technology and Management streams are some of the programmes offered by the University.","Fees_and_Eligibility":[{"Course":"B.Tech","Fees":"\u20b926,960 (1st Year Fees) ","Eligibility":"10+2"},{"Course":"Ph.D","Fees":"\u20b926,090 (1st Year Fees) ","Eligibility":"Post Graduation"},{"Course":"MBA","Fees":"\u20b924,240 (1st Year Fees) ","Eligibility":"Graduation"},{"Course":"M.Sc","Fees":"\u20b910,300 (1st Year Fees) ","Eligibility":"Graduation"},{"Course":"MA","Fees":"\u20b910,300 (1st Year Fees) ","Eligibility":"Graduation"},{"Course":"B.Tech {Lateral}","Fees":"\u20b926,960 (1st Year Fees) ","Eligibility":"10th"}],"Courses_Details":[{"Course Name":"Bachelor of Technology [B.Tech]","Course Duration":"4 Years","Course Degree":"Degree","Course Graduation":"Graduation","Course Time":"Full Time","Course Rating":"6.8","Course Review":"5 Reviews","Exam Accepted":"CUET","Application Date":"27 Feb - 26 Mar 2024","Application Fees":"\u20b9 26,9601st Yr Fees"},{"Course Name":"Ph.D","Course Duration":"3 Years","Course Degree":"Degree","Course Graduation":"Doctorate\/M.Phil","Course Time":"Full Time","Course Rating":"","Application Fees":"\u20b9 26,0901st Yr Fees"},{"Course Name":"Master of Business Administration [MBA]","Course Duration":"2 Years","Course Degree":"Degree","Course Graduation":"Post Graduation","Course Time":"Full Time","Course Rating":"8.7","Course Review":"2 Reviews","Application Fees":"\u20b9 24,2401st Yr Fees"},{"Course Name":"Master of Science [M.Sc]","Course Duration":"2 Years","Course Degree":"Degree","Course Graduation":"Post Graduation","Course Time":"Full Time","Course Rating":"1 Reviews","Course Review":"1 Reviews","Exam Accepted":"CUET PG","Application Date":"26 Dec - 10 Feb 2024","Application Fees":"\u20b9 10,3001st Yr Fees"},{"Course Name":"Master of Arts [MA]","Course Duration":"2 Years","Course Degree":"Degree","Course Graduation":"Post Graduation","Course Time":"Full Time","Course Rating":"7.7","Course Review":"2 Reviews","Exam Accepted":"CUET PG","Application Date":"26 Dec - 10 Feb 2024","Application Fees":"\u20b9 10,3001st Yr Fees"}]},{"College_Name":"National Research Centre on Mithun - [NRCM], Dimapur","College_Logo":"https:\/\/images.collegedunia.com\/public\/college_data\/images\/logos\/col6697.jpg?h=80&w=80&mode=stretch","Upper_Section_Details":{"Place":"Dimapur,  Nagaland","Approval":"","Establishment":"","University Type":"Private Institute"},"College_Rating":"","College_Summary":"","Fees_and_Eligibility":null,"Courses_Details":[{"Course Name":"Master of Veterinary Science [M.V.Sc]","Course Duration":"2 Years","Course Degree":"Degree","Course Graduation":"Post Graduation","Course Time":"Full Time","Course Rating":""},{"Course Name":"Master of Science [M.Sc] (Animal Breeding & Genetics)","Course Duration":"2 Years","Course Degree":"Degree","Course Graduation":"Post Graduation","Course Time":"Full Time","Course Rating":""},{"Course Name":"Masters in Animal Physiology","Course Duration":"2 Years 5 Months","Course Degree":"Degree","Course Graduation":"Post Graduation","Course Time":"Full Time","Course Rating":""},{"Course Name":"Bachelor of Veterinary Science [B.V.Sc]","Course Duration":"3 Years","Course Degree":"Degree","Course Graduation":"Graduation","Course Time":"Full Time","Course Rating":""}]},{"College_Name":"NIT Nagaland (NITN)","College_Logo":"https:\/\/images.collegedunia.com\/public\/college_data\/images\/logos\/139410600828219.png?h=80&w=80&mode=stretch","Upper_Section_Details":{"Place":"Dimapur,  Nagaland","Approval":"AICTE, UGC","Establishment":"Estd 2010","University Type":"Autonomous University"},"College_Rating":7.3,"College_Summary":"NIT Nagaland is ranked 201 for BTech by NIRF 2022. NIT Nagaland is an autonoous university and offers BTech, MTech, MSc and PhD degrees. NIT Nagaland offers courses in technology and science discipline. NIT Nagaland is fully funded by MHRD, Government of India. NIT Nagaland is situated in Chumukedima, Dimapur, Nagaland. NIT Nagaland provides hostel facilities for its students.\u00a0","Fees_and_Eligibility":[{"Course":"B.Tech","Fees":"\u20b91.38 Lakhs (1st Year Fees) ","Eligibility":"10+2 with 75% + JEE Main"},{"Course":"M.Tech","Fees":"\u20b975,350 (1st Year Fees) ","Eligibility":"Pass in Graduation + GATE"},{"Course":"M.Sc","Fees":"\u20b995,700 (1st Year Fees) ","Eligibility":"Graduation with 55% + IIT JAM"},{"Course":"B.S + M.Sc","Fees":"\u20b91.34 Lakhs (1st Year Fees) ","Eligibility":"10+2 with 75% + JEE Main"},{"Course":"Ph.D","Fees":"\u20b910,850 (1st Year Fees) ","Eligibility":"Post Graduation"}],"Courses_Details":[{"Course Name":"Bachelor of Technology [B.Tech]","Course Duration":"4 Years","Course Degree":"Degree","Course Graduation":"Graduation","Course Time":"Full Time","Course Rating":"7.1","Course Review":"23 Reviews","Exam Accepted":"JEE Main","Application Date":"19 June - 31 Jul 2024","Application Fees":"\u20b9 138,1501st Yr Fees"},{"Course Name":"Ph.D","Course Duration":"2 Years","Course Degree":"Degree","Course Graduation":"Doctorate\/M.Phil","Course Time":"Full Time","Course Rating":"","Application Fees":"\u20b9 10,8501st Yr Fees"},{"Course Name":"Bachelor of Architecture [B.Arch]","Course Duration":"5 Years","Course Degree":"Degree","Course Graduation":"Graduation","Course Time":"Full Time","Course Rating":""},{"Course Name":"Master of Technology [M.Tech]","Course Duration":"2 Years","Course Degree":"Degree","Course Graduation":"Post Graduation","Course Time":"Full Time","Course Rating":"9.0","Course Review":"1 Reviews","Exam Accepted":"GATE","Application Date":"5 June - 26 Jun 2024","Application Fees":"\u20b9 75,3501st Yr Fees"},{"Course Name":"Master of Science [M.Sc]","Course Duration":"2 Years","Course Degree":"Degree","Course Graduation":"Post Graduation","Course Time":"Full Time","Course Rating":"","Exam Accepted":"IIT JAM","Application Date":"5 June - 26 Jun 2024","Application Fees":"\u20b9 95,7001st Yr Fees"}]},{"College_Name":"St. Joseph University, Dimapur","College_Logo":"https:\/\/images.collegedunia.com\/public\/college_data\/images\/logos\/1532669086logo.png?h=80&w=80&mode=stretch","Upper_Section_Details":{"Place":"Dimapur,  Nagaland","Approval":"AICTE, UGC","Establishment":"Estd 2016","University Type":"Private University"},"College_Rating":8.2,"College_Summary":"St. Joseph University was established in 2016 under govt. act. no. 6. It is a private, catholic research university run by DMI (Daughter of Mary Immaculate) sisters and MMI (Missionaries of Mary Immaculate) fathers with a genuine aim of providing education to the people of Nagaland. The university is recognised by UGC (University Grants Commission) and approved by AICTE (All India Council for Technical Education).\u00a0","Fees_and_Eligibility":[{"Course":"MA","Fees":"\u20b947,500 (1st Year Fees) ","Eligibility":"Graduation"},{"Course":"MBA","Fees":"\u20b963,000 (1st Year Fees) ","Eligibility":"Graduation"},{"Course":"BA {Hons.}","Fees":"\u20b938,000 (1st Year Fees) ","Eligibility":"10+2"},{"Course":"B.Tech","Fees":"\u20b91.23 Lakhs (1st Year Fees) ","Eligibility":"10+2"},{"Course":"BBA {Hons.}","Fees":"\u20b942,500 (1st Year Fees) ","Eligibility":"10+2"},{"Course":"M.Sc","Fees":"\u20b956,000 (1st Year Fees) ","Eligibility":"Graduation"},{"Course":"M.Com","Fees":"\u20b947,500 (1st Year Fees) ","Eligibility":"Graduation"}],"Courses_Details":[{"Course Name":"Master of Arts [MA]","Course Duration":"2 Years","Course Degree":"Degree","Course Graduation":"Post Graduation","Course Time":"Full Time","Course Rating":"","Application Fees":"\u20b9 47,5001st Yr Fees"},{"Course Name":"Master of Business Administration [MBA]","Course Duration":"2 Years","Course Degree":"Degree","Course Graduation":"Post Graduation","Course Time":"Full Time","Course Rating":"","Application Fees":"\u20b9 63,0001st Yr Fees"},{"Course Name":"Bachelor of Arts [BA] {Hons.}","Course Duration":"3 Years","Course Degree":"Degree","Course Graduation":"Graduation","Course Time":"Full Time","Course Rating":"","Application Fees":"\u20b9 38,0001st Yr Fees"},{"Course Name":"Bachelor of Technology [B.Tech] (Civil Engineering)","Course Duration":"4 Years","Course Degree":"Degree","Course Graduation":"Graduation","Course Time":"Full Time","Course Rating":"8.2","Course Review":"2 Reviews","Application Fees":"\u20b9 123,0001st Yr Fees"},{"Course Name":"Bachelor of Business Administration [BBA] {Hons.}","Course Duration":"3 Years","Course Degree":"Degree","Course Graduation":"Graduation","Course Time":"Full Time","Course Rating":"7.3","Course Review":"1 Reviews","Application Fees":"\u20b9 42,5001st Yr Fees"}]},{"College_Name":"ICFAI University, Dimapur","College_Logo":"https:\/\/images.collegedunia.com\/public\/college_data\/images\/logos\/?h=80&w=80&mode=stretch","Upper_Section_Details":{"Place":"Dimapur,  Nagaland","Approval":"UGC, AIU","Establishment":"Estd 2006","University Type":"Private University"},"College_Rating":7.5,"College_Summary":"Institute of Chartered Financial Analysts of India, commonly known as ICFAI University, is highly considered as platform for creativity, professional ethics, Life Skills for students in Nagaland. It is located in the heart of Dimapur a developing town of Nagaland which holds the future for the research based companies.It offers high quality education at PG and UG courses in Management and computer application courses.","Fees_and_Eligibility":[{"Course":"Diploma","Fees":"\u20b920,000 (Total Fees) ","Eligibility":"19 July 2024"},{"Course":"MA","Fees":"\u20b961,300 (1st Year Fees) ","Eligibility":"11 Aug 2024"},{"Course":"BBA","Fees":"\u20b947,470 (1st Year Fees) ","Eligibility":"19 July 2024"},{"Course":"MBA","Fees":"\u20b91.48 Lakhs (1st Year Fees) ","Eligibility":"2 Apr 2024"},{"Course":"BCA","Fees":"\u20b956,400 (1st Year Fees) ","Eligibility":"19 July 2024"},{"Course":"M.Com","Fees":"\u20b961,300 (1st Year Fees) ","Eligibility":"11 Aug 2024"},{"Course":"BA","Fees":"\u20b930,200 (1st Year Fees) ","Eligibility":"19 July 2024"}],"Courses_Details":[{"Course Name":"Diploma in Airlines, Tourism & Hospitality Management","Course Duration":"1 Year","Course Degree":"Diploma","Course Graduation":"10+2","Course Time":"Full Time","Course Rating":"","Application Date":"19 July 2024","Application Fees":"\u20b9 20,0001st Yr Fees"},{"Course Name":"Master of Arts [MA]","Course Duration":"2 Years","Course Degree":"Degree","Course Graduation":"Post Graduation","Course Time":"Full Time","Course Rating":"7.0","Course Review":"1 Reviews","Application Date":"11 Aug 2024","Application Fees":"\u20b9 61,3001st Yr Fees"},{"Course Name":"Bachelor of Business Administration [BBA]","Course Duration":"3 Years","Course Degree":"Degree","Course Graduation":"Graduation","Course Time":"Full Time","Course Rating":"7.5","Course Review":"2 Reviews","Application Date":"19 July 2024","Application Fees":"\u20b9 47,4701st Yr Fees"},{"Course Name":"Master of Business Administration [MBA]","Course Duration":"2 Years","Course Degree":"Degree","Course Graduation":"Post Graduation","Course Time":"Full Time","Course Rating":"7.2","Course Review":"3 Reviews","Exam Accepted":"IBSAT","Application Date":"2 Apr 2024","Application Fees":"\u20b9 147,6001st Yr Fees"},{"Course Name":"Bachelor of Computer Applications [BCA]","Course Duration":"3 Years","Course Degree":"Degree","Course Graduation":"Graduation","Course Time":"Full Time","Course Rating":"7.7","Course Review":"2 Reviews","Application Date":"19 July 2024","Application Fees":"\u20b9 56,4001st Yr Fees"}]},{"College_Name":"Alder College, Kohima","College_Logo":"https:\/\/images.collegedunia.com\/public\/college_data\/images\/logos\/col161.jpg?h=80&w=80&mode=stretch","Upper_Section_Details":{"Place":"Kohima,  Nagaland","Approval":"UGC","Establishment":"Estd 1992","University Type":"Public"},"College_Rating":8.7,"College_Summary":"","Fees_and_Eligibility":null,"Courses_Details":[{"Course Name":"Bachelor of Arts [BA] {Hons.}","Course Duration":"3 Years","Course Degree":"Degree","Course Graduation":"Graduation","Course Time":"Full Time","Course Rating":"5.8","Course Review":"2 Reviews","Application Fees":"\u20b9 6,4001st Yr Fees"},{"Course Name":"Bachelor of Arts [BA]","Course Duration":"3 Years","Course Degree":"Degree","Course Graduation":"Graduation","Course Time":"Full Time","Course Rating":"5.8","Course Review":"2 Reviews","Application Fees":"\u20b9 6,3001st Yr Fees"},{"Course Name":"Certification","Course Duration":"1 Year","Course Degree":"Certification","Course Graduation":"10+2","Course Time":"Full Time","Course Rating":""}]},{"College_Name":"Anderson Theological College - [ATC], Zunhebotto","College_Logo":"https:\/\/images.collegedunia.com\/public\/college_data\/images\/logos\/1412527528aderson.jpg?h=80&w=80&mode=stretch","Upper_Section_Details":{"Place":"Zunhebotto,  Nagaland","Approval":"","Establishment":"Estd 1994","University Type":"Private Institute"},"College_Rating":"","College_Summary":"","Fees_and_Eligibility":null,"Courses_Details":[{"Course Name":"Bachelor of Theology [B.Th]","Course Duration":"3 Years","Course Degree":"Degree","Course Graduation":"Graduation","Course Time":"Full Time","Course Rating":""},{"Course Name":"Bachelor of Divinity [B.Div]","Course Duration":"4 Years","Course Degree":"Degree","Course Graduation":"Graduation","Course Time":"Full Time","Course Rating":""},{"Course Name":"Bachelor of Religious Education [BRE]","Course Duration":"3 Years","Course Degree":"Degree","Course Graduation":"Graduation","Course Time":"Full Time","Course Rating":""}]},{"College_Name":"Dimapur Government College, Dimapur","College_Logo":"https:\/\/images.collegedunia.com\/public\/college_data\/images\/logos\/1459143725logo.png?h=80&w=80&mode=stretch","Upper_Section_Details":{"Place":"Dimapur,  Nagaland","Approval":"","Establishment":"Estd 1966","University Type":"Government"},"College_Rating":7.1,"College_Summary":"","Fees_and_Eligibility":[{"Course":"BA {Hons.}","Fees":"\u20b97,590 (1st Year Fees) ","Eligibility":"10+2"},{"Course":"BA","Fees":"\u20b97,590 (1st Year Fees) ","Eligibility":"10+2"},{"Course":"B.Com {Hons.}","Fees":"\u20b97,590 (1st Year Fees) ","Eligibility":"10+2"},{"Course":"B.Com","Fees":"\u20b97,590 (1st Year Fees) ","Eligibility":"10+2"}],"Courses_Details":[{"Course Name":"Bachelor of Arts [BA] {Hons.}","Course Duration":"3 Years","Course Degree":"Degree","Course Graduation":"Graduation","Course Time":"Full Time","Course Rating":"7.3","Course Review":"5 Reviews","Application Fees":"\u20b9 7,5901st Yr Fees"},{"Course Name":"Bachelor of Arts [BA]","Course Duration":"3 Years","Course Degree":"Degree","Course Graduation":"Graduation","Course Time":"Full Time","Course Rating":"7.3","Course Review":"5 Reviews","Application Fees":"\u20b9 7,5901st Yr Fees"},{"Course Name":"Bachelor of Commerce [B.Com] {Hons.}","Course Duration":"3 Years","Course Degree":"Degree","Course Graduation":"Graduation","Course Time":"Full Time","Course Rating":"5.7","Course Review":"4 Reviews","Application Fees":"\u20b9 7,5901st Yr Fees"},{"Course Name":"Bachelor of Commerce [B.Com]","Course Duration":"3 Years","Course Degree":"Degree","Course Graduation":"Graduation","Course Time":"Full Time","Course Rating":"5.7","Course Review":"4 Reviews","Application Fees":"\u20b9 7,5901st Yr Fees"}]},{"College_Name":"Discipleship Bible College - [DBC], Dimapur","College_Logo":"https:\/\/images.collegedunia.com\/public\/college_data\/images\/logos\/1425363860png.png?h=80&w=80&mode=stretch","Upper_Section_Details":{"Place":"Dimapur,  Nagaland","Approval":"","Establishment":"Estd 1981","University Type":"Private"},"College_Rating":"","College_Summary":"","Fees_and_Eligibility":null,"Courses_Details":[{"Course Name":"Bachelor of Theology [B.Th]","Course Duration":"3 Years","Course Degree":"Degree","Course Graduation":"Graduation","Course Time":"Full Time","Course Rating":""},{"Course Name":"Master of Divinity [M.Div]","Course Duration":"2 Years","Course Degree":"Degree","Course Graduation":"Post Graduation","Course Time":"Full Time","Course Rating":""},{"Course Name":"Diploma in Theology","Course Duration":"2 Years","Course Degree":"Diploma","Course Graduation":"10+2","Course Time":"Full Time","Course Rating":""}]},{"College_Name":"Immanuel College, Dimapur","College_Logo":"https:\/\/images.collegedunia.com\/public\/college_data\/images\/logos\/1431168820innuniam.jpg?h=80&w=80&mode=stretch","Upper_Section_Details":{"Place":"Dimapur,  Nagaland","Approval":"UGC","Establishment":"Estd 1994","University Type":"Private"},"College_Rating":5.3,"College_Summary":"Immanuel College (IC) was established in the year of 1994 along with an aim of providing quality education to the students besides preparing them academically both in Science and Arts streams. It is a full-fledged college which is recognized by the University Grant Commission (UGC) and is affiliated by the Nagaland University. The college is located in a residential area at Lingrijan, Dimarpur, Nagaland which is 3 Kms away from the railway station and 10 kms away from the airport. The main objective of the college is to develop a notable personality with excellent character and culture to face the challenges of the modern world.","Fees_and_Eligibility":[{"Course":"B.Sc","Fees":"\u20b940,600 (1st Year Fees) ","Eligibility":"10+2"},{"Course":"BA","Fees":"\u20b932,000 (1st Year Fees) ","Eligibility":"10+2"},{"Course":"BA {Hons.}","Fees":"\u20b933,000 (1st Year Fees) ","Eligibility":"10+2"},{"Course":"B.Sc {Hons.}","Fees":"\u20b942,600 (1st Year Fees) ","Eligibility":"10+2"}],"Courses_Details":[{"Course Name":"Bachelor of Science [B.Sc]","Course Duration":"3 Years","Course Degree":"Degree","Course Graduation":"Graduation","Course Time":"Full Time","Course Rating":"","Application Fees":"\u20b9 40,6001st Yr Fees"},{"Course Name":"Bachelor of Arts [BA]","Course Duration":"3 Years","Course Degree":"Degree","Course Graduation":"Graduation","Course Time":"Full Time","Course Rating":"4.0","Course Review":"1 Reviews","Application Fees":"\u20b9 32,0001st Yr Fees"},{"Course Name":"Bachelor of Arts [BA] {Hons.}","Course Duration":"3 Years","Course Degree":"Degree","Course Graduation":"Graduation","Course Time":"Full Time","Course Rating":"4.0","Course Review":"1 Reviews","Application Fees":"\u20b9 33,0001st Yr Fees"},{"Course Name":"Bachelor of Science [B.Sc] {Hons.}","Course Duration":"3 Years","Course Degree":"Degree","Course Graduation":"Graduation","Course Time":"Full Time","Course Rating":"","Application Fees":"\u20b9 42,6001st Yr Fees"}]},{"College_Name":"Kohima College, Kohima","College_Logo":"https:\/\/images.collegedunia.com\/public\/college_data\/images\/logos\/col2457.jpg?h=80&w=80&mode=stretch","Upper_Section_Details":{"Place":"Kohima,  Nagaland","Approval":"UGC","Establishment":"Estd 1967","University Type":"Private"},"College_Rating":7.0,"College_Summary":"","Fees_and_Eligibility":[{"Course":"BA {Hons.}","Fees":"\u20b913,020 (1st Year Fees) ","Eligibility":"10+2"},{"Course":"B.Com","Fees":"\u20b913,020 (1st Year Fees) ","Eligibility":"10+2"},{"Course":"BA","Fees":"\u20b913,020 (1st Year Fees) ","Eligibility":"10+2"},{"Course":"B.Com {Hons.}","Fees":"\u20b913,020 (1st Year Fees) ","Eligibility":"10+2"}],"Courses_Details":[{"Course Name":"Bachelor of Arts [BA] {Hons.}","Course Duration":"3 Years","Course Degree":"Degree","Course Graduation":"Graduation","Course Time":"Full Time","Course Rating":"7.1","Course Review":"6 Reviews","Application Fees":"\u20b9 13,0201st Yr Fees"},{"Course Name":"Bachelor of Commerce [B.Com]","Course Duration":"3 Years","Course Degree":"Degree","Course Graduation":"Graduation","Course Time":"Full Time","Course Rating":"","Application Fees":"\u20b9 13,0201st Yr Fees"},{"Course Name":"Bachelor of Arts [BA]","Course Duration":"3 Years","Course Degree":"Degree","Course Graduation":"Graduation","Course Time":"Full Time","Course Rating":"7.1","Course Review":"6 Reviews","Application Fees":"\u20b9 13,0201st Yr Fees"},{"Course Name":"Bachelor of Commerce [B.Com] {Hons.} (Accounting and Finance)","Course Duration":"3 Years","Course Degree":"Degree","Course Graduation":"Graduation","Course Time":"Full Time","Course Rating":"","Application Fees":"\u20b9 13,0201st Yr Fees"}]},{"College_Name":"Oriental Theological Seminary - [OTS], Dimapur","College_Logo":"https:\/\/images.collegedunia.com\/public\/college_data\/images\/logos\/1427366903orientalllllll.jpg?h=80&w=80&mode=stretch","Upper_Section_Details":{"Place":"Dimapur,  Nagaland","Approval":"UGC","Establishment":"Estd 1991","University Type":"Private"},"College_Rating":"","College_Summary":"","Fees_and_Eligibility":null,"Courses_Details":[{"Course Name":"Master of Divinity [M.Div]","Course Duration":"3 Years","Course Degree":"Degree","Course Graduation":"Post Graduation","Course Time":"Full Time","Course Rating":""},{"Course Name":"Master of Theology [M.Th]","Course Duration":"2 Years","Course Degree":"Degree","Course Graduation":"Post Graduation","Course Time":"Full Time","Course Rating":""},{"Course Name":"Master of Ministry [M.Min]","Course Duration":"2 Years","Course Degree":"Degree","Course Graduation":"Post Graduation","Course Time":"Full Time","Course Rating":""}]},{"College_Name":"Patkai Christian College, Dimapur","College_Logo":"https:\/\/images.collegedunia.com\/public\/college_data\/images\/logos\/1427265565jpeg.jpg?h=80&w=80&mode=stretch","Upper_Section_Details":{"Place":"Dimapur,  Nagaland","Approval":"UGC","Establishment":"Estd 1974","University Type":"Private (Autonomous)"},"College_Rating":8.0,"College_Summary":"<","Fees_and_Eligibility":[{"Course":"MA","Fees":"\u20b942,600 (1st Year Fees) ","Eligibility":"Graduation"},{"Course":"M.Sc","Fees":"\u20b953,800 (1st Year Fees) ","Eligibility":"Graduation"},{"Course":"BA","Fees":"\u20b940,200 (1st Year Fees) ","Eligibility":"10+2"},{"Course":"BCA","Fees":"\u20b954,200 (1st Year Fees) ","Eligibility":"10+2"},{"Course":"Diploma","Fees":"\u20b947,700 (Total Fees) ","Eligibility":"10+2"},{"Course":"B.Com","Fees":"\u20b941,400 (1st Year Fees) ","Eligibility":"10+2"},{"Course":"BA {Hons.}","Fees":"\u20b940,200 (1st Year Fees) ","Eligibility":"10+2"}],"Courses_Details":[{"Course Name":"Master of Arts [MA]","Course Duration":"2 Years","Course Degree":"Degree","Course Graduation":"Post Graduation","Course Time":"Full Time","Course Rating":"","Application Fees":"\u20b9 42,6001st Yr Fees"},{"Course Name":"Master of Science [M.Sc]","Course Duration":"2 Years","Course Degree":"Degree","Course Graduation":"Post Graduation","Course Time":"Full Time","Course Rating":"","Application Fees":"\u20b9 53,8001st Yr Fees"},{"Course Name":"Bachelor of Arts [BA]","Course Duration":"3 Years","Course Degree":"Degree","Course Graduation":"Graduation","Course Time":"Full Time","Course Rating":"7.7","Course Review":"2 Reviews","Application Fees":"\u20b9 40,2001st Yr Fees"},{"Course Name":"Bachelor of Computer Applications [BCA]","Course Duration":"3 Years","Course Degree":"Degree","Course Graduation":"Graduation","Course Time":"Full Time","Course Rating":"","Application Fees":"\u20b9 54,2001st Yr Fees"},{"Course Name":"Diploma","Course Duration":"1 Year","Course Degree":"Diploma","Course Graduation":"10+2","Course Time":"Full Time","Course Rating":"","Application Fees":"\u20b9 47,700Total Fees"}]},{"College_Name":"St. Joseph' s College, Kohima, Nagaland","College_Logo":"https:\/\/images.collegedunia.com\/public\/college_data\/images\/logos\/1622191316headerlogo05.jpg?h=80&w=80&mode=stretch","Upper_Section_Details":{"Place":"Kohima,  Nagaland","Approval":"","Establishment":"Estd 1985","University Type":"Private (Autonomous)"},"College_Rating":8.4,"College_Summary":"St. Joseph\u2019s College Kohima is an autonomous College located in the Jakhama metropolitan area of Kohima. It\u2019s a Catholic Institution started by the Catholic Church Nagaland. St. Joseph\u2019s College is managed by the Diocese of Kohima, Nagaland.","Fees_and_Eligibility":[{"Course":"MA {Hons.}","Fees":"\u20b940,000 (1st Year Fees) ","Eligibility":"Graduation"},{"Course":"BA {Hons.}","Fees":"\u20b924,100 (1st Year Fees) ","Eligibility":"10+2"},{"Course":"B.Sc {Hons.}","Fees":"\u20b934,300 (1st Year Fees) ","Eligibility":"10+2"},{"Course":"BBA {Hons.}","Fees":"\u20b931,300 (1st Year Fees) ","Eligibility":"10+2"},{"Course":"B.Com {Hons.}","Fees":"\u20b924,000 (1st Year Fees) ","Eligibility":"10+2"}],"Courses_Details":[{"Course Name":"Master of Arts [MA] {Hons.}","Course Duration":"2 Years","Course Degree":"Degree","Course Graduation":"Post Graduation","Course Time":"Full Time","Course Rating":"","Application Fees":"\u20b9 40,0001st Yr Fees"},{"Course Name":"Bachelor of Arts [BA] {Hons.}","Course Duration":"3 Years","Course Degree":"Degree","Course Graduation":"Graduation","Course Time":"Full Time","Course Rating":"7.8","Course Review":"6 Reviews","Application Fees":"\u20b9 24,1001st Yr Fees"},{"Course Name":"Bachelor of Science [B.Sc] {Hons.}","Course Duration":"3 Years","Course Degree":"Degree","Course Graduation":"Graduation","Course Time":"Full Time","Course Rating":"8.2","Course Review":"2 Reviews","Application Fees":"\u20b9 34,3001st Yr Fees"},{"Course Name":"Bachelor of Business Administration [BBA] {Hons.}","Course Duration":"3 Years","Course Degree":"Degree","Course Graduation":"Graduation","Course Time":"Full Time","Course Rating":"","Application Fees":"\u20b9 31,3001st Yr Fees"},{"Course Name":"Bachelor of Commerce [B.Com] {Hons.} (Accounting and Finance)","Course Duration":"3 Years","Course Degree":"Degree","Course Graduation":"Graduation","Course Time":"Full Time","Course Rating":"","Application Fees":"\u20b9 24,0001st Yr Fees"}]},{"College_Name":"Baptist Theological College-[BTC], Phek","College_Logo":"https:\/\/images.collegedunia.com\/public\/college_data\/images\/logos\/1421409111logo-header.jpg?h=80&w=80&mode=stretch","Upper_Section_Details":{"Place":"Phek,  Nagaland","Approval":"AICTE","Establishment":"Estd 1989","University Type":"Private Institute"},"College_Rating":"","College_Summary":"","Fees_and_Eligibility":null,"Courses_Details":[{"Course Name":"Certificate Course in Church Music","Course Duration":"1 Year","Course Degree":"Degree","Course Graduation":"Graduation","Course Time":"Full Time","Course Rating":"","Application Fees":"\u20b9 44,200Total Fees"},{"Course Name":"Bachelor of Divinity [B.Div]","Course Duration":"4 Years","Course Degree":"Degree","Course Graduation":"Graduation","Course Time":"Full Time","Course Rating":"","Application Fees":"\u20b9 42,5001st Yr Fees"},{"Course Name":"Bachelor of Theology [B.Th]","Course Duration":"3 Years","Course Degree":"Degree","Course Graduation":"Graduation","Course Time":"Full Time","Course Rating":""}]},{"College_Name":"Clark Theological College - [CTC], Mokokchung","College_Logo":"https:\/\/images.collegedunia.com\/public\/college_data\/images\/logos\/1423811949Capturewerfdsc.jpg?h=80&w=80&mode=stretch","Upper_Section_Details":{"Place":"Mokokchung,  Nagaland","Approval":"","Establishment":"Estd 1972","University Type":"Private Institute"},"College_Rating":"","College_Summary":"","Fees_and_Eligibility":null,"Courses_Details":[{"Course Name":"Master of Theology [M.Th]","Course Duration":"2 Years","Course Degree":"Degree","Course Graduation":"Post Graduation","Course Time":"Full Time","Course Rating":""},{"Course Name":"Bachelor of Theology [B.Th]","Course Duration":"3 Years","Course Degree":"Degree","Course Graduation":"Graduation","Course Time":"Full Time","Course Rating":""}]},{"College_Name":"Kohima Science College - [KSCJ], Kohima","College_Logo":"https:\/\/images.collegedunia.com\/public\/college_data\/images\/logos\/col16671.jpg?h=80&w=80&mode=stretch","Upper_Section_Details":{"Place":"Kohima,  Nagaland","Approval":"UGC","Establishment":"Estd 1961","University Type":"Private Institute"},"College_Rating":7.7,"College_Summary":"","Fees_and_Eligibility":null,"Courses_Details":[{"Course Name":"Bachelor of Science [B.Sc] {Hons.}","Course Duration":"3 Years","Course Degree":"Degree","Course Graduation":"Graduation","Course Time":"Full Time","Course Rating":"5.9","Course Review":"6 Reviews","Application Fees":"\u20b9 12,5501st Yr Fees"},{"Course Name":"Master of Science [M.Sc]","Course Duration":"2 Years","Course Degree":"Degree","Course Graduation":"Post Graduation","Course Time":"Full Time","Course Rating":"","Application Fees":"\u20b9 19,0701st Yr Fees"},{"Course Name":"Bachelor of Arts [BA] {Hons.} (English)","Course Duration":"3 Years","Course Degree":"Degree","Course Graduation":"Graduation","Course Time":"Full Time","Course Rating":"","Application Fees":"\u20b9 12,0501st Yr Fees"}]},{"College_Name":"Nagaland College of Teacher Education, Kohima","College_Logo":"https:\/\/images.collegedunia.com\/public\/college_data\/images\/logos\/?h=80&w=80&mode=stretch","Upper_Section_Details":{"Place":"Kohima,  Nagaland","Approval":"NCTE","Establishment":"Estd 1975","University Type":"Private"},"College_Rating":"","College_Summary":"","Fees_and_Eligibility":null,"Courses_Details":[{"Course Name":"Bachelor of Education [B.Ed]","Course Duration":"1 Year","Course Degree":"Degree","Course Graduation":"Graduation","Course Time":"Full Time","Course Rating":""}]},{"College_Name":"Pranabananda Women's College, Dimapur","College_Logo":"https:\/\/images.collegedunia.com\/public\/college_data\/images\/logos\/1635593133img130120200657.png?h=80&w=80&mode=stretch","Upper_Section_Details":{"Place":"Dimapur,  Nagaland","Approval":"UGC","Establishment":"Estd 1991","University Type":""},"College_Rating":"","College_Summary":"","Fees_and_Eligibility":[{"Course":"BA","Fees":"\u20b921,900 (1st Year Fees) ","Eligibility":"10+2"},{"Course":"B.Com {Hons.}","Fees":"\u20b922,500 (1st Year Fees) ","Eligibility":"10+2 with 45%"},{"Course":"BA {Hons.}","Fees":"\u20b922,500 (1st Year Fees) ","Eligibility":"10+2 with 45%"},{"Course":"B.Com","Fees":"\u20b921,900 (1st Year Fees) ","Eligibility":"10+2"}],"Courses_Details":[{"Course Name":"Bachelor of Commerce [B.Com] {Hons.}","Course Duration":"3 Years","Course Degree":"Degree","Course Graduation":"Graduation","Course Time":"Full Time","Course Rating":"","Application Fees":"\u20b9 22,5001st Yr Fees"},{"Course Name":"Bachelor of Arts [BA]","Course Duration":"3 Years","Course Degree":"Degree","Course Graduation":"Graduation","Course Time":"Full Time","Course Rating":"","Application Fees":"\u20b9 21,9001st Yr Fees"},{"Course Name":"Bachelor of Commerce [B.Com]","Course Duration":"3 Years","Course Degree":"Degree","Course Graduation":"Graduation","Course Time":"Full Time","Course Rating":"","Application Fees":"\u20b9 21,9001st Yr Fees"},{"Course Name":"Bachelor of Arts [BA] {Hons.}","Course Duration":"3 Years","Course Degree":"Degree","Course Graduation":"Graduation","Course Time":"Full Time","Course Rating":"","Application Fees":"\u20b9 22,5001st Yr Fees"}]},{"College_Name":"The Global Open University - [TGOU], Dimapur","College_Logo":"https:\/\/images.collegedunia.com\/public\/college_data\/images\/logos\/1465795479image11.jpg?h=80&w=80&mode=stretch","Upper_Section_Details":{"Place":"Dimapur,  Nagaland","Approval":"UGC","Establishment":"Estd 2006","University Type":"Open University"},"College_Rating":7.7,"College_Summary":"Founded in 2006, the Global Open University is a distance learning university located in Dimapur, Nagaland. It provides vocational, job oriented and employment-centric education in the North-Eastern part of the nation. The university offers graduate and post-graduate courses in arts, science and commerce domains. At UG level, the courses include BA, B.Sc, B.Com, Bachelor of Hotel Management Travel and Tourism, BCA, Bachelor of Social Work, B.Lib and BBA whereas in PG level it offers MA, M.Sc, M.Com, M.Lib, MCA, MBA, LL.M, Master of Social Work, Master of Hospital Management, Master of Public Health, Master of Business Law degree courses.","Fees_and_Eligibility":[{"Course":"BA","Fees":"\u20b918,125 (Total Fees) ","Eligibility":"10+2"},{"Course":"MA","Fees":"\u20b924,125 (Total Fees) ","Eligibility":"Graduation"},{"Course":"MBA","Fees":"\u20b924,125 (Total Fees) ","Eligibility":"Graduation"},{"Course":"M.Sc","Fees":"\u20b924,125 (Total Fees) ","Eligibility":"Graduation"},{"Course":"L.L.M","Fees":"\u20b924,125 (Total Fees) ","Eligibility":"L.L.B."},{"Course":"M.H.A [Hospital]","Fees":"\u20b924,125 (Total Fees) ","Eligibility":"Graduation"},{"Course":"BCA","Fees":"\u20b931,525 (Total Fees) ","Eligibility":"10+2"}],"Courses_Details":[{"Course Name":"Master of Arts [MA]","Course Duration":"2 Years","Course Degree":"Degree","Course Graduation":"Post Graduation","Course Time":"Full Time","Course Rating":"","Application Fees":"\u20b9 24,125Total Fees"},{"Course Name":"Master of Laws [L.L.M.]","Course Duration":"2 Years","Course Degree":"Degree","Course Graduation":"Post Graduation","Course Time":"Part Time","Course Rating":"","Application Fees":"\u20b9 24,125Total Fees"},{"Course Name":"Master of Business Administration [MBA]","Course Duration":"2 Years","Course Degree":"Degree","Course Graduation":"Post Graduation","Course Time":"Part Time","Course Rating":"","Application Fees":"\u20b9 24,125Total Fees"},{"Course Name":"M.Sc (Intellectual Property Rights)","Course Duration":"2 Years","Course Degree":"Degree","Course Graduation":"Post Graduation","Course Time":"Full Time","Course Rating":"","Application Fees":"\u20b9 24,125Total Fees"},{"Course Name":"Master of Science [M.Sc]","Course Duration":"2 Years","Course Degree":"Degree","Course Graduation":"Post Graduation","Course Time":"Part Time","Course Rating":"","Application Fees":"\u20b9 24,125Total Fees"}]},{"College_Name":"Fazl Ali College, Mokokchung","College_Logo":"https:\/\/images.collegedunia.com\/public\/college_data\/images\/logos\/1487844769logo.jpg?h=80&w=80&mode=stretch","Upper_Section_Details":{"Place":"Mokokchung,  Nagaland","Approval":"UGC","Establishment":"Estd 1959","University Type":"Public"},"College_Rating":7.5,"College_Summary":"","Fees_and_Eligibility":[{"Course":"B.Sc","Fees":"\u20b99,050 (1st Year Fees) ","Eligibility":"10+2"},{"Course":"BA {Hons.}","Fees":"\u20b98,750 (1st Year Fees) ","Eligibility":"10+2"},{"Course":"B.Sc {Hons.}","Fees":"\u20b99,050 (1st Year Fees) ","Eligibility":"10+2"},{"Course":"BA","Fees":"\u20b98,750 (1st Year Fees) ","Eligibility":"10+2"}],"Courses_Details":[{"Course Name":"Bachelor of Science [B.Sc]","Course Duration":"3 Years","Course Degree":"Degree","Course Graduation":"Graduation","Course Time":"Full Time","Course Rating":"6.7","Course Review":"1 Reviews","Application Fees":"\u20b9 9,0501st Yr Fees"},{"Course Name":"Bachelor of Science [B.Sc] {Hons.}","Course Duration":"3 Years","Course Degree":"Degree","Course Graduation":"Graduation","Course Time":"Full Time","Course Rating":"6.7","Course Review":"1 Reviews","Application Fees":"\u20b9 9,0501st Yr Fees"},{"Course Name":"Bachelor of Arts [BA] {Hons.}","Course Duration":"3 Years","Course Degree":"Degree","Course Graduation":"Graduation","Course Time":"Full Time","Course Rating":"6.4","Course Review":"5 Reviews","Application Fees":"\u20b9 8,7501st Yr Fees"},{"Course Name":"Bachelor of Arts [BA]","Course Duration":"3 Years","Course Degree":"Degree","Course Graduation":"Graduation","Course Time":"Full Time","Course Rating":"6.4","Course Review":"5 Reviews","Application Fees":"\u20b9 8,7501st Yr Fees"}]},{"College_Name":"Public College of Commerce - [PCC], Dimapur","College_Logo":"https:\/\/images.collegedunia.com\/public\/college_data\/images\/logos\/1584789378download.jpg?h=80&w=80&mode=stretch","Upper_Section_Details":{"Place":"Dimapur,  Nagaland","Approval":"","Establishment":"Estd 1985","University Type":"Private"},"College_Rating":6.5,"College_Summary":"","Fees_and_Eligibility":null,"Courses_Details":[{"Course Name":"Bachelor of Commerce [B.Com]","Course Duration":"3 Years","Course Degree":"Degree","Course Graduation":"Graduation","Course Time":"Full Time","Course Rating":"6.7","Course Review":"2 Reviews","Application Fees":"\u20b9 11,0001st Yr Fees"},{"Course Name":"Bachelor of Commerce [B.Com] {Hons.}","Course Duration":"3 Years","Course Degree":"Degree","Course Graduation":"Graduation","Course Time":"Full Time","Course Rating":"6.7","Course Review":"2 Reviews","Application Fees":"\u20b9 11,0001st Yr Fees"}]},{"College_Name":"Government Polytechnic, Kohima","College_Logo":"https:\/\/images.collegedunia.com\/public\/college_data\/images\/logos\/1597643700GovernmentPolyTechnologyNagaland.jpg?h=80&w=80&mode=stretch","Upper_Section_Details":{"Place":"Kohima,  Nagaland","Approval":"","Establishment":"Estd 1994","University Type":"Government"},"College_Rating":9.7,"College_Summary":"Government Polytechnic Kohima is located on a hillock which is 5 km away from the main city with a panoramic view of the capital city, Kohima. It was established in 1994 and initially, the institute used to cater only to girls but was later made co-educational. It is currently functioning under the aegis of the State Council for Technical Education (SCTE) and is approved by AICTE, New Delhi.","Fees_and_Eligibility":null,"Courses_Details":null},{"College_Name":"Khelhoshe Polytechnic Atoizu[KPA], Kohima","College_Logo":"https:\/\/images.collegedunia.com\/public\/college_data\/images\/logos\/1599709718kpalogo.png?h=80&w=80&mode=stretch","Upper_Section_Details":{"Place":"Kohima,  Nagaland","Approval":"AICTE","Establishment":"Estd 1972","University Type":"Private"},"College_Rating":"","College_Summary":"","Fees_and_Eligibility":null,"Courses_Details":null},{"College_Name":"Government Polytechnic Seithekema C, Dimapur","College_Logo":"https:\/\/images.collegedunia.com\/public\/college_data\/images\/logos\/1599719370logo.jpg?h=80&w=80&mode=stretch","Upper_Section_Details":{"Place":"Dimapur,  Nagaland","Approval":"AICTE","Establishment":"Estd 2018","University Type":"Government"},"College_Rating":"","College_Summary":"","Fees_and_Eligibility":null,"Courses_Details":null},{"College_Name":"Government Polytechnic Tsunazho - [GPTCP], Kohima","College_Logo":"https:\/\/images.collegedunia.com\/public\/college_data\/images\/logos\/1599723140Logo.png?h=80&w=80&mode=stretch","Upper_Section_Details":{"Place":"Kohima,  Nagaland","Approval":"AICTE","Establishment":"","University Type":"Government"},"College_Rating":"","College_Summary":"","Fees_and_Eligibility":null,"Courses_Details":null},{"College_Name":"Government Polytechnic Sedem, Tuensang","College_Logo":"https:\/\/images.collegedunia.com\/public\/college_data\/images\/logos\/1599730688logo.png?h=80&w=80&mode=stretch","Upper_Section_Details":{"Place":"Tuensang,  Nagaland","Approval":"AICTE","Establishment":"Estd 2018","University Type":"Government"},"College_Rating":"","College_Summary":"","Fees_and_Eligibility":null,"Courses_Details":null},{"College_Name":"Institute of Communication and Information Technology, Kohima","College_Logo":"https:\/\/images.collegedunia.com\/public\/college_data\/images\/logos\/159974636046f12c79021396802599f149ae370f.jpg?h=80&w=80&mode=stretch","Upper_Section_Details":{"Place":"Kohima,  Nagaland","Approval":"AICTE","Establishment":"Estd 2003","University Type":"Private"},"College_Rating":"","College_Summary":"","Fees_and_Eligibility":null,"Courses_Details":null},{"College_Name":"Modern College Kohima - [MCK], Kohima","College_Logo":"https:\/\/images.collegedunia.com\/public\/college_data\/images\/logos\/1609324087Untitled13.png?h=80&w=80&mode=stretch","Upper_Section_Details":{"Place":"Kohima,  Nagaland","Approval":"","Establishment":"","University Type":""},"College_Rating":"","College_Summary":"","Fees_and_Eligibility":null,"Courses_Details":[{"Course Name":"Bachelor of Vocational Studies [B.Voc.] (Retail Management & Information Technology)","Course Duration":"3 Years","Course Degree":"Degree","Course Graduation":"Graduation","Course Time":"Full Time","Course Rating":""},{"Course Name":"Bachelor of Arts [BA] {Hons.}","Course Duration":"3 Years","Course Degree":"Degree","Course Graduation":"Graduation","Course Time":"Full Time","Course Rating":""},{"Course Name":"Bachelor of Arts [BA]","Course Duration":"3 Years","Course Degree":"Degree","Course Graduation":"Graduation","Course Time":"Full Time","Course Rating":""},{"Course Name":"Diploma","Course Duration":"1 Year","Course Degree":"Diploma","Course Graduation":"10+2","Course Time":"Full Time","Course Rating":"","Application Fees":"\u20b9 3,000Total Fees"},{"Course Name":"Certification","Course Duration":"6 Months","Course Degree":"Certification","Course Graduation":"10+2","Course Time":"Full Time","Course Rating":"","Application Fees":"\u20b9 2,000Total Fees"}]},{"College_Name":"Oriental College, Kohima","College_Logo":"https:\/\/images.collegedunia.com\/public\/college_data\/images\/logos\/1610349517croppedlogo.png?h=80&w=80&mode=stretch","Upper_Section_Details":{"Place":"Kohima,  Nagaland","Approval":"","Establishment":"Estd 1996","University Type":"Private"},"College_Rating":"","College_Summary":"","Fees_and_Eligibility":[{"Course":"BA {Hons.}","Fees":"\u20b925,500 (1st Year Fees) ","Eligibility":"10+2"},{"Course":"BA","Fees":"\u20b924,300 (1st Year Fees) ","Eligibility":"10+2"},{"Course":"B.Com","Fees":"\u20b924,300 (1st Year Fees) ","Eligibility":"10+2"},{"Course":"B.Com {Hons.}","Fees":"\u20b925,500 (1st Year Fees) ","Eligibility":"10+2"}],"Courses_Details":[{"Course Name":"Bachelor of Arts [BA] {Hons.}","Course Duration":"3 Years","Course Degree":"Degree","Course Graduation":"Graduation","Course Time":"Full Time","Course Rating":"","Application Fees":"\u20b9 25,5001st Yr Fees"},{"Course Name":"Bachelor of Commerce [B.Com]","Course Duration":"3 Years","Course Degree":"Degree","Course Graduation":"Graduation","Course Time":"Full Time","Course Rating":"","Application Fees":"\u20b9 24,3001st Yr Fees"},{"Course Name":"Bachelor of Commerce [B.Com] {Hons.} (Accounting and Finance)","Course Duration":"3 Years","Course Degree":"Degree","Course Graduation":"Graduation","Course Time":"Full Time","Course Rating":"","Application Fees":"\u20b9 25,5001st Yr Fees"},{"Course Name":"Bachelor of Arts [BA]","Course Duration":"3 Years","Course Degree":"Degree","Course Graduation":"Graduation","Course Time":"Full Time","Course Rating":"","Application Fees":"\u20b9 24,3001st Yr Fees"}]},{"College_Name":"Unity College, Dimapur","College_Logo":"https:\/\/images.collegedunia.com\/public\/college_data\/images\/logos\/1615453037109550859228664743991759142297091690737736o.png?h=80&w=80&mode=stretch","Upper_Section_Details":{"Place":"Dimapur,  Nagaland","Approval":"UGC","Establishment":"Estd 2007","University Type":"Private"},"College_Rating":8.5,"College_Summary":"","Fees_and_Eligibility":null,"Courses_Details":[{"Course Name":"Master of Arts [MA]","Course Duration":"2 Years","Course Degree":"Degree","Course Graduation":"Post Graduation","Course Time":"Full Time","Course Rating":""},{"Course Name":"Master of Commerce [M.Com] (Accounting)","Course Duration":"2 Years","Course Degree":"Degree","Course Graduation":"Post Graduation","Course Time":"Full Time","Course Rating":""},{"Course Name":"Bachelor of Commerce [B.Com]","Course Duration":"3 Years","Course Degree":"Degree","Course Graduation":"Graduation","Course Time":"Full Time","Course Rating":"1 Reviews","Course Review":"1 Reviews","Application Fees":"\u20b9 31,0001st Yr Fees"},{"Course Name":"Bachelor of Arts [BA] {Hons.} (English)","Course Duration":"3 Years","Course Degree":"Degree","Course Graduation":"Graduation","Course Time":"Full Time","Course Rating":"","Application Fees":"\u20b9 31,0001st Yr Fees"},{"Course Name":"Bachelor of Arts [BA]","Course Duration":"3 Years","Course Degree":"Degree","Course Graduation":"Graduation","Course Time":"Full Time","Course Rating":"","Application Fees":"\u20b9 31,0001st Yr Fees"}]},{"College_Name":"Tetso College, Dimapur","College_Logo":"https:\/\/images.collegedunia.com\/public\/college_data\/images\/logos\/1621581014download.jpeg?h=80&w=80&mode=stretch","Upper_Section_Details":{"Place":"Dimapur,  Nagaland","Approval":"","Establishment":"Estd 1994","University Type":"Private"},"College_Rating":7.3,"College_Summary":"","Fees_and_Eligibility":[{"Course":"MA","Fees":"\u20b947,500 (1st Year Fees) ","Eligibility":"Graduation"},{"Course":"BCA","Fees":"\u20b934,000 (1st Year Fees) ","Eligibility":"10 +2"},{"Course":"BA {Hons.}","Fees":"\u20b942,000 (1st Year Fees) ","Eligibility":"10 +2"},{"Course":"BBA","Fees":"\u20b942,000 (1st Year Fees) ","Eligibility":"10 +2"},{"Course":"BA","Fees":"\u20b942,000 (1st Year Fees) ","Eligibility":"10 +2"},{"Course":"B.Com","Fees":"\u20b926,500 (1st Year Fees) ","Eligibility":"10 +2"},{"Course":"B.Com {Hons.}","Fees":"\u20b926,500 (1st Year Fees) ","Eligibility":"10 +2"}],"Courses_Details":[{"Course Name":"Master of Arts [MA]","Course Duration":"2 Years","Course Degree":"Degree","Course Graduation":"Post Graduation","Course Time":"Full Time","Course Rating":"","Application Fees":"\u20b9 47,5001st Yr Fees"},{"Course Name":"Bachelor of Computer Applications [BCA]","Course Duration":"3 Years","Course Degree":"Degree","Course Graduation":"Graduation","Course Time":"Full Time","Course Rating":"","Application Fees":"\u20b9 34,0001st Yr Fees"},{"Course Name":"Bachelor of Business Administration [BBA]","Course Duration":"3 Years","Course Degree":"Degree","Course Graduation":"Graduation","Course Time":"Full Time","Course Rating":"","Application Fees":"\u20b9 42,0001st Yr Fees"},{"Course Name":"Bachelor of Arts [BA] {Hons.}","Course Duration":"3 Years","Course Degree":"Degree","Course Graduation":"Graduation","Course Time":"Full Time","Course Rating":"3 Reviews","Course Review":"3 Reviews","Application Fees":"\u20b9 42,0001st Yr Fees"},{"Course Name":"Bachelor of Arts [BA]","Course Duration":"3 Years","Course Degree":"Degree","Course Graduation":"Graduation","Course Time":"Full Time","Course Rating":"3 Reviews","Course Review":"3 Reviews","Application Fees":"\u20b9 42,0001st Yr Fees"}]},{"College_Name":"Shri Digamber Jain Girls' College, Dimapur","College_Logo":"https:\/\/images.collegedunia.com\/public\/college_data\/images\/logos\/1622194611Screenshot20210528150637.png?h=80&w=80&mode=stretch","Upper_Section_Details":{"Place":"Dimapur,  Nagaland","Approval":"","Establishment":"Estd 1993","University Type":""},"College_Rating":"","College_Summary":"","Fees_and_Eligibility":[{"Course":"BA","Fees":"\u20b921,200 (1st Year Fees) ","Eligibility":"10+2"},{"Course":"BA {Hons.}","Fees":"\u20b921,200 (1st Year Fees) ","Eligibility":"10+2"},{"Course":"B.Com {Hons.}","Fees":"\u20b921,200 (1st Year Fees) ","Eligibility":"10+2"},{"Course":"B.Com","Fees":"\u20b921,200 (1st Year Fees) ","Eligibility":"10+2"}],"Courses_Details":[{"Course Name":"Bachelor of Arts [BA]","Course Duration":"3 Years","Course Degree":"Degree","Course Graduation":"Graduation","Course Time":"Full Time","Course Rating":"","Application Fees":"\u20b9 21,2001st Yr Fees"},{"Course Name":"Bachelor of Arts [BA] {Hons.}","Course Duration":"3 Years","Course Degree":"Degree","Course Graduation":"Graduation","Course Time":"Full Time","Course Rating":"","Application Fees":"\u20b9 21,2001st Yr Fees"},{"Course Name":"Bachelor of Commerce [B.Com]","Course Duration":"3 Years","Course Degree":"Degree","Course Graduation":"Graduation","Course Time":"Full Time","Course Rating":"","Application Fees":"\u20b9 21,2001st Yr Fees"},{"Course Name":"Bachelor of Commerce [B.Com] {Hons.}","Course Duration":"3 Years","Course Degree":"Degree","Course Graduation":"Graduation","Course Time":"Full Time","Course Rating":"","Application Fees":"\u20b9 21,2001st Yr Fees"}]},{"College_Name":"Sakus Mission College, Dimapur","College_Logo":"https:\/\/images.collegedunia.com\/public\/college_data\/images\/logos\/1622015539logo.png?h=80&w=80&mode=stretch","Upper_Section_Details":{"Place":"Dimapur,  Nagaland","Approval":"","Establishment":"Estd 1994","University Type":"Private"},"College_Rating":"","College_Summary":"","Fees_and_Eligibility":null,"Courses_Details":[{"Course Name":"Bachelor of Arts [BA]","Course Duration":"3 Years","Course Degree":"Degree","Course Graduation":"Graduation","Course Time":"Full Time","Course Rating":"","Application Fees":"\u20b9 30,0001st Yr Fees"}]},{"College_Name":"Sazolie College, Kohima","College_Logo":"https:\/\/images.collegedunia.com\/public\/college_data\/images\/logos\/1622024204download.jpg?h=80&w=80&mode=stretch","Upper_Section_Details":{"Place":"Kohima,  Nagaland","Approval":"UGC","Establishment":"Estd 2005","University Type":"Private"},"College_Rating":"","College_Summary":"Sazolie College, Kohima, established in 2005, is affiliated to Nagaland University and accredited by NAAC and UGC. The college offers various undergraduate and postgraduate courses in the discipline of Humanities. Admission in the Sazolie College is done on the merit basis of the marks scored in the previous qualifying examination. Furthermore, the college has qualified and experienced faculty members having rich industry and academic institutions experience. Apart from that, the college provides various facilities that help the students in their studies.","Fees_and_Eligibility":null,"Courses_Details":[{"Course Name":"Master of Arts [MA]","Course Duration":"2 Years","Course Degree":"Degree","Course Graduation":"Post Graduation","Course Time":"Full Time","Course Rating":""},{"Course Name":"Bachelor of Arts [BA] {Hons.}","Course Duration":"3 Years","Course Degree":"Degree","Course Graduation":"Graduation","Course Time":"Full Time","Course Rating":"","Application Fees":"\u20b9 49,1001st Yr Fees"},{"Course Name":"Diploma in Computer Application [DCA]","Course Duration":"1 Year","Course Degree":"Diploma","Course Graduation":"10+2","Course Time":"Full Time","Course Rating":""},{"Course Name":"Bachelor of Arts [BA]","Course Duration":"3 Years","Course Degree":"Degree","Course Graduation":"Graduation","Course Time":"Full Time","Course Rating":"","Application Fees":"\u20b9 46,7001st Yr Fees"}]},{"College_Name":"North East Institute of Social Science & Research, Dimapur","College_Logo":"https:\/\/images.collegedunia.com\/public\/college_data\/images\/logos\/1622097756croppedlogo3.png?h=80&w=80&mode=stretch","Upper_Section_Details":{"Place":"Dimapur,  Nagaland","Approval":"","Establishment":"Estd 2014","University Type":"Private Institute"},"College_Rating":"","College_Summary":"","Fees_and_Eligibility":null,"Courses_Details":[{"Course Name":"Master of Social Work [MSW]","Course Duration":"2 Years","Course Degree":"Degree","Course Graduation":"Post Graduation","Course Time":"Full Time","Course Rating":"","Application Fees":"\u20b9 72,5001st Yr Fees"}]},{"College_Name":"Salt Christian College - [SCC], Dimapur","College_Logo":"https:\/\/images.collegedunia.com\/public\/college_data\/images\/logos\/?h=80&w=80&mode=stretch","Upper_Section_Details":{"Place":"Dimapur,  Nagaland","Approval":"NCTE","Establishment":"Estd 1995","University Type":"Private"},"College_Rating":"","College_Summary":"","Fees_and_Eligibility":null,"Courses_Details":[{"Course Name":"Bachelor of Education [B.Ed]","Course Duration":"2 Years","Course Degree":"Degree","Course Graduation":"Graduation","Course Time":"Full Time","Course Rating":"","Application Fees":"\u20b9 56,0001st Yr Fees"},{"Course Name":"Diploma in Elementary Education [D.El.Ed.]","Course Duration":"2 Years","Course Degree":"Diploma","Course Graduation":"Graduation","Course Time":"Full Time","Course Rating":""}]},{"College_Name":"Model Christian College - [MCC], Kohima","College_Logo":"https:\/\/images.collegedunia.com\/public\/college_data\/images\/logos\/1624602725miniLogo.jpg?h=80&w=80&mode=stretch","Upper_Section_Details":{"Place":"Kohima,  Nagaland","Approval":"","Establishment":"Estd 2007","University Type":"Private"},"College_Rating":"","College_Summary":"","Fees_and_Eligibility":[{"Course":"B.Sc","Fees":"\u20b939,700 (1st Year Fees) ","Eligibility":"10+2"},{"Course":"B.Sc {Hons.}","Fees":"\u20b943,300 (1st Year Fees) ","Eligibility":"10+2"},{"Course":"BA {Hons.}","Fees":"\u20b929,900 (1st Year Fees) ","Eligibility":"10+2"},{"Course":"BA","Fees":"\u20b927,500 (1st Year Fees) ","Eligibility":"10+2"}],"Courses_Details":[{"Course Name":"Bachelor of Science [B.Sc]","Course Duration":"3 Years","Course Degree":"Degree","Course Graduation":"Graduation","Course Time":"Full Time","Course Rating":"","Application Fees":"\u20b9 39,7001st Yr Fees"},{"Course Name":"Bachelor of Science [B.Sc] {Hons.}","Course Duration":"3 Years","Course Degree":"Degree","Course Graduation":"Graduation","Course Time":"Full Time","Course Rating":"","Application Fees":"\u20b9 43,3001st Yr Fees"},{"Course Name":"Bachelor of Arts [BA] {Hons.}","Course Duration":"3 Years","Course Degree":"Degree","Course Graduation":"Graduation","Course Time":"Full Time","Course Rating":"","Application Fees":"\u20b9 29,9001st Yr Fees"},{"Course Name":"Bachelor of Arts [BA]","Course Duration":"3 Years","Course Degree":"Degree","Course Graduation":"Graduation","Course Time":"Full Time","Course Rating":"","Application Fees":"\u20b9 27,5001st Yr Fees"}]},{"College_Name":"KROS College, Kohima","College_Logo":"https:\/\/images.collegedunia.com\/public\/college_data\/images\/logos\/1624945543klogo.jpeg?h=80&w=80&mode=stretch","Upper_Section_Details":{"Place":"Kohima,  Nagaland","Approval":"","Establishment":"Estd 2006","University Type":"Private"},"College_Rating":8.9,"College_Summary":"KROS college, Kohima is a private college affiliated to Nagaland University. The college has been offering undergraduate courses in the discipline of Arts since the academic year of 2010-11. One of the most notable things about the college is its faculty which consists of highly qualified professors who have passed from some of the most prestigious universities of India. The admission to the college can be done through online as well as\u00a0offline mode and the selection is based purely on merit.","Fees_and_Eligibility":null,"Courses_Details":[{"Course Name":"Bachelor of Arts [BA] {Hons.}","Course Duration":"3 Years","Course Degree":"Degree","Course Graduation":"Graduation","Course Time":"Full Time","Course Rating":"5 Reviews","Course Review":"5 Reviews","Application Fees":"\u20b9 3,7001st Yr Fees"},{"Course Name":"Bachelor of Arts [BA]","Course Duration":"3 Years","Course Degree":"Degree","Course Graduation":"Graduation","Course Time":"Full Time","Course Rating":"5 Reviews","Course Review":"5 Reviews","Application Fees":"\u20b9 3,7001st Yr Fees"}]},{"College_Name":"Capital College of Higher Education - [CCHE], Kohima","College_Logo":"https:\/\/images.collegedunia.com\/public\/college_data\/images\/logos\/1625221121download2.jpg?h=80&w=80&mode=stretch","Upper_Section_Details":{"Place":"Kohima,  Nagaland","Approval":"","Establishment":"Estd 2004","University Type":"Private"},"College_Rating":"","College_Summary":"","Fees_and_Eligibility":null,"Courses_Details":[{"Course Name":"Bachelor of Arts [BA]","Course Duration":"3 Years","Course Degree":"Degree","Course Graduation":"Graduation","Course Time":"Full Time","Course Rating":"","Application Fees":"\u20b9 29,6501st Yr Fees"},{"Course Name":"Bachelor of Arts [BA] {Hons.}","Course Duration":"3 Years","Course Degree":"Degree","Course Graduation":"Graduation","Course Time":"Full Time","Course Rating":"","Application Fees":"\u20b9 30,8501st Yr Fees"}]},{"College_Name":"C-Edge College, Dimapur","College_Logo":"https:\/\/images.collegedunia.com\/public\/college_data\/images\/logos\/1626439004logoweb2020.png?h=80&w=80&mode=stretch","Upper_Section_Details":{"Place":"Dimapur,  Nagaland","Approval":"","Establishment":"Estd 2012","University Type":"Private"},"College_Rating":"","College_Summary":"","Fees_and_Eligibility":null,"Courses_Details":[{"Course Name":"Diploma in Computer Application [DCA]","Course Duration":"1 Year","Course Degree":"Diploma","Course Graduation":"10+2","Course Time":"Full Time","Course Rating":""},{"Course Name":"Bachelor of Arts [BA]","Course Duration":"3 Years","Course Degree":"Degree","Course Graduation":"Graduation","Course Time":"Full Time","Course Rating":"","Application Fees":"\u20b9 20,1001st Yr Fees"},{"Course Name":"Bachelor of Arts [BA] {Hons.}","Course Duration":"3 Years","Course Degree":"Degree","Course Graduation":"Graduation","Course Time":"Full Time","Course Rating":"","Application Fees":"\u20b9 22,3001st Yr Fees"},{"Course Name":"Bachelor of Business Administration [BBA]","Course Duration":"3 Years","Course Degree":"Degree","Course Graduation":"Graduation","Course Time":"Full Time","Course Rating":"","Application Fees":"\u20b9 23,9001st Yr Fees"}]},{"College_Name":"St John College, Dimapur","College_Logo":"https:\/\/images.collegedunia.com\/public\/college_data\/images\/logos\/1626687304john.jpeg?h=80&w=80&mode=stretch","Upper_Section_Details":{"Place":"Dimapur,  Nagaland","Approval":"","Establishment":"Estd 2006","University Type":"Private"},"College_Rating":"","College_Summary":"St John College, Dimapur, established in 2006, is one of the most successful private Christian co-ed colleges. It is affiliated to Nagaland University and approved by UGC and NAAC. It offers 3 year degree programmes in Arts (B.A.) and Science (B.Sc.) streams. Admission to SJC depends on the performance of the candidates in their last qualifying examination. The faculty at the college are highly qualified and well experienced.","Fees_and_Eligibility":[{"Course":"BA {Hons.}","Fees":"\u20b929,600 (1st Year Fees) ","Eligibility":"10+ 2  with 45%"},{"Course":"BA","Fees":"\u20b928,600 (1st Year Fees) ","Eligibility":"10+ 2"},{"Course":"B.Sc","Fees":"\u20b937,600 (1st Year Fees) ","Eligibility":"10 + 2"},{"Course":"B.Sc {Hons.}","Fees":"\u20b939,600 (1st Year Fees) ","Eligibility":"10+ 2 with 45%"}],"Courses_Details":[{"Course Name":"Bachelor of Arts [BA] {Hons.}","Course Duration":"3 Years","Course Degree":"Degree","Course Graduation":"Graduation","Course Time":"Full Time","Course Rating":"","Application Fees":"\u20b9 29,6001st Yr Fees"},{"Course Name":"Bachelor of Arts [BA]","Course Duration":"3 Years","Course Degree":"Degree","Course Graduation":"Graduation","Course Time":"Full Time","Course Rating":"","Application Fees":"\u20b9 28,6001st Yr Fees"},{"Course Name":"Bachelor of Science [B.Sc]","Course Duration":"3 Years","Course Degree":"Degree","Course Graduation":"Graduation","Course Time":"Full Time","Course Rating":"","Application Fees":"\u20b9 37,6001st Yr Fees"},{"Course Name":"Bachelor of Science [B.Sc] {Hons.}","Course Duration":"3 Years","Course Degree":"Degree","Course Graduation":"Graduation","Course Time":"Full Time","Course Rating":"","Application Fees":"\u20b9 39,6001st Yr Fees"}]},{"College_Name":"St. Joseph University, Dimapur","College_Logo":"https:\/\/images.collegedunia.com\/public\/college_data\/images\/logos\/1633589317download.png?h=80&w=80&mode=stretch","Upper_Section_Details":{"Place":"Dimapur,  Nagaland","Approval":"AICTE, UGC","Establishment":"Estd 2016","University Type":"Private University"},"College_Rating":6.5,"College_Summary":"St. Joseph University, Dimapur is a private university established in 2016 under Nagaland Government Act No. 6 of 2016. It is approved and recognized by UGC and AICTE. The university offers various undergraduate, postgraduate, diploma, research programs in the discipline of Humanities, Computer Application, Engineering, Commerce, Management, and Science.","Fees_and_Eligibility":[{"Course":"M.Sc","Fees":"\u20b953,000 (1st Year Fees) ","Eligibility":"Graduation"},{"Course":"M.A","Fees":"\u20b944,500 (1st Year Fees) ","Eligibility":"Graduation"},{"Course":"BBA {Hons.}","Fees":"\u20b941,800 (1st Year Fees) ","Eligibility":"10+2"},{"Course":"B.Sc {Hons.}","Fees":"\u20b944,500 (1st Year Fees) ","Eligibility":"10+2"},{"Course":"BAJMC {Hons.}","Fees":"\u20b939,800 (1st Year Fees) ","Eligibility":"10+2"},{"Course":"M.Com","Fees":"\u20b944,500 (1st Year Fees) ","Eligibility":"Graduation"},{"Course":"MBA","Fees":"\u20b960,000 (1st Year Fees) ","Eligibility":"Graduation"}],"Courses_Details":[{"Course Name":"Master of Science [M.Sc]","Course Duration":"2 Years","Course Degree":"Degree","Course Graduation":"Post Graduation","Course Time":"Full Time","Course Rating":"","Application Fees":"\u20b9 53,0001st Yr Fees"},{"Course Name":"Bachelor of Business Administration [BBA] {Hons.}","Course Duration":"3 Years","Course Degree":"Degree","Course Graduation":"Graduation","Course Time":"Full Time","Course Rating":"","Application Fees":"\u20b9 41,8001st Yr Fees"},{"Course Name":"Master of Arts [M.A]","Course Duration":"2 Years","Course Degree":"Degree","Course Graduation":"Post Graduation","Course Time":"Full Time","Course Rating":"","Application Fees":"\u20b9 44,5001st Yr Fees"},{"Course Name":"Bachelor of Science [B.Sc] {Hons.}","Course Duration":"3 Years","Course Degree":"Degree","Course Graduation":"Graduation","Course Time":"Full Time","Course Rating":"9.0","Course Review":"1 Reviews","Application Fees":"\u20b9 44,5001st Yr Fees"},{"Course Name":"Master of Commerce [M.Com]","Course Duration":"2 Years","Course Degree":"Degree","Course Graduation":"Post Graduation","Course Time":"Full Time","Course Rating":"","Application Fees":"\u20b9 44,5001st Yr Fees"}]},{"College_Name":"Nagaland Institute of Medical Sciences and Research - [NIMSR], Kohima","College_Logo":"https:\/\/images.collegedunia.com\/public\/college_data\/images\/logos\/1695100881nimsrlogo.png?h=80&w=80&mode=stretch","Upper_Section_Details":{"Place":"Kohima,  Nagaland","Approval":"MCI","Establishment":"","University Type":"Private"},"College_Rating":"","College_Summary":"","Fees_and_Eligibility":null,"Courses_Details":[{"Course Name":"M.B.B.S.","Course Duration":"5 Years","Course Degree":"Degree","Course Graduation":"Graduation","Course Time":"Full Time","Course Rating":"","Application Fees":"\u20b9 139,3001st Yr Fees"}]}]