Institutes Names,Institutes Place,Logo Link
Analytics IAS Academy ,Noida,https://images.collegedunia.com/public/image/institute/logo_1593953970download (5).jpg?h=40&w=40&mode=stretch
Elite IAS Academy ,New Delhi,https://images.collegedunia.com/public/image/institute/logo_1594008576elite logo.jpg?h=40&w=40&mode=stretch
Future IAS ,New Delhi,https://images.collegedunia.com/public/image/institute/logo_1594058270future IAS cover.png?h=40&w=40&mode=stretch
Pabulum IAS ,New Delhi,https://images.collegedunia.com/public/image/institute/logo_1594191160Pbulum 2.PNG?h=40&w=40&mode=stretch
Kamaraj IAS academy ,Chennai,https://images.collegedunia.com/public/image/institute/logo_1594642227kamraj 3.jpg?h=40&w=40&mode=stretch
Chinmaya IAS Academy ,Chennai,https://images.collegedunia.com/public/image/institute/logo_1600864671download.jpg?h=40&w=40&mode=stretch
Sun IAS Academy ,Chennai,https://images.collegedunia.com/public/image/institute/logo_1594718043sun ias 6.jpg?h=40&w=40&mode=stretch
Bright Career maker ,Faridabad,https://images.collegedunia.com/public/image/institute/logo_1594839153bright logo.jpg?h=40&w=40&mode=stretch
"BANGALORE SCHOOL OF CIVIL SERVICES (UPSC, BANKING COACHING) ",Bangalore,https://images.collegedunia.com/public/image/institute/logo_1594892403bangalore.png?h=40&w=40&mode=stretch
IITians Spectrum Edutech (JEE Advanced),Mumbai,https://images.collegedunia.com/public/image/institute/logo_1702273808j.png?h=40&w=40&mode=stretch
Centum Academy ,Bangalore,https://images.collegedunia.com/public/image/institute/logo_1620592531M1 (1).PNG?h=40&w=40&mode=stretch
Krishna Central Academy ,New Delhi,https://images.collegedunia.com/public/image/institute/logo_1596181458freesnippingtool.com_capture_20200731125851.png?h=40&w=40&mode=stretch
Wify Academy (JEE Advanced),Mumbai,https://images.collegedunia.com/public/image/institute/logo_1596576768download.png?h=40&w=40&mode=stretch
GEMJEE (NEET),Chennai,https://images.collegedunia.com/public/image/institute/logo_1596630001logo.png?h=40&w=40&mode=stretch
Interface Education ,Ghaziabad,https://images.collegedunia.com/public/image/institute/logo_1596714639download (1).png?h=40&w=40&mode=stretch
Chemshastra (JEE Main),New Delhi,https://images.collegedunia.com/public/image/institute/logo_1596773326freesnippingtool.com_capture_20200807093651.png?h=40&w=40&mode=stretch
Engineers Hub ,Visakhapatnam,https://images.collegedunia.com/public/image/institute/logo_1597045961Engineers-Hub logo.jpg?h=40&w=40&mode=stretch
Venturi Classes (GATE COACHING) ,Thane,https://images.collegedunia.com/public/image/institute/logo_1597060377freesnippingtool.com_capture_20200810170117.png?h=40&w=40&mode=stretch
Kulkarni Academy ,Hyderabad,https://images.collegedunia.com/public/image/institute/logo_1597224391LOGO.jpg?h=40&w=40&mode=stretch
Legacy IAS Academy ,Bangalore,https://images.collegedunia.com/public/image/institute/logo_1597322431llogo.png?h=40&w=40&mode=stretch
Gyanmudra (NEET),Ghaziabad,https://images.collegedunia.com/public/image/institute/logo_1597833105freesnippingtool.com_capture_20200819152201.png?h=40&w=40&mode=stretch
NEET Academy ,New Delhi,https://images.collegedunia.com/public/image/institute/logo_1605676587logo.svg?h=40&w=40&mode=stretch
Pratham Test Prep ,New Delhi,https://images.collegedunia.com/public/image/institute/logo_1597830791pratham logo.png?h=40&w=40&mode=stretch
Educrat IAS Academy ,Kolkata,https://images.collegedunia.com/public/image/institute/logo_1688964192image.png?h=40&w=40&mode=stretch
Satnara Academy (JEE Advanced),New Delhi,https://images.collegedunia.com/public/image/institute/logo_1597920250download (5).jpg?h=40&w=40&mode=stretch
Laureates Academy ,New Delhi,https://images.collegedunia.com/public/image/institute/logo_1598007642laura logo.png?h=40&w=40&mode=stretch
Kitabee Education Services ( CAT COACHING) (CAT),New Delhi,https://images.collegedunia.com/public/image/institute/logo_1598279777kit lo.jpg?h=40&w=40&mode=stretch
S2S Classes (10th Exam CBSE),New Delhi,https://images.collegedunia.com/public/image/institute/logo_1598270108logo.png?h=40&w=40&mode=stretch
Elan Academy (CAT),Bangalore,https://images.collegedunia.com/public/image/institute/logo_1598429568freesnippingtool.com_capture_20200826132816.png?h=40&w=40&mode=stretch
Tathagat Academy ( Cat coaching) (CAT),New Delhi,https://images.collegedunia.com/public/image/institute/logo_1598288440c-tatha-gat-karol-bagh-2843.png?h=40&w=40&mode=stretch
Proton Training Solutions (CLAT),Pune,https://images.collegedunia.com/public/image/institute/logo_1598295267proton logo.png?h=40&w=40&mode=stretch
MBAGuru Institute (CAT),New Delhi,https://images.collegedunia.com/public/image/institute/logo_1623243610Logo.jpg?h=40&w=40&mode=stretch
Alchemist Career Enhancement Private Limited (CAT),New Delhi,https://images.collegedunia.com/public/image/institute/logo_1625648649Screenshot 2021-07-07 143306.png?h=40&w=40&mode=stretch
2IIM CAT Online Coaching (CAT),Chennai,https://images.collegedunia.com/public/image/institute/logo_15983290602iim logo.png?h=40&w=40&mode=stretch
Success Ahead Education (CLAT),Bhopal,https://images.collegedunia.com/public/image/institute/logo_15983742311.png?h=40&w=40&mode=stretch
Praggya Law Institute (CLAT),Jaipur,https://images.collegedunia.com/public/image/institute/logo_1598378892freesnippingtool.com_capture_20200825233534.png?h=40&w=40&mode=stretch
STUDYMATE (CBSE COACHING) (10th Exam CBSE),New Delhi,https://images.collegedunia.com/public/image/institute/logo_1598845078download.jpg?h=40&w=40&mode=stretch
PlanetE Bank Exam Coaching (Banking),Mumbai,https://images.collegedunia.com/public/image/institute/logo_1598475120download.png?h=40&w=40&mode=stretch
AnkGanit ,New Delhi,https://images.collegedunia.com/public/image/institute/logo_1598509662ank logo.png?h=40&w=40&mode=stretch
Logicans (CLAT),Lucknow,https://images.collegedunia.com/public/image/institute/logo_1598550238Logo 1.png?h=40&w=40&mode=stretch
Abhyaas (CLAT),Hyderabad,https://images.collegedunia.com/public/image/institute/logo_1598558970j.jpg?h=40&w=40&mode=stretch
"JOB ACHIEVERS ACADEMY (BANK, TET COACHING) (WBCS)",Kolkata,https://images.collegedunia.com/public/image/institute/logo_1598603661A.jpg?h=40&w=40&mode=stretch
Vanik (SSC),Kolkata,https://images.collegedunia.com/public/image/institute/logo_1598616252logo1.png?h=40&w=40&mode=stretch
Sanjai Pandey Classes (JEE Main),Allahabad,https://images.collegedunia.com/public/image/institute/logo_1598622310hd.jpg?h=40&w=40&mode=stretch
Power Mind SSC Institute (SSC),Jaipur,https://images.collegedunia.com/public/image/institute/logo_1604066517tg.jpg?h=40&w=40&mode=stretch
Mindgame Coaching Classes (CLAT),Mumbai,https://images.collegedunia.com/public/image/institute/logo_1598869770MOCKUP_05May17_1333_B30566_4.png?h=40&w=40&mode=stretch
Sampann coaching classes ,Mumbai,https://images.collegedunia.com/public/image/institute/logo_1598875397Screenshot (12).png?h=40&w=40&mode=stretch
Lokayan IAS Academy ,Mumbai,https://images.collegedunia.com/public/image/institute/logo_1598960163Lokayan logo.png?h=40&w=40&mode=stretch
LACE Academy (Bank Exams/SSC/CAT/MAT/GMAT/ICET) (Banking),Hyderabad,https://images.collegedunia.com/public/image/institute/logo_1598996718llogo.png?h=40&w=40&mode=stretch
Defence Forces Academy (Defence Coaching) (NDA),Ghaziabad,https://images.collegedunia.com/public/image/institute/logo_1603883417n.jpg?h=40&w=40&mode=stretch
"ASHISH ARORA CLASSES (CA, CS CLASSES) ",New Delhi,https://images.collegedunia.com/public/image/institute/logo_1599304934AAC.PNG?h=40&w=40&mode=stretch
CA Prince Kathuria Classes (CA),Faridabad,https://images.collegedunia.com/public/image/institute/logo_159918760448391792_1457305851068837_6508878742150971392_n.jpg?h=40&w=40&mode=stretch
Gopal Bhoot Classes ,Kolkata,https://images.collegedunia.com/public/image/institute/logo_15991313037737-logo 01.jpg?h=40&w=40&mode=stretch
Silica (NID),Bangalore,https://images.collegedunia.com/public/image/institute/logo_1599134921silica.jpg?h=40&w=40&mode=stretch
Sachin Ajmera Classes ,Jaipur,https://images.collegedunia.com/public/image/institute/logo_1599137652sac-logo-1.png?h=40&w=40&mode=stretch
ArivuPro Academy ,Bangalore,https://images.collegedunia.com/public/image/institute/logo_1599221196lllogo.png?h=40&w=40&mode=stretch
NorthStar Academy ,Bangalore,https://images.collegedunia.com/public/image/institute/logo_1599227498logo1.png?h=40&w=40&mode=stretch
Ankit Oberoi Commerce Classes ,New Delhi,https://images.collegedunia.com/public/image/institute/logo_1599310685download (8).jpg?h=40&w=40&mode=stretch
CA Arun Sethia Classes ,New Delhi,https://images.collegedunia.com/public/image/institute/logo_1599371093arun logo.png?h=40&w=40&mode=stretch
Ramu Sir CA Classes ,Hyderabad,https://images.collegedunia.com/public/image/institute/logo_1599413176ram logo.png?h=40&w=40&mode=stretch
BACA classes for CA coaching ,Kolkata,https://images.collegedunia.com/public/image/institute/logo_1599425980baca logo.png?h=40&w=40&mode=stretch
Harshita Academy (JEE Main),Chennai,https://images.collegedunia.com/public/image/institute/logo_1605002337download (1).png?h=40&w=40&mode=stretch
Compass Law Classes (Judicial Services),Jaipur,https://images.collegedunia.com/public/image/institute/logo_1599469607compass logo.jpg?h=40&w=40&mode=stretch
RVM Finishing School of Finance ,Hyderabad,https://images.collegedunia.com/public/image/institute/logo_159953435145710075_1790784197713693_5686981491012141056_n.jpg?h=40&w=40&mode=stretch
Taking Forward Institute ,Bhopal,https://images.collegedunia.com/public/image/institute/logo_1599566654tlogo.jpeg?h=40&w=40&mode=stretch
Career Empower Law Academy (CLAT),New Delhi,https://images.collegedunia.com/public/image/institute/logo_1599572000ce logo.jpg?h=40&w=40&mode=stretch
Crosswalk CPA Academy (CPA Certification),Gurgaon,https://images.collegedunia.com/public/image/institute/logo_1600788682cross-walk-cpa-review-palam-vihar-gurgaon-0p72y-250.jpg?h=40&w=40&mode=stretch
Premier Academy ,Chennai,https://images.collegedunia.com/public/image/institute/logo_1599647205logo (1).png?h=40&w=40&mode=stretch
Target Design Academy (NIFT),New Delhi,https://images.collegedunia.com/public/image/institute/logo_1599724250tda.jpg?h=40&w=40&mode=stretch
Center For English and Foreign Language ,Mumbai,https://images.collegedunia.com/public/image/institute/logo_1599727750download (3).jpg?h=40&w=40&mode=stretch
I-Arch NATA Coaching Centre ,Chennai,https://images.collegedunia.com/public/image/institute/logo_1599823385iarch logo_1.jpg?h=40&w=40&mode=stretch
SV videsh vidya (GRE),Bangalore,https://images.collegedunia.com/public/image/institute/logo_1599903073logo-1.png?h=40&w=40&mode=stretch
EduAims (GRE),Kolkata,https://images.collegedunia.com/public/image/institute/logo_1600687917m.jpg?h=40&w=40&mode=stretch
Aadele Training Academy ,Chennai,https://images.collegedunia.com/public/image/institute/logo_1600799331gu.jpg?h=40&w=40&mode=stretch
Learners Cortex (IELTS),Bangalore,https://images.collegedunia.com/public/image/institute/logo_1600027430magoosh logo.jpg?h=40&w=40&mode=stretch
PREP STROM (IELTS),Bangalore,https://images.collegedunia.com/public/image/institute/logo_1600070762prepstrom LOGO.png?h=40&w=40&mode=stretch
AptitudeMate Education Pvt. Ltd. (CLAT),New Delhi,https://images.collegedunia.com/public/image/institute/logo_1600074006apt logo.png?h=40&w=40&mode=stretch
BroadMind Institute (IELTS),Chennai,https://images.collegedunia.com/public/image/institute/logo_1600103339broad lo.jpeg?h=40&w=40&mode=stretch
Study2migrate ,Hyderabad,https://images.collegedunia.com/public/image/institute/logo_1600234458cropped-path1859.png?h=40&w=40&mode=stretch
IELTS Guru (IELTS),Hyderabad,https://images.collegedunia.com/public/image/institute/logo_1600238627ielts logo.png?h=40&w=40&mode=stretch
Seek Academy ,New Delhi,https://images.collegedunia.com/public/image/institute/logo_1600321181SEEK-LOGO.png?h=40&w=40&mode=stretch
Anannt Institute ,Pune,https://images.collegedunia.com/public/image/institute/logo_1600343390download (8).jpg?h=40&w=40&mode=stretch
Grad-Dreams Education Consulting Private Limited (Study Abroad),Mumbai,https://images.collegedunia.com/public/image/institute/logo_1654181154Grad-Dreams Logo (1).jpg?h=40&w=40&mode=stretch
Thrive Edge Classes ,Pune,https://images.collegedunia.com/public/image/institute/logo_1600440503logo.png?h=40&w=40&mode=stretch
Qbix Academia ,Pune,https://images.collegedunia.com/public/image/institute/logo_1600662124download (2).png?h=40&w=40&mode=stretch
Dr. Raju's Educational Academy ,Hyderabad,https://images.collegedunia.com/public/image/institute/logo_1600662083Dr.-Rajus-Educational-Academy.png?h=40&w=40&mode=stretch
Kangokiwi Education services (GMAT),New Delhi,https://images.collegedunia.com/public/image/institute/logo_1600444850unnamed.jpg?h=40&w=40&mode=stretch
Meridean Overseas Education Consultants (Study Abroad),Pune,https://images.collegedunia.com/public/image/institute/logo_1600997908HD-Logo-1 (1).jpg?h=40&w=40&mode=stretch
Axan ,Jaipur,https://images.collegedunia.com/public/image/institute/logo_160049729513-july-Axan-Logo-resize.png?h=40&w=40&mode=stretch
People's career (GRE),Hyderabad,https://images.collegedunia.com/public/image/institute/logo_1600531671a.png?h=40&w=40&mode=stretch
Alpha Plus (IIT JAM),New Delhi,https://images.collegedunia.com/public/image/institute/logo_160127434368510619_1043054315903955_2290497735310180352_n.jpg?h=40&w=40&mode=stretch
PrepStrom ,Bangalore,https://images.collegedunia.com/public/image/institute/logo_1600577098prepstrom.png?h=40&w=40&mode=stretch
Xbridge Institute ,Kolkata,https://images.collegedunia.com/public/image/institute/logo_1600580660x logo.webp?h=40&w=40&mode=stretch
IELTS Tutor ,Mumbai,https://images.collegedunia.com/public/image/institute/logo_1600585709ielts-logo-color-updated.png?h=40&w=40&mode=stretch
TheFli Institute ,Hyderabad,https://images.collegedunia.com/public/image/institute/logo_1600600247logo.jpg?h=40&w=40&mode=stretch
British English Language School ,New Delhi,https://images.collegedunia.com/public/image/institute/logo_1613630749Logo.jpeg?h=40&w=40&mode=stretch
GyanOne ,New Delhi,https://images.collegedunia.com/public/image/institute/logo_1600618171glogo.jpg?h=40&w=40&mode=stretch
Mission MBA ,New Delhi,https://images.collegedunia.com/public/image/institute/logo_1600672878mlogo.jpg?h=40&w=40&mode=stretch
TI Abroad Study Abroad Immigration Consultants (Study Abroad),Chennai,https://images.collegedunia.com/public/image/institute/logo_1600695759tlogo.jpg?h=40&w=40&mode=stretch
Aptoinn NATA Coaching Centre (NATA),Chennai,https://images.collegedunia.com/public/image/institute/logo_1603654892logo.png?h=40&w=40&mode=stretch
Aksent English Academy ,Chennai,https://images.collegedunia.com/public/image/institute/logo_1600846945a logo.jpg?h=40&w=40&mode=stretch
KD Education Classes ,New Delhi,https://images.collegedunia.com/public/image/institute/logo_1600872657klogo.png?h=40&w=40&mode=stretch
Einstro Academy (Study Abroad),Chennai,https://images.collegedunia.com/public/image/institute/logo_16010024140 (1).jpg?h=40&w=40&mode=stretch
EMINENT Institute for English Language ,New Delhi,https://images.collegedunia.com/public/image/institute/logo_1600941757elogo.jpg?h=40&w=40&mode=stretch
Engmates Institute (IELTS),New Delhi,https://images.collegedunia.com/public/image/institute/logo_1600977305eng cover.jfif?h=40&w=40&mode=stretch
The language hub ,Thane,https://images.collegedunia.com/public/image/institute/logo_16011060012222.png?h=40&w=40&mode=stretch
CB Coaching Classes ,Bangalore,https://images.collegedunia.com/public/image/institute/logo_1601057909cb logo.png?h=40&w=40&mode=stretch
Academic Point ,Noida,https://images.collegedunia.com/public/image/institute/logo_1601103807alogo.jpg?h=40&w=40&mode=stretch
Swan Tutors Online ,Hyderabad,https://images.collegedunia.com/public/image/institute/logo_1601110507download.jpg?h=40&w=40&mode=stretch
Epicenter Academy ,Mumbai,https://images.collegedunia.com/public/image/institute/logo_1601133011elogo.jpg?h=40&w=40&mode=stretch
Brilliant Home Tution (JEE Advanced),Bangalore,https://images.collegedunia.com/public/image/institute/logo_1601150373bril logo.jpg?h=40&w=40&mode=stretch
LIFE Coaching Centre (10th Exam CBSE),Bangalore,https://images.collegedunia.com/public/image/institute/logo_1601201845life logo.jpg?h=40&w=40&mode=stretch
WABS TALK ,New Delhi,https://images.collegedunia.com/public/image/institute/logo_1601239499wabs logo.jpg?h=40&w=40&mode=stretch
General Education ,Bangalore,https://images.collegedunia.com/public/image/institute/logo_1601359683logo 1.png?h=40&w=40&mode=stretch
Sowrya Consultancy ,Hyderabad,https://images.collegedunia.com/public/image/institute/logo_1601762281sowrya-logo.png?h=40&w=40&mode=stretch
Trishana Technologies (Computer Science and Information Technology),Bangalore,https://images.collegedunia.com/public/image/institute/logo_1601486052tl.jpg?h=40&w=40&mode=stretch
"Huddle Rise - Data Science, AWS, DEVOPS, Angular, AEM training in marathahalli bangalore (Computer Science and Information Technology)",Bangalore,https://images.collegedunia.com/public/image/institute/logo_1601925479h1.png?h=40&w=40&mode=stretch
British Academy For English Language ,New Delhi,https://images.collegedunia.com/public/image/institute/logo_1601614379logo1.jpg?h=40&w=40&mode=stretch
Indras Academy ,Bangalore,https://images.collegedunia.com/public/image/institute/logo_1601744868indras logo.jpg?h=40&w=40&mode=stretch
Corpnce Technologies ,Bangalore,https://images.collegedunia.com/public/image/institute/logo_1601790081unnamed.jpg?h=40&w=40&mode=stretch
Eminent IT ,Bangalore,https://images.collegedunia.com/public/image/institute/logo_1601862373download (3).png?h=40&w=40&mode=stretch
Focus'd IT Academy ,Chennai,https://images.collegedunia.com/public/image/institute/logo_1601872571fita logo.jpg?h=40&w=40&mode=stretch
Credo Systemz ,Chennai,https://images.collegedunia.com/public/image/institute/logo_1601848786credo logo.jpg?h=40&w=40&mode=stretch
Palin Analytics Academy ,Gurgaon,https://images.collegedunia.com/public/image/institute/logo_1601921097logo2 (1).png?h=40&w=40&mode=stretch
Edvancer ,Mumbai,https://images.collegedunia.com/public/image/institute/logo_1623939925logo.png?h=40&w=40&mode=stretch
Techstack ,New Delhi,https://images.collegedunia.com/public/image/institute/logo_160594982248411298_1135348179965562_8029278803949780992_o.png?h=40&w=40&mode=stretch
TechData Solutions (Data Science Course),Mumbai,https://images.collegedunia.com/public/image/institute/logo_1602051432techdata logo.jpg?h=40&w=40&mode=stretch
Red Pixels ,New Delhi,https://images.collegedunia.com/public/image/institute/logo_16020656081714159-4487263-28022017153353.jpeg?h=40&w=40&mode=stretch
ETLHIVE training Institute (big data),Mumbai,https://images.collegedunia.com/public/image/institute/logo_1602141413etl logo.png?h=40&w=40&mode=stretch
Uttara Info Solutions ,Bangalore,https://images.collegedunia.com/public/image/institute/logo_1602176281download (1).jpg?h=40&w=40&mode=stretch
Perceptrons ,Bangalore,https://images.collegedunia.com/public/image/institute/logo_1602189323logo-new-p.png?h=40&w=40&mode=stretch
Global Coach IT Academy ,Hyderabad,https://images.collegedunia.com/public/image/institute/logo_1602232309Global-coach-IT-Academy-Logo-Best-Big-Data-Course-training-institute-in-Madhapur-Ameerpet-Hyderabad-India.png?h=40&w=40&mode=stretch
Codekul Institute (Python Training),Pune,https://images.collegedunia.com/public/image/institute/logo_1602251398code logo.jpg?h=40&w=40&mode=stretch
Mayaz academy ,Chennai,https://images.collegedunia.com/public/image/institute/logo_1602306786logo_1574659685.png?h=40&w=40&mode=stretch
Top Mentor Institute (Cyber Forensics Online Training),Pune,https://images.collegedunia.com/public/image/institute/logo_1602309534top logo.jpg?h=40&w=40&mode=stretch
Social Prachar Academy ,Hyderabad,https://images.collegedunia.com/public/image/institute/logo_1602315616download.png?h=40&w=40&mode=stretch
Foursteps Training Solutions ,Chennai,https://images.collegedunia.com/public/image/institute/logo_1602333050unnamed (1).jpg?h=40&w=40&mode=stretch
Sysadmin academy ,Chennai,https://images.collegedunia.com/public/image/institute/logo_16023378831452262-2374308-27042017175331.jpeg?h=40&w=40&mode=stretch
Sevenmentor Pvt. Ltd ,Pune,https://images.collegedunia.com/public/image/institute/logo_1602396398110186249_3328704713818426_586310432646621167_n.png sv logo.png?h=40&w=40&mode=stretch
MARSIAN Technologies LLP ,Pune,https://images.collegedunia.com/public/image/institute/logo_1602400847Best-Data-Science-Course-in-pune.png LOGOOO.png?h=40&w=40&mode=stretch
MicroEmbedded TechLabs ,Hyderabad,https://images.collegedunia.com/public/image/institute/logo_1602423629mlogo.png?h=40&w=40&mode=stretch
Zell Education ,Mumbai,https://images.collegedunia.com/public/image/institute/logo_1602427710zell logo.jpg?h=40&w=40&mode=stretch
GreyAtom Edutech Pvt Ltd (Data Science Course),Mumbai,https://images.collegedunia.com/public/image/institute/logo_1602561070grey logo.jpg?h=40&w=40&mode=stretch
Coding Ninjas ,New Delhi,https://images.collegedunia.com/public/image/institute/logo_1632986196New Logo-05.png?h=40&w=40&mode=stretch
QSpiders ,Chennai,https://images.collegedunia.com/public/image/institute/logo_1602587293qph.png?h=40&w=40&mode=stretch
Laqshya Institute of Skills Training ,Mumbai,https://images.collegedunia.com/public/image/institute/logo_16025979312181658-large.png?h=40&w=40&mode=stretch
AP2V Academy ,Noida,https://images.collegedunia.com/public/image/institute/logo_1602672137OIP.jpg?h=40&w=40&mode=stretch
Datatrained (Data Science Course),Bangalore,https://images.collegedunia.com/public/image/institute/logo_1602687094logo.png?h=40&w=40&mode=stretch
Tvashtaa Data Solutions (Data Science Course),Hyderabad,https://images.collegedunia.com/public/image/institute/logo_1602693239logo.jpg?h=40&w=40&mode=stretch
Aditi Digital Solutions ,Hyderabad,https://images.collegedunia.com/public/image/institute/logo_1602742453logo.png?h=40&w=40&mode=stretch
TestLeaf Software Solutions Private Limited ,Chennai,https://images.collegedunia.com/public/image/institute/logo_1602763110download_1.png?h=40&w=40&mode=stretch
AILabs ,Kolkata,https://images.collegedunia.com/public/image/institute/logo_1602828170logo.png?h=40&w=40&mode=stretch
DeveLearn Technologies Private Limited ,Mumbai,https://images.collegedunia.com/public/image/institute/logo_16901800531.png?h=40&w=40&mode=stretch
Tonar Systems Academy ,Bhopal,https://images.collegedunia.com/public/image/institute/logo_1602843715unnamed.jpg?h=40&w=40&mode=stretch
Victorrious Digiital ,Pune,https://images.collegedunia.com/public/image/institute/logo_1602843136download (4).jpg?h=40&w=40&mode=stretch
Mechatron Robotics ,New Delhi,https://images.collegedunia.com/public/image/institute/logo_1603014452images.jpg?h=40&w=40&mode=stretch
Complete Analytics ,Bangalore,https://images.collegedunia.com/public/image/institute/logo_1603030224download.jpg?h=40&w=40&mode=stretch
DVS Technologies (Data Science Course),Bangalore,https://images.collegedunia.com/public/image/institute/logo_1603037992download (5).jpg?h=40&w=40&mode=stretch
EmergenTeck - Kausal Vikash (Machine learning training),Pune,https://images.collegedunia.com/public/image/institute/logo_1603093830logo.png?h=40&w=40&mode=stretch
IQPRO Analytics ,Hyderabad,https://images.collegedunia.com/public/image/institute/logo_1603099614unnamed (5).jpg?h=40&w=40&mode=stretch
Digital Edu World ,Noida,https://images.collegedunia.com/public/image/institute/logo_1603172752logo.jpeg?h=40&w=40&mode=stretch
Technoscript ,Pune,https://images.collegedunia.com/public/image/institute/logo_1603178190Technoscripts-Logo.webp?h=40&w=40&mode=stretch
Eagletfly Solutions ,New Delhi,https://images.collegedunia.com/public/image/institute/logo_1603207971lOGO-B-e1561700484623.png?h=40&w=40&mode=stretch
Cyber Success Academy ,Pune,https://images.collegedunia.com/public/image/institute/logo_1603252387cybersuccess_logo.png?h=40&w=40&mode=stretch
LipsIndia digital marketing course ,Mumbai,https://images.collegedunia.com/public/image/institute/logo_1603273076Lipsindia.jpg?h=40&w=40&mode=stretch
NPN Training ,Bangalore,https://images.collegedunia.com/public/image/institute/logo_1603283360553395_268571359915008_1853870150_n.jpeg?h=40&w=40&mode=stretch
Full Stack Academy ,Hyderabad,https://images.collegedunia.com/public/image/institute/logo_1603363495flogo.png?h=40&w=40&mode=stretch
iClass Gyansetu ,Gurgaon,https://images.collegedunia.com/public/image/institute/logo_1603360409logo.png?h=40&w=40&mode=stretch
Aim Technologies ,Hyderabad,https://images.collegedunia.com/public/image/institute/logo_1604322850aim-technologies-squarelogo-1580109410830.png?h=40&w=40&mode=stretch
La'RED InfoTech ,New Delhi,https://images.collegedunia.com/public/image/institute/?h=40&w=40&mode=stretch
Supernova Services ,Kolkata,https://images.collegedunia.com/public/image/institute/logo_1603549730sslogo.png?h=40&w=40&mode=stretch
Instrovate Technologies ,Noida,https://images.collegedunia.com/public/image/institute/logo_1603557548SquareLogo-512-Instrovate.jpg?h=40&w=40&mode=stretch
RS Trainings ,Hyderabad,https://images.collegedunia.com/public/image/institute/logo_1603697509logo.jpg?h=40&w=40&mode=stretch
Power Bi Training Mumbai ,Mumbai,https://images.collegedunia.com/public/image/institute/logo_1603700665download.png?h=40&w=40&mode=stretch
"SK Web World - SEO, Digital Marketing and Website Design Training Institute in Kolkata (Data Science Course)",Kolkata,https://images.collegedunia.com/public/image/institute/logo_1603878122sk-logo.png?h=40&w=40&mode=stretch
"Grey Edge – Autodesk Training, Design Courses and Recruitment ",Mumbai,https://images.collegedunia.com/public/image/institute/logo_1603868496Final_Logo_GreyEdge-1.svg?h=40&w=40&mode=stretch
Infinitech insttute ,Mumbai,https://images.collegedunia.com/public/image/institute/logo_1603871396logo-wide.png?h=40&w=40&mode=stretch
QSHORE Technologies ,Hyderabad,https://images.collegedunia.com/public/image/institute/logo_1603875019logo.jpg?h=40&w=40&mode=stretch
The optimism Computer education (Computer Science and Information Technology),Mumbai,https://images.collegedunia.com/public/image/institute/logo_1603883384logo.png?h=40&w=40&mode=stretch
Web training Hyderabad (Data Science Course),Hyderabad,https://images.collegedunia.com/public/image/institute/logo_1603975381WebTrainings-Site-Logo.png?h=40&w=40&mode=stretch
School Of Internet Marketing ,Pune,https://images.collegedunia.com/public/image/institute/logo_1604060605simlogo.png?h=40&w=40&mode=stretch
Infinite Graphix Technologies ,Pune,https://images.collegedunia.com/public/image/institute/logo_1603991989logo.jpg?h=40&w=40&mode=stretch
Hyderabad Digital Marketing ,Hyderabad,https://images.collegedunia.com/public/image/institute/logo_1604053249logov1.png?h=40&w=40&mode=stretch
SS Technologies Pvt.Ltd. (Data Science Course),Hyderabad,https://images.collegedunia.com/public/image/institute/logo_1604387144ss.png?h=40&w=40&mode=stretch
HR Remedy ,Pune,https://images.collegedunia.com/public/image/institute/logo_1604291643logo.png?h=40&w=40&mode=stretch
Excelytics ,Ameerpet,https://images.collegedunia.com/public/image/institute/logo_1604396871Excelytics.jpg?h=40&w=40&mode=stretch
Anubhav Computer Institute (HTML),Mumbai,https://images.collegedunia.com/public/image/institute/logo_1604564839211D892615AC98BCFA8A11134E_1556001749428.webp?h=40&w=40&mode=stretch
IT EDGE Institute of Technology (ASP Net),Mumbai,https://images.collegedunia.com/public/image/institute/logo_1604497033c1.png?h=40&w=40&mode=stretch
Insys Technologies (Data Science Course),Thane,https://images.collegedunia.com/public/image/institute/logo_1604870961logo.jpg?h=40&w=40&mode=stretch
Visual Coder ,Thane,https://images.collegedunia.com/public/image/institute/logo_1604600916VC02.png?h=40&w=40&mode=stretch
Kliff Career Hub (Computer Science and Information Technology),New Delhi,https://images.collegedunia.com/public/image/institute/logo_1604774003logo.png?h=40&w=40&mode=stretch
Network Nuts ,New Delhi,https://images.collegedunia.com/public/image/institute/logo_1604776518logo.png?h=40&w=40&mode=stretch
OMS Infotech ,New Delhi,https://images.collegedunia.com/public/image/institute/logo_1604822890download.png?h=40&w=40&mode=stretch
infoCampus ,Bangalore,https://images.collegedunia.com/public/image/institute/logo_1604831410logo.png?h=40&w=40&mode=stretch
BRAINPOINT COMPUTER INSTITUTE (Computer Science and Information Technology),Mumbai,https://images.collegedunia.com/public/image/institute/logo_1604868982brainpoint-logo.jpg?h=40&w=40&mode=stretch
Upshot Technologies ,Bangalore,https://images.collegedunia.com/public/image/institute/logo_1604923111upshot-technologies-logo.png?h=40&w=40&mode=stretch
"Elearn Infotech - Python Training With Django | Python Course Institute Madhapur, Hyderabad. (Computer Science and Information Technology)",Hyderabad,https://images.collegedunia.com/public/image/institute/logo_1604999436logo-primary.png?h=40&w=40&mode=stretch
Supreet Solutions ,Hyderabad,https://images.collegedunia.com/public/image/institute/logo_1605099328slogo.png?h=40&w=40&mode=stretch
Vision Network ,Hyderabad,https://images.collegedunia.com/public/image/institute/logo_1605257184vison logo.jpg?h=40&w=40&mode=stretch
Maps Tech Hub ,Pune,https://images.collegedunia.com/public/image/institute/logo_1605263560Logo.jpg?h=40&w=40&mode=stretch
Slokam Tech ,Hyderabad,https://images.collegedunia.com/public/image/institute/logo_1605286329slokamteh.png?h=40&w=40&mode=stretch
BitCode Technologies Private Limited (Computer Science and Information Technology),Pune,https://images.collegedunia.com/public/image/institute/logo_1605536661bitcode.png?h=40&w=40&mode=stretch
Elysium Academy ,Hyderabad,https://images.collegedunia.com/public/image/institute/logo_1605536768image8.png?h=40&w=40&mode=stretch
Certification Guru ,Pune,https://images.collegedunia.com/public/image/institute/logo_1605552091certificationguru-logo.png?h=40&w=40&mode=stretch
SAP Training in BTM SAP FICO / ABAP / Ui5 Fiori / HANA / MM Training in Jayanagar Bangalore ,Bangalore,https://images.collegedunia.com/public/image/institute/logo_1605559785fico.jpg?h=40&w=40&mode=stretch
IT View ,Pune,https://images.collegedunia.com/public/image/institute/logo_1605566220logo9.png?h=40&w=40&mode=stretch
Lasya Infotech ,Hyderabad,https://images.collegedunia.com/public/image/institute/logo_1605612308image10.png?h=40&w=40&mode=stretch
DIGIT institute ,Hyderabad,https://images.collegedunia.com/public/image/institute/logo_1605616873logo.png?h=40&w=40&mode=stretch
Sunshine Techno Systems ,Hyderabad,https://images.collegedunia.com/public/image/institute/logo_1605693673chrome-capture.jpg?h=40&w=40&mode=stretch
GangBoard ,Chennai,https://images.collegedunia.com/public/image/institute/logo_1605788236logo.svg?h=40&w=40&mode=stretch
HB Education and Consulting Services Private Limited - Software Training Institute in Chennai ,Chennai,https://images.collegedunia.com/public/image/institute/logo_1605796540logo1.jpg?h=40&w=40&mode=stretch
IT Teamwork ,Palghar,https://images.collegedunia.com/public/image/institute/logo_1605865724IT-TEAMWORK_logo-scaled.jpg?h=40&w=40&mode=stretch
N.K Software Solution ,Navi Mumbai,https://images.collegedunia.com/public/image/institute/logo_1605877101Logo.jpg?h=40&w=40&mode=stretch
Compufield Computer Institute ,Mumbai,https://images.collegedunia.com/public/image/institute/logo_1605896893clogo.jpg?h=40&w=40&mode=stretch
CDAC Chembur Computer Institute (Computer Science and Information Technology),Mumbai,https://images.collegedunia.com/public/image/institute/logo_1605891342Screenshot 2020-11-20 221150.png?h=40&w=40&mode=stretch
Keys2 Java Selenium ,Bangalore,https://images.collegedunia.com/public/image/institute/logo_1605939924Screenshot 2020-11-21 114756.png?h=40&w=40&mode=stretch
Caba Innovatives ,New Delhi,https://images.collegedunia.com/public/image/institute/logo_1605963070Logo.jpg?h=40&w=40&mode=stretch
Trinity Info Systems ,Bangalore,https://images.collegedunia.com/public/image/institute/logo_1605968571Logo_Full-e1520300735460.png?h=40&w=40&mode=stretch
Max Computer Education ,Mumbai,https://images.collegedunia.com/public/image/institute/logo_1605979833mlogo.png?h=40&w=40&mode=stretch
Grace Tech Solutions ,Noida,https://images.collegedunia.com/public/image/institute/logo_1606030302grace logo.png?h=40&w=40&mode=stretch
C-Cube Centre of Computer Education - Computer Training Institute In Kolkata ,Kolkata,https://images.collegedunia.com/public/image/institute/logo_1606063532logo (3).png?h=40&w=40&mode=stretch
Xelate - Software Testing Course ,Bangalore,https://images.collegedunia.com/public/image/institute/logo_1606072959logo-hd-1.png?h=40&w=40&mode=stretch
Visionary Classes ,Mumbai,https://images.collegedunia.com/public/image/institute/logo_1606104754download.png?h=40&w=40&mode=stretch
ZOC Technologies ,Navi Mumbai,https://images.collegedunia.com/public/image/institute/logo_1606123956images.jpg?h=40&w=40&mode=stretch
TalentHome Solutions LLP ,Mumbai,https://images.collegedunia.com/public/image/institute/logo_1606113517download.jpg?h=40&w=40&mode=stretch
Dewpond Training (JAVA Training),Chennai,https://images.collegedunia.com/public/image/institute/logo_1606198581DEWPOND TECHNOLOGY.png?h=40&w=40&mode=stretch
Lotus IT Hub ,Pune,https://images.collegedunia.com/public/image/institute/logo_1606205588L LO.png?h=40&w=40&mode=stretch
MAASMIND ,Chennai,https://images.collegedunia.com/public/image/institute/logo_1606202335mm.jpg?h=40&w=40&mode=stretch
VyTCDC ,Chennai,https://images.collegedunia.com/public/image/institute/logo_1606394178logo.jpg?h=40&w=40&mode=stretch
Sikhiya Institute ,Bangalore,https://images.collegedunia.com/public/image/institute/logo_1606402410logo.jpg?h=40&w=40&mode=stretch
3ST Technologies pvt. ltd. ,Noida,https://images.collegedunia.com/public/image/institute/logo_1606447301Screenshot 2020-11-27 084029.png?h=40&w=40&mode=stretch
LinuxWorld Informatics Pvt. Ltd. ,Jaipur,https://images.collegedunia.com/public/image/institute/logo_1606462330download.png?h=40&w=40&mode=stretch
121 Tech Training ,New Delhi,https://images.collegedunia.com/public/image/institute/logo_1606481639Screenshot 2020-11-27 175037.png?h=40&w=40&mode=stretch
Mikado Solutions ,Thane,https://images.collegedunia.com/public/image/institute/logo_1614140571LOGO.jpg?h=40&w=40&mode=stretch
Advantage Pro ,Chennai,https://images.collegedunia.com/public/image/institute/logo_1606487756Advpro-roundlogo-03.png?h=40&w=40&mode=stretch
Weguide Technologies ,Bangalore,https://images.collegedunia.com/public/image/institute/logo_1606490444Weguide-Logo-PNG.png?h=40&w=40&mode=stretch
SKAAY Data Labs (Computer Science and Information Technology),Noida,https://images.collegedunia.com/public/image/institute/logo_1606536605Screenshot 2020-11-28 093203.png?h=40&w=40&mode=stretch
Webs Jyoti  PHP Training In Gurgaon ,Gurgaon,https://images.collegedunia.com/public/image/institute/logo_1606550795gurgaon logo.jpg?h=40&w=40&mode=stretch
NIFM Institute ,New Delhi,https://images.collegedunia.com/public/image/institute/logo_1606573090logo.jpg?h=40&w=40&mode=stretch
SITHUB ,New Delhi,https://images.collegedunia.com/public/image/institute/logo_1606577783logo.jpg?h=40&w=40&mode=stretch
SKILLS TECH POINT ,New Delhi,https://images.collegedunia.com/public/image/institute/logo_1606661900logo.jpg?h=40&w=40&mode=stretch
MeriPadhai ,New Delhi,https://images.collegedunia.com/public/image/institute/logo_1620586400LOGO (54).jpg?h=40&w=40&mode=stretch
Cybertron Network Solutions ,New Delhi,https://images.collegedunia.com/public/image/institute/logo_1606989501cyberton.png?h=40&w=40&mode=stretch
Shibaji Debnath ,Kolkata,https://images.collegedunia.com/public/image/institute/logo_1606996907images.png?h=40&w=40&mode=stretch
Techgen Computer Training Institute ,Mumbai,https://images.collegedunia.com/public/image/institute/logo_1607077905IMG_20201204_155617.jpg?h=40&w=40&mode=stretch
CRAW security ,New Delhi,https://images.collegedunia.com/public/image/institute/logo_1607079595logo.png?h=40&w=40&mode=stretch
eTech Prowess ,Bangalore,https://images.collegedunia.com/public/image/institute/logo_1607087385etech logo.jpg?h=40&w=40&mode=stretch
Elite Institute of Foreign Languages ,Secunderabad,https://images.collegedunia.com/public/image/institute/logo_1607108995images (2).jpeg?h=40&w=40&mode=stretch
Red Hat Linux Training ,Hyderabad,https://images.collegedunia.com/public/image/institute/logo_1607111119download.png?h=40&w=40&mode=stretch
RedCoin Technologies ,Bangalore,https://images.collegedunia.com/public/image/institute/logo_1607140525download (9).jfif?h=40&w=40&mode=stretch
Sandgrouse Technologies Pvt Ltd ,Bangalore,https://images.collegedunia.com/public/image/institute/logo_1607142517Screenshot 2020-12-05 094228.png?h=40&w=40&mode=stretch
Delhi Digital Marketing School ,New Delhi,https://images.collegedunia.com/public/image/institute/logo_1607162398Logo.jpg?h=40&w=40&mode=stretch
Limles Technologies - The Best IT Training Institute to get a Job ,Bangalore,https://images.collegedunia.com/public/image/institute/logo_1607308366Screenshot 2020-12-07 075352.png?h=40&w=40&mode=stretch
TICO Institute of Embedded Technology ,New Delhi,https://images.collegedunia.com/public/image/institute/logo_1607326131logo-dark.png?h=40&w=40&mode=stretch
Tromenz learning ,New Delhi,https://images.collegedunia.com/public/image/institute/logo_1607328663tromenz-learning-logo.png?h=40&w=40&mode=stretch
Hightech Solutions SandH ,New Delhi,https://images.collegedunia.com/public/image/institute/logo_1607357043S&H L.jpg?h=40&w=40&mode=stretch
Goeduhub Technologies ,Jaipur,https://images.collegedunia.com/public/image/institute/logo_1608539454goed logo.png?h=40&w=40&mode=stretch
TCIL IT A Govt Of India - CAD CAM ,Pune,https://images.collegedunia.com/public/image/institute/logo_1607414118tciil logo.jpg?h=40&w=40&mode=stretch
Technoscripts Embedded and Iot Training ,Pune,https://images.collegedunia.com/public/image/institute/logo_1607417052Technoscripts-Logo.png?h=40&w=40&mode=stretch
Emertxe ,Bangalore,https://images.collegedunia.com/public/image/institute/logo_161475879612193321_948020825235016_8150284079483421346_n.jpg?h=40&w=40&mode=stretch
Nimble Tech ,Kolkata,https://images.collegedunia.com/public/image/institute/logo_1607420768logo NT.png?h=40&w=40&mode=stretch
icongen it solutions (Computer Science and Information Technology),Chennai,https://images.collegedunia.com/public/image/institute/logo_1607494646logo (1).png?h=40&w=40&mode=stretch
Knowledge Hut ,Bangalore,https://images.collegedunia.com/public/image/institute/logo_1607440049kh-logo.png?h=40&w=40&mode=stretch
Prism Multimedia ,Hyderabad,https://images.collegedunia.com/public/image/institute/logo_1607447980PRISM-LOGO.png?h=40&w=40&mode=stretch
HACKER ASSOCIATION ,Bangalore,https://images.collegedunia.com/public/image/institute/logo_1607517724HACKER LOGO.png?h=40&w=40&mode=stretch
"SysapTechnologies : Ethical Hacking,Networking Training Institute Pune ",Pune,https://images.collegedunia.com/public/image/institute/logo_1607520555logo.png?h=40&w=40&mode=stretch
Talent Plus Plus ,Gurgaon,https://images.collegedunia.com/public/image/institute/logo_160753462810-11-34-0.jpg?h=40&w=40&mode=stretch
Intaglio Solutions ,New Delhi,https://images.collegedunia.com/public/image/institute/logo_1607574305inta.jpg?h=40&w=40&mode=stretch
AksAns Technologies ,Chennai,https://images.collegedunia.com/public/image/institute/logo_1607584640akss L.png?h=40&w=40&mode=stretch
CAD Infield Technologies (CAD  Training),Pune,https://images.collegedunia.com/public/image/institute/logo_1608706158cropped-cadinfield.png?h=40&w=40&mode=stretch
CAD CAM Galaxy ,Mumbai,https://images.collegedunia.com/public/image/institute/logo_1607593345download.jpg?h=40&w=40&mode=stretch
lydzen learning and teaching ,Bhopal,https://images.collegedunia.com/public/image/institute/logo_1607594066download.png?h=40&w=40&mode=stretch
Globe Tech Engineering Solution ,Bangalore,https://images.collegedunia.com/public/image/institute/logo_1607602484Logo.jpg?h=40&w=40&mode=stretch
Seven Boats Info-System Pvt. Ltd. ,Kolkata,https://images.collegedunia.com/public/image/institute/logo_1607603725download.jpg?h=40&w=40&mode=stretch
Conceptia Konnect ,Bangalore,https://images.collegedunia.com/public/image/institute/logo_1607617525CK logo.png?h=40&w=40&mode=stretch
CADD Centre | Vadapalani (CAD  Training),Chennai,https://images.collegedunia.com/public/image/institute/logo_1607671811cropped-logo-c-1-1.png?h=40&w=40&mode=stretch
Octa Networks - CCNA CCNP CCIE Training in Mumbai - Best Networking Institute India ,Mumbai,https://images.collegedunia.com/public/image/institute/logo_1607670886Screenshot 2020-12-11 122516.png?h=40&w=40&mode=stretch
Bsoft Education Pvt Ltd ,Bangalore,https://images.collegedunia.com/public/image/institute/logo_1607675703download (5).jpg?h=40&w=40&mode=stretch
New Wings IT Solutions Pune - CCNA | AWS | Devops | Python Training Institute ,Pune,https://images.collegedunia.com/public/image/institute/logo_1607703383logo.png?h=40&w=40&mode=stretch
Revit Training Institute - Future Gen Technologies ,Hyderabad,https://images.collegedunia.com/public/image/institute/logo_16076828213670712-medium190ap.jpg?h=40&w=40&mode=stretch
Extreme Hacking ,Pune,https://images.collegedunia.com/public/image/institute/logo_1608796488logo.png?h=40&w=40&mode=stretch
SV InfoTech ,Hyderabad,https://images.collegedunia.com/public/image/institute/logo_1607756818download.jpg?h=40&w=40&mode=stretch
CANTER CADD BTM LAYOUT ,Bangalore,https://images.collegedunia.com/public/image/institute/logo_1607758584download.png?h=40&w=40&mode=stretch
EduCADD Learning Solutions Pvt Ltd ,Bangalore,https://images.collegedunia.com/public/image/institute/logo_1607759328images.jpg?h=40&w=40&mode=stretch
American Lingua ,New Delhi,https://images.collegedunia.com/public/image/institute/logo_1607762811Logo-American-Lingua-min.png?h=40&w=40&mode=stretch
4Dimensions Infotech ,Pune,https://images.collegedunia.com/public/image/institute/logo_1607770034Screenshot 2020-12-12 161132.png?h=40&w=40&mode=stretch
Encarta Labs Pvt Ltd ,Bangalore,https://images.collegedunia.com/public/image/institute/logo_1607774210main-logo.png?h=40&w=40&mode=stretch
VR BEST CAD CENTER ,Hyderabad,https://images.collegedunia.com/public/image/institute/logo_1607778269vr logo.jpg?h=40&w=40&mode=stretch
Neon Computer Education ,Chennai,https://images.collegedunia.com/public/image/institute/logo_1607783216blogo.png?h=40&w=40&mode=stretch
Skillium Knowledge Labs ,Chennai,https://images.collegedunia.com/public/image/institute/logo_1607849444logo_1607026605sk-logo2.png?h=40&w=40&mode=stretch
Apex Consultancy Pune ,Pune,https://images.collegedunia.com/public/image/institute/logo_1607853184logo-apex-con-.png?h=40&w=40&mode=stretch
ROH Techno Services ,Pune,https://images.collegedunia.com/public/image/institute/logo_1607914300roh logo.png?h=40&w=40&mode=stretch
Neon Computer Education ,Chennai,https://images.collegedunia.com/public/image/institute/logo_1607916738logo-wide.png?h=40&w=40&mode=stretch
Digital Marketing School ,Hyderabad,https://images.collegedunia.com/public/image/institute/logo_1608363365logo (2).png?h=40&w=40&mode=stretch
Vybhava Robotics ,Hyderabad,https://images.collegedunia.com/public/image/institute/logo_1608542213logo.png?h=40&w=40&mode=stretch
ACTC Computer Education ,New Delhi,https://images.collegedunia.com/public/image/institute/logo_1608728639ACTC COMPUTER EDUCATION 7.jpg?h=40&w=40&mode=stretch
Digital Acharya - Digital Marketing Course in South Delhi ,New Delhi,https://images.collegedunia.com/public/image/institute/logo_1608791367L.jpeg?h=40&w=40&mode=stretch
eMarket Education ,Bangalore,https://images.collegedunia.com/public/image/institute/logo_1608806621L.jpg?h=40&w=40&mode=stretch
Excelgoodies - Excel VBA Macro Training in Chennai ,Chennai,https://images.collegedunia.com/public/image/institute/logo_1608809205Excel Logo.png?h=40&w=40&mode=stretch
Galaxy Institute ,Howrah,https://images.collegedunia.com/public/image/institute/logo_1608808088L.png?h=40&w=40&mode=stretch
PR Professionals ,Gurgaon,https://images.collegedunia.com/public/image/institute/logo_1608883518prpg-2.png?h=40&w=40&mode=stretch
Delhi Institute of Computer Education (DICE) Aya Nagar ,New Delhi,https://images.collegedunia.com/public/image/institute/logo_1608892985DICE_LOGO.JPG?h=40&w=40&mode=stretch
SSI Computer Education ,Chennai,https://images.collegedunia.com/public/image/institute/logo_1608909770LOGO.PNG?h=40&w=40&mode=stretch
Technopundits - ITIL PRINCE2 SAFe Agile PMP CSM Training in Chennai Bangalore Hyderabad Cochin ,Chennai,https://images.collegedunia.com/public/image/institute/logo_1608913797logo.jpg?h=40&w=40&mode=stretch
"Digital Brolly - Digital Marketing Course in Hyderabad, Ameerpet ",Hyderabad,https://images.collegedunia.com/public/image/institute/logo_1608955842BROLLY_LOGO.JPG?h=40&w=40&mode=stretch
IACI - Tally Institute of Learning - Programming Hub - Multimedia and Animation Training ,New Delhi,https://images.collegedunia.com/public/image/institute/logo_1608960725IACI_LOGO.JPG?h=40&w=40&mode=stretch
Keerti Computer Institute khar East ,Mumbai,https://images.collegedunia.com/public/image/institute/logo_1608973662LOGO.png?h=40&w=40&mode=stretch
Dhanashri Academy ,Mumbai,https://images.collegedunia.com/public/image/institute/logo_1609003954LOGO (6).png?h=40&w=40&mode=stretch
MIS and Analytics consultants ,New Delhi,https://images.collegedunia.com/public/image/institute/logo_1609013091mis cosultant_LOGO.JPG?h=40&w=40&mode=stretch
PLUS-IS Computer Training Institute | Ms Office Training | Advanced Excel | VBA Macros | Web Designing | Graphic Designing ,New Delhi,https://images.collegedunia.com/public/image/institute/logo_1609048715PLUS_IN_COMPUTER_LOGO.JPG?h=40&w=40&mode=stretch
Web Marketing Academy ,Bangalore,https://images.collegedunia.com/public/image/institute/logo_1609049399WE_LOGO.png?h=40&w=40&mode=stretch
"IELTS guru Consulting: Online IELTS, IELTS indicator, GRE, PTE and English classes ",Hyderabad,https://images.collegedunia.com/public/image/institute/logo_1609094945COVER (7).png?h=40&w=40&mode=stretch
Udemetric Digital Marketing Course and Training Institute ,Bangalore,https://images.collegedunia.com/public/image/institute/logo_1609140384L.jpeg?h=40&w=40&mode=stretch
PRAGNA TECHNOLOGIES ,Hyderabad,https://images.collegedunia.com/public/image/institute/logo_1609153509LOGO.jpg?h=40&w=40&mode=stretch
IT Training Course Delhi ,New Delhi,https://images.collegedunia.com/public/image/institute/logo_1609164603IT Training Course Delhi logo.png?h=40&w=40&mode=stretch
EDUCADD AMEERPET ,Hyderabad,https://images.collegedunia.com/public/image/institute/logo_1609165419logo.jpg?h=40&w=40&mode=stretch
ITECHGURUS ,Bangalore,https://images.collegedunia.com/public/image/institute/logo_1609168162logo (1) (1).png?h=40&w=40&mode=stretch
MS Soft Technologies ,Hyderabad,https://images.collegedunia.com/public/image/institute/logo_1609230905Logo.jpg?h=40&w=40&mode=stretch
PM Wares ,Pune,https://images.collegedunia.com/public/image/institute/logo_1609241403Logo.jpg?h=40&w=40&mode=stretch
ECS Technologies (India) Pvt. Ltd. ,Hyderabad,https://images.collegedunia.com/public/image/institute/logo_1609271699L.png?h=40&w=40&mode=stretch
ISM UNIV ,Bangalore,https://images.collegedunia.com/public/image/institute/logo_1609400892ISM UNIV- Logo and Cover page.png?h=40&w=40&mode=stretch
US Soft Technologies ,Chennai,https://images.collegedunia.com/public/image/institute/logo_1609275926l.png?h=40&w=40&mode=stretch
DataSkills ,Hyderabad,https://images.collegedunia.com/public/image/institute/logo_1609320697DataSkills logo.png?h=40&w=40&mode=stretch
"Avi Arya - Digital Marketing Keynote Speaker, Author ",New Delhi,https://images.collegedunia.com/public/image/institute/logo_1609329727a2.jpg?h=40&w=40&mode=stretch
Digital Deepak ,Bangalore,https://images.collegedunia.com/public/image/institute/logo_1609329470the-digital-deepak-talks-wmd3SHWIZeV-4NBpi5wMKbn.1400x1400.jpg?h=40&w=40&mode=stretch
UN IT ERP ACADEMY-SAP Training Kolkata ,Kolkata,https://images.collegedunia.com/public/image/institute/logo_1609332553s4.png?h=40&w=40&mode=stretch
Omegacadd ,Hyderabad,https://images.collegedunia.com/public/image/institute/logo_1609348900omegacadd LOGO.png?h=40&w=40&mode=stretch
ZugZwang Academy ,Bangalore,https://images.collegedunia.com/public/image/institute/logo_1609399459ZugZwang logo.png?h=40&w=40&mode=stretch
SSSIT Computer Education ,Hyderabad,https://images.collegedunia.com/public/image/institute/logo_1609404559SSSIT Computer Education logo.jpeg?h=40&w=40&mode=stretch
Avyud - Digital Marketing Courses ,New Delhi,https://images.collegedunia.com/public/image/institute/logo_1609412252avyud logo.jpg?h=40&w=40&mode=stretch
"CFA, FRM, CFP and Financial Modelling Course Coaching Classes Training Institute - FinTree ",Bangalore,https://images.collegedunia.com/public/image/institute/logo_1609510442Logo.jpeg?h=40&w=40&mode=stretch
Edigital Marketers Institute ,New Delhi,https://images.collegedunia.com/public/image/institute/logo_1609512483Logo.jpg?h=40&w=40&mode=stretch
S-CUBE Tutorials ,Kolkata,https://images.collegedunia.com/public/image/institute/logo_1609834649Logo. (1).jfif?h=40&w=40&mode=stretch
Advanced Excel Institute (Microsoft Excel Online Course),Gurgaon,https://images.collegedunia.com/public/image/institute/logo_1609558497logo.png?h=40&w=40&mode=stretch
CrskTech ,Bangalore,https://images.collegedunia.com/public/image/institute/logo_1609569436LOGO.jpg?h=40&w=40&mode=stretch
PCI Computer Institute ,Thane,https://images.collegedunia.com/public/image/institute/logo_1609590457logo download.jpg?h=40&w=40&mode=stretch
ICIT Computer Institute ,Mumbai,https://images.collegedunia.com/public/image/institute/logo_1609643238icit-logo.jpg?h=40&w=40&mode=stretch
Dosemo ,Hyderabad,https://images.collegedunia.com/public/image/institute/logo_1609672418Logo.jpg?h=40&w=40&mode=stretch
TechGen institute ,Mumbai,https://images.collegedunia.com/public/image/institute/logo_1609674309logo.jpg?h=40&w=40&mode=stretch
Apex Consultancy ,Pune,https://images.collegedunia.com/public/image/institute/logo_1609680101l.png?h=40&w=40&mode=stretch
CISTOCADD ,Hyderabad,https://images.collegedunia.com/public/image/institute/logo_1609686836logo25 (1).png?h=40&w=40&mode=stretch
Mapaguru ,Bangalore,https://images.collegedunia.com/public/image/institute/logo_1609705629download.png?h=40&w=40&mode=stretch
VLCC Institute of Beauty and Nutrition ,New Delhi,https://images.collegedunia.com/public/image/institute/logo_1609707112vlcc_logo.JPG?h=40&w=40&mode=stretch
Adwords Advertising Media ,Mumbai,https://images.collegedunia.com/public/image/institute/logo_161139030920479755_673761732823290_2620267629636248054_n.jpg?h=40&w=40&mode=stretch
IIM SKILLS ,New Delhi,https://images.collegedunia.com/public/image/institute/logo_1609734271LOGO.png?h=40&w=40&mode=stretch
Digital SEO Land - (Rintu Biswas) ,Kolkata,https://images.collegedunia.com/public/image/institute/logo_1609740404LOGO (12).png?h=40&w=40&mode=stretch
Vdigital - Digital Marketing Course ,Mumbai,https://images.collegedunia.com/public/image/institute/logo_1609761398LOGO.png?h=40&w=40&mode=stretch
VLSA Global Services ,Chennai,https://images.collegedunia.com/public/image/institute/logo_1609833418L.png?h=40&w=40&mode=stretch
CICS - Best Computer Courses Training Institute ,New Delhi,https://images.collegedunia.com/public/image/institute/logo_1609843487l.png?h=40&w=40&mode=stretch
Achievers Spot ,Chennai,https://images.collegedunia.com/public/image/institute/logo_1609845072ACHIVERS_LOGO1.png?h=40&w=40&mode=stretch
Digital Marketing School Network - DMSN ,New Delhi,https://images.collegedunia.com/public/image/institute/logo_1609847985DMSN_LOGO.jpeg?h=40&w=40&mode=stretch
NewStrides Consultants Pvt. Ltd. ,Bangalore,https://images.collegedunia.com/public/image/institute/logo_1609859229Logo.png?h=40&w=40&mode=stretch
Greens Technology ,Chennai,https://images.collegedunia.com/public/image/institute/logo_1609907574greens_logo.JPG?h=40&w=40&mode=stretch
NearLearn™ ,Bangalore,https://images.collegedunia.com/public/image/institute/logo_1609996566Nearlearn Logo.png?h=40&w=40&mode=stretch
"Yesh N Shah, ICCRC member, Canadian Immigration Consultant ",Mumbai,https://images.collegedunia.com/public/image/institute/logo_1609998715l.png?h=40&w=40&mode=stretch
Trade Wings Institute of Management ,Kolkata,https://images.collegedunia.com/public/image/institute/logo_1610000407Tradewings logo.jpg?h=40&w=40&mode=stretch
MakinGrad Overseas Education Consultants ,Mumbai,https://images.collegedunia.com/public/image/institute/logo_1610117491logo (3).png?h=40&w=40&mode=stretch
Namaste Mandarin ,Bangalore,https://images.collegedunia.com/public/image/institute/logo_1610194239LOGO.jpg?h=40&w=40&mode=stretch
Amity Computer Academy ,Kolkata,https://images.collegedunia.com/public/image/institute/logo_1611080150logo (4).jpg?h=40&w=40&mode=stretch
"Avyud - Digital Marketing Courses in Delhi - Best Online Marketing Institute, Munirka ",New Delhi,https://images.collegedunia.com/public/image/institute/logo_1610317351l.png?h=40&w=40&mode=stretch
Global Opportunities ,Chennai,https://images.collegedunia.com/public/image/institute/logo_1610354753global logo.png?h=40&w=40&mode=stretch
KBM TECHNOSOFT ,Bangalore,https://images.collegedunia.com/public/image/institute/logo_16103697082536030-medium190ap.jpg?h=40&w=40&mode=stretch
Study Point ,New Delhi,https://images.collegedunia.com/public/image/institute/logo_1628692136logo.jpg?h=40&w=40&mode=stretch
lr Cad Zone solutions pvt ltd ,Hyderabad,https://images.collegedunia.com/public/image/institute/logo_1610523786lr_logo.JPG?h=40&w=40&mode=stretch
English Engine ,Hyderabad,https://images.collegedunia.com/public/image/institute/logo_1610540096ENGLISH ENGINE LOGO.png?h=40&w=40&mode=stretch
SS Labs ,Hyderabad,https://images.collegedunia.com/public/image/institute/logo_1610712383logo.png?h=40&w=40&mode=stretch
zinfomatic ,Bangalore,https://images.collegedunia.com/public/image/institute/logo_1610547025download (1).png?h=40&w=40&mode=stretch
Aspirants IIT Academy ,Hyderabad,https://images.collegedunia.com/public/image/institute/logo_1610597594Aspirants IIT Academy logo.jpg?h=40&w=40&mode=stretch
Google Adwords/PPC Expert ,New Delhi,https://images.collegedunia.com/public/image/institute/logo_1610617058Google Adwordsi LOGO.jpg?h=40&w=40&mode=stretch
Elanchoice - Digital Marketing Institute ,Bangalore,https://images.collegedunia.com/public/image/institute/logo_1610634017Cover.png?h=40&w=40&mode=stretch
TACT Academy for Clinical Training ,Chennai,https://images.collegedunia.com/public/image/institute/logo_1610722952l.png?h=40&w=40&mode=stretch
FCB Ulka Advertising Limited ,Bangalore,https://images.collegedunia.com/public/image/institute/logo_1610693525Logo.jpg?h=40&w=40&mode=stretch
IIADM - Digital marketing training institute ,New Delhi,https://images.collegedunia.com/public/image/institute/logo_1610705467l.png?h=40&w=40&mode=stretch
SEOAIMPOINT ,Bhopal,https://images.collegedunia.com/public/image/institute/logo_1610707944logo (1).png?h=40&w=40&mode=stretch
The Digital Marketing Courses - [TDMC] ,Thane,https://images.collegedunia.com/public/image/institute/logo_1610711962TDMC-Logo.png?h=40&w=40&mode=stretch
Meghwal's IAS ,Bhopal,https://images.collegedunia.com/public/image/institute/logo_1610715005Meghwal_s IAS LOGO.jpg?h=40&w=40&mode=stretch
Web Trainings Academy - Digital Marketing Course in Hyderabad ,Hyderabad,https://images.collegedunia.com/public/image/institute/logo_1610717068WebTrainings-Site-Logo.png?h=40&w=40&mode=stretch
Graphic Design Institute ,New Delhi,https://images.collegedunia.com/public/image/institute/logo_1610720189download (1).jpeg?h=40&w=40&mode=stretch
PRISCI EDUCATIONAL ACADEMY (PEA) ,Avadaiyarkoil,https://images.collegedunia.com/public/image/institute/logo_1610723821download (17).jpeg?h=40&w=40&mode=stretch
Channelsoftech Private Limited ,Bangalore,https://images.collegedunia.com/public/image/institute/logo_1610735193ll.jpg?h=40&w=40&mode=stretch
Web D School (UI UX),Chennai,https://images.collegedunia.com/public/image/institute/logo_1610777069download (22).jpeg?h=40&w=40&mode=stretch
"S S N - IAS,MPPSC COACHING CLASSES ",Bhopal,"https://images.collegedunia.com/public/image/institute/logo_1610783732S S N - IAS,MPPSC COACHING CLASSES_logo.JPG?h=40&w=40&mode=stretch"
Pride Academy And Centre For Excellence ,Chennai,https://images.collegedunia.com/public/image/institute/logo_1610791680PACE LOGO.jpg?h=40&w=40&mode=stretch
Rudra’s IAS (UPSC),Bhopal,https://images.collegedunia.com/public/image/institute/logo_1610799246logo.jpg?h=40&w=40&mode=stretch
The Grey Cells ,Mumbai,https://images.collegedunia.com/public/image/institute/logo_1610800630TGC-Logo-2.png?h=40&w=40&mode=stretch
Clone Futura (Artificial Intelligence Training),Mumbai,https://images.collegedunia.com/public/image/institute/logo_1610801333logo.png?h=40&w=40&mode=stretch
SSKI OF COMMERCE(Best math's tuition classes) ,New Delhi,https://images.collegedunia.com/public/image/institute/logo_1610816973logo (1).png?h=40&w=40&mode=stretch
Digital Marketing Professional Institute ,New Delhi,https://images.collegedunia.com/public/image/institute/logo_1610869675Logo (12).png?h=40&w=40&mode=stretch
Edukers ,New Delhi,https://images.collegedunia.com/public/image/institute/logo_1610872493logo.png?h=40&w=40&mode=stretch
Inspiro IAS KAS ,Bangalore,https://images.collegedunia.com/public/image/institute/logo_1610874202Logo.jpg?h=40&w=40&mode=stretch
Dnyaneshwari Solutions/Engineering Classes ,Pune,https://images.collegedunia.com/public/image/institute/logo_1610898725ll.jpg?h=40&w=40&mode=stretch
Next-G Education | Web and Graphic Design Institute Rohini ,New Delhi,https://images.collegedunia.com/public/image/institute/logo_1610943416logo.png?h=40&w=40&mode=stretch
Uttara InfoSolutions Pvt Ltd ,Bangalore,https://images.collegedunia.com/public/image/institute/logo_1610951460Logo.png?h=40&w=40&mode=stretch
Tally Institute of Learning ,Kolkata,https://images.collegedunia.com/public/image/institute/logo_1610950770Logo (11).jpg?h=40&w=40&mode=stretch
Free Java Classes At MyToshika (JAVA Training),Noida,https://images.collegedunia.com/public/image/institute/logo_1610979298logo mytoshika.png?h=40&w=40&mode=stretch
My Speaking School (ENGLISH LANGUAGE),Mumbai,https://images.collegedunia.com/public/image/institute/logo_1611048123download (10).jpg?h=40&w=40&mode=stretch
Net Expert Solutions ,Noida,https://images.collegedunia.com/public/image/institute/logo_1611054735nes-logo.png?h=40&w=40&mode=stretch
DigiChefs ,Mumbai,https://images.collegedunia.com/public/image/institute/logo_1611059661DigiChefs.jpg?h=40&w=40&mode=stretch
Goalisb - Best MBA Consultants In Delhi ,New Delhi,https://images.collegedunia.com/public/image/institute/logo_1611123092goal_llogo.png?h=40&w=40&mode=stretch
TechKnock Digital Services ,Mumbai,https://images.collegedunia.com/public/image/institute/logo_1611194795TECHKNOCK - LOGO.png?h=40&w=40&mode=stretch
Geeks At Web Software Training Institute ,New Delhi,https://images.collegedunia.com/public/image/institute/logo_1611228947Logo.jpg?h=40&w=40&mode=stretch
THE STUDY IAS ,New Delhi,https://images.collegedunia.com/public/image/institute/?h=40&w=40&mode=stretch
Vidhyodaya Academy ,Chennai,https://images.collegedunia.com/public/image/institute/logo_1611251152VA Logo.jpg?h=40&w=40&mode=stretch
IIADM- Digital Marketing Training Institute ,New Delhi,https://images.collegedunia.com/public/image/institute/logo_1611285713Logo.png?h=40&w=40&mode=stretch
RKG Institute (CA Parag Gupta) ,Noida,https://images.collegedunia.com/public/image/institute/logo_1611297179logo.jpg?h=40&w=40&mode=stretch
IIEDM- Institute of Digital Marketing & E-commerce ,Mumbai,https://images.collegedunia.com/public/image/institute/logo_1611297318Logo.png?h=40&w=40&mode=stretch
Anita Chemistry Classes ,Jaipur,https://images.collegedunia.com/public/image/institute/logo_1611298894Logo.jpg?h=40&w=40&mode=stretch
Don Sir Physics Classes ,Kolkata,https://images.collegedunia.com/public/image/institute/logo_1611305628Logo.jpg?h=40&w=40&mode=stretch
Mechatron Robotics ,New Delhi,https://images.collegedunia.com/public/image/institute/logo_1611309356Logo.jpg?h=40&w=40&mode=stretch
SQUAD Digital ,Mumbai,https://images.collegedunia.com/public/image/institute/logo_1634916778Logo (2).png?h=40&w=40&mode=stretch
National Defence Institute ,Chennai,https://images.collegedunia.com/public/image/institute/logo_1611322672NDI LOGO.jpg?h=40&w=40&mode=stretch
Competitive Edge Institute ,Bangalore,https://images.collegedunia.com/public/image/institute/logo_1611328450CE Logo.jpg?h=40&w=40&mode=stretch
HanYou Chinese Language Institute ,New Delhi,https://images.collegedunia.com/public/image/institute/logo_1611329279LOGOO.png?h=40&w=40&mode=stretch
Moveabroad ,New Delhi,https://images.collegedunia.com/public/image/institute/logo_1611332387Moveabrod Logo.jpg?h=40&w=40&mode=stretch
Santhosh & Sabari IAS Academy ,Chennai,https://images.collegedunia.com/public/image/institute/logo_1611390522Santosh_Logo.jpg?h=40&w=40&mode=stretch
Wisdom Coaching Centre ,Chennai,https://images.collegedunia.com/public/image/institute/logo_1611400306LOGO.jpeg?h=40&w=40&mode=stretch
Lyceum Tutorials ,Mumbai,https://images.collegedunia.com/public/image/institute/logo_1611414093LOGO.jpg?h=40&w=40&mode=stretch
Parishkar World Coaching Institute ,Jaipur,https://images.collegedunia.com/public/image/institute/logo_1611468918Logo.png?h=40&w=40&mode=stretch
Axiom Defence Academy ,Jaipur,https://images.collegedunia.com/public/image/institute/logo_1611485900Axiom Logo.png?h=40&w=40&mode=stretch
Deep IAS Coaching ,Ghaziabad,https://images.collegedunia.com/public/image/institute/logo_1611487701deep-ias-coaching-Logo.jpg?h=40&w=40&mode=stretch
EMC2 ,Pune,https://images.collegedunia.com/public/image/institute/logo_1611553135emc-logo.jpg?h=40&w=40&mode=stretch
Applied Professional Training ,Kolkata,https://images.collegedunia.com/public/image/institute/logo_1611596076LOGO.png?h=40&w=40&mode=stretch
Ranjan Tutorials Pvt Ltd ,Ghaziabad,https://images.collegedunia.com/public/image/institute/logo_1611632723Logo.jpg?h=40&w=40&mode=stretch
Visionn CS Institute ,Hyderabad,https://images.collegedunia.com/public/image/institute/logo_1611642377LOGO.jpg?h=40&w=40&mode=stretch
Sanjeev Academy ,Bangalore,https://images.collegedunia.com/public/image/institute/logo_1611823484Logo.webp?h=40&w=40&mode=stretch
IPFC Academy ,Kolkata,https://images.collegedunia.com/public/image/institute/logo_1611830831LOGO.jpg?h=40&w=40&mode=stretch
TTT Academy ,Bangalore,https://images.collegedunia.com/public/image/institute/logo_1611832641logo.png?h=40&w=40&mode=stretch
Global IIE ,Bangalore,https://images.collegedunia.com/public/image/institute/logo_1611833824global_iie_logo_sm2.png?h=40&w=40&mode=stretch
Saraf Academy ,Kolkata,https://images.collegedunia.com/public/image/institute/logo_1611837599logo.png?h=40&w=40&mode=stretch
Beacon IAS ,New Delhi,https://images.collegedunia.com/public/image/institute/logo_1611902674logo (7).jpg?h=40&w=40&mode=stretch
Lensel Academy ,Kolkata,https://images.collegedunia.com/public/image/institute/logo_1611916948logo (1) (1).png?h=40&w=40&mode=stretch
Richards Commerce Classes ,Pune,https://images.collegedunia.com/public/image/institute/logo_1611925638LOGO.png?h=40&w=40&mode=stretch
Aptitude Classes Pune ,Pune,https://images.collegedunia.com/public/image/institute/logo_1611933900logo.png?h=40&w=40&mode=stretch
ABKO English Academy (ENGLISH LANGUAGE),Pune,"https://images.collegedunia.com/public/image/institute/logo_1611947931LOGO,,.jpg?h=40&w=40&mode=stretch"
Reunion IAS ,New Delhi,https://images.collegedunia.com/public/image/institute/logo_1611980743logo (2) (1).png?h=40&w=40&mode=stretch
VMARS Study Abroad Career Consultants ,Noida,https://images.collegedunia.com/public/image/institute/logo_1611990159logo.jpg?h=40&w=40&mode=stretch
STC Coaching ,Ghaziabad,https://images.collegedunia.com/public/image/institute/logo_1611996287st_logo.png?h=40&w=40&mode=stretch
French Academy ,New Delhi,"https://images.collegedunia.com/public/image/institute/logo_1611996968French Academy - French Language Institute in Delhi, India LOGO.png?h=40&w=40&mode=stretch"
EDALL ACADEMY ,Chennai,https://images.collegedunia.com/public/image/institute/logo_1611999628eda.png?h=40&w=40&mode=stretch
Ram IAS Academy ,Chennai,https://images.collegedunia.com/public/image/institute/logo_1612004197Logo.png?h=40&w=40&mode=stretch
Elm world academy ,Chennai,https://images.collegedunia.com/public/image/institute/logo_1612013719LOGO.jpg?h=40&w=40&mode=stretch
NDA EXAM COACHING ,Pune,https://images.collegedunia.com/public/image/institute/logo_1612023144logo (1).jpg?h=40&w=40&mode=stretch
The Study Ias An Institute For Ias ,New Delhi,https://images.collegedunia.com/public/image/institute/logo_1612101789marine-logo-white.png?h=40&w=40&mode=stretch
Verbis Edu ,Bangalore,https://images.collegedunia.com/public/image/institute/logo_1612102203VERBIS EDU_LOGOJPG.JPG?h=40&w=40&mode=stretch
Miracle English Language and Literature Institute ,Jaipur,https://images.collegedunia.com/public/image/institute/logo_1612108853download (15).jfif?h=40&w=40&mode=stretch
Amit Vijay Jaipur - Best SSC English Coaching in Jaipur ,Jaipur,https://images.collegedunia.com/public/image/institute/logo_1612119700download (2).png?h=40&w=40&mode=stretch
Flexmind ,Bangalore,https://images.collegedunia.com/public/image/institute/logo_1612120085logo (12).jpg?h=40&w=40&mode=stretch
Ritu Commerce and CA Academy ,Mumbai,https://images.collegedunia.com/public/image/institute/logo_1615623668logo (2) (1).png?h=40&w=40&mode=stretch
Excellent Spoken English And Interview Skills (ENGLISH LANGUAGE),Hyderabad,https://images.collegedunia.com/public/image/institute/logo_1612194248photo (1).jpeg?h=40&w=40&mode=stretch
French Classes ,Bangalore,https://images.collegedunia.com/public/image/institute/logo_1612232928gallery 1.jpg?h=40&w=40&mode=stretch
AM CONSULTING ,Mumbai,https://images.collegedunia.com/public/image/institute/logo_1612246687logo.png?h=40&w=40&mode=stretch
TORAH VENTURES LLP ,Chennai,https://images.collegedunia.com/public/image/institute/logo_1612277083logo.jpg?h=40&w=40&mode=stretch
Sukhoi Academy ,Faridabad,https://images.collegedunia.com/public/image/institute/logo_1612279283logo.jpg?h=40&w=40&mode=stretch
AC's Ashish Tutorials ,Mumbai,https://images.collegedunia.com/public/image/institute/logo_1612327909Photo 01.jpg?h=40&w=40&mode=stretch
Icon Science Hub ,Pune,https://images.collegedunia.com/public/image/institute/logo_1612335987Icon Science Hub logo.png?h=40&w=40&mode=stretch
The Hindu Academy ,Mumbai,https://images.collegedunia.com/public/image/institute/logo_1612341271Logo.jpg?h=40&w=40&mode=stretch
KURUKSHETRA IAS ACADEMY ,Chennai,https://images.collegedunia.com/public/image/institute/logo_1612342518Logo (12).png?h=40&w=40&mode=stretch
Winner Institute of Competitive Exam ,Pune,https://images.collegedunia.com/public/image/institute/logo_1612346889Logo.jpg?h=40&w=40&mode=stretch
Unique Academy for Commerce ,Pune,https://images.collegedunia.com/public/image/institute/logo_1612348276Logo.jpg?h=40&w=40&mode=stretch
Dnyanjyoti Education ,Pune,https://images.collegedunia.com/public/image/institute/logo_1612351258Logo.jpg?h=40&w=40&mode=stretch
IMPETUS COACHING CLASSES ,Pune,https://images.collegedunia.com/public/image/institute/logo_1612358268Impactus coaching classes Logo.png?h=40&w=40&mode=stretch
Success Engineering Classes ,Thane,https://images.collegedunia.com/public/image/institute/logo_1612365905Logo.jpg?h=40&w=40&mode=stretch
Language Nest ,Mumbai,https://images.collegedunia.com/public/image/institute/logo_1612418842log.jpg?h=40&w=40&mode=stretch
The English Hub Institute ,Hyderabad,https://images.collegedunia.com/public/image/institute/logo_1612429158llloooggggoo.png?h=40&w=40&mode=stretch
PORT LEARN ,New Delhi,https://images.collegedunia.com/public/image/institute/logo_1612443983pamplet.jpeg?h=40&w=40&mode=stretch
Pro-Logic ,Pune,https://images.collegedunia.com/public/image/institute/logo_1612456170logo and coverpage.png?h=40&w=40&mode=stretch
BioTecNika ,Bangalore,https://images.collegedunia.com/public/image/institute/logo_1632494889logo.png?h=40&w=40&mode=stretch
Talent Holic ,New Delhi,https://images.collegedunia.com/public/image/institute/logo_1612507945Logo.png?h=40&w=40&mode=stretch
INFO CAD CENTER-ICC ,Hyderabad,https://images.collegedunia.com/public/image/institute/logo_1612510874logo (27).jpg?h=40&w=40&mode=stretch
DigiLearnings Digital Marketing Institute ,Jaipur,https://images.collegedunia.com/public/image/institute/logo_1612517870Digilearnings-logo-hor.png?h=40&w=40&mode=stretch
White Dove Foundation ,Bidurpur,https://images.collegedunia.com/public/image/institute/logo_1612523448W1.PNG?h=40&w=40&mode=stretch
ELOQUENCE Computer Education ,Ghaziabad,https://images.collegedunia.com/public/image/institute/logo_1612529960ELOQUENCE Computer Education_LOGO.JPG?h=40&w=40&mode=stretch
YIELD ,Kolkata,https://images.collegedunia.com/public/image/institute/logo_1612531648y1.png?h=40&w=40&mode=stretch
PTE Coaching Dwarka ,New Delhi,https://images.collegedunia.com/public/image/institute/logo_1612537152logo.png?h=40&w=40&mode=stretch
 NIRNAY ACADEMY ,Payagpur,https://images.collegedunia.com/public/image/institute/logo_1612611093Nirnay academy logo.png?h=40&w=40&mode=stretch
CFA FRM FINANCIAL MODELING ,Jaipur,https://images.collegedunia.com/public/image/institute/logo_1612607654CFA FRM FINANCIAL MODELING class in Jaipur LOGO.png?h=40&w=40&mode=stretch
Next-G Education ,New Delhi,https://images.collegedunia.com/public/image/institute/logo_1612686836logo.png?h=40&w=40&mode=stretch
Chhanwal Coaching Institute ,Gandhinagar,https://images.collegedunia.com/public/image/institute/logo_1612688851baby blue LOGO15.jpg?h=40&w=40&mode=stretch
Ingenious Mind Academy ,Faridabad,https://images.collegedunia.com/public/image/institute/logo_1612717289images (20).jpeg?h=40&w=40&mode=stretch
British College of Language ,New Delhi,https://images.collegedunia.com/public/image/institute/logo_1612778115bbcl2.png?h=40&w=40&mode=stretch
Samit’s English Academy ,New Delhi,https://images.collegedunia.com/public/image/institute/logo_1612791257Samit’s English Academy_LOGO.JPG?h=40&w=40&mode=stretch
ICT Academy ,Chennai,https://images.collegedunia.com/public/image/institute/logo_1612853662ICT Academy Logo.jpg?h=40&w=40&mode=stretch
Techiesys ,Bangalore,https://images.collegedunia.com/public/image/institute/logo_1612851019LOGO (2) (1).jpg?h=40&w=40&mode=stretch
Educrafters ,New Delhi,https://images.collegedunia.com/public/image/institute/logo_1612861407Logo.jpg?h=40&w=40&mode=stretch
The Wisdom Academy ,Chennai,https://images.collegedunia.com/public/image/institute/logo_1612936032Logo.jpeg?h=40&w=40&mode=stretch
Singh Academy of Competitive Success ,New Delhi,https://images.collegedunia.com/public/image/institute/logo_1612938431Logo.jpg?h=40&w=40&mode=stretch
BtechGuru ,Chennai,https://images.collegedunia.com/public/image/institute/logo_1612940817logo 4.png?h=40&w=40&mode=stretch
World Languages Centre ,New Delhi,https://images.collegedunia.com/public/image/institute/logo_1612941099logo.png?h=40&w=40&mode=stretch
Yami Cosmo Services Pvt. Ltd ,New Delhi,https://images.collegedunia.com/public/image/institute/logo_1612941971LOGO.jpg?h=40&w=40&mode=stretch
Golden Gate To IIT ,Mumbai,https://images.collegedunia.com/public/image/institute/logo_1612946995LOGO.png?h=40&w=40&mode=stretch
IIKD ,Thane,https://images.collegedunia.com/public/image/institute/logo_1612947842LOGO.jpg?h=40&w=40&mode=stretch
Fly High Animation ,Hyderabad,https://images.collegedunia.com/public/image/institute/logo_1612951122Fly High Animation_LOGO.JPG?h=40&w=40&mode=stretch
Achievers IAS Academy ,Bangalore,https://images.collegedunia.com/public/image/institute/logo_1612964433LOGO (32).jpg?h=40&w=40&mode=stretch
SRI GURU SAI INSTITUTION Home Tuition ,Bangalore,https://images.collegedunia.com/public/image/institute/logo_1612967529LOGO (33).jpg?h=40&w=40&mode=stretch
Skylight Classes ,New Delhi,https://images.collegedunia.com/public/image/institute/logo_1612969007logo.jpg?h=40&w=40&mode=stretch
Prasad's Coaching Centre ,Howrah,https://images.collegedunia.com/public/image/institute/logo_1612972004LOGO.jpg?h=40&w=40&mode=stretch
Tax By KK ,New Delhi,https://images.collegedunia.com/public/image/institute/logo_1612980555LOGO.png?h=40&w=40&mode=stretch
TNPSC Academy ,Chennai,https://images.collegedunia.com/public/image/institute/logo_1613012114unnamed.jpg?h=40&w=40&mode=stretch
A1 English Training Centre ,Kolkata,https://images.collegedunia.com/public/image/institute/logo_1613018651logo.jpg?h=40&w=40&mode=stretch
Pramodz Computers ,Mumbai,https://images.collegedunia.com/public/image/institute/logo_1613027645LOGO (36).jpg?h=40&w=40&mode=stretch
Jaybee Digital ,Mumbai,https://images.collegedunia.com/public/image/institute/logo_1613055846LOGO (38).jpg?h=40&w=40&mode=stretch
Taksheela Institute of Education ,Kolkata,https://images.collegedunia.com/public/image/institute/logo_1613056098logo.jpg?h=40&w=40&mode=stretch
Udemetric Digital Marketing Course & Training Institute ,Bangalore,https://images.collegedunia.com/public/image/institute/logo_1613109823LOGO (41).jpg?h=40&w=40&mode=stretch
Alpha NDT Training Center ,Hyderabad,https://images.collegedunia.com/public/image/institute/logo_1613119971oogo.jpg?h=40&w=40&mode=stretch
Bluecoast Computer Classes ,Jaipur,https://images.collegedunia.com/public/image/institute/logo_1613135611logo5...jpg?h=40&w=40&mode=stretch
NC Daruma Language Academy ,Chennai,https://images.collegedunia.com/public/image/institute/logo_1613140405images (14).png?h=40&w=40&mode=stretch
DICEST Education Pvt Ltd ,Jaipur,https://images.collegedunia.com/public/image/institute/logo_1613140618logo-d.png?h=40&w=40&mode=stretch
IBS SSC Coaching & Bank PO Coaching AGRA ,Agra,https://images.collegedunia.com/public/image/institute/logo_1613142712logo-top.png?h=40&w=40&mode=stretch
Sakuraa Nihongo Resource Centre ,Bangalore,https://images.collegedunia.com/public/image/institute/logo_1613148622snrc-logo.png?h=40&w=40&mode=stretch
Power Bi Training Institute ,Bangalore,https://images.collegedunia.com/public/image/institute/logo_1613152081LOGO.jpg?h=40&w=40&mode=stretch
Kurukshetra Ias Academy ,Chennai,https://images.collegedunia.com/public/image/institute/logo_1613186211logo-6.png?h=40&w=40&mode=stretch
NICE COMPUTER EDUCATION ,New Delhi,https://images.collegedunia.com/public/image/institute/logo_1613214030n1.png?h=40&w=40&mode=stretch
Blue Prism ,Hyderabad,https://images.collegedunia.com/public/image/institute/logo_1613214967RPA Logo.jpg?h=40&w=40&mode=stretch
Njoy Arts ,New Delhi,https://images.collegedunia.com/public/image/institute/logo_1613215509T4.png?h=40&w=40&mode=stretch
ianalyst infotech pvt. ltd. ,Pune,https://images.collegedunia.com/public/image/institute/logo_1613217209Ianalyst logo.jpg?h=40&w=40&mode=stretch
Institute Of Horticulture Technology ,Noida,https://images.collegedunia.com/public/image/institute/logo_1613217968H1.png?h=40&w=40&mode=stretch
Zeus Academy ,Chennai,https://images.collegedunia.com/public/image/institute/logo_1613292296logo (1).png?h=40&w=40&mode=stretch
YATHARTH CAMPUS ,New Delhi,https://images.collegedunia.com/public/image/institute/logo_1613304719Yatharth Logo.png?h=40&w=40&mode=stretch
Cygnus Educate ,Bhopal,https://images.collegedunia.com/public/image/institute/logo_1613358167logo.png?h=40&w=40&mode=stretch
Gautam Competition Coaching ,,https://images.collegedunia.com/public/image/institute/logo_1613368667logo (1) (1).png?h=40&w=40&mode=stretch
Olsers's Academy ,Hyderabad,https://images.collegedunia.com/public/image/institute/logo_1613444881logo.jfif?h=40&w=40&mode=stretch
Sanjeevani Career Guidance & Counselling ,Jaipur,https://images.collegedunia.com/public/image/institute/logo_1613447697logo.jfif?h=40&w=40&mode=stretch
aims tutorial ,Jaipur,https://images.collegedunia.com/public/image/institute/logo_1613466239aims Logo.png?h=40&w=40&mode=stretch
Shri Rajivgandhi IAS academy ,Chennai,https://images.collegedunia.com/public/image/institute/logo_1613525857AnyConv.com__logo.jpg?h=40&w=40&mode=stretch
Study Campus ,Mumbai,https://images.collegedunia.com/public/image/institute/logo_1613528021logo.png?h=40&w=40&mode=stretch
Meritorious Tutorials ,Mumbai,https://images.collegedunia.com/public/image/institute/logo_1613623845meritoriou stutorials Logo.jpg?h=40&w=40&mode=stretch
Parivartan Institute ,New Delhi,https://images.collegedunia.com/public/image/institute/logo_1613557882LOGO (1).webp?h=40&w=40&mode=stretch
eMarket Education ,Bangalore,https://images.collegedunia.com/public/image/institute/logo_1613573843emarket_edu_logo_light.png?h=40&w=40&mode=stretch
Cloud Soft Solutions ,Hyderabad,https://images.collegedunia.com/public/image/institute/logo_1613618538css_logo.JPG?h=40&w=40&mode=stretch
Indian Institute of Chinese & Korean Language ,New Delhi,https://images.collegedunia.com/public/image/institute/logo_1613621641925764109s.png?h=40&w=40&mode=stretch
Letspassca ,Chennai,https://images.collegedunia.com/public/image/institute/logo_1613625090letpassca_logo.jpg?h=40&w=40&mode=stretch
ABKO English Academy ,Pune,https://images.collegedunia.com/public/image/institute/logo_1613626952logo.jpg?h=40&w=40&mode=stretch
Attarde's Engineering Classes ,Mumbai,https://images.collegedunia.com/public/image/institute/logo_1613649899LOGO.jpg?h=40&w=40&mode=stretch
Big Data Hadoop Training ,New Delhi,https://images.collegedunia.com/public/image/institute/logo_1613661639LOGO.jpg?h=40&w=40&mode=stretch
Computer Engineering Classes ,Mumbai,https://images.collegedunia.com/public/image/institute/logo_1613664938LOGO.jpg?h=40&w=40&mode=stretch
British Institute  ,Bhopal,https://images.collegedunia.com/public/image/institute/logo_1613718419logo.jpg?h=40&w=40&mode=stretch
"ANITOONS, The School Of Animations ",New Delhi,https://images.collegedunia.com/public/image/institute/logo_1613731197Logo.jpg?h=40&w=40&mode=stretch
GATE IES Academy ,Bangalore,https://images.collegedunia.com/public/image/institute/logo_1613734408logo1.png?h=40&w=40&mode=stretch
CADEMATE ,Jaipur,https://images.collegedunia.com/public/image/institute/logo_1613809954logo.png?h=40&w=40&mode=stretch
Navkar Institute ,Bhopal,https://images.collegedunia.com/public/image/institute/logo_1613819872Logo.png?h=40&w=40&mode=stretch
Nihongomax ,New Delhi,https://images.collegedunia.com/public/image/institute/logo_1613833498unnamed (5).jpg?h=40&w=40&mode=stretch
Phoenix Academy ,Thirumangalam,https://images.collegedunia.com/public/image/institute/logo_1613845797Logo.jpg?h=40&w=40&mode=stretch
Goecode Technologies ,Bangalore,https://images.collegedunia.com/public/image/institute/logo_1613877511logo.png?h=40&w=40&mode=stretch
SAGA Spoken English Institute ,Chennai,https://images.collegedunia.com/public/image/institute/logo_1613884857logo.png?h=40&w=40&mode=stretch
Hi-Tech Institution ,Pondicherry,https://images.collegedunia.com/public/image/institute/logo_1613890711Logo.webp?h=40&w=40&mode=stretch
IAS Tapassu ,Bangalore,https://images.collegedunia.com/public/image/institute/logo_1613892877ias-tapassu-logo.png?h=40&w=40&mode=stretch
Topper IAS (UPSC),Bangalore,https://images.collegedunia.com/public/image/institute/logo_1613895720logo-toppers.png?h=40&w=40&mode=stretch
The British Institute for English Language ,Meerut,https://images.collegedunia.com/public/image/institute/logo_1613910567b1.png?h=40&w=40&mode=stretch
American Institute Of English Language ,Meerut,https://images.collegedunia.com/public/image/institute/logo_1613911854m1.png?h=40&w=40&mode=stretch
Sangeeta's ,New Delhi,https://images.collegedunia.com/public/image/institute/logo_1613918000cropped-logo-1.png?h=40&w=40&mode=stretch
Sharma Steno ,Jaipur,https://images.collegedunia.com/public/image/institute/logo_1613927472logo (15).jpg?h=40&w=40&mode=stretch
VisionGATE ,Thane,https://images.collegedunia.com/public/image/institute/logo_1613975553VisionGATE Logo.jpg?h=40&w=40&mode=stretch
WBCSMadeEasy ,Kolkata,https://images.collegedunia.com/public/image/institute/logo_1613977741WBCS MadeEasy logo.png?h=40&w=40&mode=stretch
CATALYST IAS ACADEMY ,Ranchi,https://images.collegedunia.com/public/image/institute/logo_1613983379Cover.jpeg?h=40&w=40&mode=stretch
Krishti Classes ,Sonepat,https://images.collegedunia.com/public/image/institute/logo_1614006240Logo.png?h=40&w=40&mode=stretch
TechLeum Education ,Kolkata,https://images.collegedunia.com/public/image/institute/logo_1614026134Logo.jpg?h=40&w=40&mode=stretch
New Cambridge College (SAT),Chandigarh,https://images.collegedunia.com/public/image/institute/logo_1614058755logo (4) (2).png?h=40&w=40&mode=stretch
Apex visas ,Bangalore,https://images.collegedunia.com/public/image/institute/logo_1614074567apex_logo.png?h=40&w=40&mode=stretch
Prof S.B's ENGLISH TUITION ,Kolkata,https://images.collegedunia.com/public/image/institute/logo_1614076381prof_logo.jpg?h=40&w=40&mode=stretch
Achievement Competitive Institute ,Kolkata,https://images.collegedunia.com/public/image/institute/logo_1614170062Logo2.JPG?h=40&w=40&mode=stretch
Seo Aim Point ,Bhopal,https://images.collegedunia.com/public/image/institute/logo_1614171258logo.png?h=40&w=40&mode=stretch
Axiom Defence Academy ,Jaipur,https://images.collegedunia.com/public/image/institute/logo_1614233879LOGO.JPG?h=40&w=40&mode=stretch
Apex Institute (JEE Advanced),Ghaziabad,https://images.collegedunia.com/public/image/institute/logo_1634742631Logo.jpg?h=40&w=40&mode=stretch
IIT MINDS (JEE Main),Mumbai,https://images.collegedunia.com/public/image/institute/logo_1614236177iit-minds.jpg?h=40&w=40&mode=stretch
IGNITE Coaching Center ,Thiruvananthapuram,https://images.collegedunia.com/public/image/institute/logo_1614237709LOGO.jpg?h=40&w=40&mode=stretch
Pioneer ,Kannur,https://images.collegedunia.com/public/image/institute/logo_1614240498LOGO.png?h=40&w=40&mode=stretch
Inventologix ,Kolkata,https://images.collegedunia.com/public/image/institute/logo_1614258140Logo.jpg?h=40&w=40&mode=stretch
Arihant Academy (JEE Main),Mumbai,https://images.collegedunia.com/public/image/institute/logo_1614260724logo.jpg?h=40&w=40&mode=stretch
KCR Consultants ,Chennai,https://images.collegedunia.com/public/image/institute/logo_1614272448hqdefault.jpg?h=40&w=40&mode=stretch
Success Path Institute ,New Delhi,https://images.collegedunia.com/public/image/institute/logo_1614306217logo.jpg?h=40&w=40&mode=stretch
Zenith Language Institute ,Thane,https://images.collegedunia.com/public/image/institute/logo_1614315130LOGO (1).JPG?h=40&w=40&mode=stretch
Vakrangee Consultancy ,Hyderabad,https://images.collegedunia.com/public/image/institute/logo_1614325453Vakrangee Consultancy logo.png?h=40&w=40&mode=stretch
Global IAS Academy ,Bangalore,https://images.collegedunia.com/public/image/institute/logo_1614341064LOGO.jpg?h=40&w=40&mode=stretch
School of English Private Limited ,Bangalore,https://images.collegedunia.com/public/image/institute/logo_1614347965LOGO.jpg?h=40&w=40&mode=stretch
DIIT Spoken English And Computer Training Center ,Bangalore,https://images.collegedunia.com/public/image/institute/logo_1614349201LOGO.PNG?h=40&w=40&mode=stretch
Success Steps ,Hyderabad,https://images.collegedunia.com/public/image/institute/logo_1614351282LOGO.png?h=40&w=40&mode=stretch
Best Java Classes in Pune ,Pune,https://images.collegedunia.com/public/image/institute/logo_1614351518Logo.jpg?h=40&w=40&mode=stretch
INSTITUTE OF GERMAN STUDIES ,Bangalore,https://images.collegedunia.com/public/image/institute/logo_1614390808Logo (2).png?h=40&w=40&mode=stretch
Design Space Systems ,Hyderabad,https://images.collegedunia.com/public/image/institute/logo_1614509600Design Space Systems Logo.jpg?h=40&w=40&mode=stretch
Cranberry Overseas Education Consultants ,Mumbai,https://images.collegedunia.com/public/image/institute/logo_1614424675LOGO (6).png?h=40&w=40&mode=stretch
Pramanicus Academy ,Hyderabad,https://images.collegedunia.com/public/image/institute/logo_1614426209LOGO.png?h=40&w=40&mode=stretch
Dicazo Institute (3D Animation),Jaipur,https://images.collegedunia.com/public/image/institute/logo_1614435434LOGO-DICZO.jpeg?h=40&w=40&mode=stretch
Ups Education (Psychology Entrance Coaching) ,New Delhi,https://images.collegedunia.com/public/image/institute/logo_1614435789download.jpg?h=40&w=40&mode=stretch
KPMG India ,Noida,https://images.collegedunia.com/public/image/institute/logo_1614524738AnyConv.com__images (2).jpg?h=40&w=40&mode=stretch
ECAD TECHNOLOGIES (Autocad Training),New Delhi,https://images.collegedunia.com/public/image/institute/logo_1614495704logo (8).png?h=40&w=40&mode=stretch
Wordcreek ,Hyderabad,https://images.collegedunia.com/public/image/institute/logo_1614531314W1.png?h=40&w=40&mode=stretch
Kmindz Education ,Faridabad,https://images.collegedunia.com/public/image/institute/logo_1614531901logo2-2.png?h=40&w=40&mode=stretch
Hi-Tech Animation Delhi ,New Delhi,https://images.collegedunia.com/public/image/institute/logo_1614569867Hi-Tech Animation _logo.jpg?h=40&w=40&mode=stretch
Vlr training ,Hyderabad,https://images.collegedunia.com/public/image/institute/logo_1614575021Logo.png?h=40&w=40&mode=stretch
KUNDU TRAVELS PASSPORT AGENT AND VISA AGENT ,Kolkata,https://images.collegedunia.com/public/image/institute/logo_1614598480LOGO.png?h=40&w=40&mode=stretch
Pice Educare ,Kolkata,https://images.collegedunia.com/public/image/institute/logo_1614599060LOGO.PNG?h=40&w=40&mode=stretch
Diplomat Visa Facilitation Services ,New Delhi,https://images.collegedunia.com/public/image/institute/logo_161467599053052598_2320108341565470_1267656049771413504_o.png?h=40&w=40&mode=stretch
Signature Visas ,New Delhi,https://images.collegedunia.com/public/image/institute/logo_161468933824254950_509191232799270_552924927701973804_o.jpg?h=40&w=40&mode=stretch
iGuru Immigration ,Pune,https://images.collegedunia.com/public/image/institute/logo_1614701524logo.png?h=40&w=40&mode=stretch
Prexam ,Thane,https://images.collegedunia.com/public/image/institute/logo_1614701878logo_full.png?h=40&w=40&mode=stretch
Commerce Whizdom ,Jaipur,https://images.collegedunia.com/public/image/institute/logo_1614703168Logo.png?h=40&w=40&mode=stretch
Dhruv Coaching Classes ,Jaipur,https://images.collegedunia.com/public/image/institute/logo_1614742951Logo.jpg?h=40&w=40&mode=stretch
Jenis Institution ,Pune,https://images.collegedunia.com/public/image/institute/logo_1614747575LOGO.png?h=40&w=40&mode=stretch
EduSuccess ,New Delhi,https://images.collegedunia.com/public/image/institute/logo_1614753202EDUSUCCESS -LOGO.png?h=40&w=40&mode=stretch
SOE Global - School of Excellence ,Chennai,https://images.collegedunia.com/public/image/institute/logo_1614755429LOGO.png?h=40&w=40&mode=stretch
