Institutes Names,Institutes Place,Logo Link
Manidhanaeyam IAS Academy ,Chennai,https://images.collegedunia.com/public/image/institute/logo_1611317464Manidha_ Logo.png?h=40&w=40&mode=stretch
J.S. Institute of Banking and Finance Pvt. Ltd. ,Bangalore,https://images.collegedunia.com/public/image/institute/logo_1611329565JS Logo.jpg?h=40&w=40&mode=stretch
MOVE ACADEMY ,Chennai,https://images.collegedunia.com/public/image/institute/logo_1611330784Move Logo.jpg?h=40&w=40&mode=stretch
Trust Tokyo Japanese Language School Chennai ,Chennai,https://images.collegedunia.com/public/image/institute/logo_1611371154logo.jpg?h=40&w=40&mode=stretch
Success Mantra ,New Delhi,https://images.collegedunia.com/public/image/institute/logo_1623741252Logo.jpeg?h=40&w=40&mode=stretch
EGLOGICS ,Noida,https://images.collegedunia.com/public/image/institute/logo_1611756237LOGO.png?h=40&w=40&mode=stretch
AMIE Coaching Center - Modulation Institute ,New Delhi,https://images.collegedunia.com/public/image/institute/logo_1611757930LOGO.jpg?h=40&w=40&mode=stretch
Study Metro ,Bangalore,https://images.collegedunia.com/public/image/institute/logo_1611920135logo.png?h=40&w=40&mode=stretch
Preplead ,Bangalore,https://images.collegedunia.com/public/image/institute/logo_1611992214preplead_logo (1).JPG?h=40&w=40&mode=stretch
Optimize IT Systems Pvt. Ltd. ,Kolkata,https://images.collegedunia.com/public/image/institute/logo_1612004227Optimize IT Systems Pvt. Ltd. LOGO.png?h=40&w=40&mode=stretch
Ravindra Coaching and Tuition Center ,Chennai,https://images.collegedunia.com/public/image/institute/logo_1612004624logo.png?h=40&w=40&mode=stretch
Mukesh Training Academy ,Kolkata,https://images.collegedunia.com/public/image/institute/logo_1612024102m5.png?h=40&w=40&mode=stretch
Karmick Institute ,Kolkata,https://images.collegedunia.com/public/image/institute/logo_1612085844looogogog.png?h=40&w=40&mode=stretch
Dhakad Concept ,Jaipur,https://images.collegedunia.com/public/image/institute/logo_1612255570Dhakad Conceptlogo-black.png?h=40&w=40&mode=stretch
Ojaank IAS Academy ,New Delhi,https://images.collegedunia.com/public/image/institute/logo_1612345847Logo.jpg?h=40&w=40&mode=stretch
Hyderabad Overseas Consultants ,Hyderabad,https://images.collegedunia.com/public/image/institute/logo_1612456654logo and coverpage.png?h=40&w=40&mode=stretch
PROFLANGS LANGUAGE AND SERVICES ,New Delhi,https://images.collegedunia.com/public/image/institute/logo_1612600727proflangs-language-and-services-dwarka-sector-7-delhi-language-classes-for-english-7l7qxkj9qu.jpg?h=40&w=40&mode=stretch
Karmick Institute ,Kolkata,https://images.collegedunia.com/public/image/institute/logo_1612790358KARMICK INSTITUTE_LOGO.JPG?h=40&w=40&mode=stretch
VPROV ,Hyderabad,https://images.collegedunia.com/public/image/institute/logo_1612842071vprov_logo.JPG?h=40&w=40&mode=stretch
Raghuveera Institute (P) Ltd. ,New Delhi,https://images.collegedunia.com/public/image/institute/logo_1612932196Logo.jpg?h=40&w=40&mode=stretch
Training.com ,Gurgaon,https://images.collegedunia.com/public/image/institute/logo_1613031543NIIT_LOGO.JPG?h=40&w=40&mode=stretch
BRIGHT TRAINING CENTRE ,Chennai,https://images.collegedunia.com/public/image/institute/logo_1613113793logo (2).png?h=40&w=40&mode=stretch
Skytech Institute ,Jaipur,https://images.collegedunia.com/public/image/institute/logo_1613132569Skytech Institute Logo.png?h=40&w=40&mode=stretch
KernelTraining ,Hyderabad,https://images.collegedunia.com/public/image/institute/logo_1613123546logo (6).jpg?h=40&w=40&mode=stretch
Centre for Excellence in Telecom Technology and Management ,Mumbai,https://images.collegedunia.com/public/image/institute/logo_1613151175LOGO.png?h=40&w=40&mode=stretch
GMAC Animation and Multimedia College ,New Delhi,https://images.collegedunia.com/public/image/institute/logo_1613212214G1.png?h=40&w=40&mode=stretch
Live Wires Media Institute ,Bangalore,https://images.collegedunia.com/public/image/institute/logo_1613219233lw.png?h=40&w=40&mode=stretch
Webasha Red hat Linux Training & certification Institute & Center ,Pune,https://images.collegedunia.com/public/image/institute/logo_1613271759logo.jpg?h=40&w=40&mode=stretch
Dronacharya Cricket Academy ,New Delhi,https://images.collegedunia.com/public/image/institute/logo_1634813911Logo.jpg?h=40&w=40&mode=stretch
Narang's Bankers Training Institute (Banking),Gurgaon,https://images.collegedunia.com/public/image/institute/logo_1613572002NBTI-logo-01.png?h=40&w=40&mode=stretch
SureEnglish ,Mumbai,https://images.collegedunia.com/public/image/institute/logo_1613629151dd.jpg?h=40&w=40&mode=stretch
BRICS Academy ,Bangalore,https://images.collegedunia.com/public/image/institute/logo_1613739921logo.png?h=40&w=40&mode=stretch
Manidha Naeyam IAS Academy ,Chennai,https://images.collegedunia.com/public/image/institute/logo_1613807132Logo (12).jpg?h=40&w=40&mode=stretch
SHARMAS PHYSICS CLASSES ,Hyderabad,https://images.collegedunia.com/public/image/institute/logo_1613821469Logo.jpg?h=40&w=40&mode=stretch
Pooja Bansal Classes ,Jaipur,https://images.collegedunia.com/public/image/institute/logo_1613964229Logo.png?h=40&w=40&mode=stretch
Parkus Technologies (P) Ltd ,Bangalore,https://images.collegedunia.com/public/image/institute/logo_1614010110Logo.png?h=40&w=40&mode=stretch
Kiran Learners' Academy ,New Delhi,https://images.collegedunia.com/public/image/institute/logo_1614243489LOGO.png?h=40&w=40&mode=stretch
Lalita Classes ,Mumbai,https://images.collegedunia.com/public/image/institute/logo_1614255180LOGO.png?h=40&w=40&mode=stretch
Pragati IAS ,New Delhi,https://images.collegedunia.com/public/image/institute/logo_1614260193LOGO.png?h=40&w=40&mode=stretch
Logicserve Digital Pvt. Ltd. ,Mumbai,https://images.collegedunia.com/public/image/institute/logo_1614303521Logo (2).jpg?h=40&w=40&mode=stretch
Aesthetic Digital ,Hyderabad,https://images.collegedunia.com/public/image/institute/logo_1614315810LOGO.PNG?h=40&w=40&mode=stretch
Vision Competitive Academy ,Greater Noida,https://images.collegedunia.com/public/image/institute/logo_1614327113LOGO.png?h=40&w=40&mode=stretch
Bright Classes ,Mumbai,https://images.collegedunia.com/public/image/institute/logo_1614403436bright-classes  Logo.png?h=40&w=40&mode=stretch
Greatcoder Technologies Pvt Ltd ,Hyderabad,https://images.collegedunia.com/public/image/institute/logo_1614338956LOGO.png?h=40&w=40&mode=stretch
Sankalp IAS Forum ,Mumbai,https://images.collegedunia.com/public/image/institute/logo_1614349283LOGO.PNG?h=40&w=40&mode=stretch
Mnemonic Education ,New Delhi,https://images.collegedunia.com/public/image/institute/logo_1632320481logo.jpg?h=40&w=40&mode=stretch
Sourav Sir Classes ,New Delhi,https://images.collegedunia.com/public/image/institute/logo_1614536181AnyConv.com__download (1) (1).jpg?h=40&w=40&mode=stretch
Universal IAS ,New Delhi,https://images.collegedunia.com/public/image/institute/logo_1614564808Cover (8).png?h=40&w=40&mode=stretch
Alliance Française de Delhi ,New Delhi,https://images.collegedunia.com/public/image/institute/logo_1614580625_LOGO.jpg?h=40&w=40&mode=stretch
Ace Creative Edutech ,Ahmedabad,https://images.collegedunia.com/public/image/institute/logo_1614663877logo.png?h=40&w=40&mode=stretch
Southern India Regional Council of The Institute of Chartered Accountants of India ,Chennai,https://images.collegedunia.com/public/image/institute/logo_1614608310AnyConv.com__download.jpg?h=40&w=40&mode=stretch
Career Care IELTS and GRE coaching ,Pune,https://images.collegedunia.com/public/image/institute/logo_1614664943LOGO.png?h=40&w=40&mode=stretch
Lex Move ,New Delhi,https://images.collegedunia.com/public/image/institute/logo_1614686178download.png?h=40&w=40&mode=stretch
Trust Tokyo: The Japanese Language School ,Chennai,https://images.collegedunia.com/public/image/institute/logo_161471144212360269_1177064372323092_8310002851529245101_n.jpg?h=40&w=40&mode=stretch
The Institute of Chartered Accountants of India (ICAI) ,Kolkata,https://images.collegedunia.com/public/image/institute/logo_1614842795LOGO (2).jpg?h=40&w=40&mode=stretch
Deeksha ,Bangalore,https://images.collegedunia.com/public/image/institute/logo_1614868114logo.png?h=40&w=40&mode=stretch
Bansal Group Of Institutions ,Bhopal,https://images.collegedunia.com/public/image/institute/logo_1614927507LOGO.png?h=40&w=40&mode=stretch
Deepak Gajrani Classes ,New Delhi,https://images.collegedunia.com/public/image/institute/logo_1614930586LOGO.png?h=40&w=40&mode=stretch
Impetus Gurukul ,Bhopal,https://images.collegedunia.com/public/image/institute/logo_1614942301Logo.png?h=40&w=40&mode=stretch
Zenith Education ,Jaipur,https://images.collegedunia.com/public/image/institute/logo_1615012297zenith-logo.png?h=40&w=40&mode=stretch
"PicklesAnimation - Institute of Animation, Photography, Web Designing, 2D & 3D ",New Delhi,https://images.collegedunia.com/public/image/institute/logo_1615012848pickles_logo.jpg?h=40&w=40&mode=stretch
Sangeet Kedia Academy ,New Delhi,https://images.collegedunia.com/public/image/institute/logo_1615130952logo.png?h=40&w=40&mode=stretch
Neeraj Anand Training Center ,Jalandhar,https://images.collegedunia.com/public/image/institute/logo_1615205304Neeraj Anand Classes LOGO.jpg?h=40&w=40&mode=stretch
Brain Tree ,Hyderabad,https://images.collegedunia.com/public/image/institute/logo_1626169866logo (1).jpg?h=40&w=40&mode=stretch
Thakur Institute of Management Studies ,Mumbai,https://images.collegedunia.com/public/image/institute/logo_1615468845thakur_logo.jpg?h=40&w=40&mode=stretch
Ramaiah Competitive Coaching Centre ,Hyderabad,https://images.collegedunia.com/public/image/institute/logo_1615526856LOGO.jpg?h=40&w=40&mode=stretch
Let's Talk In Chennai ,Chennai,https://images.collegedunia.com/public/image/institute/logo_1615542087Logo.PNG?h=40&w=40&mode=stretch
TMC Shipping - Merchant Navy Coaching Institute ,Mumbai,https://images.collegedunia.com/public/image/institute/logo_1615554964TMC Shipping -Career In Merchant Navy LOGO.png?h=40&w=40&mode=stretch
Acharya Institute of Animation And Design ,Kolkata,https://images.collegedunia.com/public/image/institute/?h=40&w=40&mode=stretch
RAOS Jaipur - IAS RAS Coaching in Jaipur ,Jaipur,https://images.collegedunia.com/public/image/institute/logo_1615604887RAOS_LOGO.JPG?h=40&w=40&mode=stretch
Community Institute of Management Studies ,Bangalore,https://images.collegedunia.com/public/image/institute/logo_1615633296ci_logo.JPG?h=40&w=40&mode=stretch
IAS Winnishers ,Bangalore,https://images.collegedunia.com/public/image/institute/logo_1615654780ias_logo.JPG?h=40&w=40&mode=stretch
GRID R & D ,Bangalore,https://images.collegedunia.com/public/image/institute/logo_161588937848396357_1236909073152608_7082689684316356608_o.png?h=40&w=40&mode=stretch
"Project centers in Chennai for B.E, M.E, PhD ",Chennai,https://images.collegedunia.com/public/image/institute/logo_1615967334LOGO.png?h=40&w=40&mode=stretch
Xmetric Solution Private Limited ,Pune,https://images.collegedunia.com/public/image/institute/logo_1615989282Xmetric Solution Private Limited LOGO.jpg?h=40&w=40&mode=stretch
SolidWorks and Catia Training Centre ,New Delhi,https://images.collegedunia.com/public/image/institute/logo_1616120620LOGO.png?h=40&w=40&mode=stretch
Green International (CAD  Training),Chennai,https://images.collegedunia.com/public/image/institute/logo_1616156499LOGO (53).png?h=40&w=40&mode=stretch
PHOENIX ED ,Kolkata,https://images.collegedunia.com/public/image/institute/logo_1616332804LOGO (59).png?h=40&w=40&mode=stretch
IELTS Online Coaching ,Hyderabad,https://images.collegedunia.com/public/image/institute/logo_1625657609Logo.jpg?h=40&w=40&mode=stretch
Joydeb Sir Classes ,Kolkata,https://images.collegedunia.com/public/image/institute/logo_1616485366Logo.jpg?h=40&w=40&mode=stretch
Academy of Information Technology (YCP) ,Mumbai,https://images.collegedunia.com/public/image/institute/logo_1616646753academy_logo.JPG?h=40&w=40&mode=stretch
Vinsys IT Services India Private Limited ,Hyderabad,https://images.collegedunia.com/public/image/institute/logo_1616729872Outdoor 2.PNG?h=40&w=40&mode=stretch
Rocheston Private Limited ,Chennai,https://images.collegedunia.com/public/image/institute/logo_1616733638LOGO (49).png?h=40&w=40&mode=stretch
Vivekananda Institute of Foreign Languages ,Hyderabad,https://images.collegedunia.com/public/image/institute/logo_161686121632267436_651214968546893_6161692848870653952_n.jpg?h=40&w=40&mode=stretch
Navjyoti Global Solutions Private Limited ,Gurgaon,https://images.collegedunia.com/public/image/institute/logo_1616920701AnyConv.com__logo (12).jpg?h=40&w=40&mode=stretch
Dharmaram Vidya Kshetram ,Bangalore,https://images.collegedunia.com/public/image/institute/logo_1616947815logo.JPG?h=40&w=40&mode=stretch
Tevatron Technologies ,Noida,https://images.collegedunia.com/public/image/institute/logo_1617117597Logo.png?h=40&w=40&mode=stretch
Engineers Classes for Competition ,New Delhi,https://images.collegedunia.com/public/image/institute/logo_1617378128logo.jpg?h=40&w=40&mode=stretch
Guru Institute ,Hyderabad,https://images.collegedunia.com/public/image/institute/logo_1617431529logo.jpg?h=40&w=40&mode=stretch
"""First Step Overseas Consultants ",Ahmedabad,https://images.collegedunia.com/public/image/institute/logo_1617520843logo (31).JPG?h=40&w=40&mode=stretch
Sri Sai Technologies ,Hyderabad,https://images.collegedunia.com/public/image/institute/logo_1617634825Sri Sai Technologies LOGO.jpg?h=40&w=40&mode=stretch
AvekSkills Learning Solution ,Bangalore,https://images.collegedunia.com/public/image/institute/logo_1617685107Avek logo.jpg?h=40&w=40&mode=stretch
HCL Career Development Center ,New Delhi,https://images.collegedunia.com/public/image/institute/logo_1617713723AnyConv.com__HCL LOGO.jpg?h=40&w=40&mode=stretch
ICFAI Business School ,Hyderabad,https://images.collegedunia.com/public/image/institute/logo_1617858062IBS_Logo.jpg?h=40&w=40&mode=stretch
Central Polytechnic College ,Chennai,https://images.collegedunia.com/public/image/institute/logo_1617939597images (58).jpeg?h=40&w=40&mode=stretch
Zybeak Technologies ,Chennai,https://images.collegedunia.com/public/image/institute/logo_1618163217download.png?h=40&w=40&mode=stretch
Image Creative Education Pvt. Ltd. ,Bangalore,https://images.collegedunia.com/public/image/institute/logo_1618220948Image Creative logo.png?h=40&w=40&mode=stretch
"ICEC ,Indo Canada Education Council (Study Abroad)",New Delhi,https://images.collegedunia.com/public/image/institute/logo_1618377733logo (9).jpg?h=40&w=40&mode=stretch
Payal Coaching Sanstha ,Jaipur,https://images.collegedunia.com/public/image/institute/logo_161838733021740659_152572878665156_2748558254488208433_n.jpg?h=40&w=40&mode=stretch
Phoenix Ed ,Kolkata,https://images.collegedunia.com/public/image/institute/logo_1618405463logoBig.png?h=40&w=40&mode=stretch
Vidya Hub ,New Delhi,https://images.collegedunia.com/public/image/institute/logo_1618552948VidyaHub Logo.jpg?h=40&w=40&mode=stretch
Payal Coaching Sanstha (Banking),Jaipur,https://images.collegedunia.com/public/image/institute/logo_1618683544LOGO.JPG?h=40&w=40&mode=stretch
Tevatron Technologies ,Noida,https://images.collegedunia.com/public/image/institute/logo_1618763425Logo.png?h=40&w=40&mode=stretch
Medway Educational Consultant (Study Abroad),New Delhi,https://images.collegedunia.com/public/image/institute/logo_1619158516LOGO (6).png?h=40&w=40&mode=stretch
Headway Classes ,Jaipur,https://images.collegedunia.com/public/image/institute/logo_1619271792Logo.jpeg?h=40&w=40&mode=stretch
SolidWorks and Catia Training Centre ,New Delhi,https://images.collegedunia.com/public/image/institute/logo_1619385754LOGO.png?h=40&w=40&mode=stretch
Bangalore Premier Soccer School - BPSS ,Bangalore,https://images.collegedunia.com/public/image/institute/logo_1619512162logo.png?h=40&w=40&mode=stretch
Delhi Insurance Institute ,New Delhi,https://images.collegedunia.com/public/image/institute/logo_1619715291logo.jpg?h=40&w=40&mode=stretch
CLC Institute ,Sikar,https://images.collegedunia.com/public/image/institute/logo_1619771625logo.png?h=40&w=40&mode=stretch
"iClass, Bangalore ",Bangalore,https://images.collegedunia.com/public/image/institute/logo_1619929523logo.PNG?h=40&w=40&mode=stretch
Banjara Academy ,Bangalore,https://images.collegedunia.com/public/image/institute/logo_1620097278LOGO.JPG?h=40&w=40&mode=stretch
Career Disha Immigration ,Jalandhar,https://images.collegedunia.com/public/image/institute/logo_1620565001logo10-min.png?h=40&w=40&mode=stretch
TMC Shipping  Merchant Navy Coaching Institute ,Mumbai,https://images.collegedunia.com/public/image/institute/logo_1620264974LOGO.png?h=40&w=40&mode=stretch
Madrid Software Training Solutions ,New Delhi,https://images.collegedunia.com/public/image/institute/logo_1620412599madrid Logo.png?h=40&w=40&mode=stretch
EduChannel Global Education Advisors ,Hyderabad,https://images.collegedunia.com/public/image/institute/logo_1620470130logo.PNG?h=40&w=40&mode=stretch
Thakur Institute of Management Studies & Research ,Mumbai,https://images.collegedunia.com/public/image/institute/logo_1620475234download (4).jfif?h=40&w=40&mode=stretch
Visa Assistance ,Bangalore,https://images.collegedunia.com/public/image/institute/logo_1620564289Travel day Cover.jpg?h=40&w=40&mode=stretch
Hyderabad Translation Bureau ,Hyderabad,https://images.collegedunia.com/public/image/institute/logo_1620755465Logo.png?h=40&w=40&mode=stretch
Shruthi Tutorials ,Bangalore,https://images.collegedunia.com/public/image/institute/logo_1620806123Logo.png?h=40&w=40&mode=stretch
Talent Academy ,Thiruvananthapuram,https://images.collegedunia.com/public/image/institute/logo_1624705002TAL.jpg?h=40&w=40&mode=stretch
Motion ,Kota,https://images.collegedunia.com/public/image/institute/logo_16958738502.jpg?h=40&w=40&mode=stretch
Let’s Talk (IELTS),Mumbai,https://images.collegedunia.com/public/image/institute/logo_1634994316Logo (2).png?h=40&w=40&mode=stretch
Maya Academy of Advanced Cinematics - [MAAC] Wanowrie ,Pune,https://images.collegedunia.com/public/image/institute/logo_1654848456maac-logo-01.jpg?h=40&w=40&mode=stretch
Digiaccel ,Gurgaon,https://images.collegedunia.com/public/image/institute/logo_16557233771650624043343.jpg?h=40&w=40&mode=stretch
Pace Coaching Classes ,New Delhi,https://images.collegedunia.com/public/image/institute/logo_166220416112188993_1012954522060731_3379800408768375153_n.png?h=40&w=40&mode=stretch
AttainU ,Bangalore,https://images.collegedunia.com/public/image/institute/logo_1663231731Document1.jpg?h=40&w=40&mode=stretch
VProV ,Hyderabad,https://images.collegedunia.com/public/image/institute/logo_1665475718VPROV LOGO.webp?h=40&w=40&mode=stretch
Gravity Classes ,Lucknow,https://images.collegedunia.com/public/image/institute/logo_1672654036300419787_450151820463258_9202100560056439235_n.jpg?h=40&w=40&mode=stretch
Minerva Study Circle ,Bilaspur,https://images.collegedunia.com/public/image/institute/logo_1676289504Logo.jpg?h=40&w=40&mode=stretch
Aayam Career Institute ,Indore,https://images.collegedunia.com/public/image/institute/logo_1676707100logo.png?h=40&w=40&mode=stretch
Alpha Beta Gamma Academy ,Dehradun,https://images.collegedunia.com/public/image/institute/logo_1676792937logo.png?h=40&w=40&mode=stretch
Frankfinn Institute of Air Hostess Training ,Nagpur,https://images.collegedunia.com/public/image/institute/logo_1678858498logo_16292904821629271139frankfinnlogoc.jpeg?h=40&w=40&mode=stretch
Patna Super 30 ,Patna,https://images.collegedunia.com/public/image/institute/logo_1684406086p logo.png?h=40&w=40&mode=stretch
Aspire IIT & Medical ,Shimla,https://images.collegedunia.com/public/image/institute/logo_1685771296as logo.png?h=40&w=40&mode=stretch
Frankfinn Institute of Air Hostess Training ,Kolkata,https://images.collegedunia.com/public/image/institute/logo_1685939279f l.jpg?h=40&w=40&mode=stretch
TIME Institute ,Indore,https://images.collegedunia.com/public/image/institute/logo_1686909331t1.png?h=40&w=40&mode=stretch
TIME Institute ,Kolkata,https://images.collegedunia.com/public/image/institute/logo_1687507049t1.png?h=40&w=40&mode=stretch
Endeavor Careers ,Bangalore,https://images.collegedunia.com/public/image/institute/logo_16895719701.png?h=40&w=40&mode=stretch
"Jetking, Shivajinagar ",Bangalore,https://images.collegedunia.com/public/image/institute/logo_1690193121111.jpg?h=40&w=40&mode=stretch
PLUTUS IAS ,Bangalore,https://images.collegedunia.com/public/image/institute/logo_1691151653logo_1612002359Logo.webp?h=40&w=40&mode=stretch
Tarun IAS ,New Delhi,https://images.collegedunia.com/public/image/institute/logo_1693996702a.png?h=40&w=40&mode=stretch
PACE Powai ,Mumbai,https://images.collegedunia.com/public/image/institute/logo_1696937621logo.png?h=40&w=40&mode=stretch
Abhyanand Super 30 ,Patna,https://images.collegedunia.com/public/image/institute/logo_169823730311111.png?h=40&w=40&mode=stretch
Sri Chaitanya ,Bhopal,https://images.collegedunia.com/public/image/institute/logo_1700467177logo.jpg?h=40&w=40&mode=stretch
Sri Chaitanya ,Lucknow,https://images.collegedunia.com/public/image/institute/logo_1700804801logo.jpg?h=40&w=40&mode=stretch
Helix Institute ,Chandigarh,https://images.collegedunia.com/public/image/institute/logo_1701414858ccc.jpg?h=40&w=40&mode=stretch
Beta IIT-NEET Academy ,Surat,https://images.collegedunia.com/public/image/institute/logo_1701671705dsadsa.jpg?h=40&w=40&mode=stretch
IMA Jodhpur ,Jodhpur,https://images.collegedunia.com/public/image/institute/logo_17025392933.jpg?h=40&w=40&mode=stretch
Gaikwad Classes Aurangabad ,Aurangabad,https://images.collegedunia.com/public/image/institute/logo_1702986963gaikwad logo.jpg?h=40&w=40&mode=stretch
"Wordpress, Drupal and UI Training in dilsukhnagar ",Hyderabad,https://images.collegedunia.com/public/image/institute/logo_1609597721logo.jpg?h=40&w=40&mode=stretch
Pioneer Academy ,Pune,https://images.collegedunia.com/public/image/institute/logo_1592470694pioneer logo.PNG?h=40&w=40&mode=stretch
Vision IAS ,New Delhi,https://images.collegedunia.com/public/image/institute/logo_1592499414vision ias logo.jpg?h=40&w=40&mode=stretch
Vajiram & Ravi Institute ,New Delhi,https://images.collegedunia.com/public/image/institute/logo_1623413013vrl.jpg?h=40&w=40&mode=stretch
Race Institute ,Bangalore,https://images.collegedunia.com/public/image/institute/logo_1592776680race logo.png?h=40&w=40&mode=stretch
Brainstorm Consulting ,Bangalore,https://images.collegedunia.com/public/image/institute/logo_1593148197brainstorming.jpeg?h=40&w=40&mode=stretch
Adyayan Matra (CTET),New Delhi,https://images.collegedunia.com/public/image/institute/logo_1622550552adhyayan mantra logo.jpg?h=40&w=40&mode=stretch
PMT Academy ,New Delhi,https://images.collegedunia.com/public/image/institute/logo_1593867457logo.png?h=40&w=40&mode=stretch
Target PMT ,New Delhi,https://images.collegedunia.com/public/image/institute/logo_1594006817logo_outer1.png?h=40&w=40&mode=stretch
Sriram's IAS ,New Delhi,https://images.collegedunia.com/public/image/institute/logo_1625740209Logo.png?h=40&w=40&mode=stretch
Educational Development and Enrichment Network IAS ,New Delhi,https://images.collegedunia.com/public/image/institute/logo_1594061699eden logo.png?h=40&w=40&mode=stretch
Pragnya IAS Academy ,Bangalore,https://images.collegedunia.com/public/image/institute/logo_1594797862pragnya.png?h=40&w=40&mode=stretch
SRK IAS Academy ,Tambaram,https://images.collegedunia.com/public/image/institute/logo_1594958977logo SRK.jpg?h=40&w=40&mode=stretch
Vetrii IAS Study Circle (UPSC),Chennai,https://images.collegedunia.com/public/image/institute/logo_1594976437VETRII logo.gif?h=40&w=40&mode=stretch
Guidance IAS Institute ,New Delhi,https://images.collegedunia.com/public/image/institute/logo_1626782230Logo 2.png?h=40&w=40&mode=stretch
R.C.Reddy IAS Study Circle ,Hyderabad,https://images.collegedunia.com/public/image/institute/logo_1634832497Logo - Copy.png?h=40&w=40&mode=stretch
IIT Point ,Nagpur,https://images.collegedunia.com/public/image/institute/logo_1595934248iit p.png?h=40&w=40&mode=stretch
Rational Tutorials ,Mumbai,https://images.collegedunia.com/public/image/institute/logo_1605987049logo.jpg?h=40&w=40&mode=stretch
Edudigm ,Kolkata,https://images.collegedunia.com/public/image/institute/logo_1596187143Edudigm logo.png?h=40&w=40&mode=stretch
IITians LEARN ,Mumbai,https://images.collegedunia.com/public/image/institute/logo_1596184577iit learn.png?h=40&w=40&mode=stretch
Extramarks Smart Coaching Centre (JEE Main),Noida,https://images.collegedunia.com/public/image/institute/logo_1624086335EX.PNG?h=40&w=40&mode=stretch
Parishrama NEET Academy (NEET),Bangalore,https://images.collegedunia.com/public/image/institute/logo_1596632396freesnippingtool.com_capture_20200805133949.png?h=40&w=40&mode=stretch
Sapiens IAS ,New Delhi,https://images.collegedunia.com/public/image/institute/logo_1597074159sapiens-logo-1.png?h=40&w=40&mode=stretch
"Qh Engineers Zone (GATE,IES, PSUs) ",New Delhi,https://images.collegedunia.com/public/image/institute/logo_1597382398qh 1.jpg?h=40&w=40&mode=stretch
Paradigm IAS Academy ,Pune,https://images.collegedunia.com/public/image/institute/logo_1597928847pl.PNG?h=40&w=40&mode=stretch
Delhi Academy of Medical Science ,New Delhi,https://images.collegedunia.com/public/image/institute/logo_1597904315download (9).jpg?h=40&w=40&mode=stretch
"Universal Coaching Centre (IAS, KAS) ",Bangalore,https://images.collegedunia.com/public/image/institute/logo_1597763172ucc logo.png?h=40&w=40&mode=stretch
CAT 2 CET Mentors (CAT),Pune,https://images.collegedunia.com/public/image/institute/logo_1598471492cat2cet logo.jpg?h=40&w=40&mode=stretch
Engineering Career Tutorial (GATE/ESE/PSU) ,Jaipur,https://images.collegedunia.com/public/image/institute/logo_1598943431engineering tutorial logo.png?h=40&w=40&mode=stretch
URACC Institute of English Speaking (ENGLISH LANGUAGE),New Delhi,https://images.collegedunia.com/public/image/institute/logo_1601305464uracc logo.jpg?h=40&w=40&mode=stretch
Croma campus ,Noida,https://images.collegedunia.com/public/image/institute/logo_1601825797logo.png?h=40&w=40&mode=stretch
TechVidya Training Institute (Python Training),New Delhi,https://images.collegedunia.com/public/image/institute/logo_1601875074tech cover.png?h=40&w=40&mode=stretch
NXT Learning ,Hyderabad,https://images.collegedunia.com/public/image/institute/logo_1602018036nlogo.jpg?h=40&w=40&mode=stretch
Skillridge Academy ,Hyderabad,https://images.collegedunia.com/public/image/institute/logo_1602159903download (1).jpg?h=40&w=40&mode=stretch
Machine learning training in Hyderabad- Analytics path ,Hyderabad,https://images.collegedunia.com/public/image/institute/logo_1602215814logo.png?h=40&w=40&mode=stretch
Analytics Path Academy ,Hyderabad,https://images.collegedunia.com/public/image/institute/logo_1602319743logo.png?h=40&w=40&mode=stretch
Prime Classes ,Hyderabad,https://images.collegedunia.com/public/image/institute/logo_1602557814Prime_Classes.png?h=40&w=40&mode=stretch
Training institute ,Noida,https://images.collegedunia.com/public/image/institute/logo_1603172002log.jpeg?h=40&w=40&mode=stretch
IRIS HIGHTECH PVT LTD (Best SOLIDWORKS Training Institute in Delhi) ,New Delhi,https://images.collegedunia.com/public/image/institute/logo_1603214237iris-hightech-logo.png?h=40&w=40&mode=stretch
Ogma TechLab Academy ,Kolkata,https://images.collegedunia.com/public/image/institute/logo_1603391802logo2.png?h=40&w=40&mode=stretch
Open Source Technologies ,Hyderabad,https://images.collegedunia.com/public/image/institute/logo_1603435620ostlogo.png?h=40&w=40&mode=stretch
UCPL Technologies ,New Delhi,https://images.collegedunia.com/public/image/institute/logo_1603447386logo.png?h=40&w=40&mode=stretch
IKYA Global ,Hyderabad,https://images.collegedunia.com/public/image/institute/logo_1607007327download (10).jfif?h=40&w=40&mode=stretch
MindScripts Technologies ,Pune,https://images.collegedunia.com/public/image/institute/logo_1605669771logo.jpg?h=40&w=40&mode=stretch
Ascendency ,Chennai,https://images.collegedunia.com/public/image/institute/logo_1606447751as-logo.png?h=40&w=40&mode=stretch
Tech Explica ,New Delhi,https://images.collegedunia.com/public/image/institute/logo_1606802044hgfd.JPG?h=40&w=40&mode=stretch
ERPTREE ,Hyderabad,https://images.collegedunia.com/public/image/institute/logo_1607072304download (4).png?h=40&w=40&mode=stretch
PAL INDIA COMPUTER EDUCATION ,Mumbai,https://images.collegedunia.com/public/image/institute/logo_1607145608logo PAN.png?h=40&w=40&mode=stretch
i3indya Technologies ,Noida,https://images.collegedunia.com/public/image/institute/logo_1607335832logo (2).png?h=40&w=40&mode=stretch
Nimap Infotech (UI UX),Mumbai,https://images.collegedunia.com/public/image/institute/logo_1607339899nimap-logo.png?h=40&w=40&mode=stretch
Locus IT Services Pvt. Ltd ,Bangalore,https://images.collegedunia.com/public/image/institute/logo_1612354565logooo.png?h=40&w=40&mode=stretch
CAD ODYSSEY ,Hyderabad,https://images.collegedunia.com/public/image/institute/logo_1607490666logo (2).png?h=40&w=40&mode=stretch
Java Fast track (JAVA Training),Bangalore,https://images.collegedunia.com/public/image/institute/logo_1607492465s.png?h=40&w=40&mode=stretch
Novel Institute Of Engineering Design and Cnc Programming ,Ghaziabad,https://images.collegedunia.com/public/image/institute/logo_1607506285lo.png?h=40&w=40&mode=stretch
USAM Technology Solutions Pvt Ltd ,Chennai,https://images.collegedunia.com/public/image/institute/logo_1607574294logo USAM.jpg?h=40&w=40&mode=stretch
Rooman Technologies ,Bangalore,https://images.collegedunia.com/public/image/institute/logo_1608550294925762564s.png?h=40&w=40&mode=stretch
INNOVENT Engineering ,Bangalore,https://images.collegedunia.com/public/image/institute/logo_1607694634logo.png?h=40&w=40&mode=stretch
Novatech Robo ,Bangalore,https://images.collegedunia.com/public/image/institute/logo_1607688890download.jpg?h=40&w=40&mode=stretch
GlobalEdx Learning and Technology Solutions Private Limited ,Hyderabad,https://images.collegedunia.com/public/image/institute/logo_1607760003logo-global-edx-small.png?h=40&w=40&mode=stretch
Sarva Sudarsanaa Academy ,Chennai,https://images.collegedunia.com/public/image/institute/logo_1607779446slogo.jpg?h=40&w=40&mode=stretch
FutureAcad (Cyber Forensics Online Training),Bangalore,https://images.collegedunia.com/public/image/institute/logo_1676529343logo.jpg?h=40&w=40&mode=stretch
NETWORK SHAALA (CCNA),Bangalore,https://images.collegedunia.com/public/image/institute/logo_1607788784download.jpg?h=40&w=40&mode=stretch
TIF Labs - Robocraze ,Hyderabad,https://images.collegedunia.com/public/image/institute/logo_1607790064cropped-TIF_png.png?h=40&w=40&mode=stretch
PINNACLE OVERSEAS CONSULTANTS ,Hyderabad,https://images.collegedunia.com/public/image/institute/logo_1608804070logo (3).png?h=40&w=40&mode=stretch
Mlewzklawz IT Solutions Pvt Ltd ,Bangalore,https://images.collegedunia.com/public/image/institute/logo_1608886118logo (2).jpeg?h=40&w=40&mode=stretch
Cadpoint ,Chennai,https://images.collegedunia.com/public/image/institute/logo_1609007108logo1.png?h=40&w=40&mode=stretch
TryDigital ,Howrah,https://images.collegedunia.com/public/image/institute/logo_1609008043LOGO (1).PNG?h=40&w=40&mode=stretch
Infra Web Marketing ,Kolkata,https://images.collegedunia.com/public/image/institute/logo_1609228686Logo (1).jpeg?h=40&w=40&mode=stretch
Mavis Edutech ,New Delhi,https://images.collegedunia.com/public/image/institute/logo_1609247007Logo.jpg?h=40&w=40&mode=stretch
Pantech Solutions Private Limited ,Hyderabad,https://images.collegedunia.com/public/image/institute/logo_1609309500Logo.jpg?h=40&w=40&mode=stretch
Thakurpukur Youth Computer Training Center ,Kolkata,https://images.collegedunia.com/public/image/institute/logo_1609313850t8.png?h=40&w=40&mode=stretch
Sanjay Saraf Educational Institute Private Limited ,Kolkata,https://images.collegedunia.com/public/image/institute/logo_1609392453sse logo.png?h=40&w=40&mode=stretch
"uGenius- Best Online Coaching | SSC| BBA | B.El.Ed Entrance | CET Polytechnic, Diploma, B.Tech, LEET | B.Ed Entrance| Bank PO| Clerk ",New Delhi,https://images.collegedunia.com/public/image/institute/logo_1609415801ugenius cover.jpg?h=40&w=40&mode=stretch
IIHT Howrah ,Howrah,https://images.collegedunia.com/public/image/institute/logo_1634732452Logo.png?h=40&w=40&mode=stretch
Insomniacs ,Mumbai,https://images.collegedunia.com/public/image/institute/logo_1609619014logo (3).jpg?h=40&w=40&mode=stretch
The GATE Academy ,Kolkata,https://images.collegedunia.com/public/image/institute/logo_1622732592Logo.jpg?h=40&w=40&mode=stretch
IBT PO Bank Coaching ,Kolkata,https://images.collegedunia.com/public/image/institute/logo_1609682721logo.jpg?h=40&w=40&mode=stretch
Mother's Education Hub ,Jaipur,https://images.collegedunia.com/public/image/institute/logo_1610169597mothers edu logo.jpg?h=40&w=40&mode=stretch
Webel Computer Training Centre ,Kolkata,https://images.collegedunia.com/public/image/institute/logo_1610308467logo webel.jpg?h=40&w=40&mode=stretch
COMPUTEC PROFESSIONALS GROUP ,New Delhi,"https://images.collegedunia.com/public/image/institute/logo_1610378679logo.,.,.jpg?h=40&w=40&mode=stretch"
Aryabhatta Career Academy ,Jaipur,https://images.collegedunia.com/public/image/institute/logo_1610561479logo.jpg?h=40&w=40&mode=stretch
Bansal Classes ,Kota,https://images.collegedunia.com/public/image/institute/logo_1696854305B_Logo.jpg?h=40&w=40&mode=stretch
Comfotec Engineering Consultants Pvt Ltd ,Madhavapuram,https://images.collegedunia.com/public/image/institute/logo_1610822631Logo (7).jpg?h=40&w=40&mode=stretch
School of Nursing and Medical Technology ,Kolkata,https://images.collegedunia.com/public/image/institute/logo_1610955716Logo.jpg?h=40&w=40&mode=stretch
GenY Medium ,Hyderabad,https://images.collegedunia.com/public/image/institute/logo_1610976733Logo.jpeg?h=40&w=40&mode=stretch
Navjyoti Global Solutions Private Limited ,Gurgaon,https://images.collegedunia.com/public/image/institute/logo_1610982194Logo.png?h=40&w=40&mode=stretch
Foreign Trade Academy ,New Delhi,https://images.collegedunia.com/public/image/institute/logo_1611066616Logo.jpg?h=40&w=40&mode=stretch
Varnaaz Technologies ,Bangalore,https://images.collegedunia.com/public/image/institute/logo_1611197738varnaaz-technologies-3606652-770dd66.jpeg?h=40&w=40&mode=stretch
VishwaBharati Academy ,Pune,https://images.collegedunia.com/public/image/institute/logo_1611388450AnyConv.com__LOGOO.jpg?h=40&w=40&mode=stretch
Braincandy Academy ,Navi Mumbai,https://images.collegedunia.com/public/image/institute/logo_1611543224Logo.png?h=40&w=40&mode=stretch
IITian's Academy ,Pune,https://images.collegedunia.com/public/image/institute/logo_1611899920logo 3.png?h=40&w=40&mode=stretch
Encoders Technologies ,Kolkata,https://images.collegedunia.com/public/image/institute/logo_1611989849Encoders Technologies  LOGO.png?h=40&w=40&mode=stretch
Rcare ,New Delhi,https://images.collegedunia.com/public/image/institute/logo_1611993716logo-rcare.png?h=40&w=40&mode=stretch
NR IAS ACADEMY ,Chennai,https://images.collegedunia.com/public/image/institute/logo_1611993182logo.png?h=40&w=40&mode=stretch
Nini Chinese Language Center ,Hyderabad,https://images.collegedunia.com/public/image/institute/logo_161210725216831002_1290120127722525_5709955836414489543_n.png?h=40&w=40&mode=stretch
Kizoku Japanese Language Institute ,New Delhi,https://images.collegedunia.com/public/image/institute/logo_1612009213k1.png?h=40&w=40&mode=stretch
Topper's Institute ,Kanpur,https://images.collegedunia.com/public/image/institute/logo_1612443720Topper's Institute Logo.png?h=40&w=40&mode=stretch
Dygitech ,Kolkata,https://images.collegedunia.com/public/image/institute/logo_1612498290logo.png?h=40&w=40&mode=stretch
SSV Montessori ,Chennai,https://images.collegedunia.com/public/image/institute/logo_1612511892images (66).jpeg?h=40&w=40&mode=stretch
Success Computer Academy ,Bhopal,https://images.collegedunia.com/public/image/institute/logo_1612600306LOGO (15).jpg?h=40&w=40&mode=stretch
Competition Gurukul ,New Delhi,https://images.collegedunia.com/public/image/institute/logo_1612856609Logo.jpg?h=40&w=40&mode=stretch
IITian's Academy ,Pune,https://images.collegedunia.com/public/image/institute/logo_1612862248logo.png?h=40&w=40&mode=stretch
Dhitos ,New Delhi,https://images.collegedunia.com/public/image/institute/logo_1612954961Logo.png?h=40&w=40&mode=stretch
MIES ,Howrah,https://images.collegedunia.com/public/image/institute/logo_1612956828logo.png?h=40&w=40&mode=stretch
The Digital Marketing Training Institute ,Mumbai,https://images.collegedunia.com/public/image/institute/logo_1612983413LOGO.png?h=40&w=40&mode=stretch
NR IAS Academy ,Chennai,https://images.collegedunia.com/public/image/institute/logo_1627379322Logo.jpg?h=40&w=40&mode=stretch
Samiksha Institute ,Gwalior,https://images.collegedunia.com/public/image/institute/logo_1613633712LOGO (2).jpeg?h=40&w=40&mode=stretch
Satguru Academy ,Mumbai,https://images.collegedunia.com/public/image/institute/logo_1613644262logo.png?h=40&w=40&mode=stretch
Shekhawati Institute (Banking),New Delhi,https://images.collegedunia.com/public/image/institute/logo_1613661089download (1).jpg?h=40&w=40&mode=stretch
Spirit Academy ,Kolkata,https://images.collegedunia.com/public/image/institute/logo_1613716703Spirit academy Logo.png?h=40&w=40&mode=stretch
ProGATE GATE Coaching ,Mumbai,https://images.collegedunia.com/public/image/institute/logo_1613722982AnyConv.com__LOGO.jpg?h=40&w=40&mode=stretch
Velocity Coaching Institute ,Raipur,https://images.collegedunia.com/public/image/institute/logo_1613728783Logo.jpg?h=40&w=40&mode=stretch
K2 Learning ,Bangalore,https://images.collegedunia.com/public/image/institute/logo_1613969915Logo.png?h=40&w=40&mode=stretch
Clat Next Institute ,New Delhi,https://images.collegedunia.com/public/image/institute/logo_1614061381Clat Next Institute Logo.jpg?h=40&w=40&mode=stretch
Velocity Coaching Institute ,Raigarh,https://images.collegedunia.com/public/image/institute/logo_1614092867Logo.jpg?h=40&w=40&mode=stretch
Big Data Analytics ,Hyderabad,https://images.collegedunia.com/public/image/institute/logo_1614134926logo.png?h=40&w=40&mode=stretch
Fragomen ,Bangalore,https://images.collegedunia.com/public/image/institute/logo_1614155270logo.png?h=40&w=40&mode=stretch
VenturaWorld Pvt Ltd ,Bangalore,https://images.collegedunia.com/public/image/institute/logo_1614260281logo.png?h=40&w=40&mode=stretch
Air hostess training academy ,Mumbai,https://images.collegedunia.com/public/image/institute/logo_1614317266LOGO.png?h=40&w=40&mode=stretch
Cadodyssey ,Hyderabad,https://images.collegedunia.com/public/image/institute/logo_1614406032CADOdyssey Logo.png?h=40&w=40&mode=stretch
AIM HI Chennai Overseas Education - Immigration - Training Consulting ,Chennai,https://images.collegedunia.com/public/image/institute/logo_1614464741Logo (5).jpg?h=40&w=40&mode=stretch
IES Academy ,New Delhi,https://images.collegedunia.com/public/image/institute/logo_1614524815LOGO (6).jpg?h=40&w=40&mode=stretch
EIILM Kolkata ,Kolkata,https://images.collegedunia.com/public/image/institute/logo_1614794495LOGO.PNG?h=40&w=40&mode=stretch
IBS Institute Rohini ,New Delhi,https://images.collegedunia.com/public/image/institute/logo_1614853388LOGO.jpg?h=40&w=40&mode=stretch
Jain Coaching Centre ,Kolkata,https://images.collegedunia.com/public/image/institute/logo_1615024859Jain Coaching Centre LOGO.png?h=40&w=40&mode=stretch
FOREIGN TRADE ACADEMY ,New Delhi,https://images.collegedunia.com/public/image/institute/logo_1615035228LOGO (10).png?h=40&w=40&mode=stretch
CSB IAS Academy ,Hyderabad,https://images.collegedunia.com/public/image/institute/logo_1626710214Logo.jpg?h=40&w=40&mode=stretch
JRS Santiago Academy (Electronics and Communication Engineering),Chennai,https://images.collegedunia.com/public/image/institute/logo_1615386645LOGO (8).jpg?h=40&w=40&mode=stretch
Locus IT Services Pvt. Ltd ,Bangalore,https://images.collegedunia.com/public/image/institute/logo_1615388872LOGO (27).png?h=40&w=40&mode=stretch
Jama Institute ,New Delhi,https://images.collegedunia.com/public/image/institute/logo_1615463389jama_logo1.JPG?h=40&w=40&mode=stretch
Gray School ,Hyderabad,https://images.collegedunia.com/public/image/institute/logo_1615525958Logo.jpg?h=40&w=40&mode=stretch
Adiniru Academy ,Aluva,https://images.collegedunia.com/public/image/institute/logo_1615572352adhiniru_logo.JPG?h=40&w=40&mode=stretch
VishwaBharati Academy ,Pune,https://images.collegedunia.com/public/image/institute/logo_1615610848VISHWABHARATI GURUKUL_LOGO.JPG?h=40&w=40&mode=stretch
Youth Computer Training Center ,Kolkata,https://images.collegedunia.com/public/image/institute/logo_1615648171unnamed (4).png?h=40&w=40&mode=stretch
WINNY immigration & Education services Pvt ltd ,Mumbai,https://images.collegedunia.com/public/image/institute/logo_1615737808Winny Logo.png?h=40&w=40&mode=stretch
Mystery Infotech Pvt Ltd ,Bangalore,https://images.collegedunia.com/public/image/institute/logo_1615796233LOGO.png?h=40&w=40&mode=stretch
Yash Classes ,Mumbai,https://images.collegedunia.com/public/image/institute/logo_1615948031Logo.png?h=40&w=40&mode=stretch
Apparel Training & Design Centre ,Chennai,https://images.collegedunia.com/public/image/institute/logo_1615955728logo (31).png?h=40&w=40&mode=stretch
LiquidHub ,Bangalore,https://images.collegedunia.com/public/image/institute/logo_1616048742logo.jpg?h=40&w=40&mode=stretch
Bleap Digital Marketing ,Chennai,https://images.collegedunia.com/public/image/institute/logo_1616133468Logo.png?h=40&w=40&mode=stretch
Kasturba institute of technology ,New Delhi,https://images.collegedunia.com/public/image/institute/logo_1616310018Logo.png?h=40&w=40&mode=stretch
Swami Keshvanand Institute of Pharmacy ,Jaipur,https://images.collegedunia.com/public/image/institute/?h=40&w=40&mode=stretch
Spellbound Centre for Professional Studies ,Hyderabad,https://images.collegedunia.com/public/image/institute/logo_1616592679logo.PNG?h=40&w=40&mode=stretch
Abroad Unified Pathway Program ,New Delhi,https://images.collegedunia.com/public/image/institute/logo_1616679179Logo.jpg?h=40&w=40&mode=stretch
IoT Geeks ,Chennai,https://images.collegedunia.com/public/image/institute/logo_1616729464Logo (46).png?h=40&w=40&mode=stretch
Dams Classes ,New Delhi,https://images.collegedunia.com/public/image/institute/logo_1616856547Dams_logo.JPG?h=40&w=40&mode=stretch
GR Study Circle ,Hyderabad,https://images.collegedunia.com/public/image/institute/logo_1616866097logo.jpg?h=40&w=40&mode=stretch
Hamstech College of Creative Education ,Hyderabad,https://images.collegedunia.com/public/image/institute/logo_1616921483logo.jpg?h=40&w=40&mode=stretch
R K Academy ,Hyderabad,https://images.collegedunia.com/public/image/institute/logo_1616922200AnyConv.com__images (17).jpg?h=40&w=40&mode=stretch
Brooklyn National Public School ,Bangalore,https://images.collegedunia.com/public/image/institute/logo_1616947148logo.JPG?h=40&w=40&mode=stretch
Globibo India - Translation & Language Learning ,New Delhi,https://images.collegedunia.com/public/image/institute/logo_1616950099logo.JPG?h=40&w=40&mode=stretch
Dhitos Digicate Private Limited ,New Delhi,https://images.collegedunia.com/public/image/institute/logo_1617187129LOGO.png?h=40&w=40&mode=stretch
IBPS Guide (SSC),Tindivanam,https://images.collegedunia.com/public/image/institute/logo_1617212802logo (6).jpg?h=40&w=40&mode=stretch
Tecxperts ,New Delhi,https://images.collegedunia.com/public/image/institute/logo_1617252326logo1.png?h=40&w=40&mode=stretch
Institute Of International Teachers Training ,Kolkata,https://images.collegedunia.com/public/image/institute/logo_1617344795logo (12).jpg?h=40&w=40&mode=stretch
Grade Stack Learning Pvt. Ltd. (aka Gradeup) (SSC),Noida,https://images.collegedunia.com/public/image/institute/logo_1617374651logo (15).jpg?h=40&w=40&mode=stretch
Rachnoutsav College of Commerce and Management ,Hyderabad,https://images.collegedunia.com/public/image/institute/logo_1617448373logo.png?h=40&w=40&mode=stretch
Mother's Education Hub ,Jaipur,https://images.collegedunia.com/public/image/institute/logo_1617631941logo.png?h=40&w=40&mode=stretch
T N Academy ,Bahadurgarh,https://images.collegedunia.com/public/image/institute/logo_1617633022logo.png?h=40&w=40&mode=stretch
Computer Dot Com ,Kolkata,https://images.collegedunia.com/public/image/institute/logo_1618322070COMPUTER DOT COM LOGO.jpg?h=40&w=40&mode=stretch
School of Nursing & Medical Technology ,Kolkata,https://images.collegedunia.com/public/image/institute/logo_1617774318nursing logo.jpg?h=40&w=40&mode=stretch
WebNet Creatives ,New Delhi,https://images.collegedunia.com/public/image/institute/logo_1617791244WebNEet  Logo.png?h=40&w=40&mode=stretch
Collabs Immigration ,New Delhi,https://images.collegedunia.com/public/image/institute/logo_161784746227750132_224383154775297_673595119155826785_n.png?h=40&w=40&mode=stretch
Leveetech eCommerce Services Private Limited ,Chennai,https://images.collegedunia.com/public/image/institute/logo_1617865921leveetech.jpg?h=40&w=40&mode=stretch
Academy of Fashion & Art ,New Delhi,https://images.collegedunia.com/public/image/institute/logo_1617880598LOGO.jpg?h=40&w=40&mode=stretch
Sri Adichunchanagiri College ,Bangalore,https://images.collegedunia.com/public/image/institute/logo_1617977443trust-logo.jpg?h=40&w=40&mode=stretch
Vie Support Language Services Pvt. Ltd. ,Chennai,https://images.collegedunia.com/public/image/institute/logo_161808659433063231_450181702072438_1795968616663875584_n.jpg?h=40&w=40&mode=stretch
Animaster College of Animation and Design ,Bangalore,https://images.collegedunia.com/public/image/institute/logo_1618118400n1.jpg?h=40&w=40&mode=stretch
West Bengal Minorities’ Development and Finance Corporation (UPSC),Kolkata,https://images.collegedunia.com/public/image/institute/logo_161814473487850133_504824880099782_4994551068324003840_n.jpg?h=40&w=40&mode=stretch
Ysm Classes (UPSC),Jaipur,https://images.collegedunia.com/public/image/institute/logo_161815883967608280_714470622338045_948478896653729792_n.jpg?h=40&w=40&mode=stretch
Dhitos Digicate Private Limited ,New Delhi,https://images.collegedunia.com/public/image/institute/logo_1618177980LOGO.png?h=40&w=40&mode=stretch
Global Degrees ,Hyderabad,https://images.collegedunia.com/public/image/institute/logo_1618490607LOGO.png?h=40&w=40&mode=stretch
Brilliance Classes ,Mumbai,https://images.collegedunia.com/public/image/institute/logo_1618749367Logo.jpg?h=40&w=40&mode=stretch
The Brand Saloon ,Mumbai,https://images.collegedunia.com/public/image/institute/logo_1618767823Logo.png?h=40&w=40&mode=stretch
Zee Institute of Creative Art ,Mumbai,https://images.collegedunia.com/public/image/institute/logo_1619242075logo.jpg?h=40&w=40&mode=stretch
Apsys Solutions ,Bangalore,https://images.collegedunia.com/public/image/institute/logo_1619243382LOGO.jpg?h=40&w=40&mode=stretch
Ramaiah Officers IAS Academy ,Bangalore,https://images.collegedunia.com/public/image/institute/logo_1619891201logo.jpg?h=40&w=40&mode=stretch
Make Visas ,New Delhi,https://images.collegedunia.com/public/image/institute/logo_1620146027logo.PNG?h=40&w=40&mode=stretch
National Institute of Technical Services Centre ,Hyderabad,https://images.collegedunia.com/public/image/institute/logo_1620211858logo.jpg?h=40&w=40&mode=stretch
"Balaji Institute Of Modern Management, Pune ",Pune,https://images.collegedunia.com/public/image/institute/logo_1620240603logo.1.jpg?h=40&w=40&mode=stretch
JKT Consulting Limited ,Noida,https://images.collegedunia.com/public/image/institute/logo_1620328415LOGO.png?h=40&w=40&mode=stretch
Analytics Path ,Hyderabad,https://images.collegedunia.com/public/image/institute/logo_1620389436Logo (60).png?h=40&w=40&mode=stretch
Vision Global Solutions ,Bangalore,https://images.collegedunia.com/public/image/institute/logo_1620417470logo.png?h=40&w=40&mode=stretch
HSN Software Technology ,Hyderabad,https://images.collegedunia.com/public/image/institute/logo_1620660769LOGO.png?h=40&w=40&mode=stretch
Career Pundits ,Hyderabad,https://images.collegedunia.com/public/image/institute/logo_1620809710Logo.gif?h=40&w=40&mode=stretch
Universal Institute of Legal Studies ,New Delhi,https://images.collegedunia.com/public/image/institute/logo_162312930210270316_10150395955854950_170985128091614896_n.jpg?h=40&w=40&mode=stretch
Kone Elevator ,Chennai,https://images.collegedunia.com/public/image/institute/logo_1629303166Logo.png?h=40&w=40&mode=stretch
The True School of Music ,Thane,https://images.collegedunia.com/public/image/institute/logo_16421355712.png?h=40&w=40&mode=stretch
Hero Vired ,New Delhi,https://images.collegedunia.com/public/image/institute/logo_1650879544Hero-logo-static.png?h=40&w=40&mode=stretch
Endeavor Careers (CAT),Kolkata,https://images.collegedunia.com/public/image/institute/logo_1666094912Endeavor-Logo-03.jpg?h=40&w=40&mode=stretch
Vidyapeeth Academy ,Patna,https://images.collegedunia.com/public/image/institute/logo_1676906492logo.jpg?h=40&w=40&mode=stretch
Bansal Learning ,Lucknow,https://images.collegedunia.com/public/image/institute/logo_1677133034logo.png?h=40&w=40&mode=stretch
Aadhar Institute ,Hamirpur,https://images.collegedunia.com/public/image/institute/logo_1683279893ad logo.png?h=40&w=40&mode=stretch
Gangwar ER-DR Institute ,Lucknow,https://images.collegedunia.com/public/image/institute/logo_1685613611g logo.png?h=40&w=40&mode=stretch
International Gemological Institute ,New Delhi,https://images.collegedunia.com/public/image/institute/logo_1686285349IGI SCHOOL logo_final_page-0001.jpg?h=40&w=40&mode=stretch
Smriti Jupiter ,Patna,https://images.collegedunia.com/public/image/institute/logo_1686824652j1.jpg?h=40&w=40&mode=stretch
IIT JEE Masters ,Indore,https://images.collegedunia.com/public/image/institute/logo_1686896325i1.png?h=40&w=40&mode=stretch
PACE Borivali ,Mumbai,https://images.collegedunia.com/public/image/institute/logo_1696935548logo.png?h=40&w=40&mode=stretch
PACE ,Mangalore,https://images.collegedunia.com/public/image/institute/logo_1696939726logo.png?h=40&w=40&mode=stretch
Sri Chaitanya ,Kolkata,https://images.collegedunia.com/public/image/institute/logo_1700467509logo.jpg?h=40&w=40&mode=stretch
Ascent Career Point ,Udaipur,https://images.collegedunia.com/public/image/institute/logo_1702294775logo.jpg?h=40&w=40&mode=stretch
Origence Educare ,Varanasi,https://images.collegedunia.com/public/image/institute/logo_1702298711origence logo.jpg?h=40&w=40&mode=stretch
IIT Home ,Nagpur,https://images.collegedunia.com/public/image/institute/logo_1703571800d.jpg?h=40&w=40&mode=stretch
Agrawal Classes ,Pune,https://images.collegedunia.com/public/image/institute/logo_1615517645agrawal_logo.JPG?h=40&w=40&mode=stretch
Nationwide Visas ,New Delhi,https://images.collegedunia.com/public/image/institute/logo_1681731844nv1.jpg?h=40&w=40&mode=stretch
ACE Engineering Academy ,Bangalore,https://images.collegedunia.com/public/image/institute/logo_1592586388ace logo.jpg?h=40&w=40&mode=stretch
Dubey's Information Pool and Solutions Academy for GATE/ IIT JAM/ UPSC/ CSIR NET ,New Delhi,https://images.collegedunia.com/public/image/institute/logo_1592825696dips logo.jpg?h=40&w=40&mode=stretch
Engineers Academy ,Jaipur,https://images.collegedunia.com/public/image/institute/logo_1592890988engineers academy.jpeg?h=40&w=40&mode=stretch
Paramount Coaching (SSC),New Delhi,https://images.collegedunia.com/public/image/institute/logo_1592968705download (3).png?h=40&w=40&mode=stretch
Global Tree ,Bangalore,https://images.collegedunia.com/public/image/institute/logo_1593538824global tree logo.png?h=40&w=40&mode=stretch
Base Education ,Bangalore,https://images.collegedunia.com/public/image/institute/logo_1702547382dsa.png?h=40&w=40&mode=stretch
Prism Academy ,Hyderabad,https://images.collegedunia.com/public/image/institute/logo_1596015086top-10-entrance-colleges.png?h=40&w=40&mode=stretch
V Science Point ,Mumbai,https://images.collegedunia.com/public/image/institute/logo_1596196111v logoo.webp?h=40&w=40&mode=stretch
Brainiacs Academy ( SSC CGL) (SSC CGL),Hyderabad,https://images.collegedunia.com/public/image/institute/logo_1597741821logo 1.png?h=40&w=40&mode=stretch
"Unifox Institute (CTET, DSSSB COACHING) ",New Delhi,https://images.collegedunia.com/public/image/institute/logo_1597826859Unifox Logo.png?h=40&w=40&mode=stretch
Vidya Guru (Bank coaching) (Banking),New Delhi,https://images.collegedunia.com/public/image/institute/logo_1598562944VidyaGuruLogo1.jpg?h=40&w=40&mode=stretch
Rice Education (WBCS),Kolkata,https://images.collegedunia.com/public/image/institute/logo_15986123421.jpg?h=40&w=40&mode=stretch
Edmiron Classes (JEE Main),Kolkata,https://images.collegedunia.com/public/image/institute/logo_1598968257logo.png?h=40&w=40&mode=stretch
Shree Gurukripa's Institute of Management ,Chennai,https://images.collegedunia.com/public/image/institute/logo_15991115401.jpg?h=40&w=40&mode=stretch
STRIDE Edutech ,Chennai,https://images.collegedunia.com/public/image/institute/logo_1599154815download (1).png?h=40&w=40&mode=stretch
OTU ,New Delhi,https://images.collegedunia.com/public/image/institute/logo_1599222299ologo.png?h=40&w=40&mode=stretch
Dreamz Institute ,New Delhi,https://images.collegedunia.com/public/image/institute/logo_1599682750ddlogo.png?h=40&w=40&mode=stretch
LearningRoots for MBA Entrance (MBA),Mumbai,https://images.collegedunia.com/public/image/institute/logo_1600033446lr logo.png?h=40&w=40&mode=stretch
Inlingua (ENGLISH LANGUAGE),New Delhi,https://images.collegedunia.com/public/image/institute/logo_1604138086download.jpg?h=40&w=40&mode=stretch
CMS FOR CA ,Hyderabad,https://images.collegedunia.com/public/image/institute/logo_1601584577cropped-Untitled-1-1-1-1.png?h=40&w=40&mode=stretch
Foreign Language Institutes in Mumbai ,Mumbai,https://images.collegedunia.com/public/image/institute/logo_1601809673logo.jpg?h=40&w=40&mode=stretch
People Click Learning ,Bangalore,https://images.collegedunia.com/public/image/institute/logo_1601920790logo (2).png?h=40&w=40&mode=stretch
"Dezyre - Hadoop Training, Data Science Certification ",Bangalore,https://images.collegedunia.com/public/image/institute/logo_1602103801dezyre-hadoop-training-indiranagar-bangalore-computer-software-training-institutes-3pwdl3tgin.jpg?h=40&w=40&mode=stretch
Best Data Science Classes/Courses In Mumbai Andheri West- AI Analytics (Data Science Course),Mumbai,https://images.collegedunia.com/public/image/institute/logo_1602444481Op_200.jpg?h=40&w=40&mode=stretch
TechLibrary (Data Analytics Training),Mumbai,https://images.collegedunia.com/public/image/institute/logo_1602448203Tech-Library-Logo.png?h=40&w=40&mode=stretch
RST Forum (Data Science Course),Mumbai,https://images.collegedunia.com/public/image/institute/logo_1602502693logo.svg?h=40&w=40&mode=stretch
Nettech India ,Thane,https://images.collegedunia.com/public/image/institute/logo_1606289721logo-top.jpg?h=40&w=40&mode=stretch
WebMagic Informatica - AWS/Azure/DevOps/GCP Training (Data Science Course),Thane,https://images.collegedunia.com/public/image/institute/logo_1602935265WebMagic-Informatica-2.png?h=40&w=40&mode=stretch
Hyderabad school of Artificial intelligence ,Hyderabad,https://images.collegedunia.com/public/image/institute/logo_1602832941hsai_logo.png?h=40&w=40&mode=stretch
IT Bodhi ,Noida,https://images.collegedunia.com/public/image/institute/logo_1602854528itbodhi_logo.png?h=40&w=40&mode=stretch
Petaa Bytes (Data Science Course),Mumbai,https://images.collegedunia.com/public/image/institute/logo_1602871506logo-sticky.png?h=40&w=40&mode=stretch
Ecorptrainings ,Hyderabad,https://images.collegedunia.com/public/image/institute/logo_1602928639logo3.png?h=40&w=40&mode=stretch
Kolkata Web Academy (Data Science Course),Hyderabad,https://images.collegedunia.com/public/image/institute/logo_1603731108wlog.png?h=40&w=40&mode=stretch
Indian Institute of Technocrats ,Kolkata,https://images.collegedunia.com/public/image/institute/logo_1603544994ilogo.png?h=40&w=40&mode=stretch
TemboData (Data Science Course),Bangalore,https://images.collegedunia.com/public/image/institute/logo_1606987965logo.jpg?h=40&w=40&mode=stretch
Aspire Technologies ,Pune,https://images.collegedunia.com/public/image/institute/logo_1604306679atlogo.png?h=40&w=40&mode=stretch
Sudaksha Education Enterprise ,Hyderabad,https://images.collegedunia.com/public/image/institute/logo_1604320297sud.png?h=40&w=40&mode=stretch
Wordpress Training ,Hyderabad,https://images.collegedunia.com/public/image/institute/logo_1604139936wlogo.jpg?h=40&w=40&mode=stretch
Keerti Computer Institute (Computer Science and Information Technology),Mumbai,https://images.collegedunia.com/public/image/institute/logo_1604635013keertiinstitute.png?h=40&w=40&mode=stretch
K2K Technologies Training Institute ,Bangalore,https://images.collegedunia.com/public/image/institute/logo_1604675453fd798253f1ef1de4553e46d05fec09a9-s.jpg?h=40&w=40&mode=stretch
Sri Narmada IT Training ,Hyderabad,https://images.collegedunia.com/public/image/institute/logo_1604676533logo.gif?h=40&w=40&mode=stretch
Net Labs (Computer Science and Information Technology),New Delhi,https://images.collegedunia.com/public/image/institute/logo_1604778619netlabslogo.png?h=40&w=40&mode=stretch
Koenig Solutions Pvt. Ltd. ,Bangalore,https://images.collegedunia.com/public/image/institute/logo_1606918710logo.jpg?h=40&w=40&mode=stretch
Gingerboard Academy ,Hyderabad,https://images.collegedunia.com/public/image/institute/logo_1605091185download.jpg?h=40&w=40&mode=stretch
"QUASTECH - Software Testing, DevOps, Web Designing, Java, RPA, Python, Digital Marketing Training Institute (Computer Science and Information Technology)",Thane,https://images.collegedunia.com/public/image/institute/logo_1605886949Quastech-logo.jpg?h=40&w=40&mode=stretch
IIHT KALKAJI ,New Delhi,https://images.collegedunia.com/public/image/institute/logo_1605904092IIH L.jpeg?h=40&w=40&mode=stretch
Braingroom ,Chennai,https://images.collegedunia.com/public/image/institute/logo_1606135423download.jpg?h=40&w=40&mode=stretch
LearnPick ,Kolkata,https://images.collegedunia.com/public/image/institute/logo_1637498846Lp l.png?h=40&w=40&mode=stretch
Bharathi info tech (Computer Science and Information Technology),Chennai,https://images.collegedunia.com/public/image/institute/logo_1606230068blogo.PNG?h=40&w=40&mode=stretch
IoT & Python Training Institute in Jaipur ,Jaipur,https://images.collegedunia.com/public/image/institute/logo_1606446580iot-logo.png?h=40&w=40&mode=stretch
ASTS Global Education ,Bangalore,https://images.collegedunia.com/public/image/institute/logo_1616925518ASTS Logo.png?h=40&w=40&mode=stretch
Prolific Systems and Technologies ,Bangalore,https://images.collegedunia.com/public/image/institute/logo_1607166631Screenshot 2020-12-05 162300.png?h=40&w=40&mode=stretch
Institute of Advance Network Technology ,Bangalore,https://images.collegedunia.com/public/image/institute/logo_1627043874Logo.jpeg?h=40&w=40&mode=stretch
Skyfi Labs Summer Training Program ,Mumbai,https://images.collegedunia.com/public/image/institute/logo_1607326954lo.png?h=40&w=40&mode=stretch
Linux Institute of Training REDHAT Training ,Bangalore,https://images.collegedunia.com/public/image/institute/logo_1607346068logo.png?h=40&w=40&mode=stretch
learnfly academy delhi ,New Delhi,https://images.collegedunia.com/public/image/institute/logo_1607498021download (3).png?h=40&w=40&mode=stretch
EduCAD (CAD  Training),Hyderabad,https://images.collegedunia.com/public/image/institute/logo_1607629061gu.png?h=40&w=40&mode=stretch
Cistotech ,Hyderabad,https://images.collegedunia.com/public/image/institute/logo_1607682555Cistotech logo.jpg?h=40&w=40&mode=stretch
IECT Advance Chip Level ,Kolkata,https://images.collegedunia.com/public/image/institute/logo_1608108759logo.png?h=40&w=40&mode=stretch
Aspire online Academy ,Pune,https://images.collegedunia.com/public/image/institute/logo_1607835684aspire logo.jpg?h=40&w=40&mode=stretch
Glisten Education ,Bangalore,https://images.collegedunia.com/public/image/institute/logo_1607877872Glisten-Logo.png?h=40&w=40&mode=stretch
TRAINOCATE NETWORKS INDIA PVT.LTD. ,Bangalore,https://images.collegedunia.com/public/image/institute/logo_160791613520200626124352_e.svg?h=40&w=40&mode=stretch
Ezee Training Institute ,New Delhi,https://images.collegedunia.com/public/image/institute/logo_1608803003Ezee Training Logo.jpeg?h=40&w=40&mode=stretch
NIHT Digital Marketing ,Kolkata,https://images.collegedunia.com/public/image/institute/logo_1608889843logo (3).png?h=40&w=40&mode=stretch
Manhattan Review India ,Hyderabad,https://images.collegedunia.com/public/image/institute/logo_1608986840logo.png?h=40&w=40&mode=stretch
Peopleclick Learning ,Bangalore,https://images.collegedunia.com/public/image/institute/logo_1609246001Peopleclick learning logo.png?h=40&w=40&mode=stretch
HBN Infotech ,Bangalore,https://images.collegedunia.com/public/image/institute/logo_1609317919hbn infotech logo.png?h=40&w=40&mode=stretch
Ameya Centre ,Mumbai,https://images.collegedunia.com/public/image/institute/logo_1609827055logo (12).png?h=40&w=40&mode=stretch
Mediapasta Digital Marketing ,Mumbai,https://images.collegedunia.com/public/image/institute/logo_1609525521download (1) (1).jpg?h=40&w=40&mode=stretch
Rishi Online Training ,Hyderabad,https://images.collegedunia.com/public/image/institute/logo_1609663894logo (7).jpg?h=40&w=40&mode=stretch
Oxedent - PPC Agency ,Kolkata,https://images.collegedunia.com/public/image/institute/logo_16096670391608549027802.png?h=40&w=40&mode=stretch
Excel Infocom Private Limited ,Kolkata,https://images.collegedunia.com/public/image/institute/logo_1609701775logo (1) (1).png?h=40&w=40&mode=stretch
George School Of Competitive Exams ,Kolkata,https://images.collegedunia.com/public/image/institute/logo_1609703960logo9 (1).jpg?h=40&w=40&mode=stretch
Interior Design Courses- IDCDI ,Noida,https://images.collegedunia.com/public/image/institute/logo_1609736446Logo.png?h=40&w=40&mode=stretch
Mediapasta Digital Marketing ,Mumbai,https://images.collegedunia.com/public/image/institute/logo_1609744278LOGO.png?h=40&w=40&mode=stretch
Moulali Youth Computer Training Centre ,Kolkata,https://images.collegedunia.com/public/image/institute/logo_1609911128LOGO.jpg?h=40&w=40&mode=stretch
The British Institutes - Baguihati ,Kolkata,https://images.collegedunia.com/public/image/institute/logo_1609913893LOGO.jpg?h=40&w=40&mode=stretch
Brite Career Global Education and Immigration Consultant ,Bangalore,https://images.collegedunia.com/public/image/institute/logo_1609921413l.png?h=40&w=40&mode=stretch
Maria Academy ,Chennai,https://images.collegedunia.com/public/image/institute/logo_1609948239logo (1).jpg?h=40&w=40&mode=stretch
EchoVME Digital ,Chennai,https://images.collegedunia.com/public/image/institute/logo_1609994463logo.png?h=40&w=40&mode=stretch
Padent Softech ,Hyderabad,https://images.collegedunia.com/public/image/institute/logo_1610201691LOGO.png?h=40&w=40&mode=stretch
Big Data Hadoop Training in Malleswaram ,Bangalore,https://images.collegedunia.com/public/image/institute/logo_1610267791I2.jpg?h=40&w=40&mode=stretch
The Institute Of Computer Accountants ,New Delhi,https://images.collegedunia.com/public/image/institute/logo_1610369597download (2).jpg?h=40&w=40&mode=stretch
Finance IQ Coaching ,New Delhi,https://images.collegedunia.com/public/image/institute/logo_1610781192logo (2).jpg?h=40&w=40&mode=stretch
Weafx Media And Design School ,Kolkata,https://images.collegedunia.com/public/image/institute/logo_1610901487Logo.png?h=40&w=40&mode=stretch
Stride Edutech ,Chennai,https://images.collegedunia.com/public/image/institute/logo_1610947661Logo.png?h=40&w=40&mode=stretch
Oratree Solutions Pvt Ltd (Data Science Course),Noida,https://images.collegedunia.com/public/image/institute/logo_1611035424logo oratree.png?h=40&w=40&mode=stretch
Maria Montessori Teachers Training ,Kolkata,https://images.collegedunia.com/public/image/institute/logo_1611145870img-projects-maria-montessori-logo.jpg?h=40&w=40&mode=stretch
Alok Gupta Classes ,Bhopal,https://images.collegedunia.com/public/image/institute/logo_1611149781Logo.jpg?h=40&w=40&mode=stretch
Excellence IAS ,Bhopal,https://images.collegedunia.com/public/image/institute/logo_1611162600LL.png?h=40&w=40&mode=stretch
Aaris Internet Solutions ,Mumbai,https://images.collegedunia.com/public/image/institute/logo_1611242417Logo.png?h=40&w=40&mode=stretch
Apex Online Academy ,Mumbai,https://images.collegedunia.com/public/image/institute/logo_1611245593Logo.jpg?h=40&w=40&mode=stretch
EmsigPro-The German Company ,Hyderabad,https://images.collegedunia.com/public/image/institute/logo_1611256522logo.jpg?h=40&w=40&mode=stretch
Xcel Institute of Internet Marketing ,Kolkata,https://images.collegedunia.com/public/image/institute/logo_1611310478Logo.jpg?h=40&w=40&mode=stretch
Tangoe India Softek Services Pvt Ltd ,Bangalore,https://images.collegedunia.com/public/image/institute/logo_1611323193logoo.png?h=40&w=40&mode=stretch
Crack Grade B ,Noida,https://images.collegedunia.com/public/image/institute/logo_1611329877CGB Logo.jpg?h=40&w=40&mode=stretch
Rajesh Verma Physics Classes ,New Delhi,https://images.collegedunia.com/public/image/institute/logo_1611335879RVC Logo.png?h=40&w=40&mode=stretch
Roy IAS Academy ,Chennai,https://images.collegedunia.com/public/image/institute/logo_1611387370Roy Academy Logo.jpeg?h=40&w=40&mode=stretch
Unison Classes ,Gurgaon,https://images.collegedunia.com/public/image/institute/logo_1611580798logo.jpg?h=40&w=40&mode=stretch
Bharathi Info Tech ,Chennai,https://images.collegedunia.com/public/image/institute/logo_1611720073logo.png?h=40&w=40&mode=stretch
Tivona Global Technologies Pvt Ltd ,Chennai,https://images.collegedunia.com/public/image/institute/logo_1611750984Logo.png?h=40&w=40&mode=stretch
Vijay Vikrama Academy Sarjapura ,Bangalore,https://images.collegedunia.com/public/image/institute/logo_1611829802V1.png?h=40&w=40&mode=stretch
Vision PU College ,Bangalore,https://images.collegedunia.com/public/image/institute/logo_1611830974images.png?h=40&w=40&mode=stretch
ADrPlexus PG Medical Coaching Centre ,Chennai,https://images.collegedunia.com/public/image/institute/logo_1611994730logo.jpeg?h=40&w=40&mode=stretch
MDS Coaching ,Bangalore,https://images.collegedunia.com/public/image/institute/logo_1612017661LOGO.png?h=40&w=40&mode=stretch
The German Language Institute ,New Delhi,https://images.collegedunia.com/public/image/institute/logo_16120259161505987387The German Language Institute.png?h=40&w=40&mode=stretch
IIT Deshumkh Academy ,Pune,https://images.collegedunia.com/public/image/institute/logo_1612339121Deshmukh-Academy-Logo.png?h=40&w=40&mode=stretch
Institute of Mathematical Science ,New Delhi,https://images.collegedunia.com/public/image/institute/logo_1612343993Logo.jpg?h=40&w=40&mode=stretch
Innovative UGC NET JRF Coaching Institute ,New Delhi,https://images.collegedunia.com/public/image/institute/logo_1612366290logo.jpg?h=40&w=40&mode=stretch
New Delhi IAS ,New Delhi,https://images.collegedunia.com/public/image/institute/logo_1612426498lllogo (1).png?h=40&w=40&mode=stretch
Prime PG ,Secunderabad,https://images.collegedunia.com/public/image/institute/logo_1612520997images (34).jpeg?h=40&w=40&mode=stretch
Eppeok Institute of Technology ,Kolkata,https://images.collegedunia.com/public/image/institute/logo_1612546840Logo.jpg?h=40&w=40&mode=stretch
Kupperi Classes ,Chennai,https://images.collegedunia.com/public/image/institute/logo_1612593924l.png?h=40&w=40&mode=stretch
JK IT Training ,Mumbai,https://images.collegedunia.com/public/image/institute/logo_1612596953LOGO (16).png?h=40&w=40&mode=stretch
Edugrih ,Bangalore,https://images.collegedunia.com/public/image/institute/logo_1612805767LOGO (24).png?h=40&w=40&mode=stretch
Sanjeevani IAS /RAS Guidance Academy ,Jaipur,https://images.collegedunia.com/public/image/institute/logo_1612889104LOGO.png?h=40&w=40&mode=stretch
Durgasoft Online Training ,Hyderabad,https://images.collegedunia.com/public/image/institute/logo_1612950147Durgasoft Online _LOGO.JPG?h=40&w=40&mode=stretch
EON Education ,Bangalore,https://images.collegedunia.com/public/image/institute/logo_1612976468LOGO (34).jpg?h=40&w=40&mode=stretch
Skillstride Academy ,Hyderabad,https://images.collegedunia.com/public/image/institute/logo_1612979739LOGO.jpg?h=40&w=40&mode=stretch
AGRI-GATE Coaching ,New Delhi,https://images.collegedunia.com/public/image/institute/logo_1613029981121486890_113635313849966_2771659380729709372_o.jpg?h=40&w=40&mode=stretch
WebMazz ,Chennai,https://images.collegedunia.com/public/image/institute/logo_1613117951Logo (5).jpg?h=40&w=40&mode=stretch
ITI College ,Bhopal,https://images.collegedunia.com/public/image/institute/logo_1613121220mhkitc-logo-2.jpg?h=40&w=40&mode=stretch
ValueFirst ,Gurgaon,https://images.collegedunia.com/public/image/institute/logo_1613385773images.png?h=40&w=40&mode=stretch
Berlitz A Global Training Centre ,Gurgaon,https://images.collegedunia.com/public/image/institute/logo_1613564219logo.png?h=40&w=40&mode=stretch
JK IT Training ,Mumbai,https://images.collegedunia.com/public/image/institute/logo_1613629931LOGO.jpg?h=40&w=40&mode=stretch
Appin Technology Lab ,New Delhi,https://images.collegedunia.com/public/image/institute/logo_1613736021Logo.jpg?h=40&w=40&mode=stretch
Beautiful Mind IAS ,New Delhi,https://images.collegedunia.com/public/image/institute/logo_1613849026Logo.jpg?h=40&w=40&mode=stretch
Preface IAS Institute ,Bhopal,https://images.collegedunia.com/public/image/institute/logo_1613906967_logo.png?h=40&w=40&mode=stretch
MINDSCREEN FILM INSTITUTE (MFi) ,Chennai,https://images.collegedunia.com/public/image/institute/logo_1614147013LOGO.png?h=40&w=40&mode=stretch
Jaimal Maths Classes ,Jaipur,https://images.collegedunia.com/public/image/institute/logo_1614168423logo.jpg?h=40&w=40&mode=stretch
Kaivalya IAS Institute (UPSC),New Delhi,https://images.collegedunia.com/public/image/institute/logo_1614231185logo (6).png?h=40&w=40&mode=stretch
International College For Security Studies ,New Delhi,https://images.collegedunia.com/public/image/institute/logo_161424125869359150_103656874351794_6998920247038181376_n.jpg?h=40&w=40&mode=stretch
Creative English ,New Delhi,https://images.collegedunia.com/public/image/institute/logo_1614308398logo.png?h=40&w=40&mode=stretch
Alpha NDT Training Center ,Hyderabad,https://images.collegedunia.com/public/image/institute/logo_1614317818LOGO.JPG?h=40&w=40&mode=stretch
ELS Language Center (ENGLISH LANGUAGE),Kattumannarkoil,https://images.collegedunia.com/public/image/institute/logo_1614359348Logo (1).jpg?h=40&w=40&mode=stretch
Shriram Classes ,New Delhi,https://images.collegedunia.com/public/image/institute/logo_161450016612441-comp-image.png?h=40&w=40&mode=stretch
Letspeak up class ,Mumbai,https://images.collegedunia.com/public/image/institute/logo_1614528996L1.PNG?h=40&w=40&mode=stretch
Ace Inspire ,Kolkata,https://images.collegedunia.com/public/image/institute/logo_1614595968LOGO.jpg?h=40&w=40&mode=stretch
PearVisa Immigration Services ,Bangalore,https://images.collegedunia.com/public/image/institute/logo_1614612187logo.png?h=40&w=40&mode=stretch
Delhi Visa Services ,New Delhi,https://images.collegedunia.com/public/image/institute/logo_161467481986493591_104518267810072_2272678478639792128_n.jpg?h=40&w=40&mode=stretch
Visa Agents In Delhi ,New Delhi,https://images.collegedunia.com/public/image/institute/logo_1614703368download.png?h=40&w=40&mode=stretch
Search Eccentric ,New Delhi,https://images.collegedunia.com/public/image/institute/logo_1614746669Screenshot 2021-03-03 100016.png?h=40&w=40&mode=stretch
Kaivalya IAS Institute ,New Delhi,https://images.collegedunia.com/public/image/institute/logo_1614760068logo.png?h=40&w=40&mode=stretch
Perfect Overseas Education Consultancy ,New Delhi,https://images.collegedunia.com/public/image/institute/logo_1614786167download.jpg?h=40&w=40&mode=stretch
Aldine CA Institute ,New Delhi,https://images.collegedunia.com/public/image/institute/logo_1614842612logo.png?h=40&w=40&mode=stretch
Indian Plywood Industries Training Centre ,Kolkata,https://images.collegedunia.com/public/image/institute/logo_1614844090logo.jpg?h=40&w=40&mode=stretch
Bagwar Softwares Private Limited ,New Delhi,https://images.collegedunia.com/public/image/institute/logo_1614853975logo2.jpg?h=40&w=40&mode=stretch
Tutor Signature ,Kolkata,https://images.collegedunia.com/public/image/institute/logo_1615053673LOGO.JPG?h=40&w=40&mode=stretch
Shikara Academy ,Hyderabad,https://images.collegedunia.com/public/image/institute/logo_1615139033logo.png?h=40&w=40&mode=stretch
USA UnivQuest (Study Abroad),New Delhi,https://images.collegedunia.com/public/image/institute/logo_1615227000LOGO (28).png?h=40&w=40&mode=stretch
Kings Learning Center ,Bangalore,https://images.collegedunia.com/public/image/institute/logo_1615396264Kings Learning Center  LOGO.png?h=40&w=40&mode=stretch
Zen Online Marketing ,Mumbai,https://images.collegedunia.com/public/image/institute/logo_1615539991zen_logo.JPG?h=40&w=40&mode=stretch
Ajab'S Academy Pvt.Ltd. (CDS),New Delhi,https://images.collegedunia.com/public/image/institute/?h=40&w=40&mode=stretch
Learnix Edutech Pvt Ltd. ,Noida,https://images.collegedunia.com/public/image/institute/logo_1615561004learnix_logo.JPG?h=40&w=40&mode=stretch
CAEWorldwide ,Bangalore,https://images.collegedunia.com/public/image/institute/logo_1615573509cae_logo.png?h=40&w=40&mode=stretch
Oceanic Academy Of Education ,New Delhi,https://images.collegedunia.com/public/image/institute/logo_1615656222LOGO (18).jpg?h=40&w=40&mode=stretch
Allmniedu Jadavpur ,Jaipur,https://images.collegedunia.com/public/image/institute/logo_1616502931LOGO.PNG?h=40&w=40&mode=stretch
IIHT Dum Dum ,Dum Dum Park,https://images.collegedunia.com/public/image/institute/logo_1623414510LL.jpg?h=40&w=40&mode=stretch
IGMPI India ,New Delhi,https://images.collegedunia.com/public/image/institute/logo_16158184881978571_351721488299495_1500909988_o.png?h=40&w=40&mode=stretch
Intek Technologies ,Chennai,https://images.collegedunia.com/public/image/institute/logo_1615883759LOGO.jpg?h=40&w=40&mode=stretch
Kumar Classes ,Mumbai,https://images.collegedunia.com/public/image/institute/logo_1615901102Logo.jpg?h=40&w=40&mode=stretch
Smartsheets ,Bangalore,https://images.collegedunia.com/public/image/institute/logo_1616038182smart_logo.JPG?h=40&w=40&mode=stretch
Sanjeevani IAS RAS Guidance Academy ,Jaipur,https://images.collegedunia.com/public/image/institute/logo_1616228655logo (40).png?h=40&w=40&mode=stretch
Nafisa Spoken English Institute ,Chennai,https://images.collegedunia.com/public/image/institute/logo_1616661040nafisa_logo.JPG?h=40&w=40&mode=stretch
Aim Tutions ,Chennai,https://images.collegedunia.com/public/image/institute/logo_1616676034Aim logo.png?h=40&w=40&mode=stretch
Nehru Institute of Engineering and Technology ,Coimbatore,https://images.collegedunia.com/public/image/institute/logo_1616907058Screenshot 2021-03-28 100714.png?h=40&w=40&mode=stretch
Muppadai Training Academy ,Thottiyam,https://images.collegedunia.com/public/image/institute/logo_1616931602logo.jpg?h=40&w=40&mode=stretch
BASIC SKILLZ ,Bangalore,https://images.collegedunia.com/public/image/institute/logo_1616945678logo.JPG?h=40&w=40&mode=stretch
Nex-G Exuberant Solutions ,Noida,https://images.collegedunia.com/public/image/institute/logo_1617089415Logo.jpg?h=40&w=40&mode=stretch
Shree Career Academy ,Navi Mumbai,https://images.collegedunia.com/public/image/institute/logo_1617213907logo (7).jpg?h=40&w=40&mode=stretch
SP Classes (SSC),Mumbai,https://images.collegedunia.com/public/image/institute/logo_1617257140logo (9).jpg?h=40&w=40&mode=stretch
vijeta academy (UPSC),Pune,https://images.collegedunia.com/public/image/institute/logo_1617369283logo (14).png?h=40&w=40&mode=stretch
JEC JE CLASSES ,Meerut,https://images.collegedunia.com/public/image/institute/logo_1617435915logo.png?h=40&w=40&mode=stretch
Executive Visa Services ,Gurgaon,https://images.collegedunia.com/public/image/institute/logo_1617443045LOGO.png?h=40&w=40&mode=stretch
GUPTA CLASSES ,Muzaffarnagar,https://images.collegedunia.com/public/image/institute/logo_1617612223logo.jpg?h=40&w=40&mode=stretch
Krishna Institute ,New Delhi,https://images.collegedunia.com/public/image/institute/logo_1617614336logo1.png?h=40&w=40&mode=stretch
E-Training Point ,Chennai,https://images.collegedunia.com/public/image/institute/logo_1617643112etraining point logo.png?h=40&w=40&mode=stretch
Magnox Technologies Private Limited ,Kolkata,https://images.collegedunia.com/public/image/institute/logo_1617907500Magnox logo.png?h=40&w=40&mode=stretch
SPC ,Jaipur,https://images.collegedunia.com/public/image/institute/logo_1617734313LOGO (23).JPG?h=40&w=40&mode=stretch
Maria montessori Teachers Training ,Kolkata,https://images.collegedunia.com/public/image/institute/logo_1617761819MMTTC Logo.jpg?h=40&w=40&mode=stretch
The Mandarin school of India ,Bangalore,https://images.collegedunia.com/public/image/institute/logo_1617772692The Mandarin school of India_logo.png?h=40&w=40&mode=stretch
MyCAT Study ,Bangalore,https://images.collegedunia.com/public/image/institute/logo_1617815486My CAT Study Logo.gif?h=40&w=40&mode=stretch
Mercury Virtual ,Gurgaon,https://images.collegedunia.com/public/image/institute/logo_1617884890LOGO.png?h=40&w=40&mode=stretch
Birjesh Commerce Classes ,Jaipur,https://images.collegedunia.com/public/image/institute/logo_1617935929Logo.jpg?h=40&w=40&mode=stretch
Mamta Creations (Language Training),Chennai,https://images.collegedunia.com/public/image/institute/logo_161807224659339-medium190ap.jpg?h=40&w=40&mode=stretch
Trio World Academy (Language Training),Bangalore,https://images.collegedunia.com/public/image/institute/logo_161808406410498264_10152608104631789_6551455363865271799_o.jpg?h=40&w=40&mode=stretch
XIIM Xcel Institute of Internet Marketing (Social Media Marketing (SMM)),Kolkata,https://images.collegedunia.com/public/image/institute/logo_161815055964928234_684114875360930_9025488595581927424_o.png?h=40&w=40&mode=stretch
Apogee ,Navi Mumbai,https://images.collegedunia.com/public/image/institute/logo_1618421216logo.jpg?h=40&w=40&mode=stretch
NANDYAL ACADEMY ,Hyderabad,https://images.collegedunia.com/public/image/institute/logo_1618579138logo.png?h=40&w=40&mode=stretch
Codekraft ,Bangalore,https://images.collegedunia.com/public/image/institute/logo_1618464009code_logo.JPG?h=40&w=40&mode=stretch
Chennai SEO Company ,Chennai,https://images.collegedunia.com/public/image/institute/logo_1618567322sa.jpg?h=40&w=40&mode=stretch
PROWISE CA ,New Delhi,https://images.collegedunia.com/public/image/institute/logo_1618680356ALDINE_LOGO.JPG?h=40&w=40&mode=stretch
Sai Prerrana Academy ,Hyderabad,https://images.collegedunia.com/public/image/institute/logo_1618691436images.JPG?h=40&w=40&mode=stretch
Nex-G Exuberant Solutions ,Noida,https://images.collegedunia.com/public/image/institute/logo_1618755743Logo.jpg?h=40&w=40&mode=stretch
Poojari's Institute of Science ,Mumbai,https://images.collegedunia.com/public/image/institute/logo_1618763533Logo.jpg?h=40&w=40&mode=stretch
Senelda Training Academy ,Chennai,https://images.collegedunia.com/public/image/institute/logo_1618766705Logo.png?h=40&w=40&mode=stretch
FLUENT English Speaking Institute (Language Training),Mumbai,https://images.collegedunia.com/public/image/institute/logo_1618779169logo.JPG?h=40&w=40&mode=stretch
KKR’S Gowtham Educational Institutions (JEE Main),Hyderabad,https://images.collegedunia.com/public/image/institute/logo_1618790082logo.JPG?h=40&w=40&mode=stretch
Ayushman Coaching Center ,New Delhi,https://images.collegedunia.com/public/image/institute/logo_1619178032Logo.png?h=40&w=40&mode=stretch
Oshin International Education Consultant (Visa consultants),S.A.S. Nagar,https://images.collegedunia.com/public/image/institute/logo_1619301841logo.JPG?h=40&w=40&mode=stretch
Webhelpy Technologies ,Faridabad,https://images.collegedunia.com/public/image/institute/logo_1619523076logo.png?h=40&w=40&mode=stretch
Royal Oxford Institute ,Jaipur,https://images.collegedunia.com/public/image/institute/logo_1619854003logo.png?h=40&w=40&mode=stretch
Nuclear Academy ,Pune,https://images.collegedunia.com/public/image/institute/logo_1619889307logo.png?h=40&w=40&mode=stretch
Sahil Study Circle ,New Delhi,https://images.collegedunia.com/public/image/institute/logo_1619893705logo.png?h=40&w=40&mode=stretch
Webrocks ,Jaipur,https://images.collegedunia.com/public/image/institute/logo_1619928224logo.png?h=40&w=40&mode=stretch
Bhalotia Classes ,Kolkata,https://images.collegedunia.com/public/image/institute/logo_1620242492logi1.jpg?h=40&w=40&mode=stretch
Tolani Maritime Institute ,Mumbai,https://images.collegedunia.com/public/image/institute/logo_1626006422TML.jpg?h=40&w=40&mode=stretch
PCTI Group ,New Delhi,https://images.collegedunia.com/public/image/institute/logo_1620407360LOGO.png?h=40&w=40&mode=stretch
CREATIVE CAREER ,New Delhi,https://images.collegedunia.com/public/image/institute/logo_1620505440LOGO.jpg?h=40&w=40&mode=stretch
Hadoop training online ,Hyderabad,https://images.collegedunia.com/public/image/institute/logo_1620753189Logo.png?h=40&w=40&mode=stretch
TCY Online ,Ludhiana,https://images.collegedunia.com/public/image/institute/logo_1623570212TC.PNG?h=40&w=40&mode=stretch
Learn Cab ,Bangalore,https://images.collegedunia.com/public/image/institute/logo_1625653962download (7).png?h=40&w=40&mode=stretch
Krackin ,Bangalore,https://images.collegedunia.com/public/image/institute/logo_1629183724krackin_inurture.png?h=40&w=40&mode=stretch
Success Mantra Academy ,New Delhi,https://images.collegedunia.com/public/image/institute/logo_1629810211success mantra.jpeg?h=40&w=40&mode=stretch
Testbook ,Mumbai,https://images.collegedunia.com/public/image/institute/logo_1632633704Testbook logo.png?h=40&w=40&mode=stretch
IIHT ,New Delhi,https://images.collegedunia.com/public/image/institute/logo_1633867497logojpg.jpg?h=40&w=40&mode=stretch
Pathfinder ,Kolkata,https://images.collegedunia.com/public/image/institute/logo_1634043483cropped-logo.png?h=40&w=40&mode=stretch
Manipal Global Academy of BFSI ,Bangalore,https://images.collegedunia.com/public/image/institute/logo_1639733026BFSI_only.png?h=40&w=40&mode=stretch
Multibhashi ,Bangalore,https://images.collegedunia.com/public/image/institute/logo_164613066926056014_2036660136580256_2737436374205399926_n.png?h=40&w=40&mode=stretch
"Vision IAS, Hyderabad ",Hyderabad,https://images.collegedunia.com/public/image/institute/logo_1655878848logo_1592499414vision ias logo.webp?h=40&w=40&mode=stretch
YVS Institute ,New Delhi,https://images.collegedunia.com/public/image/institute/logo_1662122347Screenshot 2022-09-02 180710.jpg?h=40&w=40&mode=stretch
Manya - The Princeton Review (IELTS),Kolkata,https://images.collegedunia.com/public/image/institute/logo_1668230026logo.jpg?h=40&w=40&mode=stretch
Momentum ,Gorakhpur,https://images.collegedunia.com/public/image/institute/logo_1674823600logo.jpg?h=40&w=40&mode=stretch
"Spectrum, Nashik ",Nashik,https://images.collegedunia.com/public/image/institute/logo_1677050659logo1.png?h=40&w=40&mode=stretch
BVK Group ,Tirupati,https://images.collegedunia.com/public/image/institute/logo_1678533867316046950_126670430237691_8400439132601928583_n.jpg?h=40&w=40&mode=stretch
Sneha Institution ,Nagpur,https://images.collegedunia.com/public/image/institute/logo_1682758859sneha logo.png?h=40&w=40&mode=stretch
"TIME Institute, Kolkata ",Kolkata,https://images.collegedunia.com/public/image/institute/logo_1687755373t1.png?h=40&w=40&mode=stretch
"Rao IIT Academy, Delhi ",New Delhi,https://images.collegedunia.com/public/image/institute/logo_1688446419r1.jpg?h=40&w=40&mode=stretch
SpeedLabs ,Mumbai,https://images.collegedunia.com/public/image/institute/logo_16891408313.jpg?h=40&w=40&mode=stretch
International Recruitment Academy ,Ahmedabad,https://images.collegedunia.com/public/image/institute/logo_168923237111.webp?h=40&w=40&mode=stretch
London Institute of Banking & Finance India ,Gurgaon,https://images.collegedunia.com/public/image/institute/logo_169346913811111.png?h=40&w=40&mode=stretch
Byju's ,Bangalore,https://images.collegedunia.com/public/image/institute/logo_169872750511.png?h=40&w=40&mode=stretch
Rancho’s Academy ,Kolkata,https://images.collegedunia.com/public/image/institute/logo_1699351872333.webp?h=40&w=40&mode=stretch
Avanti Learning Centre ,Hubli,https://images.collegedunia.com/public/image/institute/logo_169951814611.png?h=40&w=40&mode=stretch
Avanti Learning Centre ,Belgaum,https://images.collegedunia.com/public/image/institute/logo_169952488811.png?h=40&w=40&mode=stretch
Sri Chaitanya ,Mangalore,https://images.collegedunia.com/public/image/institute/logo_1700815528logo.jpg?h=40&w=40&mode=stretch
Aakash Institute ,Surat,https://images.collegedunia.com/public/image/institute/logo_1701675910ddddd.webp?h=40&w=40&mode=stretch
Asha International Institute of Marine Technology ,Varanasi,https://images.collegedunia.com/public/image/institute/logo_1701754979dsa.jpg?h=40&w=40&mode=stretch
Resonance ,Bhubaneswar,https://images.collegedunia.com/public/image/institute/logo_1702448452cda.jpg?h=40&w=40&mode=stretch
KGiSL MicroCollege ,Coimbatore,https://images.collegedunia.com/public/image/institute/logo_17027059751.jpg?h=40&w=40&mode=stretch
ICAD Nagpur ,Nagpur,https://images.collegedunia.com/public/image/institute/logo_1702984025ICAD Logo.jpg?h=40&w=40&mode=stretch
ABC Classes ,Gorakhpur,https://images.collegedunia.com/public/image/institute/logo_1703066140ABC logo.jpg?h=40&w=40&mode=stretch
Informatica Training ,Chennai,https://images.collegedunia.com/public/image/institute/logo_1609838503informatica.jpg?h=40&w=40&mode=stretch
Nirman IAS ,New Delhi,https://images.collegedunia.com/public/image/institute/logo_1594033313Nirman logo.png?h=40&w=40&mode=stretch
Dhyeya IAS ,New Delhi,https://images.collegedunia.com/public/image/institute/logo_1594962401DHEYA IAS LOGO.jpg?h=40&w=40&mode=stretch
Venper Academy ,Chennai,https://images.collegedunia.com/public/image/institute/logo_1596490672ven logo.jpg?h=40&w=40&mode=stretch
