Institutes Names,Institutes Place,Logo Link
HTML5 Training ,Chennai,https://images.collegedunia.com/public/image/institute/logo_1620118423logo.PNG?h=40&w=40&mode=stretch
College GPAT India ,Jaipur,https://images.collegedunia.com/public/image/institute/logo_1620212699LOGO.jpg?h=40&w=40&mode=stretch
Plenier Consulting Private Limited ,Bangalore,https://images.collegedunia.com/public/image/institute/logo_1620416247LOGO.jpg?h=40&w=40&mode=stretch
Collegesource Consulting ,Bangalore,https://images.collegedunia.com/public/image/institute/logo_1620485568logo.JPG?h=40&w=40&mode=stretch
Cambridge Assessment English ,Chennai,https://images.collegedunia.com/public/image/institute/logo_1620566460cambridge Logo.png?h=40&w=40&mode=stretch
Rk Classes Malad East ,Mumbai,https://images.collegedunia.com/public/image/institute/logo_1620580393logo (1).jpg?h=40&w=40&mode=stretch
DreamZone - School of Creative Studies ,Pune,https://images.collegedunia.com/public/image/institute/logo_1656237712dreamzone-logo.png?h=40&w=40&mode=stretch
Horizon Coaching Classes ,Agra,https://images.collegedunia.com/public/image/institute/logo_1686804638h1.jpg?h=40&w=40&mode=stretch
The Entrance Mantra (NEET),New Delhi,https://images.collegedunia.com/public/image/institute/logo_1600030051download.png?h=40&w=40&mode=stretch
Sri Chaitanya Educational Institutions (JEE Main),Hyderabad,https://images.collegedunia.com/public/image/institute/logo_1606063318download (1).jpg?h=40&w=40&mode=stretch
Systems Domain ,Bangalore,https://images.collegedunia.com/public/image/institute/logo_1604849758slogo.png?h=40&w=40&mode=stretch
Aims Education ,Chennai,https://images.collegedunia.com/public/image/institute/logo_1614003491LOGO.png?h=40&w=40&mode=stretch
Jyothis Academy ,Kottayam,https://images.collegedunia.com/public/image/institute/logo_1615576941jyothis_logo.png?h=40&w=40&mode=stretch
SEED Infotech ,Mumbai,https://images.collegedunia.com/public/image/institute/logo_1604162713logo.jpg?h=40&w=40&mode=stretch
Cluster Info Solutions ,Bangalore,https://images.collegedunia.com/public/image/institute/logo_1606805939clusterlogo.png?h=40&w=40&mode=stretch
Simoco Educational Development and Application Institute (SEDAI) ,Kolkata,https://images.collegedunia.com/public/image/institute/logo_1609311008logo.png?h=40&w=40&mode=stretch
eTutorHome Online Pvt. Ltd. ,Kolkata,https://images.collegedunia.com/public/image/institute/logo_1609700428logo6 (1).jpg?h=40&w=40&mode=stretch
Sameer Nawani ,New Delhi,https://images.collegedunia.com/public/image/institute/logo_1610528177SAMEER LOGO.png?h=40&w=40&mode=stretch
Ravi Raja Classes ,Kolkata,https://images.collegedunia.com/public/image/institute/logo_1611217041Logo.jpg?h=40&w=40&mode=stretch
Siddharth Academy ,Thane,https://images.collegedunia.com/public/image/institute/logo_1612970683LOGO.png?h=40&w=40&mode=stretch
Mandar Education Society ,Mumbai,https://images.collegedunia.com/public/image/institute/logo_1613631723logo.jpg?h=40&w=40&mode=stretch
Dev Home Tutors In Paschim Vihar ,New Delhi,https://images.collegedunia.com/public/image/institute/logo_1614308989Logo (8).png?h=40&w=40&mode=stretch
Sri Venkateswara Academy ,New Delhi,https://images.collegedunia.com/public/image/institute/logo_1615049702LOGO (11).jpg?h=40&w=40&mode=stretch
Sameer Nawani Google Consultant & Trainer ,New Delhi,https://images.collegedunia.com/public/image/institute/logo_1615267264LOGO.JPG?h=40&w=40&mode=stretch
IES Kollam ,Ernakulam,https://images.collegedunia.com/public/image/institute/logo_1616587923LOGO.jpg?h=40&w=40&mode=stretch
K I F L ,Bangalore,https://images.collegedunia.com/public/image/institute/logo_1616952415LOGO.JPG?h=40&w=40&mode=stretch
Vidya Sagar Classes ,Mumbai,https://images.collegedunia.com/public/image/institute/logo_1623232182logo.jpg?h=40&w=40&mode=stretch
Thamizh Mozhi Koodam [ Learn Tamil Online ] ,Chennai,https://images.collegedunia.com/public/image/institute/logo_161760796616114849_1349427595144373_2090569475228232565_n.png?h=40&w=40&mode=stretch
Pie Education ,New Delhi,https://images.collegedunia.com/public/image/institute/logo_1619889883logo.jpg?h=40&w=40&mode=stretch
Oscar Academy ,Mumbai,https://images.collegedunia.com/public/image/institute/logo_1630555187photos-11026515-16128483211725627.jpeg?h=40&w=40&mode=stretch
Sky infotech ,Noida,https://images.collegedunia.com/public/image/institute/logo_1602578064cropped-logo-2.webp?h=40&w=40&mode=stretch
Ravindra Coaching and Tuition Center ,Chennai,https://images.collegedunia.com/public/image/institute/logo_1613648046Ravindre Coaching logo.png?h=40&w=40&mode=stretch
Srihitha Technologies ,Hyderabad,https://images.collegedunia.com/public/image/institute/logo_1614534855Logo.JPG?h=40&w=40&mode=stretch
CADD Centre Purasawalkam (CAD  Training),Chennai,https://images.collegedunia.com/public/image/institute/logo_1615959571LOGO (50).png?h=40&w=40&mode=stretch
Teammate Technologies Pvt Ltd ,Hyderabad,https://images.collegedunia.com/public/image/institute/logo_1617109255logo.png?h=40&w=40&mode=stretch
New Vistas Academy ,Kolkata,https://images.collegedunia.com/public/image/institute/logo_1617262513vistas_logo.JPG?h=40&w=40&mode=stretch
Abhishek Jha Coaching Class ,New Delhi,https://images.collegedunia.com/public/image/institute/logo_1619690814jpg (2).jpg?h=40&w=40&mode=stretch
Acrotech Institute ,New Delhi,https://images.collegedunia.com/public/image/institute/logo_1620395627Logo (42).jpg?h=40&w=40&mode=stretch
CFI Education ,New Delhi,https://images.collegedunia.com/public/image/institute/logo_1599512691logo.jpg?h=40&w=40&mode=stretch
MAT Software Solution Pvt.Ltd ,Hyderabad,https://images.collegedunia.com/public/image/institute/logo_1606913874Logo.jpg?h=40&w=40&mode=stretch
Stratagem Financial School ,Hyderabad,https://images.collegedunia.com/public/image/institute/logo_1611927068LOGO.jpeg?h=40&w=40&mode=stretch
Paradigm Learning Centre ,Chennai,https://images.collegedunia.com/public/image/institute/logo_1612613682Paradigm Learning Centre Logo.jpg?h=40&w=40&mode=stretch
Patliputra Coaching Centre Pvt. Ltd. ,New Delhi,https://images.collegedunia.com/public/image/institute/logo_1613706875logo.png?h=40&w=40&mode=stretch
Language Lab ,Mumbai,https://images.collegedunia.com/public/image/institute/logo_1634991344Logo.jpg?h=40&w=40&mode=stretch
Stratagem Financial School ,Hyderabad,https://images.collegedunia.com/public/image/institute/logo_1616827488LOGO (58).png?h=40&w=40&mode=stretch
EngiGyan (Language Training),Noida,https://images.collegedunia.com/public/image/institute/logo_1618179757LOGO.jpg?h=40&w=40&mode=stretch
Creoverse ,Bangalore,https://images.collegedunia.com/public/image/institute/logo_1685514631Creoverse TM Logo (1).jpg?h=40&w=40&mode=stretch
ICA Edu Skills Institute ,Kolkata,https://images.collegedunia.com/public/image/institute/logo_1604137239tt.png?h=40&w=40&mode=stretch
Puja Awachat's English Training Academy ,Pune,https://images.collegedunia.com/public/image/institute/logo_1600436312logo1.jpg?h=40&w=40&mode=stretch
The Westend Institute ,New Delhi,https://images.collegedunia.com/public/image/institute/logo_1600445605logo.png?h=40&w=40&mode=stretch
Sathish Yellanki Institute of Software Solutions ,Hyderabad,https://images.collegedunia.com/public/image/institute/logo_1603434736mainlogo.png?h=40&w=40&mode=stretch
UNIRAC TECHNOLOGIES PVT LTD ,Hyderabad,https://images.collegedunia.com/public/image/institute/logo_1604656550UNIRAC LOGO.png?h=40&w=40&mode=stretch
W3 web school ,Kolkata,https://images.collegedunia.com/public/image/institute/logo_1605725608logo (1).png?h=40&w=40&mode=stretch
iClass Mumbai ,Navi Mumbai,https://images.collegedunia.com/public/image/institute/logo_1605896505Logo.png?h=40&w=40&mode=stretch
AECTL Animation Training Institute ,Bangalore,https://images.collegedunia.com/public/image/institute/logo_1607072993aec logo.png?h=40&w=40&mode=stretch
Bullet Technologies ,Rohtak,https://images.collegedunia.com/public/image/institute/logo_16074928871522930281.png?h=40&w=40&mode=stretch
Sysro Technologies ,New Delhi,https://images.collegedunia.com/public/image/institute/logo_1607499544syro.png?h=40&w=40&mode=stretch
Analytics Benchmark Power BI ,Hyderabad,https://images.collegedunia.com/public/image/institute/logo_1607577422cover.png?h=40&w=40&mode=stretch
Doctor AI: Experienced Trainer from IIT Bombay ,Bangalore,https://images.collegedunia.com/public/image/institute/logo_1607687867logo.png?h=40&w=40&mode=stretch
Infinitum Digital Pvt. Ltd. ,Mumbai,https://images.collegedunia.com/public/image/institute/logo_1610292790infinitum logo.jpg?h=40&w=40&mode=stretch
INDIANCIVILS.COM ,Kolkata,https://images.collegedunia.com/public/image/institute/logo_1610795556ic_logo.JPG?h=40&w=40&mode=stretch
SFM Guru ,Mumbai,https://images.collegedunia.com/public/image/institute/logo_1615573962LOGO (15).png?h=40&w=40&mode=stretch
EDU ALIVE ,New Delhi,https://images.collegedunia.com/public/image/institute/logo_1611076416EDU_ALIVE.jpg?h=40&w=40&mode=stretch
Singham Defence Academy ,Jaipur,https://images.collegedunia.com/public/image/institute/logo_1611299742Logo.jpg?h=40&w=40&mode=stretch
Verbal Xpert ,New Delhi,https://images.collegedunia.com/public/image/institute/logo_1612508822logo.jpg?h=40&w=40&mode=stretch
Srikanth Academy ,Hyderabad,https://images.collegedunia.com/public/image/institute/logo_1612974109SRIKANTH_LOGO.jpg?h=40&w=40&mode=stretch
Canadian University Application Centre ,Bangalore,https://images.collegedunia.com/public/image/institute/logo_161458006715578163_1399514740058627_3904973818785489031_o.jpg?h=40&w=40&mode=stretch
Best Canada Immigration Consultants ,New Delhi,https://images.collegedunia.com/public/image/institute/logo_1614588114LOGO.PNG?h=40&w=40&mode=stretch
Cognizance ,Kolkata,https://images.collegedunia.com/public/image/institute/logo_1614594066LOGO.png?h=40&w=40&mode=stretch
DICE VFS School of Entertainment Arts ,Mumbai,https://images.collegedunia.com/public/image/institute/logo_161565411859543381_596197900790787_3845674748600123392_n.png?h=40&w=40&mode=stretch
Digimanthan ,New Delhi,https://images.collegedunia.com/public/image/institute/logo_1616059989manthan_logo.JPG?h=40&w=40&mode=stretch
Excellent Tuitions ,Bangalore,https://images.collegedunia.com/public/image/institute/logo_1616225635LOGO (30).jpg?h=40&w=40&mode=stretch
JH Institute ,Chennai,https://images.collegedunia.com/public/image/institute/logo_1616308305LOGO.png?h=40&w=40&mode=stretch
Online Digital Hub ,Bangalore,https://images.collegedunia.com/public/image/institute/logo_1616310738LOGO.png?h=40&w=40&mode=stretch
Belladonna Information Technologies Pvt Ltd. ,Bangalore,https://images.collegedunia.com/public/image/institute/logo_1616946429logo.JPG?h=40&w=40&mode=stretch
The Art Of Communicating ,Bangalore,https://images.collegedunia.com/public/image/institute/logo_1616954988logoo.JPG?h=40&w=40&mode=stretch
VtuCs' ,Bangalore,https://images.collegedunia.com/public/image/institute/logo_1616956402logo.JPG?h=40&w=40&mode=stretch
Visabuddy ,Mumbai,https://images.collegedunia.com/public/image/institute/logo_1617460283LOGO.JPG?h=40&w=40&mode=stretch
Indo Japanese Education Centre ,Chennai,https://images.collegedunia.com/public/image/institute/logo_1617907483Indo japnees Logo.jpg?h=40&w=40&mode=stretch
F Skool ,Ahmedabad,https://images.collegedunia.com/public/image/institute/logo_1617965420LOGO.png?h=40&w=40&mode=stretch
Centaur Hosting ,New Delhi,https://images.collegedunia.com/public/image/institute/logo_1618459420centaur_logop.JPG?h=40&w=40&mode=stretch
Statinfer Software Solutions LLP ,Bangalore,https://images.collegedunia.com/public/image/institute/logo_1619362024Logo.png?h=40&w=40&mode=stretch
Sarvha Satya ,Chennai,https://images.collegedunia.com/public/image/institute/logo_1619929845Logo (2).png?h=40&w=40&mode=stretch
Scoopism ,Bangalore,https://images.collegedunia.com/public/image/institute/logo_1619961027Logo (3).png?h=40&w=40&mode=stretch
Indo-American Studies (p).Ltd ,Hyderabad,https://images.collegedunia.com/public/image/institute/logo_1620236517logo3.jpg?h=40&w=40&mode=stretch
Amaranthine ,New Delhi,https://images.collegedunia.com/public/image/institute/logo_1620723987Logo.png?h=40&w=40&mode=stretch
Institute of applied data analytics ,Bangalore,https://images.collegedunia.com/public/image/institute/logo_1606491029download.png?h=40&w=40&mode=stretch
AWS Training ,Bangalore,https://images.collegedunia.com/public/image/institute/logo_1631993540aws logo.png?h=40&w=40&mode=stretch
Sandeep gupta's Study Circle ,Mumbai,https://images.collegedunia.com/public/image/institute/logo_16060669694277671-medium190ap.jpg?h=40&w=40&mode=stretch
Dhaksha Technology ,Chennai,https://images.collegedunia.com/public/image/institute/logo_1606296173DAKSHA SKSHI.JPG?h=40&w=40&mode=stretch
AMCAT TRAINING ELITMUS TRAINING INSTITUTE (SSC CGL),Hyderabad,https://images.collegedunia.com/public/image/institute/logo_1606993508download (3).jfif?h=40&w=40&mode=stretch
Best Ethical Hacking Institute in Pune (Mrwebsecure) ,Mumbai,https://images.collegedunia.com/public/image/institute/logo_1611222744MR WEBER LOGO.png?h=40&w=40&mode=stretch
A-Plus Training centre ,Bangalore,https://images.collegedunia.com/public/image/institute/logo_1607879301Screenshot_2020-12-13 ILM Imaginative Digital Marketing Graphic designing Website Development UI UX.png?h=40&w=40&mode=stretch
Muthumariappan Digital Marketing Consultant ,Chennai,https://images.collegedunia.com/public/image/institute/logo_1610897200l.png?h=40&w=40&mode=stretch
Vision Upliftment Academy ,Kolkata,https://images.collegedunia.com/public/image/institute/logo_16096029881608548837446.jpeg?h=40&w=40&mode=stretch
Immigration Mitra - study abroad consultants ,New Delhi,https://images.collegedunia.com/public/image/institute/logo_16100198521608821894138.png?h=40&w=40&mode=stretch
The Solutions ,Jaipur,https://images.collegedunia.com/public/image/institute/logo_1610339561institutes-logo.png?h=40&w=40&mode=stretch
Gurumantra Academy ,Lucknow,https://images.collegedunia.com/public/image/institute/logo_1611204819logo.png?h=40&w=40&mode=stretch
Yess InfoTech ,Pune,https://images.collegedunia.com/public/image/institute/logo_1605599258Untitled-5-1024x576.png?h=40&w=40&mode=stretch
Profound Edutech ,Mumbai,https://images.collegedunia.com/public/image/institute/logo_1605953947Logo.jpg?h=40&w=40&mode=stretch
Inetz Techno Solutions Pvt Ltd ,Chennai,https://images.collegedunia.com/public/image/institute/logo_1607671779inetz.webp?h=40&w=40&mode=stretch
Autocad Courses and 3D Max Training Institute Mumbai ,Mumbai,https://images.collegedunia.com/public/image/institute/logo_1607785249autocad-courses-mumbai-logo.png?h=40&w=40&mode=stretch
Lapaas - Digital Marketing Institute and Company ,New Delhi,https://images.collegedunia.com/public/image/institute/logo_1609009419LAPAAS_LOGO.jpg?h=40&w=40&mode=stretch
Proximity Immigration pvt ltd (Study Abroad),New Delhi,https://images.collegedunia.com/public/image/institute/logo_1610646596ll.png?h=40&w=40&mode=stretch
Techasoft Pvt. Ltd. - Software Development Company ,Hyderabad,https://images.collegedunia.com/public/image/institute/logo_1610721149ll.png?h=40&w=40&mode=stretch
ilakku Learning UX UI design school ,Chennai,https://images.collegedunia.com/public/image/institute/logo_1610794600ilakku_logo.jpg?h=40&w=40&mode=stretch
Gateway to Success (Civil Engineering),Bhopal,https://images.collegedunia.com/public/image/institute/logo_1611177281ll.png?h=40&w=40&mode=stretch
Mind Quest Technologies ,Hyderabad,https://images.collegedunia.com/public/image/institute/logo_1611211149mind quest-logo.jpg?h=40&w=40&mode=stretch
artificial intelligence course Bangalore ,Bangalore,https://images.collegedunia.com/public/image/institute/logo_1611312276SFJ Logo.png?h=40&w=40&mode=stretch
Dhyan Yoga Kendra ,Jaipur,https://images.collegedunia.com/public/image/institute/logo_1612091443DYK_New_Logo-removebg-preview.png?h=40&w=40&mode=stretch
National School of Banking ,Mumbai,https://images.collegedunia.com/public/image/institute/logo_1635003075Logo.png?h=40&w=40&mode=stretch
Kokanes Kohinoor Technical Institute ,Mumbai,https://images.collegedunia.com/public/image/institute/logo_1615381025logo.png?h=40&w=40&mode=stretch
Webtech Media Synergy Pvt. Ltd ,Mumbai,https://images.collegedunia.com/public/image/institute/logo_1620274645LOGO.JPG?h=40&w=40&mode=stretch
Vidya Guru ,New Delhi,https://images.collegedunia.com/public/image/institute/logo_1623589405vu.PNG?h=40&w=40&mode=stretch
VIGNAN CS ,Secunderabad,https://images.collegedunia.com/public/image/institute/logo_1599077987vcslogo.jpg?h=40&w=40&mode=stretch
Futurite ,Kolkata,https://images.collegedunia.com/public/image/institute/logo_1606286099logo.png?h=40&w=40&mode=stretch
SP Robotics Maker Lab ,Mumbai,https://images.collegedunia.com/public/image/institute/logo_1607588451images.jpeg?h=40&w=40&mode=stretch
Measure Marketer (Formerly Make Marketer ) - Digital Marketing Immersive Bootcamp ,Hyderabad,https://images.collegedunia.com/public/image/institute/logo_1609011754MEASUREMARKETER-LOGO-2020-wide2.png?h=40&w=40&mode=stretch
Pebels ,Bangalore,https://images.collegedunia.com/public/image/institute/logo_1610813516pebel_logo.png?h=40&w=40&mode=stretch
Prizma Academy ,Kolkata,https://images.collegedunia.com/public/image/institute/logo_1612160369prizma-logo.jpg?h=40&w=40&mode=stretch
ITC Training ,Gurgaon,https://images.collegedunia.com/public/image/institute/logo_1603569785logo (2).png?h=40&w=40&mode=stretch
Gemicates Technologies Pvt Ltd ,Chennai,https://images.collegedunia.com/public/image/institute/logo_1607624432gem.png?h=40&w=40&mode=stretch
Indeyes info tech bhopal ,Bhopal,https://images.collegedunia.com/public/image/institute/logo_1607674419logo (4).png?h=40&w=40&mode=stretch
BeSingular Academy - Robotics Classes in South Delhi (Artificial Intelligence Training),New Delhi,https://images.collegedunia.com/public/image/institute/logo_1607676488logo (3).png?h=40&w=40&mode=stretch
Concept Online Classes ,Noida,https://images.collegedunia.com/public/image/institute/logo_1610541294logo.jpg?h=40&w=40&mode=stretch
Sage Automation ,Mumbai,https://images.collegedunia.com/public/image/institute/logo_1611235260logo.png?h=40&w=40&mode=stretch
BEST UGC NET COACHING IN JAIPUR | NET JRF TEST SERIES | NET COMMERCE | NTA NET - Pragya Classes ,Jaipur,https://images.collegedunia.com/public/image/institute/logo_1611820661header-logo.png?h=40&w=40&mode=stretch
Career Boosters ,New Delhi,https://images.collegedunia.com/public/image/institute/logo_1612278264logo.png?h=40&w=40&mode=stretch
Career Boosters ,New Delhi,https://images.collegedunia.com/public/image/institute/logo_1612595092Logo.png?h=40&w=40&mode=stretch
American Institute ,New Delhi,https://images.collegedunia.com/public/image/institute/logo_1613467365American Logo.jpg?h=40&w=40&mode=stretch
Study Overseas Counseling Center (Study Abroad),Mumbai,https://images.collegedunia.com/public/image/institute/logo_1615131969LOGO (6).jpg?h=40&w=40&mode=stretch
MasterJEE classes ,Hyderabad,https://images.collegedunia.com/public/image/institute/logo_1615646375LOGO (16).jpg?h=40&w=40&mode=stretch
Talent Source Automation ,Chennai,https://images.collegedunia.com/public/image/institute/logo_1616734988Logo (19).jpg?h=40&w=40&mode=stretch
Coactive IT Solutions (P) Ltd ,Kolkata,https://images.collegedunia.com/public/image/institute/logo_1620557985Coactive Logo.jpg?h=40&w=40&mode=stretch
JIFSA Education & Technical Services Private Limited ,Mumbai,https://images.collegedunia.com/public/image/institute/logo_1624435251JIFSA Logo PNG.png?h=40&w=40&mode=stretch
Kigyan ,Bangalore,https://images.collegedunia.com/public/image/institute/logo_1603573365Kigyan-School.png?h=40&w=40&mode=stretch
EXACKT TECHFLEETERS ,Jaipur,https://images.collegedunia.com/public/image/institute/logo_160870621811.png?h=40&w=40&mode=stretch
Rapsol Technologies Pvt. Ltd ,Bangalore,https://images.collegedunia.com/public/image/institute/logo_1607760167logo1.png?h=40&w=40&mode=stretch
Advanced Excel Courses at Corporate ,Mumbai,https://images.collegedunia.com/public/image/institute/logo_1608092306Advance-Excel-Training-logo.png?h=40&w=40&mode=stretch
OM Training Services - Livewire Courses Institute in Ambernath ,Mumbai,https://images.collegedunia.com/public/image/institute/logo_1610782987om_logo.JPG?h=40&w=40&mode=stretch
Nextwebi ,Bangalore,https://images.collegedunia.com/public/image/institute/logo_1611288834nextwebi-logo.png?h=40&w=40&mode=stretch
ILSC Language Schools ,New Delhi,https://images.collegedunia.com/public/image/institute/logo_1601494307Opera Snapshot_2020-10-01_010127_www.ilsc.com.png?h=40&w=40&mode=stretch
KS Physics Classes ,Nashik,https://images.collegedunia.com/public/image/institute/logo_16892507675b76576509dabc05151df2d2.jpg?h=40&w=40&mode=stretch
Centre for Research and Industrial Staff Performance ,New Delhi,https://images.collegedunia.com/public/image/institute/logo_16086482071554963833601.jpg?h=40&w=40&mode=stretch
Frameboxx Animation and Visual Effects (3D Animation),Thane,https://images.collegedunia.com/public/image/institute/logo_1611164734ll.png?h=40&w=40&mode=stretch
Vestige Marketing Pvt. Ltd. ,Chennai,https://images.collegedunia.com/public/image/institute/logo_1611294232logo.jpg?h=40&w=40&mode=stretch
Microsoft dynamics CRM AX Training in BTM Bangalore ,Bangalore,https://images.collegedunia.com/public/image/institute/logo_1609656993mic logo.jpg?h=40&w=40&mode=stretch
TSG Academy ,Ghaziabad,https://images.collegedunia.com/public/image/institute/logo_16112470392-cem-png-logo-institute.png?h=40&w=40&mode=stretch
Vita English Training ,Kolkata,https://images.collegedunia.com/public/image/institute/logo_1612433411ooogoo.jpg?h=40&w=40&mode=stretch
Spoken English Course ,Bangalore,https://images.collegedunia.com/public/image/institute/logo_1614580968LOGO.PNG?h=40&w=40&mode=stretch
Rishabh Tutors ,New Delhi,https://images.collegedunia.com/public/image/institute/logo_1616764146Rishabh Tutors Logo.png?h=40&w=40&mode=stretch
ILS Education ,Chennai,https://images.collegedunia.com/public/image/institute/logo_1618047620Logo (41).PNG?h=40&w=40&mode=stretch
Mayank Jain Classes ,New Delhi,https://images.collegedunia.com/public/image/institute/logo_1620666041LOGO.jpg?h=40&w=40&mode=stretch
Training in bengaluru Authorised Training Center in Bangalore with placements for software Training (Data Science Course),Bangalore,https://images.collegedunia.com/public/image/institute/logo_1604374451logo-design.jpg?h=40&w=40&mode=stretch
Make Me Marketer ,Kolkata,https://images.collegedunia.com/public/image/institute/logo_1604604004Make-Me-Marketer-Logo.png?h=40&w=40&mode=stretch
Blend InfoTech ,Pune,https://images.collegedunia.com/public/image/institute/logo_160680100013938452_1093433340705450_8989047319993096861_n.png?h=40&w=40&mode=stretch
Kolkata Digital Marketing Institute ,Kolkata,https://images.collegedunia.com/public/image/institute/logo_1609387663KDMI- logo.webp?h=40&w=40&mode=stretch
Edusoft Learning Systems ,Hyderabad,https://images.collegedunia.com/public/image/institute/logo_1609586450download (5).jpg?h=40&w=40&mode=stretch
Clorida Infotech ,Chennai,https://images.collegedunia.com/public/image/institute/logo_1609928530Logo.jpg?h=40&w=40&mode=stretch
BRIGHT EDUCATIONAL CONSULTANTS ,Hyderabad,https://images.collegedunia.com/public/image/institute/logo_1611748626LOGO.png?h=40&w=40&mode=stretch
Prithvish Computer Training Centre ,New Delhi,https://images.collegedunia.com/public/image/institute/logo_1611979243logo (9).jpg?h=40&w=40&mode=stretch
Tally Academy ,Kolkata,https://images.collegedunia.com/public/image/institute/logo_1612077082LOGO.png?h=40&w=40&mode=stretch
Knowledge IT ,Hyderabad,https://images.collegedunia.com/public/image/institute/logo_1613554606Knowledge IT logo.png?h=40&w=40&mode=stretch
Sri Medha V ,Vijayawada,https://images.collegedunia.com/public/image/institute/logo_1614943953logo-.jpg?h=40&w=40&mode=stretch
American TESOL Company Limited ,Kolkata,https://images.collegedunia.com/public/image/institute/logo_1615638775LOGO (45).png?h=40&w=40&mode=stretch
Vidyasagar University ,Kolkata,https://images.collegedunia.com/public/image/institute/logo_1615702344de_logo.jpg?h=40&w=40&mode=stretch
V N COACHING CENTER ,Chennai,https://images.collegedunia.com/public/image/institute/logo_1616432083V N COACHING CENTRE LOGO.jpg?h=40&w=40&mode=stretch
Edmatrix Services Overseas Education (Study Abroad),Gurgaon,https://images.collegedunia.com/public/image/institute/logo_1617780395LOGO (1).jpeg?h=40&w=40&mode=stretch
Lijt Infotech ,New Delhi,https://images.collegedunia.com/public/image/institute/logo_1617812794IIJT logo.jpg?h=40&w=40&mode=stretch
Encypher Technologies ,Noida,https://images.collegedunia.com/public/image/institute/logo_1618746996Logo.png?h=40&w=40&mode=stretch
V N Coaching Center ,Chennai,https://images.collegedunia.com/public/image/institute/logo_1618768212Logo.jpg?h=40&w=40&mode=stretch
Seven-S Academy of Banking ,Mumbai,https://images.collegedunia.com/public/image/institute/logo_1619894382logo.jpg?h=40&w=40&mode=stretch
Valia Center of Excellence - [VCE] ,Mumbai,https://images.collegedunia.com/public/image/institute/logo_1652860426Layer-1@1X.png?h=40&w=40&mode=stretch
Delhi School of Internet Marketing ,Hyderabad,https://images.collegedunia.com/public/image/institute/logo_1608390913download.png?h=40&w=40&mode=stretch
Edge Tech Solution ,Pune,https://images.collegedunia.com/public/image/institute/logo_1610907617ll.jpg?h=40&w=40&mode=stretch
Massive Technology Solutions ,Bangalore,https://images.collegedunia.com/public/image/institute/logo_16111245361532608124717.jpg?h=40&w=40&mode=stretch
Visa Consultancy Services ,Mumbai,https://images.collegedunia.com/public/image/institute/logo_1617457020LOGO.JPG?h=40&w=40&mode=stretch
National Security Database ,New Delhi,https://images.collegedunia.com/public/image/institute/logo_1607350577NSD.PNG?h=40&w=40&mode=stretch
VOIP Academy ,Bangalore,https://images.collegedunia.com/public/image/institute/logo_1620670232LOGO.jpg?h=40&w=40&mode=stretch
Agitechavids Technologies Private Limited ,Kolkata,https://images.collegedunia.com/public/image/institute/logo_1612273859logo.jpg?h=40&w=40&mode=stretch
Ramchandar's Institute ,Mumbai,https://images.collegedunia.com/public/image/institute/logo_1612700556logo.png?h=40&w=40&mode=stretch
Arun Tailoring Institute ,Chennai,https://images.collegedunia.com/public/image/institute/logo_1609999205Logo.jpg?h=40&w=40&mode=stretch
enCypher Technologies Pvt. Ltd. ,Noida,https://images.collegedunia.com/public/image/institute/logo_1610927205LL.png?h=40&w=40&mode=stretch
Institute for Future Teachers and Education ,New Delhi,https://images.collegedunia.com/public/image/institute/logo_1614233246ifte logo.jpg?h=40&w=40&mode=stretch
Maharashtra center for entrepreneurship development ,Mumbai,https://images.collegedunia.com/public/image/institute/logo_1608228366logo (1).png?h=40&w=40&mode=stretch
Career Expert ,Chennai,https://images.collegedunia.com/public/image/institute/logo_1614064312LOGO.png?h=40&w=40&mode=stretch
IT Corp Analytics ,Hyderabad,https://images.collegedunia.com/public/image/institute/logo_1607579959logo.png?h=40&w=40&mode=stretch
Unique Shiksha (UPSC) ,New Delhi,https://images.collegedunia.com/public/image/institute/logo_1597315468us logo.jpg?h=40&w=40&mode=stretch
Data Analytics Training ,New Delhi,https://images.collegedunia.com/public/image/institute/logo_1603688506logo.png?h=40&w=40&mode=stretch
Angular training institute in Mumbai ,Mumbai,https://images.collegedunia.com/public/image/institute/logo_160388224511241234_1568536453420323_6060112933492083192_o.png?h=40&w=40&mode=stretch
Xiteej Technologies (Computer Science and Information Technology),Pune,https://images.collegedunia.com/public/image/institute/logo_1605560858x1.PNG?h=40&w=40&mode=stretch
Training Center Bangalore ,Bangalore,https://images.collegedunia.com/public/image/institute/logo_1606564733bangalore logo.jpg?h=40&w=40&mode=stretch
TECH LEARNING SOLUTION ,Bangalore,https://images.collegedunia.com/public/image/institute/logo_1607267425techlogo.png?h=40&w=40&mode=stretch
Corona Institute of technology ,Bangalore,https://images.collegedunia.com/public/image/institute/logo_1608743090logo (2).jpg?h=40&w=40&mode=stretch
KBS Training Institute ,Hyderabad,https://images.collegedunia.com/public/image/institute/logo_1609235541Logo.jpg?h=40&w=40&mode=stretch
HP Summer Internship ,Bangalore,https://images.collegedunia.com/public/image/institute/logo_1609422729l.png?h=40&w=40&mode=stretch
ARK Technosolutions ,Mumbai,https://images.collegedunia.com/public/image/institute/logo_1609857975download.jpg?h=40&w=40&mode=stretch
Excel IIT JEE Coaching - IIT Coaching in Delhi | Best IIT Coaching in Delhi ,New Delhi,https://images.collegedunia.com/public/image/institute/logo_1609567848excel logo.jpg?h=40&w=40&mode=stretch
UiMentor- Digital Marketing Course Training Institute ,Bangalore,https://images.collegedunia.com/public/image/institute/logo_1610536596l.png?h=40&w=40&mode=stretch
CH Edge Maker ,Jaipur,https://images.collegedunia.com/public/image/institute/logo_1611056549Logo.jpg?h=40&w=40&mode=stretch
Techtronics ,Chennai,https://images.collegedunia.com/public/image/institute/logo_1611218561Logo.jpg?h=40&w=40&mode=stretch
Newton Academy of Mathematics And Science ,Chennai,https://images.collegedunia.com/public/image/institute/logo_1612434469NewtonAcademy01-1.png?h=40&w=40&mode=stretch
Vantage Institute of Financial Markets ,Mumbai,https://images.collegedunia.com/public/image/institute/logo_1612724700Vantage Institute of Financial Markets LOGO.jpg?h=40&w=40&mode=stretch
Meritnation Centre for Excellence ,Jaipur,https://images.collegedunia.com/public/image/institute/logo_1612955910logo.png?h=40&w=40&mode=stretch
Brainwave Foreign Language Institute Pvt Ltd ,Ghaziabad,https://images.collegedunia.com/public/image/institute/logo_1613022970logo.png?h=40&w=40&mode=stretch
Rukshi Career Acadamy ,Chennai,https://images.collegedunia.com/public/image/institute/logo_1613754878logo.jpg?h=40&w=40&mode=stretch
Brigade Visas ,New Delhi,https://images.collegedunia.com/public/image/institute/logo_1614101107logo-new.png?h=40&w=40&mode=stretch
Academy Of Commerce ,Gurgaon,https://images.collegedunia.com/public/image/institute/logo_1614334198Logo.jpg?h=40&w=40&mode=stretch
Right Directions ,Kolkata,https://images.collegedunia.com/public/image/institute/logo_1614766460LOGO.jpg?h=40&w=40&mode=stretch
Rise Overseas Education Consultancy ,Mumbai,https://images.collegedunia.com/public/image/institute/logo_1614838178ROE_LOGO.png?h=40&w=40&mode=stretch
SAN 10 11 12 PCM JEE MAIN Coaching Classes ,Bangalore,https://images.collegedunia.com/public/image/institute/logo_1615454499SAN Logo.png?h=40&w=40&mode=stretch
CCNP Training Institute ,Bangalore,https://images.collegedunia.com/public/image/institute/logo_1615523406nct_logo.JPG?h=40&w=40&mode=stretch
Teachers Academy Group of Institutions ,Bangalore,https://images.collegedunia.com/public/image/institute/logo_1615730942teacher_logo.jpg?h=40&w=40&mode=stretch
Kips Learning Pvt Ltd ,New Delhi,https://images.collegedunia.com/public/image/institute/logo_1616045264logo.png?h=40&w=40&mode=stretch
AP Immigration Pvt Ltd ,New Delhi,https://images.collegedunia.com/public/image/institute/logo_1616681859logo.jpg?h=40&w=40&mode=stretch
Srinivaas Academy ,Chennai,https://images.collegedunia.com/public/image/institute/logo_1617635715Srinivaas Academy LOGO.jpg?h=40&w=40&mode=stretch
Cryptofy Networks Pvt. Ltd. ,New Delhi,https://images.collegedunia.com/public/image/institute/logo_1617787075Cryptofy Logo.png?h=40&w=40&mode=stretch
Enter-Network Tech ,New Delhi,https://images.collegedunia.com/public/image/institute/logo_1619020366logo.jpg?h=40&w=40&mode=stretch
Bhardwaj Classes ,Noida,https://images.collegedunia.com/public/image/institute/logo_1619364750Logo.jpeg?h=40&w=40&mode=stretch
Shiksha4u ,Bangalore,https://images.collegedunia.com/public/image/institute/logo_1619779738 LOGO.png?h=40&w=40&mode=stretch
Pride Abroad Studies Pvt. Ltd ,Bhopal,https://images.collegedunia.com/public/image/institute/logo_1619926950logo.png?h=40&w=40&mode=stretch
TMB Learning ,Bangalore,https://images.collegedunia.com/public/image/institute/logo_1620228582LOGO.png?h=40&w=40&mode=stretch
Maya Institute for Information Technology ,Kolkata,https://images.collegedunia.com/public/image/institute/logo_1620665250LOGO.jpg?h=40&w=40&mode=stretch
Oasis Institute ,Gurgaon,https://images.collegedunia.com/public/image/institute/logo_1624003199OA.PNG?h=40&w=40&mode=stretch
SOLARIS TRAINING IN BANGALORE ,Bangalore,https://images.collegedunia.com/public/image/institute/logo_1610816197pragati_logo.JPG?h=40&w=40&mode=stretch
D.K TUTIONS ,New Delhi,https://images.collegedunia.com/public/image/institute/logo_1614754674dk-logo.png?h=40&w=40&mode=stretch
Kaizen Multimedia ,Mumbai,https://images.collegedunia.com/public/image/institute/logo_1572602158Annotation 2019-11-01 151422.jpg?h=40&w=40&mode=stretch
Flamingo Institute of Aviation ,Indore,https://images.collegedunia.com/public/image/institute/logo_1579496878looo.png?h=40&w=40&mode=stretch
Future Gate Academy ,Hyderabad,https://images.collegedunia.com/public/image/institute/logo_16058697782423_001.png?h=40&w=40&mode=stretch
Apex Education (NEET),New Delhi,https://images.collegedunia.com/public/image/institute/logo_1597409399freesnippingtool.com_capture_20200814181658.png?h=40&w=40&mode=stretch
Webtrackker ,Noida,https://images.collegedunia.com/public/image/institute/logo_1605721565logo-2.png?h=40&w=40&mode=stretch
EduCadd ,Kolkata,https://images.collegedunia.com/public/image/institute/logo_1607669685elogo.jpg?h=40&w=40&mode=stretch
SharePoint Training in Chennai ,Chennai,https://images.collegedunia.com/public/image/institute/logo_1606572821logo.png?h=40&w=40&mode=stretch
Parametric Technology India Private Limited ,Mumbai,https://images.collegedunia.com/public/image/institute/logo_1607342162parametric-technology-india-private-limited-logo-120x120.jpg?h=40&w=40&mode=stretch
Bigdata handson ,Chennai,https://images.collegedunia.com/public/image/institute/logo_1607510342images (1).png?h=40&w=40&mode=stretch
RPA DataScience Training classes Mumbai - TalentHub ,Navi Mumbai,https://images.collegedunia.com/public/image/institute/logo_1607425161talenhubLogo.png?h=40&w=40&mode=stretch
Optimus Education Society ,Pune,https://images.collegedunia.com/public/image/institute/logo_1607593224logo-Opti.jpg?h=40&w=40&mode=stretch
HandsOn ,Kolkata,https://images.collegedunia.com/public/image/institute/logo_1608538150handson1.png?h=40&w=40&mode=stretch
S-Link Cyber Solutions ,Pune,https://images.collegedunia.com/public/image/institute/logo_1607611566slink-logo-62.png?h=40&w=40&mode=stretch
CISCO CCNA COURSES BY NARESH INFOTECH ,Mumbai,https://images.collegedunia.com/public/image/institute/logo_1607926601naresh-logo.png?h=40&w=40&mode=stretch
Bureau Of Information and Management Services ,Hyderabad,https://images.collegedunia.com/public/image/institute/logo_1608729016logoo.png?h=40&w=40&mode=stretch
Online Idealab ,Bangalore,https://images.collegedunia.com/public/image/institute/logo_1609336916download (1).png?h=40&w=40&mode=stretch
Sharepoint Training ,Chennai,https://images.collegedunia.com/public/image/institute/logo_1609401357l.png?h=40&w=40&mode=stretch
DMatic Digital - Digital Marketing Courses in Mumbai ,Mumbai,https://images.collegedunia.com/public/image/institute/logo_1609606263DMATIC LOGO.png?h=40&w=40&mode=stretch
GST And Income Tax Returns Training Institute Ameerpet ,Hyderabad,https://images.collegedunia.com/public/image/institute/logo_1609606870GST logo.jpg?h=40&w=40&mode=stretch
IT Aspects - Digital Marketing Agency and Training Institute in Hyderabad ,Secunderabad,https://images.collegedunia.com/public/image/institute/logo_1609760171LOGO (10).png?h=40&w=40&mode=stretch
"RAHE, GPAT, NIPER Coaching ",Shahid Bhagat Singh Nagar,https://images.collegedunia.com/public/image/institute/logo_1610192098logo (4).jpg?h=40&w=40&mode=stretch
Education Consultants Canada (ECCanada) ,Mumbai,https://images.collegedunia.com/public/image/institute/logo_1610265459ECC LOGO.png?h=40&w=40&mode=stretch
IODED - Jayanagar ,Bangalore,https://images.collegedunia.com/public/image/institute/logo_1610367810IODED LOGO (1).png?h=40&w=40&mode=stretch
Nispaara Solutions India Private Limited ,Bangalore,https://images.collegedunia.com/public/image/institute/logo_1610358907LOGO (10).png?h=40&w=40&mode=stretch
IELTS Test Classes ,Mumbai,https://images.collegedunia.com/public/image/institute/logo_1610628413IELTS LOGO.jpg?h=40&w=40&mode=stretch
SEO TRAINING INDIA ,Mumbai,https://images.collegedunia.com/public/image/institute/logo_1610706730logo (1).jpg?h=40&w=40&mode=stretch
Tech Trade India ,Kolkata,https://images.collegedunia.com/public/image/institute/logo_1610961064tt_logo.png?h=40&w=40&mode=stretch
Neon Career ,Bangalore,https://images.collegedunia.com/public/image/institute/logo_1611122059l.png?h=40&w=40&mode=stretch
C.P.T Institute ,New Delhi,https://images.collegedunia.com/public/image/institute/logo_1611153001logo.png?h=40&w=40&mode=stretch
GM Education Laxmi Nagar ,New Delhi,https://images.collegedunia.com/public/image/institute/logo_1611198376Normal-Logo.png?h=40&w=40&mode=stretch
Ethical Hacking Training In Pune ,Pune,https://images.collegedunia.com/public/image/institute/logo_1611329210Ethical Hacking Training  LOGO.png?h=40&w=40&mode=stretch
EzeePrep ,New Delhi,https://images.collegedunia.com/public/image/institute/logo_1611760599LOGO.png?h=40&w=40&mode=stretch
Weblogicks ,Bangalore,https://images.collegedunia.com/public/image/institute/logo_1611831128Logo (6).jpg?h=40&w=40&mode=stretch
Best Tutor ,Indore,https://images.collegedunia.com/public/image/institute/logo_1611904716logo (6).png?h=40&w=40&mode=stretch
Learn French ,New Delhi,https://images.collegedunia.com/public/image/institute/logo_1611911150LOGO (8).jpg?h=40&w=40&mode=stretch
Maple Visas Overseas Careers ,Bangalore,https://images.collegedunia.com/public/image/institute/logo_1611919870logo (8).png?h=40&w=40&mode=stretch
Sunsea Foreign Language Institute ,Chennai,https://images.collegedunia.com/public/image/institute/logo_1612019188sunsea foreign language institute_logo.JPG?h=40&w=40&mode=stretch
TECH TALENTS ,Seri Lingampally,https://images.collegedunia.com/public/image/institute/logo_1612427508llogggo.jpg?h=40&w=40&mode=stretch
Phi Aim NEET Coaching and Tuition Centre ,Chennai,https://images.collegedunia.com/public/image/institute/logo_161244036351452684-notebook-1440.jpg?h=40&w=40&mode=stretch
Silicon Coder ,Kolkata,https://images.collegedunia.com/public/image/institute/logo_1612464620Logo.jpg?h=40&w=40&mode=stretch
CFA Institute ,Bandra,https://images.collegedunia.com/public/image/institute/logo_1612514257cfa-logo.png?h=40&w=40&mode=stretch
National Business School ,Jaipur,https://images.collegedunia.com/public/image/institute/logo_1612530773logos-1.png?h=40&w=40&mode=stretch
"iLEAD - Institute of Leadership, Entrepreneurship and Development ",Kolkata,"https://images.collegedunia.com/public/image/institute/logo_1612609372iLEAD - Institute of Leadership, Entrepreneurship and Development COVER.jpg?h=40&w=40&mode=stretch"
Institute for Financial Literacy ,Jaipur,https://images.collegedunia.com/public/image/institute/logo_1612610459infily-logo.png?h=40&w=40&mode=stretch
Surajit Pramanick ,Kolkata,"https://images.collegedunia.com/public/image/institute/logo_1612722787Surajit Pramanick, CFP logo.jpg?h=40&w=40&mode=stretch"
Global IAS Academy ,Bagalkot,https://images.collegedunia.com/public/image/institute/logo_1612937911LOGO (28).png?h=40&w=40&mode=stretch
PBI Coaching ,Jalandhar,https://images.collegedunia.com/public/image/institute/logo_1612950534download (5).jpg?h=40&w=40&mode=stretch
Apex Education ,Gurgaon,https://images.collegedunia.com/public/image/institute/logo_1613120895logo (2).png?h=40&w=40&mode=stretch
Steno India ,Ranchi,https://images.collegedunia.com/public/image/institute/logo_1613641749logo (2) (1).png?h=40&w=40&mode=stretch
f1Studioz ,Bangalore,https://images.collegedunia.com/public/image/institute/logo_1613743436Logo (10).jpg?h=40&w=40&mode=stretch
Pinnacle IAS Academy ,Chennai,https://images.collegedunia.com/public/image/institute/logo_1613847984Logo.jpg?h=40&w=40&mode=stretch
Saraswati Classes ,Kankalvi,https://images.collegedunia.com/public/image/institute/logo_1613926447logooo.png?h=40&w=40&mode=stretch
Ayushyam Technology ,New Delhi,https://images.collegedunia.com/public/image/institute/logo_1613996781AAyusham technology Logo.png?h=40&w=40&mode=stretch
Biztalk Trainings ,Hyderabad,https://images.collegedunia.com/public/image/institute/logo_1614056714Biz Talk training Logo.jpg?h=40&w=40&mode=stretch
The Gurukulam Academy ,New Delhi,https://images.collegedunia.com/public/image/institute/logo_1614049042Logo.png?h=40&w=40&mode=stretch
GS Infotech ,New Delhi,https://images.collegedunia.com/public/image/institute/logo_1614251730LOGO (1).jpg?h=40&w=40&mode=stretch
magicalPi Learning ,Mumbai,https://images.collegedunia.com/public/image/institute/logo_1614316028logo (2).jpg?h=40&w=40&mode=stretch
SkillXpert Technologies ,Hyderabad,https://images.collegedunia.com/public/image/institute/logo_1614350331LOGO.jpg?h=40&w=40&mode=stretch
Osmo IT Solution Pvt. Ltd. ,Bhopal,https://images.collegedunia.com/public/image/institute/logo_1614402720logo (3).jpg?h=40&w=40&mode=stretch
Aunwesha Academy ,Kolkata,https://images.collegedunia.com/public/image/institute/logo_1614406348LOGO-ANUWESHA.png?h=40&w=40&mode=stretch
The Princeton Review - Score Plus ,Pune,https://images.collegedunia.com/public/image/institute/logo_1614406508ogo.jpg?h=40&w=40&mode=stretch
Axiom Institute ,New Delhi,https://images.collegedunia.com/public/image/institute/logo_1614421796LOGO (4).jpg?h=40&w=40&mode=stretch
Eduroof ,Mumbai,https://images.collegedunia.com/public/image/institute/logo_1614521933LOGO (5).jpg?h=40&w=40&mode=stretch
Neurosurgery Education and Training School ,New Delhi,https://images.collegedunia.com/public/image/institute/logo_1614710741download - Copy.jpg?h=40&w=40&mode=stretch
XceedIt Learning ,Noida,https://images.collegedunia.com/public/image/institute/logo_1614918848Logo.jpg?h=40&w=40&mode=stretch
Brilliant Tutor's Academy ,Mumbai,https://images.collegedunia.com/public/image/institute/logo_1615029695logo_horizontal.png?h=40&w=40&mode=stretch
Adaptive Us ,Bangalore,https://images.collegedunia.com/public/image/institute/logo_161529062224130167_1605964259459639_1762493202819163645_o.png?h=40&w=40&mode=stretch
Asha Competitive Careers Center ,Mumbai,https://images.collegedunia.com/public/image/institute/logo_1615462576Asha Competitive Careers Center LOGO.jpg?h=40&w=40&mode=stretch
Tayal Institute ,Mumbai,https://images.collegedunia.com/public/image/institute/logo_1615630244LOGO (14).jpg?h=40&w=40&mode=stretch
MAXX PLANCK INSTITUTE ,Chennai,https://images.collegedunia.com/public/image/institute/logo_1615650711LOGO (22).png?h=40&w=40&mode=stretch
MLK Home & Online Tuition Teachers ,Ghaziabad,https://images.collegedunia.com/public/image/institute/logo_1615652109LOGO (17).jpg?h=40&w=40&mode=stretch
CrskTech Java J2EE Training Institute ,Bangalore,https://images.collegedunia.com/public/image/institute/logo_1615726947c1.jpg?h=40&w=40&mode=stretch
Cleonix Academy ,Kolkata,https://images.collegedunia.com/public/image/institute/logo_1615899772Cleonix Academy LOGO.png?h=40&w=40&mode=stretch
Shreeya Infotech ,Mumbai,https://images.collegedunia.com/public/image/institute/logo_1616499278Shreeya Infotech LOGO.png?h=40&w=40&mode=stretch
MBA Pathshala ,Mumbai,https://images.collegedunia.com/public/image/institute/logo_1616522986Logo.png?h=40&w=40&mode=stretch
Delhi NCR Tutors ,New Delhi,https://images.collegedunia.com/public/image/institute/logo_1616755208Delhi NCR Tutors Logo.png?h=40&w=40&mode=stretch
Anthelion School of Art ,Kolkata,https://images.collegedunia.com/public/image/institute/logo_1617513450LOGO (30).JPG?h=40&w=40&mode=stretch
"""Rightway IELTS Academy"" ",Ahmedabad,https://images.collegedunia.com/public/image/institute/logo_1617522095B1.jpg?h=40&w=40&mode=stretch
"""SHREE RENUKA INSTITUTE OF NEET ",Ahmedabad,https://images.collegedunia.com/public/image/institute/logo_1617523689F1.PNG?h=40&w=40&mode=stretch
SysAppPro ,New Delhi,https://images.collegedunia.com/public/image/institute/logo_1617804028COVER.jpg?h=40&w=40&mode=stretch
Anima Foundation ,Kolkata,https://images.collegedunia.com/public/image/institute/logo_1617989774Logo (39).PNG?h=40&w=40&mode=stretch
M S WebTech (Social Media Marketing (SMM)),New Delhi,https://images.collegedunia.com/public/image/institute/logo_1618183917logo.PNG?h=40&w=40&mode=stretch
Savvy Softtech ,Hyderabad,https://images.collegedunia.com/public/image/institute/logo_1618225200logo.png?h=40&w=40&mode=stretch
Headway Abroad ,New Delhi,https://images.collegedunia.com/public/image/institute/logo_1618227286Headway living abroad LOGO.png?h=40&w=40&mode=stretch
The Cortex ,Chennai,https://images.collegedunia.com/public/image/institute/logo_1618318821The Cortex LOGO.jpg?h=40&w=40&mode=stretch
Foreign Language School (Language Training),Bangalore,https://images.collegedunia.com/public/image/institute/logo_1618779797logo.JPG?h=40&w=40&mode=stretch
Dotwise Digital (Language Training),Mumbai,https://images.collegedunia.com/public/image/institute/logo_1618789408logo.JPG?h=40&w=40&mode=stretch
Europe Education (MBA),New Delhi,https://images.collegedunia.com/public/image/institute/logo_1618793950logo.JPG?h=40&w=40&mode=stretch
SEO Course (SEO),Bangalore,https://images.collegedunia.com/public/image/institute/logo_1619342098LOGO.JPG?h=40&w=40&mode=stretch
Skylinks Abroad MBBS (Study Abroad),Hyderabad,https://images.collegedunia.com/public/image/institute/logo_1619384562logo.png?h=40&w=40&mode=stretch
Open Workshops (Computer Science and Information Technology),New Delhi,https://images.collegedunia.com/public/image/institute/logo_1619394221logo.JPG?h=40&w=40&mode=stretch
Accent Education ,Hyderabad,https://images.collegedunia.com/public/image/institute/logo_1619776566Logo (36).jpg?h=40&w=40&mode=stretch
Skilled Migration Consultants Pvt. Ltd. (Education consultants),Chennai,https://images.collegedunia.com/public/image/institute/logo_1619870362LOGO.png?h=40&w=40&mode=stretch
Atal Incubation Centre NMIMS - [AIC NMIMS] ,Mumbai,https://images.collegedunia.com/public/image/institute/logo_1651217921Launchpad Logo.png?h=40&w=40&mode=stretch
MATHABIT SMART CLASSES ,New Delhi,https://images.collegedunia.com/public/image/institute/logo_1619990141Logo (1).webp?h=40&w=40&mode=stretch
Score Plus Academy ,Mumbai,https://images.collegedunia.com/public/image/institute/logo_1620468532Logo (66).png?h=40&w=40&mode=stretch
Just Learn Online ,Hyderabad,https://images.collegedunia.com/public/image/institute/logo_1620413657LOGO.jpg?h=40&w=40&mode=stretch
Selenium Training Institute ,Bangalore,https://images.collegedunia.com/public/image/institute/logo_1620473399Logo (67).PNG?h=40&w=40&mode=stretch
Velammal NewGen Cbse School Madipakkam ,Chennai,https://images.collegedunia.com/public/image/institute/logo_1620563618Logo (53).jpg?h=40&w=40&mode=stretch
Test Funda ,Mumbai,https://images.collegedunia.com/public/image/institute/logo_1622287132Logo.png?h=40&w=40&mode=stretch
Designenterence.com ,New Delhi,https://images.collegedunia.com/public/image/institute/logo_1627245524qwert.PNG?h=40&w=40&mode=stretch
Techourse ,Bangalore,https://images.collegedunia.com/public/image/institute/logo_1629091249thlogo.png?h=40&w=40&mode=stretch
SaSTAT ,Ahmedabad,https://images.collegedunia.com/public/image/institute/logo_1633069557Screenshot 2021-10-01 115158.png?h=40&w=40&mode=stretch
Invisor Learning ,Cochin,https://images.collegedunia.com/public/image/institute/logo_1634543662invisor-logo.png?h=40&w=40&mode=stretch
Skill-Lync ,Chennai,https://images.collegedunia.com/public/image/institute/logo_1638345191logox-slider.png?h=40&w=40&mode=stretch
Prepleaf by Masai ,Bangalore,https://images.collegedunia.com/public/image/institute/logo_1642158381Screenshot 2022-01-14 163220.png?h=40&w=40&mode=stretch
Tantalum Academy ,Bangalore,https://images.collegedunia.com/public/image/institute/logo_1642869173Logo-PNG-300-Resolution-with-n.jpg?h=40&w=40&mode=stretch
Animatrix Academy of Media Studies ,Kolkata,https://images.collegedunia.com/public/image/institute/logo_1643701828logo_aams.png?h=40&w=40&mode=stretch
Expertrons ,Mumbai,https://images.collegedunia.com/public/image/institute/logo_1645254510Untitled.png?h=40&w=40&mode=stretch
TechnoFusion Point (Education Division of Mu Analytics) ,Surat,https://images.collegedunia.com/public/image/institute/logo_1649245435Screenshot 2022-04-06 170526.png?h=40&w=40&mode=stretch
Center for Artificial Intelligence and Advanced Analytics ,Pune,https://images.collegedunia.com/public/image/institute/logo_1649827989Dark-Logo.png?h=40&w=40&mode=stretch
Institute of Real Estate and Finance - [IREF] ,Pune,https://images.collegedunia.com/public/image/institute/logo_165097652862391006_1742305309206022_6868253597998514176_n.png?h=40&w=40&mode=stretch
Arena Animation ,Pune,https://images.collegedunia.com/public/image/institute/logo_1651041934arena-logo-e1639993362883 (1).jpeg?h=40&w=40&mode=stretch
SecurEyes Techno Services Pvt. Ltd. ,Bangalore,https://images.collegedunia.com/public/image/institute/logo_1651492112SE - Blue Bkgrd.PNG?h=40&w=40&mode=stretch
Indira Gandhi Computer College ,Satna,https://images.collegedunia.com/public/image/institute/logo_1652169401Screenshot 2022-05-10 132504.png?h=40&w=40&mode=stretch
Suraasa ,Gurgaon,https://images.collegedunia.com/public/image/institute/logo_1652250737Screenshot 2022-05-11 115852.png?h=40&w=40&mode=stretch
Gray Spark Audio Academy ,Pune,https://images.collegedunia.com/public/image/institute/logo_1652441042195c13a0-de0e-a8e9-76c9-d3767f9483f3.png?h=40&w=40&mode=stretch
School of Policy and Governance ,Bangalore,https://images.collegedunia.com/public/image/institute/logo_1654602055SPG_logo.png?h=40&w=40&mode=stretch
Saaz Studio ,Nagpur,https://images.collegedunia.com/public/image/institute/logo_1655119465logo.png?h=40&w=40&mode=stretch
Kalvium ,Bangalore,https://images.collegedunia.com/public/image/institute/logo_1700115631Kalvium Logo -collegedunia.png?h=40&w=40&mode=stretch
Manimekalai Educational Institute ,Chennai,https://images.collegedunia.com/public/image/institute/logo_1655548100logo_manimekalai.png?h=40&w=40&mode=stretch
Anibrain School of Media Design ,Pune,https://images.collegedunia.com/public/image/institute/logo_1655879361school-of-media-logo.png?h=40&w=40&mode=stretch
Skyblue Institute of Design ,Bhavnagar,https://images.collegedunia.com/public/image/institute/logo_1661414655Screenshot 2022-08-25 132542.png?h=40&w=40&mode=stretch
MED-IIT ,New Delhi,https://images.collegedunia.com/public/image/institute/logo_1662105504301517608_411642354405128_6380966438676892940_n.png?h=40&w=40&mode=stretch
Chemistry Classes By D P Singh ,Gurgaon,https://images.collegedunia.com/public/image/institute/logo_1662360592unnamed.png?h=40&w=40&mode=stretch
Maya Academy of Advanced Cinematics - [MAAC] Malviya Nagar ,New Delhi,https://images.collegedunia.com/public/image/institute/logo_1662702261index.png?h=40&w=40&mode=stretch
Institute for Career Studies - [ICS] ,Lucknow,https://images.collegedunia.com/public/image/institute/logo_1664618244index.jpg?h=40&w=40&mode=stretch
Vishwa Medical Admission Point ,Kolhapur,https://images.collegedunia.com/public/image/institute/logo_1667466245index.png?h=40&w=40&mode=stretch
Prepp IAS (UPSC),Gurgaon,https://images.collegedunia.com/public/image/institute/logo_1680755425Screenshot 2023-04-06 095037.jpg?h=40&w=40&mode=stretch
OTS School of Advertising ,Vijayawada,https://images.collegedunia.com/public/image/institute/logo_1682425136ots logo.webp?h=40&w=40&mode=stretch
Dapp Foundery ,Jaipur,https://images.collegedunia.com/public/image/institute/logo_1684389819d logo.jpg?h=40&w=40&mode=stretch
"TIME Institute, Gujarat ",Ahmedabad,https://images.collegedunia.com/public/image/institute/logo_1688557111t1.png?h=40&w=40&mode=stretch
Counsel India ,Noida,https://images.collegedunia.com/public/image/institute/logo_16912324113.png?h=40&w=40&mode=stretch
Emeritus (JEE Advanced),Mumbai,https://images.collegedunia.com/public/image/institute/logo_1697875175d.jpg?h=40&w=40&mode=stretch
The Institute of Easy Physics ,Bhubaneswar,https://images.collegedunia.com/public/image/institute/logo_1703588614ddddd.png?h=40&w=40&mode=stretch
