Institutes Names,Institutes Place,Logo Link
Memory Maths Academy ,Hyderabad,https://images.collegedunia.com/public/image/institute/logo_1616073949logo (35).png?h=40&w=40&mode=stretch
Sam Tuition ,Bangalore,https://images.collegedunia.com/public/image/institute/logo_1616074285Sam Tuitions - Online Maths Tuition Classes LOGO.jpg?h=40&w=40&mode=stretch
LanguageStep Academy ,Bangalore,https://images.collegedunia.com/public/image/institute/logo_1616074776step_logo.JPG?h=40&w=40&mode=stretch
Onlinism Digital Marketing Courses ,Bangalore,https://images.collegedunia.com/public/image/institute/logo_1616075770onlinism_logo.JPG?h=40&w=40&mode=stretch
CogniznR ,New Delhi,https://images.collegedunia.com/public/image/institute/logo_1616083250LOGO.png?h=40&w=40&mode=stretch
IT Pathshala ,New Delhi,https://images.collegedunia.com/public/image/institute/logo_1616084746pathashala logo.png?h=40&w=40&mode=stretch
Altus engineering Cad Design & Analysis project centre ,Chennai,https://images.collegedunia.com/public/image/institute/logo_1616131066LOGO (22).jpg?h=40&w=40&mode=stretch
Cool Panda - Chinese Language Classes ,Mumbai,https://images.collegedunia.com/public/image/institute/logo_1616180627Cool Panda - Chinese Language Classes LOGO.png?h=40&w=40&mode=stretch
I2I Skills ,Chennai,https://images.collegedunia.com/public/image/institute/logo_1616181444i2i Skills LOGO.png?h=40&w=40&mode=stretch
Jaind Services Private Limited ,Hyderabad,https://images.collegedunia.com/public/image/institute/logo_1616216608AnyConv.com__logo (4).jpg?h=40&w=40&mode=stretch
FEMJEE ,Bangalore,https://images.collegedunia.com/public/image/institute/logo_1616223574LOGO (29).jpg?h=40&w=40&mode=stretch
Highgate Academy ,Mumbai,https://images.collegedunia.com/public/image/institute/logo_1616224766Logo (28).png?h=40&w=40&mode=stretch
Hyderabad School of learning ,Hyderabad,https://images.collegedunia.com/public/image/institute/logo_16162337041819806-medium190ap.jpg?h=40&w=40&mode=stretch
Digiperform HSR ,Bangalore,https://images.collegedunia.com/public/image/institute/logo_1616239859LOGO.jpg?h=40&w=40&mode=stretch
Shraddha English ,Hyderabad,https://images.collegedunia.com/public/image/institute/logo_1616241143AnyConv.com__logo (7).jpg?h=40&w=40&mode=stretch
Arcus Hyderabad ,Hyderabad,https://images.collegedunia.com/public/image/institute/logo_1616246669arcus _logo.JPG?h=40&w=40&mode=stretch
CEI ,New Delhi,https://images.collegedunia.com/public/image/institute/logo_1616296726cei_logo.JPG?h=40&w=40&mode=stretch
Rmsoft Technologies ,Kolkata,https://images.collegedunia.com/public/image/institute/logo_1616344456rm_logo.JPG?h=40&w=40&mode=stretch
Skill Pundits ,Hyderabad,https://images.collegedunia.com/public/image/institute/logo_1616348067skill_logo.JPG?h=40&w=40&mode=stretch
Softlogic Academy ,Chennai,https://images.collegedunia.com/public/image/institute/logo_1616379390sla_logo (1).JPG?h=40&w=40&mode=stretch
Breakspace ,Kolkata,https://images.collegedunia.com/public/image/institute/logo_1616380842breakspace_logo.JPG?h=40&w=40&mode=stretch
Excel Next ,Kolkata,https://images.collegedunia.com/public/image/institute/logo_1616381866Excel Next_logo.JPG?h=40&w=40&mode=stretch
Kreative Palette Pvt Ltd ,Kolkata,https://images.collegedunia.com/public/image/institute/logo_1616400705logo.jpg?h=40&w=40&mode=stretch
RTDI ,Kolkata,https://images.collegedunia.com/public/image/institute/logo_1616409918Logo.png?h=40&w=40&mode=stretch
SSC- SEO Company ,Avadi,https://images.collegedunia.com/public/image/institute/logo_1616422904LOGO.jpg?h=40&w=40&mode=stretch
Goethe Zentrum ,Hyderabad,https://images.collegedunia.com/public/image/institute/logo_1616479149Logo.png?h=40&w=40&mode=stretch
Lakshya9 ,Chennai,https://images.collegedunia.com/public/image/institute/logo_1616482786images - 2021-03-21T133419.087.jpeg?h=40&w=40&mode=stretch
Pace Centre ,Secunderabad,https://images.collegedunia.com/public/image/institute/logo_1616489970Logo.jpg?h=40&w=40&mode=stretch
NILI - Japanese Language Institute ,Bangalore,https://images.collegedunia.com/public/image/institute/logo_1616495630NILI - Japanese Language Institute LOGO.png?h=40&w=40&mode=stretch
Sayuri Japanese Language School ,Bangalore,https://images.collegedunia.com/public/image/institute/logo_1616497889Sayuri Japanese Language School LOGO.png?h=40&w=40&mode=stretch
Sarlakg Technologies ,Bangalore,https://images.collegedunia.com/public/image/institute/logo_1616551209Logo.png?h=40&w=40&mode=stretch
Nucleons Academy ,Pune,https://images.collegedunia.com/public/image/institute/logo_1616570175Logo.png?h=40&w=40&mode=stretch
Wisdom Academy ,Mumbai,https://images.collegedunia.com/public/image/institute/logo_1616580790Logo.png?h=40&w=40&mode=stretch
Appslure ,New Delhi,https://images.collegedunia.com/public/image/institute/logo_1616582040Logo.jpg?h=40&w=40&mode=stretch
Apollonius School Of Artificial Intelligence ,Kolkata,https://images.collegedunia.com/public/image/institute/logo_1616585876LOGO.jpg?h=40&w=40&mode=stretch
Hardware and Networking Training ,Kolkata,https://images.collegedunia.com/public/image/institute/logo_1616586482LOGO.png?h=40&w=40&mode=stretch
Image Consulting Business Institute ,Kolkata,https://images.collegedunia.com/public/image/institute/logo_1616589646LOGO.jpg?h=40&w=40&mode=stretch
Kotoba Japanese Learning Center & Kotoba Business Consulting ,Kolkata,https://images.collegedunia.com/public/image/institute/logo_1616637521LOGO.png?h=40&w=40&mode=stretch
A.R.M. ,Chennai,https://images.collegedunia.com/public/image/institute/logo_1616665276Logo (41).png?h=40&w=40&mode=stretch
Pionier School of Foreign Languages ,Serilingampally,https://images.collegedunia.com/public/image/institute/logo_1616665828pionier_logo.JPG?h=40&w=40&mode=stretch
Siri Institute of Painting ,Hyderabad,https://images.collegedunia.com/public/image/institute/logo_1616670615Brochure.PNG?h=40&w=40&mode=stretch
Global Gnosis Consulting ,Mumbai,https://images.collegedunia.com/public/image/institute/logo_161667380991731176_1413854928794940_896431400629043200_n (1).png?h=40&w=40&mode=stretch
ACADEMECH ,Hyderabad,https://images.collegedunia.com/public/image/institute/logo_1616674412ACADEMECH Logo.jpg?h=40&w=40&mode=stretch
LUFTHANSA INSTITUTE OF FOREIGN LANGUAGES ,Hyderabad,https://images.collegedunia.com/public/image/institute/logo_1616675480dark.png?h=40&w=40&mode=stretch
Anju Maths Classes ,New Delhi,https://images.collegedunia.com/public/image/institute/logo_1616677076anju-maths Logo.png?h=40&w=40&mode=stretch
OSELabs ,Chennai,https://images.collegedunia.com/public/image/institute/logo_1616730600Logo (47).PNG?h=40&w=40&mode=stretch
apitech ,Mumbai,https://images.collegedunia.com/public/image/institute/logo_1616732300aptech-learning-logo.png?h=40&w=40&mode=stretch
CS EduGuide ,Kolkata,https://images.collegedunia.com/public/image/institute/logo_1616732875logo.jpg?h=40&w=40&mode=stretch
Exito Training Institute ,Chennai,https://images.collegedunia.com/public/image/institute/logo_1616733959logo (1).png?h=40&w=40&mode=stretch
VZone Academy ,Mumbai,https://images.collegedunia.com/public/image/institute/logo_1616739991Logo (51).png?h=40&w=40&mode=stretch
Inviul Selenium Automation ,Pune,https://images.collegedunia.com/public/image/institute/logo_1616745820Inviul-New-Theme-Logo.png?h=40&w=40&mode=stretch
Adlakha Kukreja Group ,New Delhi,https://images.collegedunia.com/public/image/institute/logo_1616747779LOGO (21).jpg?h=40&w=40&mode=stretch
Jaiman Commerce Classes ,Jaipur,https://images.collegedunia.com/public/image/institute/logo_1616751408logo.png?h=40&w=40&mode=stretch
Metro Mentors ,Noida,https://images.collegedunia.com/public/image/institute/logo_1616752867logo.png?h=40&w=40&mode=stretch
Prism Technology ,Mumbai,https://images.collegedunia.com/public/image/institute/logo_1616754627logo.jpg?h=40&w=40&mode=stretch
Kannan Tuitions ,Chennai,https://images.collegedunia.com/public/image/institute/logo_1616760755kannan-tuitions Logo.png?h=40&w=40&mode=stretch
Rafi Academy ,Chennai,https://images.collegedunia.com/public/image/institute/logo_1616763446unnamed.jpg?h=40&w=40&mode=stretch
IoT Solutionz ,Kolkata,https://images.collegedunia.com/public/image/institute/logo_1616764154LOGO (54).png?h=40&w=40&mode=stretch
Magni Profs ,New Delhi,https://images.collegedunia.com/public/image/institute/logo_1616765705LOGO (23).jpg?h=40&w=40&mode=stretch
Subhash Programming Classes ,Bangalore,https://images.collegedunia.com/public/image/institute/logo_1616769823logo.png?h=40&w=40&mode=stretch
Miles CMA ,Gurgaon,https://images.collegedunia.com/public/image/institute/logo_1616819923LOGO (55).png?h=40&w=40&mode=stretch
NewEra Physics Classes ,New Delhi,https://images.collegedunia.com/public/image/institute/logo_1616821408LOGO (56).PNG?h=40&w=40&mode=stretch
SUBBU - Web Technologies Online Trainer ,Hyderabad,https://images.collegedunia.com/public/image/institute/logo_1616857437subbu_logo.JPG?h=40&w=40&mode=stretch
GR IAS Study Circle ,Hyderabad,https://images.collegedunia.com/public/image/institute/logo_1616888997gr_logo.JPG?h=40&w=40&mode=stretch
Exans Technologies ,Chennai,https://images.collegedunia.com/public/image/institute/logo_1616911268AnyConv.com__logo (11).jpg?h=40&w=40&mode=stretch
Full Stack Java Developer ,Pune,https://images.collegedunia.com/public/image/institute/logo_1616913390logo (63).png?h=40&w=40&mode=stretch
Institute Of Engineering Studies ,Hyderabad,https://images.collegedunia.com/public/image/institute/logo_1616922075logo.jpg?h=40&w=40&mode=stretch
Indian Institute Of Digital Marketing And Information ,New Delhi,https://images.collegedunia.com/public/image/institute/logo_1616935650IIDMI LOGO.jpg?h=40&w=40&mode=stretch
Financial Planning Academy ,Mumbai,https://images.collegedunia.com/public/image/institute/logo_1617002853acca_logo.JPG?h=40&w=40&mode=stretch
Mean JS Training Institute ,Hyderabad,https://images.collegedunia.com/public/image/institute/logo_1617085491Logo.jpg?h=40&w=40&mode=stretch
Pytriot Solutions ,Noida,https://images.collegedunia.com/public/image/institute/logo_1617090546Logo.png?h=40&w=40&mode=stretch
Uniq Technologies ,Chennai,https://images.collegedunia.com/public/image/institute/logo_1617118550Logo.jpg?h=40&w=40&mode=stretch
Cambridge English ,Chennai,https://images.collegedunia.com/public/image/institute/logo_1617165648Logo.jpg?h=40&w=40&mode=stretch
Scope Overseas Services ,Hyderabad,https://images.collegedunia.com/public/image/institute/logo_1617177322logo.png?h=40&w=40&mode=stretch
Techvibz ,Bangalore,https://images.collegedunia.com/public/image/institute/logo_1617180509Logo.png?h=40&w=40&mode=stretch
M S WebTech ,New Delhi,https://images.collegedunia.com/public/image/institute/logo_1617189172logo.PNG?h=40&w=40&mode=stretch
Aseem Govil PPC Expert ,New Delhi,https://images.collegedunia.com/public/image/institute/logo_1617197173logo.jpg?h=40&w=40&mode=stretch
TechPlayLearn Robotics ,Bangalore,https://images.collegedunia.com/public/image/institute/logo_1617245065logo.png?h=40&w=40&mode=stretch
Morevisas ,New Delhi,https://images.collegedunia.com/public/image/institute/logo_1617259182logo_morevisas1.png?h=40&w=40&mode=stretch
UnitedWebSoft ,New Delhi,https://images.collegedunia.com/public/image/institute/logo_1617263764uit_logo.JPG?h=40&w=40&mode=stretch
Sanjay Kaushik Institute Of Commerce ,New Delhi,https://images.collegedunia.com/public/image/institute/logo_1617278435SKIOC-Logo.png?h=40&w=40&mode=stretch
IGNITE Career Academy ,Thuraiyur,https://images.collegedunia.com/public/image/institute/logo_1617294066logo.JPG?h=40&w=40&mode=stretch
WEBVIDHYA ,Hyderabad,https://images.collegedunia.com/public/image/institute/logo_1617296361WEBVIDHYA LOGO.png?h=40&w=40&mode=stretch
New Parameter Academy ,New Delhi,https://images.collegedunia.com/public/image/institute/logo_1617336322LOGO.JPG?h=40&w=40&mode=stretch
EUROPEAN STUDY (Study Abroad),Kolkata,https://images.collegedunia.com/public/image/institute/logo_1617345822logo (13).png?h=40&w=40&mode=stretch
Aparajita IAS Academy ,New Delhi,https://images.collegedunia.com/public/image/institute/logo_1617346725logo (13).jpg?h=40&w=40&mode=stretch
Neeraj Institute of Technical Department & Professionals ,Bhopal,"https://images.collegedunia.com/public/image/institute/logo_1617362717ITDP - AutoCad, 3ds Max, Catia, CPCT, DCA , PGDCA coaching in Bhopal LOGO.png?h=40&w=40&mode=stretch"
MyClassTraining ,Bangalore,https://images.collegedunia.com/public/image/institute/logo_1617363627MyClassTrainingBangalore LOGO.jpg?h=40&w=40&mode=stretch
Abir's Technology (php training),Kolkata,https://images.collegedunia.com/public/image/institute/logo_1617430098logo (15).png?h=40&w=40&mode=stretch
Visa Vendor Overseas educational consultancy ,Chigurumamidi,https://images.collegedunia.com/public/image/institute/logo_1617458441LOGO.JPG?h=40&w=40&mode=stretch
Tayaari Institute ,New Delhi,https://images.collegedunia.com/public/image/institute/logo_1617469347logo.jpg?h=40&w=40&mode=stretch
VERTEX ACADEMY ,Hyderabad,https://images.collegedunia.com/public/image/institute/logo_1617470246logo.jpg?h=40&w=40&mode=stretch
Arul Karuppannan ,Chennai,https://images.collegedunia.com/public/image/institute/logo_1617515159logo (31).JPG?h=40&w=40&mode=stretch
D3 Coaching Classes ,Jaipur,https://images.collegedunia.com/public/image/institute/logo_1617588452Logo.png?h=40&w=40&mode=stretch
Maples IT Technologies ,Hyderabad,https://images.collegedunia.com/public/image/institute/logo_1617592895Logo.jpg?h=40&w=40&mode=stretch
Wincer Academy ,Bangalore,https://images.collegedunia.com/public/image/institute/logo_1617600263Logo.jpg?h=40&w=40&mode=stretch
SRI SAI CONCEPT TUITION ,Hyderabad,https://images.collegedunia.com/public/image/institute/logo_1617631438SRI SAI CONCEPT TUITIONS LOGO.jpg?h=40&w=40&mode=stretch
Zipher Tech Institute ,Pune,https://images.collegedunia.com/public/image/institute/logo_1617636250Logo.jpg?h=40&w=40&mode=stretch
Leads Academy ,Bangalore,https://images.collegedunia.com/public/image/institute/logo_1617677399Logo.png?h=40&w=40&mode=stretch
Zero 2 Infynite ,Chennai,https://images.collegedunia.com/public/image/institute/logo_1617678072Logo.jpg?h=40&w=40&mode=stretch
A to Z Academy ,Kolkata,https://images.collegedunia.com/public/image/institute/logo_1617679472A to Z Academy logo.jpg?h=40&w=40&mode=stretch
ASTS Global Education ,Bangalore,https://images.collegedunia.com/public/image/institute/logo_1617683574ASTS Logo.png?h=40&w=40&mode=stretch
Medust Technology ,Kolkata,https://images.collegedunia.com/public/image/institute/logo_1617951765Medust logo.png?h=40&w=40&mode=stretch
MSC in Germany Consultancy ,Bangalore,https://images.collegedunia.com/public/image/institute/logo_1617693117msc_logo.JPG?h=40&w=40&mode=stretch
Shri Ram Pratibha Academy ,Bhopal,https://images.collegedunia.com/public/image/institute/logo_1617719866AnyConv.com__LOGO.jpg?h=40&w=40&mode=stretch
UiMentor ,Bangalore,https://images.collegedunia.com/public/image/institute/logo_1617724666ui_logo.JPG?h=40&w=40&mode=stretch
Nursing officerS ,Hyderabad,https://images.collegedunia.com/public/image/institute/logo_1617726207Nursing officers logo.png?h=40&w=40&mode=stretch
South Indian Montessori Foundation ,Bangalore,https://images.collegedunia.com/public/image/institute/logo_1617727293SIMF logo.jpg?h=40&w=40&mode=stretch
Asha Chandra Academy ,Bangalore,https://images.collegedunia.com/public/image/institute/logo_1617776846logo.jpg?h=40&w=40&mode=stretch
SEO Trainer ,New Delhi,https://images.collegedunia.com/public/image/institute/logo_1617789107SEOTrainer Logo.png?h=40&w=40&mode=stretch
German language Coaching Class ,Mumbai,https://images.collegedunia.com/public/image/institute/logo_1617801045LOGO.jpg?h=40&w=40&mode=stretch
The School of Chinese Languag ,Kolkata,https://images.collegedunia.com/public/image/institute/logo_1617804758LOGO.jpg?h=40&w=40&mode=stretch
Privilege Institute ,New Delhi,https://images.collegedunia.com/public/image/institute/logo_1617818149logo.png?h=40&w=40&mode=stretch
Fast Track Visa Consultancy Services ,Mumbai,https://images.collegedunia.com/public/image/institute/logo_1617848432FS.png?h=40&w=40&mode=stretch
HBFITES ,Bangalore,https://images.collegedunia.com/public/image/institute/logo_1617849063HBF-Logo4@3x-1024x226.png?h=40&w=40&mode=stretch
Ideamagix Web Designing ,Mumbai,https://images.collegedunia.com/public/image/institute/logo_1617862510images (2).png?h=40&w=40&mode=stretch
7NETWORKSERVICES ,Noida,https://images.collegedunia.com/public/image/institute/logo_1617879143LOGO.jpg?h=40&w=40&mode=stretch
Chhanwal Coaching Institute ,Jaipur,https://images.collegedunia.com/public/image/institute/logo_1617943673Logo.jpg?h=40&w=40&mode=stretch
Pen Infotech (India) Pvt Ltd ,Pune,https://images.collegedunia.com/public/image/institute/logo_1617970956Logo.png?h=40&w=40&mode=stretch
Mrs Clement's Academy ,Bangalore,https://images.collegedunia.com/public/image/institute/logo_1617975365LOGO.png?h=40&w=40&mode=stretch
Cloud Learning Point ,Hyderabad,https://images.collegedunia.com/public/image/institute/?h=40&w=40&mode=stretch
Toppers IAS ,New Delhi,https://images.collegedunia.com/public/image/institute/logo_1618125392logo.jpg?h=40&w=40&mode=stretch
Way2ranks ,Noida,https://images.collegedunia.com/public/image/institute/logo_161813980567432017_408264656457856_8434080188857319424_n.jpg?h=40&w=40&mode=stretch
Wizard- The School of CA Studies (CA),Chennai,https://images.collegedunia.com/public/image/institute/logo_1618154092download.jpg?h=40&w=40&mode=stretch
Arul Karuppannan (Social Media Marketing (SMM)),Chennai,https://images.collegedunia.com/public/image/institute/logo_1618171398logo.JPG?h=40&w=40&mode=stretch
Cambridge Assessment English (IELTS),Chennai,https://images.collegedunia.com/public/image/institute/logo_1618176185Logo.jpg?h=40&w=40&mode=stretch
BMS Training (Language Training),Chennai,https://images.collegedunia.com/public/image/institute/logo_1618183118LOGO.png?h=40&w=40&mode=stretch
Scope Overseas Services (Education consultants),Hyderabad,https://images.collegedunia.com/public/image/institute/logo_1618185444logo.png?h=40&w=40&mode=stretch
Atharva Classes ,Bhubaneswar,https://images.collegedunia.com/public/image/institute/logo_1618212117Logo (46).png?h=40&w=40&mode=stretch
Shimpy Infotech ,Ghaziabad,https://images.collegedunia.com/public/image/institute/logo_1618235201ShimpyInfotech.png?h=40&w=40&mode=stretch
Institute  of digital education and development ,Bangalore,https://images.collegedunia.com/public/image/institute/logo_1618255001IODED Logo.png?h=40&w=40&mode=stretch
SmartLinks Tech Labs ,Bangalore,https://images.collegedunia.com/public/image/institute/logo_1618256317smartlinks tech labs Logo.png?h=40&w=40&mode=stretch
The English Hub Institute Of Spoken English & Personality Development ,Hyderabad,https://images.collegedunia.com/public/image/institute/logo_1618281630English Hub logo.jpg?h=40&w=40&mode=stretch
EngPlanet ,Hyderabad,https://images.collegedunia.com/public/image/institute/logo_1618282173EngPlanet Logo.jpg?h=40&w=40&mode=stretch
Crystal Concepts Career Classes ,New Delhi,https://images.collegedunia.com/public/image/institute/logo_1618466400logo.png?h=40&w=40&mode=stretch
Balaji Law Centre ,New Delhi,https://images.collegedunia.com/public/image/institute/logo_1618467580logo.jpeg?h=40&w=40&mode=stretch
Kriyative Edge ,Secunderabad,https://images.collegedunia.com/public/image/institute/logo_1618469046logo.jpg?h=40&w=40&mode=stretch
rakesh digitech ,Bangalore,https://images.collegedunia.com/public/image/institute/logo_1618310953Rakesh Logo.jpg?h=40&w=40&mode=stretch
Sketch Career ,Bangalore,https://images.collegedunia.com/public/image/institute/logo_1618317939Sketch Logo.jpg?h=40&w=40&mode=stretch
VITA English ,Hyderabad,https://images.collegedunia.com/public/image/institute/logo_1618318838Veta logo.jpg?h=40&w=40&mode=stretch
A Plus Visa Agent ,New Delhi,https://images.collegedunia.com/public/image/institute/logo_1618326407visaconsultantdelhi.png?h=40&w=40&mode=stretch
SV gateacademy ,Hyderabad,https://images.collegedunia.com/public/image/institute/logo_1618471224logo.png?h=40&w=40&mode=stretch
Ariston Academy ,Mumbai,https://images.collegedunia.com/public/image/institute/logo_1618576289logo.png?h=40&w=40&mode=stretch
PHIRE Banking & Digital Marketing Training & Placement Academy ,Chennai,https://images.collegedunia.com/public/image/institute/logo_1618404726logo (4).png?h=40&w=40&mode=stretch
IRSTE Coaching ,Noida,https://images.collegedunia.com/public/image/institute/logo_1618586174logo.jpg?h=40&w=40&mode=stretch
CSR Engineering Acadamy ,Hyderabad,https://images.collegedunia.com/public/image/institute/logo_1618586522logo (1).jpg?h=40&w=40&mode=stretch
Indur Overseas Education Consultant ,Hyderabad,https://images.collegedunia.com/public/image/institute/logo_1618506429LOGO.png?h=40&w=40&mode=stretch
Vibrant Education Services ,Bhopal,https://images.collegedunia.com/public/image/institute/logo_1618551917Vibrant logo.jpg?h=40&w=40&mode=stretch
China Visa Consultant ,New Delhi,https://images.collegedunia.com/public/image/institute/logo_1618567855Photo.png?h=40&w=40&mode=stretch
Image Redefined ,Gurgaon,https://images.collegedunia.com/public/image/institute/logo_1618641010image-redefined_medium_1594899518.jpg?h=40&w=40&mode=stretch
The Brilliant Academy.net ,Nawada,https://images.collegedunia.com/public/image/institute/logo_16186430182020-04-23 (3).jpg?h=40&w=40&mode=stretch
Reliable Coaching Centre ,Kolkata,https://images.collegedunia.com/public/image/institute/logo_1618684845LOGO.JPG?h=40&w=40&mode=stretch
D3 Coaching Classes ,Jaipur,https://images.collegedunia.com/public/image/institute/logo_1618736518Logo.png?h=40&w=40&mode=stretch
Maples IT Technologies ,Hyderabad,https://images.collegedunia.com/public/image/institute/logo_1618738625Logo.jpg?h=40&w=40&mode=stretch
Zipher Tech Institute ,Pune,https://images.collegedunia.com/public/image/institute/logo_1618746875Logo.jpg?h=40&w=40&mode=stretch
Canada Express Entry (Visa consultants),New Delhi,https://images.collegedunia.com/public/image/institute/logo_1618747671logo.JPG?h=40&w=40&mode=stretch
Anand Classes ,Jalandhar,https://images.collegedunia.com/public/image/institute/logo_1618748745Logo.png?h=40&w=40&mode=stretch
Mean JS Training Institute ,Hyderabad,https://images.collegedunia.com/public/image/institute/logo_1618769540Logo (1).jpg?h=40&w=40&mode=stretch
Sarada Coaching Center ,Kolkata,https://images.collegedunia.com/public/image/institute/logo_1618765375Logo.png?h=40&w=40&mode=stretch
Success Learning Solutions (SSC),Memari,https://images.collegedunia.com/public/image/institute/logo_1618769377logo.JPG?h=40&w=40&mode=stretch
Quanta Institute (CSIR NET),Jaipur,https://images.collegedunia.com/public/image/institute/logo_1618771506LOGO.JPG?h=40&w=40&mode=stretch
Exprime French Classes (Language Training),Mumbai,https://images.collegedunia.com/public/image/institute/logo_1618777798LOGO.JPG?h=40&w=40&mode=stretch
ShikshaCentre ,Bangalore,https://images.collegedunia.com/public/image/institute/logo_1618785428logo.JPG?h=40&w=40&mode=stretch
Vidya Prasarak Mandal ,Mumbai,https://images.collegedunia.com/public/image/institute/logo_1618786863logo.JPG?h=40&w=40&mode=stretch
Global Education Center ,Dehli Ujagar,https://images.collegedunia.com/public/image/institute/logo_1618794727logo.JPG?h=40&w=40&mode=stretch
Global Management Studies (CMA Certification),Mumbai,https://images.collegedunia.com/public/image/institute/logo_1618795541logoo.JPG?h=40&w=40&mode=stretch
Satej Infotech ,Navi Mumbai,https://images.collegedunia.com/public/image/institute/logo_1619016100logo.png?h=40&w=40&mode=stretch
Digital Smiles ,Navi Mumbai,https://images.collegedunia.com/public/image/institute/logo_1619019164logo.png?h=40&w=40&mode=stretch
VproV ,Chennai,https://images.collegedunia.com/public/image/institute/logo_1619242451logo.png?h=40&w=40&mode=stretch
United CADD Services ,Bangalore,https://images.collegedunia.com/public/image/institute/logo_1619243122logo.jpeg?h=40&w=40&mode=stretch
Oracle Authorized Training (Sql Star) ,Chennai,https://images.collegedunia.com/public/image/institute/logo_1619243560LOGO.jpg?h=40&w=40&mode=stretch
Renaissance Agra ,Agra,https://images.collegedunia.com/public/image/institute/logo_1619262652logo.png?h=40&w=40&mode=stretch
SI Ireland (Study Abroad),New Delhi,https://images.collegedunia.com/public/image/institute/logo_1619156510LOGO (12).jpg?h=40&w=40&mode=stretch
Aspire Classes ,Jaipur,https://images.collegedunia.com/public/image/institute/logo_1619163760logo.jpg?h=40&w=40&mode=stretch
Avatar Software Classes ,Mumbai,https://images.collegedunia.com/public/image/institute/logo_1619177225Logo.jpg?h=40&w=40&mode=stretch
Actkar ,Bangalore,https://images.collegedunia.com/public/image/institute/logo_1619296300LOGO.JPG?h=40&w=40&mode=stretch
Oracle Tutorials (Data Science Course),Mumbai,https://images.collegedunia.com/public/image/institute/logo_1619300242logo.JPG?h=40&w=40&mode=stretch
Seo Home Tutors (SEO),New Delhi,https://images.collegedunia.com/public/image/institute/logo_1619350424LOGO.JPG?h=40&w=40&mode=stretch
ServiceNow Developer and Admin Training Institute (android development training),Bangalore,https://images.collegedunia.com/public/image/institute/logo_1619353399logo.JPG?h=40&w=40&mode=stretch
Shamkris Group ,Mumbai,https://images.collegedunia.com/public/image/institute/logo_1619356832logo.JPG?h=40&w=40&mode=stretch
Shibaram Mishra (Social Media Marketing (SMM)),Bangalore,https://images.collegedunia.com/public/image/institute/logo_1619357762logo.JPG?h=40&w=40&mode=stretch
AP Techno India ,Noida,https://images.collegedunia.com/public/image/institute/logo_1619363745Logo.png?h=40&w=40&mode=stretch
Language Lab ,Chennai,https://images.collegedunia.com/public/image/institute/logo_1619365704Logo.jpg.webp?h=40&w=40&mode=stretch
AFS Fashion ,New Delhi,https://images.collegedunia.com/public/image/institute/logo_1619372331Logo.jpeg?h=40&w=40&mode=stretch
Crystal Concepts - CPA Classes ,New Delhi,https://images.collegedunia.com/public/image/institute/logo_1619373077Logo.jpeg?h=40&w=40&mode=stretch
KEY Coaching Classes ,Pune,https://images.collegedunia.com/public/image/institute/logo_1619376117Cover.jpg?h=40&w=40&mode=stretch
Spanish In A Hurry (Education consultants),Bangalore,https://images.collegedunia.com/public/image/institute/logo_1619386547LOGO.jpg?h=40&w=40&mode=stretch
Way2Automation (Data Science Course),Noida,https://images.collegedunia.com/public/image/institute/logo_1619391696Logo.jpg?h=40&w=40&mode=stretch
Padhai Abroad (Study Abroad),New Delhi,https://images.collegedunia.com/public/image/institute/logo_1619397670logo.JPG?h=40&w=40&mode=stretch
The Gurukul Practice Center ,Navi Mumbai,https://images.collegedunia.com/public/image/institute/logo_1619427185logo.jpg?h=40&w=40&mode=stretch
Digiperform HSR ,Bangalore,https://images.collegedunia.com/public/image/institute/logo_1619513525logo.png?h=40&w=40&mode=stretch
VisaGyan ,New Delhi,https://images.collegedunia.com/public/image/institute/logo_1619604745LOGO.JPG?h=40&w=40&mode=stretch
Nission Educational Consultants Pvt Ltd ,Chennai,https://images.collegedunia.com/public/image/institute/logo_1619681031logo.jpg?h=40&w=40&mode=stretch
D-School ,Chennai,https://images.collegedunia.com/public/image/institute/logo_1619713931logo.png?h=40&w=40&mode=stretch
Salesforce Training Delhi ,New Delhi,https://images.collegedunia.com/public/image/institute/logo_1619715943Salesforce Training Delhi.jpg?h=40&w=40&mode=stretch
ABC Studyv Links Study Abroad Consultant ,New Delhi,https://images.collegedunia.com/public/image/institute/logo_1619759489 LOGO.jpeg.crdownload.jpg?h=40&w=40&mode=stretch
Apex MBBS Consultants ,Hyderabad,https://images.collegedunia.com/public/image/institute/logo_1619760184LOGO.jpg?h=40&w=40&mode=stretch
BRIGHT EDUCATIONAL CONSULTANTS ,Hyderabad,https://images.collegedunia.com/public/image/institute/logo_1619787771unnamed.jpg?h=40&w=40&mode=stretch
Bigdata ,Chennai,https://images.collegedunia.com/public/image/institute/logo_1619796194LOGO.png?h=40&w=40&mode=stretch
Ace Chemistry Private Tuitions ,Mumbai,https://images.collegedunia.com/public/image/institute/logo_1619841838logo.png?h=40&w=40&mode=stretch
Career Academy ,Amritsar,https://images.collegedunia.com/public/image/institute/logo_1619852800logo.PNG?h=40&w=40&mode=stretch
Skill Lab Academy (NEET),Kolkata,https://images.collegedunia.com/public/image/institute/logo_1619864067LOGO.png?h=40&w=40&mode=stretch
The Combine Company ,Mumbai,https://images.collegedunia.com/public/image/institute/logo_1619867824logo (6).jpg?h=40&w=40&mode=stretch
NTSE SCHOLARS ,New Delhi,https://images.collegedunia.com/public/image/institute/logo_1619888710logo.png?h=40&w=40&mode=stretch
Plus Sage's Teachers Maker ,New Delhi,https://images.collegedunia.com/public/image/institute/logo_1619968378logo (3).jpg?h=40&w=40&mode=stretch
Mastermind Classes ,Jaipur,https://images.collegedunia.com/public/image/institute/logo_1619975328logo.jpeg?h=40&w=40&mode=stretch
B2C Training Centre ,Bangalore,https://images.collegedunia.com/public/image/institute/logo_1620094565LOGO.JPG?h=40&w=40&mode=stretch
Marketo Labz ,Bangalore,https://images.collegedunia.com/public/image/institute/logo_1620154567logo.PNG?h=40&w=40&mode=stretch
International Institute of Fashion Technology ,New Delhi,https://images.collegedunia.com/public/image/institute/logo_1620224509logo.png?h=40&w=40&mode=stretch
Webtronicx ,Hyderabad,https://images.collegedunia.com/public/image/institute/logo_1620276936LOGO.JPG?h=40&w=40&mode=stretch
Welcome Tutor Connects Tutors Students Globally ,Kolkata,https://images.collegedunia.com/public/image/institute/logo_1620299545LOGO.JPG?h=40&w=40&mode=stretch
WellnWill ,Bangalore,https://images.collegedunia.com/public/image/institute/logo_1620301749LOGO.JPG?h=40&w=40&mode=stretch
A SQUARE Academy ,Chennai,https://images.collegedunia.com/public/image/institute/logo_1620375640Logo (54).PNG?h=40&w=40&mode=stretch
Aagrim Vidyapeeth ,New Delhi,https://images.collegedunia.com/public/image/institute/logo_1620377271Logo (41).jpg?h=40&w=40&mode=stretch
Passion Visa Services ,New Delhi,https://images.collegedunia.com/public/image/institute/logo_1620383827LOGO.PNG?h=40&w=40&mode=stretch
Study Abroad Consultants ,Jalandhar,https://images.collegedunia.com/public/image/institute/logo_1620410492LOGO.JPG?h=40&w=40&mode=stretch
Magnus Education Center Pvt. Ltd. ,Pune,https://images.collegedunia.com/public/image/institute/logo_1620413924logo.png?h=40&w=40&mode=stretch
"K Saravanan & Co., Chartered Accountants ",Chennai,https://images.collegedunia.com/public/image/institute/logo_1620414313LOGO.jpg?h=40&w=40&mode=stretch
Avnet Technology Solutions ,New Delhi,https://images.collegedunia.com/public/image/institute/logo_1620460564LOGO.png?h=40&w=40&mode=stretch
V&U Intellect Consultants Pvt Ltd ,Hyderabad,https://images.collegedunia.com/public/image/institute/logo_1620476825LOGO.png?h=40&w=40&mode=stretch
Career XL Services ,New Delhi,https://images.collegedunia.com/public/image/institute/logo_1620477752logo.JPG?h=40&w=40&mode=stretch
Prohacker Bootcamp ,Bangalore,https://images.collegedunia.com/public/image/institute/logo_1620481102logo.png?h=40&w=40&mode=stretch
PROFESSIONAL GATE ACADEMY ,Coimbatore,https://images.collegedunia.com/public/image/institute/logo_1620498873Logo (70).PNG?h=40&w=40&mode=stretch
BS Tech Labs ,Chennai,https://images.collegedunia.com/public/image/institute/logo_1620502543LOGO.png?h=40&w=40&mode=stretch
Bulls Eye Jaipur ,Jaipur,https://images.collegedunia.com/public/image/institute/logo_1620503281LOGO.png?h=40&w=40&mode=stretch
Bureau Of Information Management Services ,Hyderabad,https://images.collegedunia.com/public/image/institute/logo_1620503969LOGO.png?h=40&w=40&mode=stretch
The Colonist ,New Delhi,https://images.collegedunia.com/public/image/institute/logo_1620504316Logo (51).jpg?h=40&w=40&mode=stretch
Commerce Academy ,New Delhi,https://images.collegedunia.com/public/image/institute/logo_1620525858logo.JPG?h=40&w=40&mode=stretch
Immiways Migration Advisory Services Private Limited ,Hyderabad,https://images.collegedunia.com/public/image/institute/logo_1620558845Immiways Migration Logo.jpg?h=40&w=40&mode=stretch
CADFEM INDIA ,Bangalore,https://images.collegedunia.com/public/image/institute/logo_1620560241Caddfem Logo 1.jpg?h=40&w=40&mode=stretch
Virtual Snipers Digital Marketing Services ,Mumbai,https://images.collegedunia.com/public/image/institute/logo_1620561977Virtual Snipers Logo.jpg?h=40&w=40&mode=stretch
Visa Consultancy Services ,Hyderabad,https://images.collegedunia.com/public/image/institute/logo_1620565074logo.png?h=40&w=40&mode=stretch
Lavi Technologies ,Bangalore,https://images.collegedunia.com/public/image/institute/logo_1620567298logo.png?h=40&w=40&mode=stretch
RGCSM Computer Education ,Noida,https://images.collegedunia.com/public/image/institute/logo_1620577630Logo.png?h=40&w=40&mode=stretch
RK Foundation Classes ,Jaipur,https://images.collegedunia.com/public/image/institute/logo_1620582335logo (2).jpg?h=40&w=40&mode=stretch
Chaitanya Overseas ,Hyderabad,https://images.collegedunia.com/public/image/institute/logo_1620595021C1.png?h=40&w=40&mode=stretch
The SmartMove2UK ,Bangalore,https://images.collegedunia.com/public/image/institute/logo_1620625390Logo (1).jpg?h=40&w=40&mode=stretch
Macron Technology ,Kolkata,https://images.collegedunia.com/public/image/institute/logo_1620625710Logo.png?h=40&w=40&mode=stretch
ANKO Overseas Education Services ,Hyderabad,https://images.collegedunia.com/public/image/institute/logo_1620724835Logo.jpg?h=40&w=40&mode=stretch
PXNEDU ,Chennai,https://images.collegedunia.com/public/image/institute/logo_1620731333Logo.png?h=40&w=40&mode=stretch
Impulse Classes ,Bangalore,https://images.collegedunia.com/public/image/institute/logo_1620796021Logo.png?h=40&w=40&mode=stretch
Bullet Technologies ,Rohtak,https://images.collegedunia.com/public/image/institute/logo_1620802062logo.jpg?h=40&w=40&mode=stretch
MAAC KALYAN NAGAR ,Bangalore,https://images.collegedunia.com/public/image/institute/logo_1624773786maac-logo-about-us.png?h=40&w=40&mode=stretch
The Renaissance ,Pune,https://images.collegedunia.com/public/image/institute/logo_1629448496Logo.jpg?h=40&w=40&mode=stretch
IIBM Institute of Business Management ,New Delhi,https://images.collegedunia.com/public/image/institute/logo_163098946414908786321473846588phpDyYdxk.jpeg?h=40&w=40&mode=stretch
Global Institute Academia ,Kozhikode,https://images.collegedunia.com/public/image/institute/logo_1631175016global logo.png?h=40&w=40&mode=stretch
BlueStar Overseas Education Consultants Pvt Ltd. ,Dehradun,https://images.collegedunia.com/public/image/institute/logo_1631632980screenshot.png.jpg?h=40&w=40&mode=stretch
Alot Digital ,Bangalore,https://images.collegedunia.com/public/image/institute/logo_1632817911alot.jpg?h=40&w=40&mode=stretch
Prithvi Academy (UPSC),Thane,https://images.collegedunia.com/public/image/institute/logo_1635088334Logo.jpeg?h=40&w=40&mode=stretch
Nisha Natthani Fashion Designing Academy - [NNFDA] ,Raipur,https://images.collegedunia.com/public/image/institute/logo_1643720245unnamed.jpg?h=40&w=40&mode=stretch
Frameboxx 2.0 ,Pune,https://images.collegedunia.com/public/image/institute/logo_1651222653logo-yellow.jpg?h=40&w=40&mode=stretch
One Source Overseas (Study Abroad),Mumbai,https://images.collegedunia.com/public/image/institute/logo_1654189704oso logo.png?h=40&w=40&mode=stretch
SXILL - Animation & UI-UX Design Institute ,Chandigarh,https://images.collegedunia.com/public/image/institute/logo_1658315889Logo.png?h=40&w=40&mode=stretch
ICA Edu Skills ,Kolhapur,https://images.collegedunia.com/public/image/institute/logo_1658922275logo.jpg?h=40&w=40&mode=stretch
Swastik Classes ,Ghaziabad,https://images.collegedunia.com/public/image/institute/logo_166193046698221421_1071089186668331_7004995216285368320_n.jpg?h=40&w=40&mode=stretch
Vishal Institute ,New Delhi,https://images.collegedunia.com/public/image/institute/logo_1662103576Screenshot 2022-09-02 123448.png?h=40&w=40&mode=stretch
Profound Classes ,New Delhi,https://images.collegedunia.com/public/image/institute/logo_1662114172Screenshot 2022-09-02 122305.png?h=40&w=40&mode=stretch
Ignition Career Institute ,New Delhi,https://images.collegedunia.com/public/image/institute/logo_1662115168Screenshot 2022-09-02 152618.jpg?h=40&w=40&mode=stretch
Veta Academy (IELTS),Mumbai,https://images.collegedunia.com/public/image/institute/logo_1667287641veta academy logo.png?h=40&w=40&mode=stretch
British Council (IELTS),Mumbai,https://images.collegedunia.com/public/image/institute/logo_1667301608british counsil logo.png?h=40&w=40&mode=stretch
Gateway Abroad ,Mumbai,https://images.collegedunia.com/public/image/institute/logo_1668842032LOGO.jpg?h=40&w=40&mode=stretch
Digital Anaam Academy ,Ghaziabad,https://images.collegedunia.com/public/image/institute/logo_1672835346logo.png?h=40&w=40&mode=stretch
Lexicon Fitness Academy ,Pune,https://images.collegedunia.com/public/image/institute/logo_1673425317Logo.jpg?h=40&w=40&mode=stretch
Origin Educare ,Kota,https://images.collegedunia.com/public/image/institute/logo_1676798715logo.png?h=40&w=40&mode=stretch
Meritroot ,Dehradun,https://images.collegedunia.com/public/image/institute/logo_1676961382logo.png?h=40&w=40&mode=stretch
Prakash Sir's Private Group Tuitions ,Mumbai,https://images.collegedunia.com/public/image/institute/logo_1682594035p logo.png?h=40&w=40&mode=stretch
Seekho ,New Delhi,https://images.collegedunia.com/public/image/institute/logo_1682682793Seekho logo.png?h=40&w=40&mode=stretch
The Green Institute ,Haldwani,https://images.collegedunia.com/public/image/institute/logo_1684136911g cover.jpg?h=40&w=40&mode=stretch
Blossom Abroad ,Kolkata,https://images.collegedunia.com/public/image/institute/logo_1684308349b logo.webp?h=40&w=40&mode=stretch
Aryans Overseas ,Chandigarh,https://images.collegedunia.com/public/image/institute/logo_1684401711a logo.jpg?h=40&w=40&mode=stretch
Matrusri IIT Foundation Institute ,Hyderabad,https://images.collegedunia.com/public/image/institute/logo_1686131617m logo.jpg?h=40&w=40&mode=stretch
Abroad Educares ,Chandigarh,https://images.collegedunia.com/public/image/institute/logo_1686303208a1.jpg?h=40&w=40&mode=stretch
Sky Tutorials ,Varanasi,https://images.collegedunia.com/public/image/institute/logo_1686203959sc.jpg?h=40&w=40&mode=stretch
Kosmoderma Academy of Aesthetic Medicine ,Bangalore,https://images.collegedunia.com/public/image/institute/logo_1686551924k1.png?h=40&w=40&mode=stretch
yapa coaching classes ,Ghaziabad,https://images.collegedunia.com/public/image/institute/logo_1686912794y1.jpg?h=40&w=40&mode=stretch
SG Rankers Home Tuitions ,Visakhapatnam,https://images.collegedunia.com/public/image/institute/logo_1686997507s1.jpg?h=40&w=40&mode=stretch
Unique Creators Academy ,Indore,https://images.collegedunia.com/public/image/institute/logo_16879361465.jpg?h=40&w=40&mode=stretch
IE Classes ,Bhubaneswar,https://images.collegedunia.com/public/image/institute/logo_16884678611.png?h=40&w=40&mode=stretch
SPK Chemistry Institute ,Ahmedabad,https://images.collegedunia.com/public/image/institute/logo_16884528611.jpg?h=40&w=40&mode=stretch
PRO IIT ACADEMY ,Pen,https://images.collegedunia.com/public/image/institute/logo_1688472262a.jpg?h=40&w=40&mode=stretch
Vegas Consultancy Services ,Surat,https://images.collegedunia.com/public/image/institute/logo_1689226571111.jpg?h=40&w=40&mode=stretch
Chanakya Academy of Physics ,Ujjain,https://images.collegedunia.com/public/image/institute/logo_16892271431.png?h=40&w=40&mode=stretch
ER Vinay Kumar ,Lucknow,https://images.collegedunia.com/public/image/institute/logo_168940325522.webp?h=40&w=40&mode=stretch
Margdarshan ,Kota,https://images.collegedunia.com/public/image/institute/logo_1689404101matr-logo.png?h=40&w=40&mode=stretch
Learn Crew ,Bangalore,https://images.collegedunia.com/public/image/institute/logo_1689570510learncrew-e1619858383804.png?h=40&w=40&mode=stretch
Roads Academy ,Kolkata,https://images.collegedunia.com/public/image/institute/logo_1689576699roads_logo.png?h=40&w=40&mode=stretch
Hue Vibes Training ,Mumbai,https://images.collegedunia.com/public/image/institute/logo_16897534251.png?h=40&w=40&mode=stretch
Career Launcher ,Mumbai,https://images.collegedunia.com/public/image/institute/logo_1689921577106960_cl.png?h=40&w=40&mode=stretch
Success Tuition Centre ,Bangalore,https://images.collegedunia.com/public/image/institute/logo_1690260851asaa.jpg?h=40&w=40&mode=stretch
AGI EDUCATIONAL TECHNOLOGIES ,Visakhapatnam,https://images.collegedunia.com/public/image/institute/logo_16915664223.png?h=40&w=40&mode=stretch
Air Grace Aviation Academy ,New Delhi,https://images.collegedunia.com/public/image/institute/logo_1692877323Air-Grace-png-white-colour.webp?h=40&w=40&mode=stretch
Lost Stories Academy ,Mumbai,https://images.collegedunia.com/public/image/institute/logo_1694692812111.png?h=40&w=40&mode=stretch
Riskpro Learning ,Pune,https://images.collegedunia.com/public/image/institute/logo_1696654801r1.png?h=40&w=40&mode=stretch
Top Rankers (Creative Edge) ,Indore,https://images.collegedunia.com/public/image/institute/logo_1697875921Creative_edge.png?h=40&w=40&mode=stretch
Top Rankers (Supergrads) ,Bhopal,https://images.collegedunia.com/public/image/institute/logo_1697884627download (1).png?h=40&w=40&mode=stretch
Definite Success ,Bhopal,https://images.collegedunia.com/public/image/institute/logo_17014934478.png?h=40&w=40&mode=stretch
Cube Tutorials ,Ahmedabad,https://images.collegedunia.com/public/image/institute/logo_1701502341121.png?h=40&w=40&mode=stretch
Molecule Classes ,Lucknow,https://images.collegedunia.com/public/image/institute/logo_17015039913131.jpg?h=40&w=40&mode=stretch
M Learning India ,Indore,https://images.collegedunia.com/public/image/institute/logo_17015193161212121.png?h=40&w=40&mode=stretch
Aarohi Coaching Classes ,Surat,https://images.collegedunia.com/public/image/institute/logo_17016711853.jpg?h=40&w=40&mode=stretch
Wisdom Institute of Management ,Kolkata,https://images.collegedunia.com/public/image/institute/logo_1702979419unnamed.png?h=40&w=40&mode=stretch
New Vision Medical Academy ,Vijayawada,https://images.collegedunia.com/public/image/institute/logo_1703050058New vision logo.jpg?h=40&w=40&mode=stretch
Zanwar Classes ,Aurangabad,https://images.collegedunia.com/public/image/institute/logo_17030581923.jpg?h=40&w=40&mode=stretch
KKMishra classes ,Nagpur,https://images.collegedunia.com/public/image/institute/logo_17035721833.jpg?h=40&w=40&mode=stretch
Erudite Academy Wakad ,Pune,https://images.collegedunia.com/public/image/institute/logo_1704283956erudite.png?h=40&w=40&mode=stretch
Top Rankers Supergrads (CAT & OMETs) ,Bhopal,https://images.collegedunia.com/public/image/institute/logo_1705037312CAT-16.png?h=40&w=40&mode=stretch
NamasteStartup-School of Startup and Innovation ,Pune,https://images.collegedunia.com/public/image/institute/logo_1705039579NAmastestartup logo.jpg?h=40&w=40&mode=stretch
Top-One-Percent Gmat/Gre/Sat Coaching (GMAT),New Delhi,https://images.collegedunia.com/public/image/institute/logo_1613734329logo (2) (1).png?h=40&w=40&mode=stretch
Bigdata Spark Online Training (Data Science Course),Bangalore,https://images.collegedunia.com/public/image/institute/logo_1613887420spark_logo.jpg?h=40&w=40&mode=stretch
Advice Consultants Of Education ,Bangalore,https://images.collegedunia.com/public/image/institute/logo_1620161507LOGO (1).png?h=40&w=40&mode=stretch
IIT - JAM ,New Delhi,https://images.collegedunia.com/public/image/institute/logo_1620162260logo.8.jpg?h=40&w=40&mode=stretch
Infinite Toppers ,Mumbai,https://images.collegedunia.com/public/image/institute/logo_1620238252logo.jpg?h=40&w=40&mode=stretch
Big Education Research Centre ,New Delhi,https://images.collegedunia.com/public/image/institute/logo_1620241755logo.jpg?h=40&w=40&mode=stretch
Beyond Infinity Consultancy ,New Delhi,https://images.collegedunia.com/public/image/institute/logo_1620293275logo4.png?h=40&w=40&mode=stretch
UDX Institute ,Pune,https://images.collegedunia.com/public/image/institute/logo_1666008274logo__5_-removebg-preview.png?h=40&w=40&mode=stretch
askIITians ,Noida,https://images.collegedunia.com/public/image/institute/logo_1633176485logo.jpg?h=40&w=40&mode=stretch
Career Power ,Gurgaon,https://images.collegedunia.com/public/image/institute/logo_1624450368Logo.png?h=40&w=40&mode=stretch
Canam Consultants ,Mumbai,https://images.collegedunia.com/public/image/institute/logo_1593395026canam logo.png?h=40&w=40&mode=stretch
EDWAY EDUCATION CONSULTING ,Bangalore,https://images.collegedunia.com/public/image/institute/logo_1593416777cropped-logo-1-1.jpg?h=40&w=40&mode=stretch
Eeci Gate ,Chennai,https://images.collegedunia.com/public/image/institute/logo_1593647222eeci logo.jpg?h=40&w=40&mode=stretch
Achievers Academy ,Ghaziabad,https://images.collegedunia.com/public/image/institute/logo_1626432509Logo.jpg?h=40&w=40&mode=stretch
Vijetha IAS Academy ,New Delhi,https://images.collegedunia.com/public/image/institute/logo_1593862611vij1.jpg?h=40&w=40&mode=stretch
Believers IAS Academy ,Bangalore,https://images.collegedunia.com/public/image/institute/logo_1594728942download.png?h=40&w=40&mode=stretch
Bharat IAS & KAS Coaching Institute ,Bangalore,https://images.collegedunia.com/public/image/institute/logo_1595938898213.PNG?h=40&w=40&mode=stretch
CIVILS IAS ,New Delhi,https://images.collegedunia.com/public/image/institute/logo_1594888786civils logo.png?h=40&w=40&mode=stretch
Guru eduCircle ,Thane,https://images.collegedunia.com/public/image/institute/logo_1595247766freesnippingtool.com_capture_20200720161413.png?h=40&w=40&mode=stretch
J N Chemistry ,Hyderabad,https://images.collegedunia.com/public/image/institute/logo_1596113893Jn logo.jpg?h=40&w=40&mode=stretch
Interactive Physics ,New Delhi,https://images.collegedunia.com/public/image/institute/logo_1596193824INTERACTIVE-PHYSICS-logo-2.png?h=40&w=40&mode=stretch
Nikhil's School of Science ,Kolkata,https://images.collegedunia.com/public/image/institute/logo_159646667115469472631logo.png?h=40&w=40&mode=stretch
Mivigyan Academy ,Kolkata,https://images.collegedunia.com/public/image/institute/logo_1596479062mivignan logo.jpg?h=40&w=40&mode=stretch
Akshaya Educational Foundation ,Bangalore,https://images.collegedunia.com/public/image/institute/logo_1596543997logovector.png?h=40&w=40&mode=stretch
GATE PATHSHALA ,Chennai,https://images.collegedunia.com/public/image/institute/logo_1603896533s1600-w300-60.png?h=40&w=40&mode=stretch
Goodwill Gate2IIT (JEE Advanced),Bangalore,https://images.collegedunia.com/public/image/institute/logo_1597212780gate logo.png?h=40&w=40&mode=stretch
Gate Aerospace Academy ,Hyderabad,https://images.collegedunia.com/public/image/institute/logo_1600866309download.jpg?h=40&w=40&mode=stretch
Target Dental academy (NEET),New Delhi,https://images.collegedunia.com/public/image/institute/logo_1597652480logo.png?h=40&w=40&mode=stretch
Elight Academy ,Pune,https://images.collegedunia.com/public/image/institute/logo_1597910461elogo.png?h=40&w=40&mode=stretch
Gateway Institute ,Mumbai,https://images.collegedunia.com/public/image/institute/logo_1603910415e.jpg?h=40&w=40&mode=stretch
Genesis Academy ,New Delhi,https://images.collegedunia.com/public/image/institute/logo_159766519614563344_1788684768039036_7378223346665073577_n.jpg?h=40&w=40&mode=stretch
JAM Coaching Kolkata ,Kolkata,https://images.collegedunia.com/public/image/institute/logo_1597801113jam lo.png?h=40&w=40&mode=stretch
Athavale Classes (12th Exam CBSE),New Delhi,https://images.collegedunia.com/public/image/institute/logo_1597808380_logo.png?h=40&w=40&mode=stretch
i-MECH Academy ,Chennai,https://images.collegedunia.com/public/image/institute/logo_1597833154logo.png?h=40&w=40&mode=stretch
Arun's Chemistry Classes (NEET),Jaipur,https://images.collegedunia.com/public/image/institute/logo_1600870002arun-s-classes-of-chemistry-by-arun-kulshrestha-gopalpura-jaipur-neet-tutorials-eqieznrsov-250.jpg?h=40&w=40&mode=stretch
Kumar Mangalam Solutions ,Chennai,https://images.collegedunia.com/public/image/institute/logo_1598007781freesnippingtool.com_capture_20200821162118.png?h=40&w=40&mode=stretch
RadhaSai (JEE Advanced),Mumbai,https://images.collegedunia.com/public/image/institute/logo_159825108731957369_2121425064742887_8443119458632859648_o.jpg?h=40&w=40&mode=stretch
Edushastra ( CAT COACHING) (CAT),New Delhi,https://images.collegedunia.com/public/image/institute/logo_1598330682main-logo.png?h=40&w=40&mode=stretch
Mythri's Academy ( CAT COACHING) (CAT),Hyderabad,https://images.collegedunia.com/public/image/institute/logo_1598333831mlogo.png?h=40&w=40&mode=stretch
ELITES GRID - CAT CLASSES (CAT),New Delhi,https://images.collegedunia.com/public/image/institute/logo_1598344069elitelogo.png?h=40&w=40&mode=stretch
Yuvan Law Institute (CLAT),Jaipur,https://images.collegedunia.com/public/image/institute/logo_1598860684ylogo.png?h=40&w=40&mode=stretch
Tarkashastra (CAT),Pune,https://images.collegedunia.com/public/image/institute/logo_1598451122download.png?h=40&w=40&mode=stretch
George Prep (CAT),Visakhapatnam,https://images.collegedunia.com/public/image/institute/logo_159862622310882239_379332375569313_3516967778942695735_n.png?h=40&w=40&mode=stretch
Percentile Coaching Classes (CAT COACHING) (CAT),Bhopal,https://images.collegedunia.com/public/image/institute/logo_15985245861.jpeg?h=40&w=40&mode=stretch
"Vidyasagar Institute (SSC, BANKING COACHING) (SSC)",Bangalore,https://images.collegedunia.com/public/image/institute/logo_1598870421chrome-capture (4).jpg?h=40&w=40&mode=stretch
Prasad's Banking SSC & CDS Coaching Institution (Banking),Bangalore,https://images.collegedunia.com/public/image/institute/logo_1598659911download.png?h=40&w=40&mode=stretch
CLATapult (CLAT),Kolkata,https://images.collegedunia.com/public/image/institute/logo_15986918461.png?h=40&w=40&mode=stretch
IITians GATE Coaching Classes ,Bangalore,https://images.collegedunia.com/public/image/institute/logo_1598858408iitians-logo.png?h=40&w=40&mode=stretch
Chrome IAS  Academy ,New Delhi,https://images.collegedunia.com/public/image/institute/logo_1598840716chrome logo.jpg?h=40&w=40&mode=stretch
NICS ,New Delhi,https://images.collegedunia.com/public/image/institute/logo_1598863296nics logo.png?h=40&w=40&mode=stretch
Benchmarx Academy ,Mumbai,https://images.collegedunia.com/public/image/institute/logo_1599060105benchmarx logo.png?h=40&w=40&mode=stretch
Lele's commerce classes ,Mumbai,https://images.collegedunia.com/public/image/institute/logo_1599121156download (4).jpg?h=40&w=40&mode=stretch
Chiranjeev Jain CA coaching ,Hyderabad,https://images.collegedunia.com/public/image/institute/logo_1599159641cj logo.jpg?h=40&w=40&mode=stretch
Sura Academy ,Bangalore,https://images.collegedunia.com/public/image/institute/logo_1599293407slogo.jpg?h=40&w=40&mode=stretch
EDU JUNCTION - In South Delhi | Best CA/CS/CMA FOUNDATION Coaching Classes ,New Delhi,https://images.collegedunia.com/public/image/institute/logo_16003559326.jpg?h=40&w=40&mode=stretch
Satish Mangal Classes ,New Delhi,https://images.collegedunia.com/public/image/institute/logo_1599273432smc logo.png?h=40&w=40&mode=stretch
CS Amit Vohra Law Classes ,New Delhi,https://images.collegedunia.com/public/image/institute/logo_1599402150av logo.png?h=40&w=40&mode=stretch
RAJNEESH DUA COMMERCE CLASSES & LIBRARY ,New Delhi,https://images.collegedunia.com/public/image/institute/logo_1599464566RAJNEESH DUA COMMERCE CLASSES & LIBRARY logo.png?h=40&w=40&mode=stretch
Horizon Global CA Classes (CMA Certification),Chennai,https://images.collegedunia.com/public/image/institute/logo_1600888899hga.PNG?h=40&w=40&mode=stretch
Desizn Circle Academy (NID),New Delhi,https://images.collegedunia.com/public/image/institute/logo_1603719795cropped-desizn-circle.png?h=40&w=40&mode=stretch
GT. Prep Academy ,Hyderabad,https://images.collegedunia.com/public/image/institute/logo_1599732811download.jpg?h=40&w=40&mode=stretch
ARH Design Academy ,Pune,https://images.collegedunia.com/public/image/institute/logo_1599731704arh logo.png?h=40&w=40&mode=stretch
GMATinsight ,New Delhi,https://images.collegedunia.com/public/image/institute/logo_1599747226download.jpg?h=40&w=40&mode=stretch
MAD school ,Chennai,https://images.collegedunia.com/public/image/institute/logo_1600429207mad.PNG?h=40&w=40&mode=stretch
Wizius Career ,Gurgaon,https://images.collegedunia.com/public/image/institute/logo_1599885759logo-file-copy1-1.png?h=40&w=40&mode=stretch
Plusprep Education (GMAT),Bangalore,https://images.collegedunia.com/public/image/institute/logo_1599890769cropped-pp-1.png?h=40&w=40&mode=stretch
WizMantra Academy ,Bangalore,https://images.collegedunia.com/public/image/institute/logo_1599903588download.jpg?h=40&w=40&mode=stretch
Strategy4GMAT (GMAT),New Delhi,https://images.collegedunia.com/public/image/institute/logo_1600010835s4 logo.png?h=40&w=40&mode=stretch
Mosaic Institute of design ,Ahmedabad,https://images.collegedunia.com/public/image/institute/logo_1600154857mosaic logo.png?h=40&w=40&mode=stretch
LearninGuru Academy (IELTS),New Delhi,https://images.collegedunia.com/public/image/institute/logo_1600662032download (1).png?h=40&w=40&mode=stretch
Novus Education ,Hyderabad,https://images.collegedunia.com/public/image/institute/logo_1600324030logo.png?h=40&w=40&mode=stretch
First Academy Coaching (IELTS),Hyderabad,https://images.collegedunia.com/public/image/institute/logo_1600334311First logo.jfif?h=40&w=40&mode=stretch
One bounce study abroad consultants (IELTS),Pune,https://images.collegedunia.com/public/image/institute/logo_1600336144photo.png?h=40&w=40&mode=stretch
Haneeva Consultancy (Study Abroad),Bangalore,https://images.collegedunia.com/public/image/institute/logo_1600349677haneeva logo.png?h=40&w=40&mode=stretch
Right Turn Academy ,Pune,https://images.collegedunia.com/public/image/institute/logo_1600356301download (4).jpg?h=40&w=40&mode=stretch
Career Bridge Education Consultants (Study Abroad),Hyderabad,https://images.collegedunia.com/public/image/institute/logo_1600411091cb logo.png?h=40&w=40&mode=stretch
Falcon Consultancy and Training Center ,Hyderabad,https://images.collegedunia.com/public/image/institute/logo_1600430438download (5).jpg?h=40&w=40&mode=stretch
Sujyoti Language School (ENGLISH LANGUAGE),Kolkata,https://images.collegedunia.com/public/image/institute/logo_1600438956images-2-1-150x150.jpg?h=40&w=40&mode=stretch
International english learning (ENGLISH LANGUAGE),Noida,https://images.collegedunia.com/public/image/institute/logo_1600501419logo.png?h=40&w=40&mode=stretch
Vwin Academy ,Gazipur,https://images.collegedunia.com/public/image/institute/logo_1600515328logo.png?h=40&w=40&mode=stretch
Tutor souls Education (IELTS),Pune,https://images.collegedunia.com/public/image/institute/logo_1600526065tutor logo.jpg?h=40&w=40&mode=stretch
Philips Academy (GRE),Hyderabad,https://images.collegedunia.com/public/image/institute/logo_1600622868pa logo.jpg?h=40&w=40&mode=stretch
Asta Achievers Institute ,New Delhi,https://images.collegedunia.com/public/image/institute/logo_16007726383878636-medium190ap.jpg?h=40&w=40&mode=stretch
VLC Institute ,Chennai,https://images.collegedunia.com/public/image/institute/logo_1600636748vlc logo.jpg?h=40&w=40&mode=stretch
Adviks English Academy ,Noida,https://images.collegedunia.com/public/image/institute/logo_1600691236alogo.jpg?h=40&w=40&mode=stretch
Southwards IELTS Pvt Ltd ,Mumbai,https://images.collegedunia.com/public/image/institute/logo_1600770786unnamed (1).jpg?h=40&w=40&mode=stretch
Emjay Coaching ,New Delhi,https://images.collegedunia.com/public/image/institute/logo_1600778904elogo.jpg?h=40&w=40&mode=stretch
Crosslink Education Consulting ,New Delhi,https://images.collegedunia.com/public/image/institute/logo_1600780547PHOTO-2017-11-13-14-18-50.jpg?h=40&w=40&mode=stretch
Synthia's IELTS and PTE coaching ,Chennai,https://images.collegedunia.com/public/image/institute/logo_1600787172syn l.jpg?h=40&w=40&mode=stretch
CA Neeraj Arora Classes ,Faridabad,https://images.collegedunia.com/public/image/institute/logo_1621853712Logo.png?h=40&w=40&mode=stretch
Divine Foundation Academy ,Kolkata,https://images.collegedunia.com/public/image/institute/logo_1600852039DF.jpg?h=40&w=40&mode=stretch
Kartik Tuitions ,Mumbai,https://images.collegedunia.com/public/image/institute/logo_1600865035logo-full-kartik-tuitions-new.png?h=40&w=40&mode=stretch
Singhal Classes Dwarka ,New Delhi,https://images.collegedunia.com/public/image/institute/logo_1605681218logo.jpg?h=40&w=40&mode=stretch
Ave Maria IELTS Academy ,Mumbai,https://images.collegedunia.com/public/image/institute/logo_1600888583download (1).jpg?h=40&w=40&mode=stretch
Vocab English Academy ,Thane,https://images.collegedunia.com/public/image/institute/logo_1600955701vlogo.jpg?h=40&w=40&mode=stretch
BLAZ Spoken English Institute (IELTS),New Delhi,https://images.collegedunia.com/public/image/institute/logo_16056968842019-03-02.jpg?h=40&w=40&mode=stretch
Vision Education Centre ,Chennai,https://images.collegedunia.com/public/image/institute/logo_1601054728vlogo.jpg?h=40&w=40&mode=stretch
Nikam Tution Classes (JEE Advanced),Mumbai,https://images.collegedunia.com/public/image/institute/logo_16011101602047362-medium190ap.png?h=40&w=40&mode=stretch
EFA ENGLISH INSTITUTE ,New Delhi,https://images.collegedunia.com/public/image/institute/logo_1601802180download.jpg?h=40&w=40&mode=stretch
Social prachar ,Bangalore,https://images.collegedunia.com/public/image/institute/logo_1601614618download.jpg?h=40&w=40&mode=stretch
PST Analytics (Data Science Course),Gurgaon,https://images.collegedunia.com/public/image/institute/logo_1601696584PST_transparent logo_60px.png?h=40&w=40&mode=stretch
Inceptez Technologies (Computer Science and Information Technology),Chennai,https://images.collegedunia.com/public/image/institute/logo_1601733160i1.png?h=40&w=40&mode=stretch
Tendulkar's Academy spoken English soft skills training institute ,Mumbai,https://images.collegedunia.com/public/image/institute/logo_1601818519logo.png?h=40&w=40&mode=stretch
EduPlusOne ,New Delhi,https://images.collegedunia.com/public/image/institute/logo_160189042660105240_2455804244451519_3217509547899879424_n.jpg?h=40&w=40&mode=stretch
Brillica Services ,New Delhi,https://images.collegedunia.com/public/image/institute/logo_1601894810bril logo.png?h=40&w=40&mode=stretch
BTree Systems (Computer Science and Information Technology),Chennai,https://images.collegedunia.com/public/image/institute/logo_1601899554Logo-01-2.png?h=40&w=40&mode=stretch
Dr. Sujata Upadhye’s Biology Classes ,Pune,https://images.collegedunia.com/public/image/institute/logo_1601902148logo.png?h=40&w=40&mode=stretch
"TryCatch Classes | UI UX, Web Design, IOS, Android Development, Data Science, Python Training Course (Computer Science and Information Technology)",Mumbai,https://images.collegedunia.com/public/image/institute/logo_1601990122logo-fixed.png?h=40&w=40&mode=stretch
Datahill solutions ,Hyderabad,https://images.collegedunia.com/public/image/institute/logo_1601993261unnamed.jpg?h=40&w=40&mode=stretch
Digital Paradize (big data),New Delhi,https://images.collegedunia.com/public/image/institute/logo_1602054039dig lo.jpg?h=40&w=40&mode=stretch
Next Gen Scholars Institute ,New Delhi,https://images.collegedunia.com/public/image/institute/logo_1602060550next logo.jpg?h=40&w=40&mode=stretch
Tech Mania Solutions ,Hyderabad,https://images.collegedunia.com/public/image/institute/logo_1602070352download.jpg?h=40&w=40&mode=stretch
LearnAI ,Hyderabad,https://images.collegedunia.com/public/image/institute/logo_1602093265llogo.png?h=40&w=40&mode=stretch
Tutors of Data Science ,Bangalore,https://images.collegedunia.com/public/image/institute/logo_1602162612freesnippingtool.com_capture_20201008183924.png?h=40&w=40&mode=stretch
Expertshub ,Chennai,https://images.collegedunia.com/public/image/institute/logo_1602313323photo.png?h=40&w=40&mode=stretch
Boston Institute of Analytics (Data Science Course),Mumbai,https://images.collegedunia.com/public/image/institute/logo_1687245297BIA R.png?h=40&w=40&mode=stretch
Deep Algorithms Solutions ,Hyderabad,https://images.collegedunia.com/public/image/institute/logo_1602335142dlogo.jpg?h=40&w=40&mode=stretch
Courseinn Academy ,Chennai,https://images.collegedunia.com/public/image/institute/logo_1602339623courseinn-academy-logo.png?h=40&w=40&mode=stretch
Lema Labs ,Chennai,https://images.collegedunia.com/public/image/institute/logo_1602429455logo.png?h=40&w=40&mode=stretch
Thema Education (Data Science Course),Mumbai,https://images.collegedunia.com/public/image/institute/logo_1602446622thema logo.png?h=40&w=40&mode=stretch
GAMAKA AI Institute (Data Science Course),Pune,https://images.collegedunia.com/public/image/institute/logo_1602490916gam logo.jpg?h=40&w=40&mode=stretch
"Attari Classes VMwareMCSE/MCSA, AWS, Azure, CCNA Training Institute in Mumbai (Data Analytics Training)",Mumbai,https://images.collegedunia.com/public/image/institute/logo_1602512356a2.png?h=40&w=40&mode=stretch
Harsha Trainings ,Hyderabad,https://images.collegedunia.com/public/image/institute/logo_1602507930Harsha Trainings logo.jpg?h=40&w=40&mode=stretch
Advance Education of Information Technology computer institute (Data Science Course),Mumbai,https://images.collegedunia.com/public/image/institute/logo_1602560157aeit logo.png?h=40&w=40&mode=stretch
360EduKraft ,Bangalore,https://images.collegedunia.com/public/image/institute/logo_1602577447logo-360EduKraft-png.png?h=40&w=40&mode=stretch
AWDIZ ,Mumbai,https://images.collegedunia.com/public/image/institute/logo_1602592613download.png?h=40&w=40&mode=stretch
Brain Mentors Pvt Ltd ,New Delhi,https://images.collegedunia.com/public/image/institute/logo_1602595381download (3).png?h=40&w=40&mode=stretch
IT Spark ,Noida,https://images.collegedunia.com/public/image/institute/logo_1602657590logo.png?h=40&w=40&mode=stretch
DV Analytics (Artificial Intelligence Training),Bangalore,https://images.collegedunia.com/public/image/institute/logo_1602673037dvanalytics-main-logo.png?h=40&w=40&mode=stretch
EmergenTeck ,Noida,https://images.collegedunia.com/public/image/institute/logo_1602694073elogo.png?h=40&w=40&mode=stretch
TechSim+ ,Bhopal,https://images.collegedunia.com/public/image/institute/logo_1606467623download.png?h=40&w=40&mode=stretch
Future Track Actuarial Coaching Classes | Mumbai (Data Science Course),Mumbai,https://images.collegedunia.com/public/image/institute/logo_1602750874logo.png?h=40&w=40&mode=stretch
Coding Elements ,New Delhi,https://images.collegedunia.com/public/image/institute/logo_1626775613Logo.png?h=40&w=40&mode=stretch
Pashium International Institute Of Digital Marketing ,Pune,https://images.collegedunia.com/public/image/institute/logo_1603002389cropped-PIIDM-LOGO-2-black-e1572001241167.png?h=40&w=40&mode=stretch
Doomshell Academy of Advance Computing ,Jaipur,https://images.collegedunia.com/public/image/institute/logo_1603037590logo.png daac.png?h=40&w=40&mode=stretch
CODING CLOUD ,Pune,https://images.collegedunia.com/public/image/institute/logo_1606241455logo.jpg?h=40&w=40&mode=stretch
Add-On Training ,Pune,https://images.collegedunia.com/public/image/institute/logo_1603207394logo.jpg?h=40&w=40&mode=stretch
AI Statics solutions (Data Science Course),Pune,https://images.collegedunia.com/public/image/institute/logo_1603814171Opera Snapshot_2020-10-27_212121_ais-solution.business.site.png?h=40&w=40&mode=stretch
Softcore Technologies (Data Science Course),Hyderabad,https://images.collegedunia.com/public/image/institute/logo_1603715317s3.jpg?h=40&w=40&mode=stretch
TrendyTech - Best Big Data Hadoop Spark Training ,Bangalore,https://images.collegedunia.com/public/image/institute/logo_1603291652trendytech_new.png?h=40&w=40&mode=stretch
Excel4all ,Pune,https://images.collegedunia.com/public/image/institute/logo_160336077310336679_273028379533609_5076565762219140133_n.jpg?h=40&w=40&mode=stretch
"INNOZANT -No.1 MIS AND ANALYTICS,ORACLE TRAINING INSTITUTE ",New Delhi,https://images.collegedunia.com/public/image/institute/logo_1603533627logo (1).png?h=40&w=40&mode=stretch
Anika Technologies ,Pune,https://images.collegedunia.com/public/image/institute/logo_1603606100logo.jpg?h=40&w=40&mode=stretch
Config Software Solutions ,Hyderabad,https://images.collegedunia.com/public/image/institute/logo_1603709525config.png?h=40&w=40&mode=stretch
Darshan Sonar Digital ,Pune,https://images.collegedunia.com/public/image/institute/logo_1604048371dsd-logo.png?h=40&w=40&mode=stretch
Freelancers academy (Data Science Course),Mumbai,https://images.collegedunia.com/public/image/institute/logo_1604080057freelancers-logo.png?h=40&w=40&mode=stretch
Digital Bizware ,Mumbai,https://images.collegedunia.com/public/image/institute/logo_1604165499blogo.png?h=40&w=40&mode=stretch
Nilima’s English Tutorials (ENGLISH LANGUAGE),Mumbai,https://images.collegedunia.com/public/image/institute/logo_1605099246NI.PNG?h=40&w=40&mode=stretch
Sreenu Technologies ,Hyderabad,https://images.collegedunia.com/public/image/institute/logo_1604648344logo.png?h=40&w=40&mode=stretch
Magnitia IT Solutions ,Hyderabad,https://images.collegedunia.com/public/image/institute/logo_1604656282malogo.png?h=40&w=40&mode=stretch
Swabhav Techlabs Solutions Pvt Ltd ,Mumbai,https://images.collegedunia.com/public/image/institute/logo_1604654454logo.png?h=40&w=40&mode=stretch
IDream Kraft ,Bangalore,https://images.collegedunia.com/public/image/institute/logo_1604654687cropped-IDK-1.png?h=40&w=40&mode=stretch
VTHREESOFT TECHNOLOGIES ,Bangalore,https://images.collegedunia.com/public/image/institute/logo_1604730270logo.jpg?h=40&w=40&mode=stretch
Sahasra SoftTech ,Hyderabad,https://images.collegedunia.com/public/image/institute/logo_1604746574Logo.jpg?h=40&w=40&mode=stretch
Institute of Professional Studies VTIPS (Computer Science and Information Technology),New Delhi,https://images.collegedunia.com/public/image/institute/logo_1604779652cropped-logo-1.png?h=40&w=40&mode=stretch
S G Software Testing Institute (Computer Science and Information Technology),Bangalore,https://images.collegedunia.com/public/image/institute/logo_1604865451logo (1).png?h=40&w=40&mode=stretch
Eskill Training ,Bangalore,https://images.collegedunia.com/public/image/institute/logo_1604891603download (3).jpg?h=40&w=40&mode=stretch
JK Classes ,Mumbai,https://images.collegedunia.com/public/image/institute/logo_1604910179lo.png?h=40&w=40&mode=stretch
JDOT Technologies ,Bangalore,https://images.collegedunia.com/public/image/institute/logo_1604902621Jdot logo.png?h=40&w=40&mode=stretch
KRN Informatix ,Bangalore,https://images.collegedunia.com/public/image/institute/logo_1604944537logo.png?h=40&w=40&mode=stretch
Topper Skills ,Pune,https://images.collegedunia.com/public/image/institute/logo_1606066192download (8).jpg?h=40&w=40&mode=stretch
Vertex IT Services ,Pune,https://images.collegedunia.com/public/image/institute/logo_1605198728vlogo.png?h=40&w=40&mode=stretch
Prsoftwares ,Hyderabad,https://images.collegedunia.com/public/image/institute/logo_1605246683download.png?h=40&w=40&mode=stretch
Gantasoft ,Hyderabad,https://images.collegedunia.com/public/image/institute/logo_161476586546479663_1501360479966268_5559059442038734848_n.png?h=40&w=40&mode=stretch
Linux Training Academy ,Pune,https://images.collegedunia.com/public/image/institute/logo_1606065924images.jpg?h=40&w=40&mode=stretch
Expert Websoft ,Pune,https://images.collegedunia.com/public/image/institute/logo_1606799007download.jpg?h=40&w=40&mode=stretch
Niche Thyself ,Pune,https://images.collegedunia.com/public/image/institute/logo_1605632801nlogo.png?h=40&w=40&mode=stretch
Cavach Academy ,Bangalore,https://images.collegedunia.com/public/image/institute/logo_160566902711329835_864300586952663_4434970884314452463_n.jpg?h=40&w=40&mode=stretch
Data Council ,Pune,https://images.collegedunia.com/public/image/institute/logo_1605693474logo.png?h=40&w=40&mode=stretch
eMexo Technologies ,Bangalore,https://images.collegedunia.com/public/image/institute/logo_1605722228logo.jpg?h=40&w=40&mode=stretch
InfoLync Institute ,Bangalore,https://images.collegedunia.com/public/image/institute/logo_1605765409Infolync-Final-logo.png?h=40&w=40&mode=stretch
GoGetmy Guru Academy ,Bangalore,https://images.collegedunia.com/public/image/institute/logo_1605765929gogetmygurulogo.png?h=40&w=40&mode=stretch
CNC WEBWORLD ,Mumbai,https://images.collegedunia.com/public/image/institute/logo_160580845720476192_1510101619011254_8850510313528130151_n.jpg?h=40&w=40&mode=stretch
Quality Software Technologies - Vijeta Rawat (Computer Science and Information Technology),Thane,https://images.collegedunia.com/public/image/institute/logo_1605885487q3.jpg?h=40&w=40&mode=stretch
Digital SpeedX (Global SEO) Training Institute ,Mumbai,https://images.collegedunia.com/public/image/institute/logo_1605871753Logo.jpg?h=40&w=40&mode=stretch
Raj Computers Academy ,Mumbai,https://images.collegedunia.com/public/image/institute/logo_1606539249raj.png?h=40&w=40&mode=stretch
TeleNetworks Technologies Private Limited ,Mumbai,https://images.collegedunia.com/public/image/institute/logo_1605890110tlogo.png?h=40&w=40&mode=stretch
Datapoint Computers ,Mumbai,https://images.collegedunia.com/public/image/institute/logo_1605985134logo-wide.png?h=40&w=40&mode=stretch
Virash Training Institute ,Mumbai,https://images.collegedunia.com/public/image/institute/logo_1606068966virash-training-institute.png?h=40&w=40&mode=stretch
PHP Kolkata (php training),Kolkata,https://images.collegedunia.com/public/image/institute/logo_1606076750logo (4).png?h=40&w=40&mode=stretch
WE-IT TUTORIALS ,Thane,https://images.collegedunia.com/public/image/institute/logo_1606103970we_it_tuto_logo_1773_CHYDx.jpg?h=40&w=40&mode=stretch
Asset Computer Education ,Navi Mumbai,https://images.collegedunia.com/public/image/institute/logo_1606103969download.jpg?h=40&w=40&mode=stretch
Royal Infotech ,Mumbai,https://images.collegedunia.com/public/image/institute/logo_1606114716lgo1.JPG?h=40&w=40&mode=stretch
Binary technologies ,Chennai,https://images.collegedunia.com/public/image/institute/logo_1606282513Binary_Logo.jpg?h=40&w=40&mode=stretch
Phoenix Training ,Kolkata,https://images.collegedunia.com/public/image/institute/logo_1620194441Phoenix Training LOGO.jpg?h=40&w=40&mode=stretch
CMC ACADEMY KOLKATA ,Kolkata,https://images.collegedunia.com/public/image/institute/logo_1606310892cmc.jpg?h=40&w=40&mode=stretch
Boyina Soft ,Bangalore,https://images.collegedunia.com/public/image/institute/logo_1606361890Screenshot 2020-11-25 203114.png?h=40&w=40&mode=stretch
Crystalspiders-SQL Server and DBA Training in Bangalore ,Bangalore,https://images.collegedunia.com/public/image/institute/logo_1606373953Capture1.PNG?h=40&w=40&mode=stretch
AB Infotech - best .Net Training institute ,Bangalore,https://images.collegedunia.com/public/image/institute/logo_1606393368AB Info Tech.jpg?h=40&w=40&mode=stretch
Infotech Academy ,Mumbai,https://images.collegedunia.com/public/image/institute/logo_1606395240infotech-academy-logo-compressed.png?h=40&w=40&mode=stretch
Infycle Technologies ,Chennai,https://images.collegedunia.com/public/image/institute/logo_1606540031Logo Infy.png?h=40&w=40&mode=stretch
Databytes Software Training Institute : BTM ,Bangalore,https://images.collegedunia.com/public/image/institute/logo_1606640762databytes-logo-new.png?h=40&w=40&mode=stretch
Mohnish Tech ,Mumbai,https://images.collegedunia.com/public/image/institute/logo_1606678483logo3.png?h=40&w=40&mode=stretch
PHP Training Academy ,Kolkata,https://images.collegedunia.com/public/image/institute/logo_1606727489php.png?h=40&w=40&mode=stretch
Sir Mathuradas Vissanji Computer Education Centre (CEC) ,Mumbai,https://images.collegedunia.com/public/image/institute/logo_1606796546MVLUCollege-Logo-final.png?h=40&w=40&mode=stretch
ITSparkDS ,Noida,https://images.collegedunia.com/public/image/institute/logo_1606800147newLogo-Transparent-min.png?h=40&w=40&mode=stretch
Talent Resourze ,Hyderabad,https://images.collegedunia.com/public/image/institute/logo_160690569235524083_1728792023864230_2372915009509392384_n[2].jpg?h=40&w=40&mode=stretch
Supreme Software and IT Solutions (Computer Science and Information Technology),Kolkata,https://images.collegedunia.com/public/image/institute/logo_1606989793supreme-software-and-it-solutions-ghola-bazar-kolkata-computer-training-institutes-hrrh3[1].jpg?h=40&w=40&mode=stretch
FUTURE INFOTECH ,Kolkata,https://images.collegedunia.com/public/image/institute/logo_1606996888future infotech.png?h=40&w=40&mode=stretch
High Tech Solution ,New Delhi,https://images.collegedunia.com/public/image/institute/logo_1607003348download (9).jpg?h=40&w=40&mode=stretch
eMexo Technologies ,Bangalore,https://images.collegedunia.com/public/image/institute/logo_1607009470Logo.jpg?h=40&w=40&mode=stretch
Impavid Technologies ,Bangalore,https://images.collegedunia.com/public/image/institute/logo_1607016466Logo.jpg?h=40&w=40&mode=stretch
Newton GATE Academy (NEET),Kolkata,https://images.collegedunia.com/public/image/institute/logo_16134942575493911-large.jpeg?h=40&w=40&mode=stretch
SoftFlix Training ,Mysore,https://images.collegedunia.com/public/image/institute/logo_1607084168SF.png?h=40&w=40&mode=stretch
IOTINTERCON LABS ,Bangalore,https://images.collegedunia.com/public/image/institute/logo_1607156057images (1).png?h=40&w=40&mode=stretch
Fiducia Solutions ,Noida,https://images.collegedunia.com/public/image/institute/logo_1612599812LOGO-Fiducia.png?h=40&w=40&mode=stretch
IT Coordinates ,Chennai,https://images.collegedunia.com/public/image/institute/logo_1607187111logo.png?h=40&w=40&mode=stretch
Innovians Technologies ,Noida,https://images.collegedunia.com/public/image/institute/logo_1607258913Innovians-Technologies-Logo-new.png?h=40&w=40&mode=stretch
Refinement Software Solutions ,Chennai,https://images.collegedunia.com/public/image/institute/logo_1607271378download.jpg?h=40&w=40&mode=stretch
Sudarshan Classes Pvt. Ltd. ,Mumbai,https://images.collegedunia.com/public/image/institute/logo_1615624931LOGO (19).png?h=40&w=40&mode=stretch
HTop Solutions ,Chennai,https://images.collegedunia.com/public/image/institute/logo_1607348886download1.png?h=40&w=40&mode=stretch
BITA IT Academy ,Chennai,https://images.collegedunia.com/public/image/institute/logo_1607371570bita-academy-logo-header (1).png?h=40&w=40&mode=stretch
Data Science Training in Marathahalli ,Bangalore,https://images.collegedunia.com/public/image/institute/logo_1607511882download (1).png?h=40&w=40&mode=stretch
"MIDM- Digital Marketing, Ethical Hacking, Website Designing and HR Training Course Institute (Ethical Hacking Online Training)",Pune,https://images.collegedunia.com/public/image/institute/logo_1607512915midm-logo.png?h=40&w=40&mode=stretch
HackZone - Ethical Hacking Courses Faridabad (Ethical Hacking Online Training),New Delhi,https://images.collegedunia.com/public/image/institute/logo_1607413601htb.png?h=40&w=40&mode=stretch
WillntriX ,Bangalore,https://images.collegedunia.com/public/image/institute/logo_1607420518download.png?h=40&w=40&mode=stretch
Qstatix Private Limited ,Hyderabad,https://images.collegedunia.com/public/image/institute/logo_1607424559unnamed.png?h=40&w=40&mode=stretch
Millennial Training Centre|Web Development | Data analytics | Tally | Digital Marketing | Training institute ,Gurgaon,https://images.collegedunia.com/public/image/institute/logo_1607427761download.png?h=40&w=40&mode=stretch
Liberty Technologies ,Chennai,https://images.collegedunia.com/public/image/institute/logo_1607451273logo (1).png?h=40&w=40&mode=stretch
Tech Cryptors - Robotics & Technical Software Training Company ,Mumbai,https://images.collegedunia.com/public/image/institute/logo_1607489937techcryptrors-logo.png?h=40&w=40&mode=stretch
LeLogix Cad Training Center ,Ghaziabad,https://images.collegedunia.com/public/image/institute/logo_1607512259kk.png?h=40&w=40&mode=stretch
Zeenius CadSoft technologies ,Chennai,https://images.collegedunia.com/public/image/institute/logo_1607514845Z Logo.png?h=40&w=40&mode=stretch
CogniznR -CAD/CAM/IT Training Center ,New Delhi,https://images.collegedunia.com/public/image/institute/logo_1607517502Cogniznr.jpg?h=40&w=40&mode=stretch
XplorEngg CADD ,Chennai,https://images.collegedunia.com/public/image/institute/logo_1607522837xp L.jpeg?h=40&w=40&mode=stretch
CyberTech Infosolutions | EC-Council Authorized Training Centre | Ethical Hacking ,Mumbai,https://images.collegedunia.com/public/image/institute/logo_1607530580logo (3).png?h=40&w=40&mode=stretch
MILESTONE INSTITUTE OF TECHNOLOGY ,Mumbai,https://images.collegedunia.com/public/image/institute/logo_1607577416mile.jpg?h=40&w=40&mode=stretch
Institute of Electronics and Computer Technology (IECT) ,Kolkata,https://images.collegedunia.com/public/image/institute/logo_1607594738IMG_20201210_150144.jpg?h=40&w=40&mode=stretch
linux hut solution ,Bhopal,https://images.collegedunia.com/public/image/institute/logo_1607596354download (5).jpg?h=40&w=40&mode=stretch
"CAD DESK, KATRAJ-BALAJINAGAR CAD TRAINING CENTER ",Pune,https://images.collegedunia.com/public/image/institute/logo_1607626453download (1).png?h=40&w=40&mode=stretch
Dezino Tech ,New Delhi,https://images.collegedunia.com/public/image/institute/logo_1607679163de.png?h=40&w=40&mode=stretch
ETHICAL HACKING TUITION CENTER ,Jaipur,https://images.collegedunia.com/public/image/institute/logo_1607698321ethical-hacking-tuition-center-pratap-nagar-jaipur-tutorials-cfphc6pcvl.jpg?h=40&w=40&mode=stretch
CAD DesK India ,Hyderabad,https://images.collegedunia.com/public/image/institute/logo_1607688376l.jpeg?h=40&w=40&mode=stretch
Nobleprog ,Ghaziabad,https://images.collegedunia.com/public/image/institute/logo_1607696150download (10).jpg?h=40&w=40&mode=stretch
Sri Design Cad Technologies Solutions Pvt Ltd ,Chennai,https://images.collegedunia.com/public/image/institute/logo_1607935777sri L?h=40&w=40&mode=stretch
CCNA TRAINING CENTRE OKHLA DELHI ,New Delhi,https://images.collegedunia.com/public/image/institute/logo_1607708123ccna-course-card.png logo.png?h=40&w=40&mode=stretch
Network Expert (CCNA),Bangalore,https://images.collegedunia.com/public/image/institute/logo_1607764265download (3).jpg?h=40&w=40&mode=stretch
JSTC(Java and Python Training Centre) ,Bhopal,https://images.collegedunia.com/public/image/institute/logo_1607769339unnamed.jpg?h=40&w=40&mode=stretch
Cherry Institute ,Bangalore,https://images.collegedunia.com/public/image/institute/logo_1607791743download.jpg?h=40&w=40&mode=stretch
M orbit computer institute ,Pune,https://images.collegedunia.com/public/image/institute/logo_160782820623-07-20-images.jpg?h=40&w=40&mode=stretch
RoboLeap Academy ,Bangalore,https://images.collegedunia.com/public/image/institute/logo_1607863731logo.png?h=40&w=40&mode=stretch
Course Crown Digital Marketing Institute ,New Delhi,https://images.collegedunia.com/public/image/institute/logo_1607880059cc logo.png?h=40&w=40&mode=stretch
Linux Solution ,Bhopal,https://images.collegedunia.com/public/image/institute/logo_160878590067952902_2593502157337175_7799430403583901696_n.jpg?h=40&w=40&mode=stretch
M CAD Solutions ,Pune,https://images.collegedunia.com/public/image/institute/logo_1607891286M-cad-Solutions-logo.png?h=40&w=40&mode=stretch
Soctel Software Pvt Ltd. ,Hyderabad,https://images.collegedunia.com/public/image/institute/logo_1608735050soctel.jpg?h=40&w=40&mode=stretch
AR Learners ,Bangalore,https://images.collegedunia.com/public/image/institute/logo_1607925489web-logo.png?h=40&w=40&mode=stretch
Omnytrix Integrated Solutions ,Hyderabad,https://images.collegedunia.com/public/image/institute/logo_1607963840omnytrix-recovered-copy-192x128.png?h=40&w=40&mode=stretch
Digital Medha ,Hyderabad,https://images.collegedunia.com/public/image/institute/logo_1608446300logodgmedha.png?h=40&w=40&mode=stretch
Deep Digital Media ,Hyderabad,https://images.collegedunia.com/public/image/institute/logo_1608733711Deep Digital Media logo.jpg?h=40&w=40&mode=stretch
CCNA Pune AWS Azure Training institute in Pune ,Pune,https://images.collegedunia.com/public/image/institute/logo_1608814291ccna-pune-logo.png?h=40&w=40&mode=stretch
DigiQ Training ,Hyderabad,https://images.collegedunia.com/public/image/institute/logo_1608815659DigiQ Training 1.png?h=40&w=40&mode=stretch
Digital Marketing Guru ,Gurgaon,https://images.collegedunia.com/public/image/institute/logo_1608818317DIGITAL MARKETING GURU logo.png?h=40&w=40&mode=stretch
Zenfotec SAP Training ,Bangalore,https://images.collegedunia.com/public/image/institute/logo_1608898452logo (3).jpeg?h=40&w=40&mode=stretch
Star Angels Beauty Academy ,Chennai,https://images.collegedunia.com/public/image/institute/logo_16089225015d53cae29b67a80001f52db1.webp?h=40&w=40&mode=stretch
Karan Gupta Consulting ,Mumbai,https://images.collegedunia.com/public/image/institute/logo_1608962258karan_logo.jpg?h=40&w=40&mode=stretch
Expert Training Institute (ETI) ,New Delhi,https://images.collegedunia.com/public/image/institute/logo_1609061243logonew.png?h=40&w=40&mode=stretch
Codebind Technologies ,Chennai,https://images.collegedunia.com/public/image/institute/logo_1609341848Logo.png?h=40&w=40&mode=stretch
MEDIAMITRA - Digital Marketing Courses in Navi Mumbai ,Mumbai,https://images.collegedunia.com/public/image/institute/logo_1609145400download (4).png?h=40&w=40&mode=stretch
Being Digitally ,New Delhi,https://images.collegedunia.com/public/image/institute/logo_1609420032Being Digitally- logo and cover page.jpg?h=40&w=40&mode=stretch
Techno Excel ,Hyderabad,https://images.collegedunia.com/public/image/institute/logo_1611339982download.png?h=40&w=40&mode=stretch
Abhi Content Writer ,Kolkata,https://images.collegedunia.com/public/image/institute/logo_1609298225download (4).png?h=40&w=40&mode=stretch
Optimize India ,Bangalore,https://images.collegedunia.com/public/image/institute/logo_1609427115Optimize India- logo and coverpage.jpg?h=40&w=40&mode=stretch
INSPANNER SOFTWARE ACADEMY ,Hyderabad,https://images.collegedunia.com/public/image/institute/logo_1609392864logo.png?h=40&w=40&mode=stretch
Digital Roy Academy ,Bangalore,https://images.collegedunia.com/public/image/institute/logo_1609314373Digital roy academy-Logo-.png?h=40&w=40&mode=stretch
Siva Soft Classroom and Online FULL STACK UI Technologies ,Hyderabad,https://images.collegedunia.com/public/image/institute/logo_1609385660images (4).jpeg?h=40&w=40&mode=stretch
Excel Range Media - Digital Marketing Course Institute in Delhi - GTB Nagar ,New Delhi,https://images.collegedunia.com/public/image/institute/logo_1609418618cover excel.jpg?h=40&w=40&mode=stretch
Your Web Seo ,New Delhi,https://images.collegedunia.com/public/image/institute/logo_1609508929YWS.png?h=40&w=40&mode=stretch
Excel Logics ,Hyderabad,https://images.collegedunia.com/public/image/institute/logo_1609510292logo (2).jpg?h=40&w=40&mode=stretch
Social Tangle ,Mumbai,https://images.collegedunia.com/public/image/institute/logo_1609520369Logo (6).png?h=40&w=40&mode=stretch
ICA Edu Skills ,Mumbai,https://images.collegedunia.com/public/image/institute/logo_1609598976Logo.png?h=40&w=40&mode=stretch
Classdemy - Digital Marketing Training Institute ,Chennai,https://images.collegedunia.com/public/image/institute/logo_1609603219classdemy logo.png?h=40&w=40&mode=stretch
Excel Solutions ,Hyderabad,https://images.collegedunia.com/public/image/institute/logo_1609617834logo excel.jpg?h=40&w=40&mode=stretch
Kritya Solutions ,Hyderabad,https://images.collegedunia.com/public/image/institute/logo_1609621178logo (4).jpg?h=40&w=40&mode=stretch
Sharptech ,Mumbai,https://images.collegedunia.com/public/image/institute/logo_1609670962logo (10).png?h=40&w=40&mode=stretch
ShineNexGen Pvt Ltd ,Hyderabad,https://images.collegedunia.com/public/image/institute/logo_1609676045logo (11).png?h=40&w=40&mode=stretch
Socialopedia ,Mumbai,https://images.collegedunia.com/public/image/institute/logo_1609677411cover (10).png?h=40&w=40&mode=stretch
Frameboxx Animation & Visual Effects Pvt. Ltd. ,Mumbai,https://images.collegedunia.com/public/image/institute/logo_1609695528Frameboxx-logo-2020.png?h=40&w=40&mode=stretch
Digital Marketing Paathshala ,Ghaziabad,https://images.collegedunia.com/public/image/institute/logo_1609699240DMP_LOGO.JPG?h=40&w=40&mode=stretch
Rishi Gangoly | Online Business Consultant In Mumbai ,Mumbai,https://images.collegedunia.com/public/image/institute/logo_1609703629Rishi Gangoly LOGO.png?h=40&w=40&mode=stretch
Digital Corsel - Best Digital Marketing Company in Bangalore ,Bangalore,https://images.collegedunia.com/public/image/institute/logo_1609712447Digital-Corsel-Logo.png?h=40&w=40&mode=stretch
"Infidigit Consultants - SEO Company in Mumbai, India ",Mumbai,https://images.collegedunia.com/public/image/institute/logo_1609735226logo.png?h=40&w=40&mode=stretch
Digifine - Digital Marketing Courses in Mumbai ,Mumbai,https://images.collegedunia.com/public/image/institute/logo_1609741639LOGO.jpg?h=40&w=40&mode=stretch
Study Global Service - IELTS Coaching | Study Abroad | Canada | New Zealand ,Faridabad,https://images.collegedunia.com/public/image/institute/logo_1609758822LOGO (1).jpg?h=40&w=40&mode=stretch
Indian Digital Academy - Digital Marketing Training ,Hyderabad,https://images.collegedunia.com/public/image/institute/logo_1609758883logo (9).png?h=40&w=40&mode=stretch
Chennai Tailoring Institute ,Chennai,https://images.collegedunia.com/public/image/institute/logo_1609829894Logo.png?h=40&w=40&mode=stretch
"Lead Sourcing and Email Marketing - Nithyanandan Ramakrishna For Certified Training and Consulting In Bangalore, India ",Bangalore,https://images.collegedunia.com/public/image/institute/logo_1609843854lead sourcing and E-mail marketing - logo.png?h=40&w=40&mode=stretch
Adzentrix ,New Delhi,https://images.collegedunia.com/public/image/institute/logo_1609846270adzentrix-logo.png?h=40&w=40&mode=stretch
Shailesh Panchal Digital Marketing Trainer (Digital Marketing Gyan) ,Mumbai,https://images.collegedunia.com/public/image/institute/logo_1609847271Poster.jpg?h=40&w=40&mode=stretch
Edutrust Consultant LLP ,Bangalore,https://images.collegedunia.com/public/image/institute/logo_1609919651logo (15).jpg?h=40&w=40&mode=stretch
Gleam Education and Training Services ,Hyderabad,https://images.collegedunia.com/public/image/institute/logo_1609992431logo (16).png?h=40&w=40&mode=stretch
RK Malhotra ,New Delhi,https://images.collegedunia.com/public/image/institute/logo_1610217347logo (5).jpg?h=40&w=40&mode=stretch
ForEd Overseas Education Consultant - Chennai ,Chennai,https://images.collegedunia.com/public/image/institute/logo_1610268522FOR ED LOGO.jpg?h=40&w=40&mode=stretch
Joinus4Global Education | Overseas Education consultants in Bangalore | Best services ,Bangalore,https://images.collegedunia.com/public/image/institute/logo_1609914620JOIN4_LOGO.JPG?h=40&w=40&mode=stretch
Kornerston Academy ,Chennai,https://images.collegedunia.com/public/image/institute/logo_1609915318KORNERSTON ACADMEY_ LOGO.jpg?h=40&w=40&mode=stretch
