Institutes Names,Institutes Place,Logo Link
Codeking Software Training Academy ,Mumbai,https://images.collegedunia.com/public/image/institute/logo_16057982305751425-medium190ap.jpg?h=40&w=40&mode=stretch
iFuture Technologies ,Kalyan,https://images.collegedunia.com/public/image/institute/logo_1605806594ilogo.jpg?h=40&w=40&mode=stretch
Vissicomp ,Mumbai,https://images.collegedunia.com/public/image/institute/logo_1605821455Visicomp Logo.jpg?h=40&w=40&mode=stretch
Waves Institution (CCNA),Mumbai,https://images.collegedunia.com/public/image/institute/logo_1605853678wavesinstutin logo.png?h=40&w=40&mode=stretch
Multilink Computer ,Mumbai,https://images.collegedunia.com/public/image/institute/logo_1605948279lobo multilink.jpg?h=40&w=40&mode=stretch
XESP ,Kolkata,https://images.collegedunia.com/public/image/institute/logo_1606088487logo (5).png?h=40&w=40&mode=stretch
Suven Consultants And Technology Pvt Ltd. ,Mumbai,https://images.collegedunia.com/public/image/institute/logo_1606216548sl.PNG?h=40&w=40&mode=stretch
ACL IT Academy ,Kolkata,https://images.collegedunia.com/public/image/institute/logo_1606275765logo-dark.png?h=40&w=40&mode=stretch
Sun ridhi IT training Academy (Computer Science and Information Technology),Chennai,https://images.collegedunia.com/public/image/institute/logo_1606306240cropped-s3-1.png?h=40&w=40&mode=stretch
MAATI ,New Delhi,https://images.collegedunia.com/public/image/institute/logo_1634996172logo (1).png?h=40&w=40&mode=stretch
SQL School Training Institute ,Hyderabad,https://images.collegedunia.com/public/image/institute/logo_1606395588Logo.jpg?h=40&w=40&mode=stretch
SEED SAP Training Academy (Computer Science and Information Technology),Pune,https://images.collegedunia.com/public/image/institute/logo_1606675676logo.jpg?h=40&w=40&mode=stretch
K2 Analytics (Computer Science and Information Technology),Thane,https://images.collegedunia.com/public/image/institute/logo_1606745423Divi-K2-Logo.png?h=40&w=40&mode=stretch
Best Clinical SAS Training | SAS Training Institute in Marathahalli | SDTM ADAM TLF's CDISC Training | CDM Training in Bangalore (Computer Science and Information Technology),Bangalore,https://images.collegedunia.com/public/image/institute/logo_1606756791Capture.PNG?h=40&w=40&mode=stretch
"NIIT Vijayanagar, Bangalore ",Bangalore,https://images.collegedunia.com/public/image/institute/logo_1606792921Screenshot 2020-12-01 083219.png?h=40&w=40&mode=stretch
apollo computer education ,Chennai,https://images.collegedunia.com/public/image/institute/logo_1606899528apollo.png?h=40&w=40&mode=stretch
SPARK IT Training Institute ,Pune,https://images.collegedunia.com/public/image/institute/logo_1606982359logo.png?h=40&w=40&mode=stretch
AKSWAVE Oracle Trainings (Computer Science and Information Technology),Hyderabad,https://images.collegedunia.com/public/image/institute/logo_1606982989akswave_logo_white.png?h=40&w=40&mode=stretch
Parnets Digital Advertisements Pvt Ltd ,Bangalore,https://images.collegedunia.com/public/image/institute/logo_1607000577download.png?h=40&w=40&mode=stretch
SAP FICO online training ,Hyderabad,https://images.collegedunia.com/public/image/institute/logo_1607014719logo (1).gif?h=40&w=40&mode=stretch
Dynamic Institute of Automation & Controls ,Noida,https://images.collegedunia.com/public/image/institute/logo_1626712418Logo.jpg?h=40&w=40&mode=stretch
Aspring Technology ,Kolkata,https://images.collegedunia.com/public/image/institute/logo_16070613623207498-large (1).jpg?h=40&w=40&mode=stretch
Matlab training in chennai ,Chennai,https://images.collegedunia.com/public/image/institute/logo_1607093323116576134_2624300614488444_3583422858782023568_n.png?h=40&w=40&mode=stretch
ASICTRON CONTROL SYSTEM ,Chennai,https://images.collegedunia.com/public/image/institute/logo_1607160155logo (1).png?h=40&w=40&mode=stretch
"Prince Infotech Guduvanchery - AWS , CCNA PYTHON JAVA DOT NET ",Gandarvakottai,https://images.collegedunia.com/public/image/institute/logo_1607163183cropped-2-X-3_1-nos_vinyl-sticker.jpg?h=40&w=40&mode=stretch
Wartens PLC SCADA Training ,Bangalore,https://images.collegedunia.com/public/image/institute/logo_1607177448Screenshot 2020-12-05 192721.png?h=40&w=40&mode=stretch
Delhi Skill Development Center ,New Delhi,https://images.collegedunia.com/public/image/institute/logo_1607257603abcdef.png?h=40&w=40&mode=stretch
Digital Nest ,Hyderabad,https://images.collegedunia.com/public/image/institute/logo_16073460322017-12-02-1.jpg?h=40&w=40&mode=stretch
Excellence Bank Coaching ,Bhopal,https://images.collegedunia.com/public/image/institute/logo_1607358460logo.png?h=40&w=40&mode=stretch
Raspberry Pi Training Centre (RASPBERRY BI),Bangalore,https://images.collegedunia.com/public/image/institute/logo_1607428221jcnjb.jpg?h=40&w=40&mode=stretch
Mrwebsecure (Best Ethical Hacking Courses in Western Mumbai) ,Mumbai,https://images.collegedunia.com/public/image/institute/logo_1607436505Capture.JPG?h=40&w=40&mode=stretch
EDIFY TECHNO SOLUTIONS ,Chennai,https://images.collegedunia.com/public/image/institute/logo_1607437670download.png?h=40&w=40&mode=stretch
Bhushan Cadd Solution ,Hyderabad,https://images.collegedunia.com/public/image/institute/logo_1607495820profile2990.jpg?h=40&w=40&mode=stretch
Advance Electrical Design and Engineering Institute ,New Delhi,https://images.collegedunia.com/public/image/institute/logo_1607514447adv.jpg?h=40&w=40&mode=stretch
FOSTERing Linux ,Gurgaon,https://images.collegedunia.com/public/image/institute/logo_1607586873fl-logo.png?h=40&w=40&mode=stretch
"Pisces Education : 3D Max Institute, AutoCAD Training, Revit Courses, VRay for 3Ds Max in Delhi ",New Delhi,https://images.collegedunia.com/public/image/institute/logo_1607599606Screenshot 2020-12-10 164904.png?h=40&w=40&mode=stretch
UniNets ,Pune,https://images.collegedunia.com/public/image/institute/logo_1607608362logo-Uninets-website-transparent.png?h=40&w=40&mode=stretch
cad world (CAD  Training),Hyderabad,https://images.collegedunia.com/public/image/institute/logo_1607626421cadworld1.png?h=40&w=40&mode=stretch
Altus Cadd ,Chennai,https://images.collegedunia.com/public/image/institute/logo_1607630204logo-new-copy2.jpg?h=40&w=40&mode=stretch
Mehul Prajapati - Data Science Institute ,Mumbai,https://images.collegedunia.com/public/image/institute/logo_1607671014meultech.png?h=40&w=40&mode=stretch
Swaya Cadd Tech ,Chennai,https://images.collegedunia.com/public/image/institute/logo_1607679782slogo.png?h=40&w=40&mode=stretch
CAD GURU ,New Delhi,https://images.collegedunia.com/public/image/institute/logo_1607679990cad-logo.png?h=40&w=40&mode=stretch
Solution Edge ,Pune,https://images.collegedunia.com/public/image/institute/logo_1607699569download (7).jpg?h=40&w=40&mode=stretch
Aspire Knowledge and Skills India Pvt Ltd ,Pune,https://images.collegedunia.com/public/image/institute/logo_1607687704logo (3).png?h=40&w=40&mode=stretch
Institute of Industrial Design IID ,Chennai,https://images.collegedunia.com/public/image/institute/logo_1607693737iid LL.jpeg?h=40&w=40&mode=stretch
Icad ,Bangalore,https://images.collegedunia.com/public/image/institute/logo_1607703905Icad logo.png?h=40&w=40&mode=stretch
MAAC ,Mumbai,https://images.collegedunia.com/public/image/institute/logo_1607706444maac-logo.png?h=40&w=40&mode=stretch
Cadmaxx Solutions Pvt Ltd ,Bangalore,https://images.collegedunia.com/public/image/institute/logo_16077193302378145-medium190ap.png?h=40&w=40&mode=stretch
Smartroute Tech Services ,New Delhi,https://images.collegedunia.com/public/image/institute/logo_1617290065smartroute Logo.png?h=40&w=40&mode=stretch
xtreemHeights ,Jaipur,https://images.collegedunia.com/public/image/institute/logo_1607779013XL.png?h=40&w=40&mode=stretch
GIT IT Academy ,Bangalore,https://images.collegedunia.com/public/image/institute/logo_1607783001git-logo400.png?h=40&w=40&mode=stretch
IGeekS Technologies ,Bangalore,https://images.collegedunia.com/public/image/institute/logo_1607788212logo.png?h=40&w=40&mode=stretch
IFS Academy ,Pune,https://images.collegedunia.com/public/image/institute/logo_160788320014258215_1298275570183832_3943523065044831767_o.png?h=40&w=40&mode=stretch
Future Ed ,Bangalore,https://images.collegedunia.com/public/image/institute/logo_1607902678futurelogo_02.png?h=40&w=40&mode=stretch
HBFITES ,Bangalore,https://images.collegedunia.com/public/image/institute/logo_1607921490708037-large.png?h=40&w=40&mode=stretch
KV IT - Solutions Pvt. Ltd. ,New Delhi,https://images.collegedunia.com/public/image/institute/logo_1612943262Logo (1).PNG?h=40&w=40&mode=stretch
Digominds - Internet Marketing Training Academy ,Hyderabad,https://images.collegedunia.com/public/image/institute/logo_1608489355Digominds-Logo-1_3f1a9a4935a80dcac78ae04ae540016e.png?h=40&w=40&mode=stretch
Spark Infosys ,Hyderabad,https://images.collegedunia.com/public/image/institute/logo_1608544357sparkinfosys-logo (1).png?h=40&w=40&mode=stretch
Arena Animation ,Kolkata,https://images.collegedunia.com/public/image/institute/logo_1608736080logo.jpeg?h=40&w=40&mode=stretch
Delhi Institute of Computer Education ,New Delhi,https://images.collegedunia.com/public/image/institute/logo_1608803679DICS Logo.jpg?h=40&w=40&mode=stretch
DevOps School ,Hyderabad,https://images.collegedunia.com/public/image/institute/logo_1608798000devOps school (1).png?h=40&w=40&mode=stretch
Internet Marketing School ,Kolkata,https://images.collegedunia.com/public/image/institute/logo_1608798923logo (2).png?h=40&w=40&mode=stretch
Efficient INDIA - Web Designing and Development Company in Delhi ,New Delhi,https://images.collegedunia.com/public/image/institute/logo_1608801330logo (4).png?h=40&w=40&mode=stretch
KALVI INSTITUTE PRIVATE LIMITED ,Chennai,https://images.collegedunia.com/public/image/institute/logo_1608803148logo kalvi.png?h=40&w=40&mode=stretch
Elearnmarkets ,Kolkata,https://images.collegedunia.com/public/image/institute/logo_1621244139elm-short-logo.png?h=40&w=40&mode=stretch
Digimedha ,Hyderabad,https://images.collegedunia.com/public/image/institute/logo_1608813099digimedha logo.jpg?h=40&w=40&mode=stretch
Learning Skills ,New Delhi,https://images.collegedunia.com/public/image/institute/logo_1609010617LAPAAS_LOGO.jpg?h=40&w=40&mode=stretch
XLDigimedia ,Kolkata,https://images.collegedunia.com/public/image/institute/logo_1609083383LOGO.png?h=40&w=40&mode=stretch
DKOP Labs Pvt Ltd ,Noida,https://images.collegedunia.com/public/image/institute/logo_1609164671logo.gif?h=40&w=40&mode=stretch
ITinfo Digital ,Hyderabad,https://images.collegedunia.com/public/image/institute/logo_1609166655ITinfo Digitallogo.png?h=40&w=40&mode=stretch
MAAC Koramangala ,Bangalore,https://images.collegedunia.com/public/image/institute/logo_1609171354Logo.png?h=40&w=40&mode=stretch
Technovids ,Bangalore,https://images.collegedunia.com/public/image/institute/logo_1609227838Logo.jpg?h=40&w=40&mode=stretch
MNP Skill Development Centre ,Kolkata,https://images.collegedunia.com/public/image/institute/logo_1609238534MNP Skill Development Centre logo.jpg?h=40&w=40&mode=stretch
IT Mindslab Delhi ,,https://images.collegedunia.com/public/image/institute/logo_1609251567logo.png?h=40&w=40&mode=stretch
MNP SKILL DEVELOPMENT CENTRE ,Kolkata,https://images.collegedunia.com/public/image/institute/logo_1609309004m1.PNG?h=40&w=40&mode=stretch
IGeeks Technologies ,Bangalore,https://images.collegedunia.com/public/image/institute/logo_1609332862download (5).png?h=40&w=40&mode=stretch
Market Motive ,Bangalore,https://images.collegedunia.com/public/image/institute/logo_1609391559market_motive_logo.png?h=40&w=40&mode=stretch
GraphsonTech (P) Ltd-Best SAP ABAP FICO HANA and ERP Training Institute ,Kolkata,https://images.collegedunia.com/public/image/institute/logo_1609395431glogo.png?h=40&w=40&mode=stretch
Learn Digital Academy™ Best Digital Marketing Courses Training Institute in Bangalore ,Bangalore,https://images.collegedunia.com/public/image/institute/logo_1609407401L1.PNG?h=40&w=40&mode=stretch
GEOSYS ENTERPRISE SOLUTIONS PVT. LTD. ,Hyderabad,https://images.collegedunia.com/public/image/institute/logo_1609578950animation_logo.gif?h=40&w=40&mode=stretch
Indus Net TechShu Digital Private Limited ,Kolkata,https://images.collegedunia.com/public/image/institute/logo_16095792871608548907670.png?h=40&w=40&mode=stretch
Kohinoor Technical Institute Pvt. Ltd. ,,https://images.collegedunia.com/public/image/institute/logo_1609581283KTI logo.png?h=40&w=40&mode=stretch
WrightFont Digital ,Hyderabad,https://images.collegedunia.com/public/image/institute/logo_1609599259logo.png?h=40&w=40&mode=stretch
InfiniX ,Chennai,https://images.collegedunia.com/public/image/institute/logo_1609645189Logo.jpg?h=40&w=40&mode=stretch
YAYI IT SOLUTIONS ,Bangalore,https://images.collegedunia.com/public/image/institute/logo_1609669652yayi logo.png?h=40&w=40&mode=stretch
Hi-Tech Animation Topsia ,Kolkata,https://images.collegedunia.com/public/image/institute/logo_1609676654images (3).jfif?h=40&w=40&mode=stretch
CMS Computer Institute ,Pune,https://images.collegedunia.com/public/image/institute/logo_1609711575cms-computers-squarelogo-1539110036247.png?h=40&w=40&mode=stretch
Victory Overseas Education and Immigration Consultants ,Chennai,https://images.collegedunia.com/public/image/institute/logo_1609821547logo.jpg?h=40&w=40&mode=stretch
IWT Training Institute ,Gurgaon,https://images.collegedunia.com/public/image/institute/logo_1609857453Logo.png?h=40&w=40&mode=stretch
NIESBUD Step to Entrepreneurship Journey ,Noida,https://images.collegedunia.com/public/image/institute/logo_1609860719Logo.png?h=40&w=40&mode=stretch
Dynamisers Solutions ,New Delhi,https://images.collegedunia.com/public/image/institute/logo_1609906605DYNAMISER_LOGO.png?h=40&w=40&mode=stretch
Springboard ,Jodhpur,https://images.collegedunia.com/public/image/institute/logo_1623405602SA.jpg?h=40&w=40&mode=stretch
GLS INFOTECH ,Kolkata,https://images.collegedunia.com/public/image/institute/logo_1616927769GLS Logo.png?h=40&w=40&mode=stretch
ISAAC CLASSES ,New Delhi,https://images.collegedunia.com/public/image/institute/logo_1610361705IMAGES.png?h=40&w=40&mode=stretch
SAP India Private Limited ,New Delhi,https://images.collegedunia.com/public/image/institute/logo_1610533374LOGO.svg?h=40&w=40&mode=stretch
Network Bulls ,Gurgaon,https://images.collegedunia.com/public/image/institute/logo_1626273394LOGO.png?h=40&w=40&mode=stretch
Ravindra IAS Institute ,New Delhi,https://images.collegedunia.com/public/image/institute/logo_1610625114LOGO.jpg?h=40&w=40&mode=stretch
Estherlands Educational Centre ,Bangalore,https://images.collegedunia.com/public/image/institute/logo_1610637367ezgif.com-gif-maker.jpg?h=40&w=40&mode=stretch
NTTF Technical Training Centre ,Thane,https://images.collegedunia.com/public/image/institute/logo_1610686771nttf-LOGO.png?h=40&w=40&mode=stretch
VIKRAMSHILA ACADEMY ,Lucknow,https://images.collegedunia.com/public/image/institute/logo_1610713358LOGO''.png?h=40&w=40&mode=stretch
Careers N Options Services Pvt. Ltd. ,Mumbai,https://images.collegedunia.com/public/image/institute/logo_1610716017logo.png?h=40&w=40&mode=stretch
Erp Scholars ,Gurgaon,https://images.collegedunia.com/public/image/institute/logo_1610719295download (1).jpeg?h=40&w=40&mode=stretch
Indian Institute of E-Commerce ,Bangalore,https://images.collegedunia.com/public/image/institute/logo_1610730063ll.png?h=40&w=40&mode=stretch
Compete Infotech Academy ,Kolkata,https://images.collegedunia.com/public/image/institute/logo_1610770345Compete Infotech Academy 1 logo.jpg?h=40&w=40&mode=stretch
Kalhan IAS Academy (UPSC),New Delhi,https://images.collegedunia.com/public/image/institute/logo_1610799979logo.png?h=40&w=40&mode=stretch
Ardent Computech Pvt Ltd ,Kolkata,https://images.collegedunia.com/public/image/institute/logo_1610850720logo.png?h=40&w=40&mode=stretch
TCloud Information Technologies ,Hyderabad,https://images.collegedunia.com/public/image/institute/logo_1610886013Logo.jpeg?h=40&w=40&mode=stretch
VirtualPath Techno Solutions ,Hyderabad,https://images.collegedunia.com/public/image/institute/logo_1610899574Logo.jpeg?h=40&w=40&mode=stretch
TRUECEPT Academy for Advanced Learning ,Chennai,https://images.collegedunia.com/public/image/institute/logo_1610949078LOGO.png?h=40&w=40&mode=stretch
ACS Academy Pvt Ltd ,Pune,https://images.collegedunia.com/public/image/institute/logo_1610958581Logo.jpeg?h=40&w=40&mode=stretch
Advance UGC-NET Coachinig Institute (AUNCI) ,New Delhi,https://images.collegedunia.com/public/image/institute/logo_1610974250banner04.png?h=40&w=40&mode=stretch
Video Editing Institute ,New Delhi,https://images.collegedunia.com/public/image/institute/logo_1611049898Logo.jpg?h=40&w=40&mode=stretch
RG International ,Mumbai,https://images.collegedunia.com/public/image/institute/logo_1611061761Logo.jpeg?h=40&w=40&mode=stretch
Kalyan Institute ACCA CPA CMA Coaching ,New Delhi,https://images.collegedunia.com/public/image/institute/logo_1611068219kalyan-educational-institute-10319923-ca89d1a5.jpeg?h=40&w=40&mode=stretch
We Shine Academy ,Chennai,https://images.collegedunia.com/public/image/institute/logo_1626687705WEL.jpg?h=40&w=40&mode=stretch
Chrisranjana Php Developers | Amazon AWS developers ,Chennai,https://images.collegedunia.com/public/image/institute/logo_1611166982download (1) (10).jpg?h=40&w=40&mode=stretch
GIT IT Academy ,Bangalore,https://images.collegedunia.com/public/image/institute/logo_1611202196GIT Logo.jpg?h=40&w=40&mode=stretch
Ardent Computech Pvt. Ltd. ,Kolkata,https://images.collegedunia.com/public/image/institute/logo_1611292352ardent logo.jpg?h=40&w=40&mode=stretch
Benfy ,Chennai,https://images.collegedunia.com/public/image/institute/logo_1611254440Benfy Logo.jpg?h=40&w=40&mode=stretch
CareerGro Overseas Consultancy and Training ,Hyderabad,https://images.collegedunia.com/public/image/institute/logo_1611255097logo.png?h=40&w=40&mode=stretch
Global Study Abroad & Immigration ,Noida,https://images.collegedunia.com/public/image/institute/logo_1611283323Logo.jpg?h=40&w=40&mode=stretch
Koncept Academy ,New Delhi,https://images.collegedunia.com/public/image/institute/logo_1614245872LOGO.jpg?h=40&w=40&mode=stretch
Tekspot Solutions ,Bangalore,https://images.collegedunia.com/public/image/institute/logo_1611324114logo.jpg?h=40&w=40&mode=stretch
Keerti Computer Institute ,Mumbai,https://images.collegedunia.com/public/image/institute/logo_1611378499Logo.png?h=40&w=40&mode=stretch
"Neelkanth Education, Best coaching for UGC - NET / JRF, Best Coaching for CTET DSSSB KVS NVS ",New Delhi,https://images.collegedunia.com/public/image/institute/logo_1611380461Neelkanth Education LOGO.png?h=40&w=40&mode=stretch
UNITED ACADEMY ,Chennai,https://images.collegedunia.com/public/image/institute/logo_1611411162united-academy-Logo.png?h=40&w=40&mode=stretch
Chayan IAS ,Lucknow,https://images.collegedunia.com/public/image/institute/logo_1611425969logo8556.jpg?h=40&w=40&mode=stretch
PG-MEDEG ,Kolkata,https://images.collegedunia.com/public/image/institute/logo_1611491701logo2.jpg?h=40&w=40&mode=stretch
KINGS EDUCATION -CIVIL LINES ,Jaipur,https://images.collegedunia.com/public/image/institute/logo_1611505168Kings education lOGO.jpg?h=40&w=40&mode=stretch
The Gate Coach ,New Delhi,https://images.collegedunia.com/public/image/institute/logo_1611519669TGC Logo.png?h=40&w=40&mode=stretch
Physics Institute ,Jaipur,https://images.collegedunia.com/public/image/institute/logo_1611730916logo1.jpg?h=40&w=40&mode=stretch
Ace Institute for Education and Languages Pvt. Ltd. ,Jaipur,https://images.collegedunia.com/public/image/institute/logo_1611733534logo.png?h=40&w=40&mode=stretch
Roys Institute of Spoken Hindi ,Chennai,https://images.collegedunia.com/public/image/institute/logo_1611749582logo.png?h=40&w=40&mode=stretch
Digvijay Coaching Centre ,Hyderabad,https://images.collegedunia.com/public/image/institute/logo_1611752288logo.jpg?h=40&w=40&mode=stretch
Career Coaching Academy ,Pune,https://images.collegedunia.com/public/image/institute/logo_1611755317LOGO.jpg?h=40&w=40&mode=stretch
GATE Coaching In Delhi ,New Delhi,https://images.collegedunia.com/public/image/institute/logo_1611762489AnyConv.com__;ogo.jpg?h=40&w=40&mode=stretch
DMatic Digital ,Mumbai,https://images.collegedunia.com/public/image/institute/logo_1611829520LOGO.png?h=40&w=40&mode=stretch
Golden PU College ,Mangalore,https://images.collegedunia.com/public/image/institute/logo_1611835195E2.png?h=40&w=40&mode=stretch
Chandra Wadhwa & Co ,New Delhi,https://images.collegedunia.com/public/image/institute/logo_1611835678logo.jpg?h=40&w=40&mode=stretch
Neethu Overseas consultancy PVT.LTD. ,Hyderabad,https://images.collegedunia.com/public/image/institute/logo_1611955148logo.png?h=40&w=40&mode=stretch
CatalyseR ,Indore,https://images.collegedunia.com/public/image/institute/logo_1626436269Logo.png?h=40&w=40&mode=stretch
Eminent Overseas Education Consultants ,New Delhi,https://images.collegedunia.com/public/image/institute/logo_1612020751el.png?h=40&w=40&mode=stretch
FIRST IDEAS ,Bangalore,https://images.collegedunia.com/public/image/institute/logo_1612028153E1.png?h=40&w=40&mode=stretch
MicroPaceIT Computer Academy ,Mumbai,https://images.collegedunia.com/public/image/institute/logo_1612248387LogoComputerAcademy02.png?h=40&w=40&mode=stretch
Fortune Institute Of Fashion Technology And Arts ,Bangalore,https://images.collegedunia.com/public/image/institute/logo_1612263813logo.png?h=40&w=40&mode=stretch
GLS Infotech ,Howrah,https://images.collegedunia.com/public/image/institute/logo_1612265064logo.png?h=40&w=40&mode=stretch
Analytics Ias Academy ,New Delhi,https://images.collegedunia.com/public/image/institute/logo_1612279894logo.png?h=40&w=40&mode=stretch
Innovative Institute ,New Delhi,https://images.collegedunia.com/public/image/institute/logo_1612280948logo.png?h=40&w=40&mode=stretch
Interedwise Education Pvt Ltd ,Mumbai,https://images.collegedunia.com/public/image/institute/logo_1612341515Logo (11).png?h=40&w=40&mode=stretch
iLearning ,New Delhi,https://images.collegedunia.com/public/image/institute/logo_1612351567logo.png?h=40&w=40&mode=stretch
Yukti Education ,Mumbai,https://images.collegedunia.com/public/image/institute/logo_1612351734Logo.jpg?h=40&w=40&mode=stretch
RD CAMPUS ,New Delhi,https://images.collegedunia.com/public/image/institute/logo_1612421904logo.png?h=40&w=40&mode=stretch
IGS Institute ,Noida,https://images.collegedunia.com/public/image/institute/logo_1612422437images (2).png?h=40&w=40&mode=stretch
Aims Academy ,Chennai,https://images.collegedunia.com/public/image/institute/logo_1612505040aims-academy logo.png?h=40&w=40&mode=stretch
IELTS COACHING INDIRAPURAM GHAZIABAD ,Ghaziabad,https://images.collegedunia.com/public/image/institute/logo_1612516577I1.png?h=40&w=40&mode=stretch
EduAscent Institute of Finance ,Jaipur,https://images.collegedunia.com/public/image/institute/logo_1612526086eduascent logo.jpg?h=40&w=40&mode=stretch
External Experts - Digital Marketing Agency & Training ,Bangalore,https://images.collegedunia.com/public/image/institute/?h=40&w=40&mode=stretch
National Institute of Computer Arts ,Mumbai,https://images.collegedunia.com/public/image/institute/logo_1612597086NICA Logo.jpg?h=40&w=40&mode=stretch
Vibrant Technologies & Computers ,Mumbai,https://images.collegedunia.com/public/image/institute/logo_1612601689LOGO (17).png?h=40&w=40&mode=stretch
School of International Languages ,New Delhi,https://images.collegedunia.com/public/image/institute/logo_16126020481129818-large.jpg?h=40&w=40&mode=stretch
BSE Institute Limited ,Kolkata,https://images.collegedunia.com/public/image/institute/logo_1612605745BSE Institute Limited  LOGO.png?h=40&w=40&mode=stretch
Mission Education ,Bhopal,https://images.collegedunia.com/public/image/institute/logo_1612613568LOGO.jpg?h=40&w=40&mode=stretch
Merit Infotech ,Kolkata,https://images.collegedunia.com/public/image/institute/logo_1618609600logo.png?h=40&w=40&mode=stretch
Alliance Francaise de Bombay ,Mumbai,https://images.collegedunia.com/public/image/institute/logo_1612850210lll.jpg?h=40&w=40&mode=stretch
Cambridge Institute ,Mumbai,https://images.collegedunia.com/public/image/institute/logo_1612859372logo-2.png?h=40&w=40&mode=stretch
Prajakta's Institute of Foreign Languages ,Thane,https://images.collegedunia.com/public/image/institute/logo_1612865062Prajakta's Institute of Foreign Languages._logo.jpg?h=40&w=40&mode=stretch
Index IT ,Hyderabad,https://images.collegedunia.com/public/image/institute/logo_1612951759INDEX IT_LOGO.JPG?h=40&w=40&mode=stretch
National Institute for Industrial Training ,Kolkata,https://images.collegedunia.com/public/image/institute/logo_1612957249National Institute for Industrial _logo.jpg?h=40&w=40&mode=stretch
Spectrum Academy ,Pune,https://images.collegedunia.com/public/image/institute/logo_1612969670LOGO.jpg?h=40&w=40&mode=stretch
SSC Max Academy ,Chennai,https://images.collegedunia.com/public/image/institute/logo_1612969798Logo-4.png?h=40&w=40&mode=stretch
Revolt Solution ,Hyderabad,https://images.collegedunia.com/public/image/institute/logo_1612972782REVOLT_LOGO.JPG?h=40&w=40&mode=stretch
SFM Classes By CA Mayank Kothari ,New Delhi,https://images.collegedunia.com/public/image/institute/logo_1612981698LOGO.jpg?h=40&w=40&mode=stretch
The WallStreet School ,New Delhi,https://images.collegedunia.com/public/image/institute/logo_1613010741logo.png?h=40&w=40&mode=stretch
SSDN Technologies ,Gurgaon,https://images.collegedunia.com/public/image/institute/logo_1613055038LOGO.jpg?h=40&w=40&mode=stretch
ICS Coaching Centre ,Sonepat,https://images.collegedunia.com/public/image/institute/logo_1613144015cropped-logo-ICS.jpg?h=40&w=40&mode=stretch
Synergy Study Point ,Pune,https://images.collegedunia.com/public/image/institute/logo_1613200233Synergy study point logo.png?h=40&w=40&mode=stretch
DreamZone Institute ,Chennai,https://images.collegedunia.com/public/image/institute/logo_1613224307logo (42).png?h=40&w=40&mode=stretch
MAAC Rajouri ,New Delhi,https://images.collegedunia.com/public/image/institute/logo_1634053906Logo.jpg?h=40&w=40&mode=stretch
DreamZone - School of Creative Studies ,Chennai,https://images.collegedunia.com/public/image/institute/logo_1613359269dreamzone-logo_.png?h=40&w=40&mode=stretch
Gate Coaching ,Kolkata,https://images.collegedunia.com/public/image/institute/?h=40&w=40&mode=stretch
Kanaz English Speaking and Personality Class ,Mumbai,https://images.collegedunia.com/public/image/institute/logo_1613621634kanz_logo.jpg?h=40&w=40&mode=stretch
Aim and Achieve ,New Delhi,https://images.collegedunia.com/public/image/institute/logo_1613644519logo.jpg?h=40&w=40&mode=stretch
Delhi Law Academy ,Jaipur,https://images.collegedunia.com/public/image/institute/logo_1613649232logo.jpg?h=40&w=40&mode=stretch
career plus ,New Delhi,https://images.collegedunia.com/public/image/institute/logo_1613731980logo..jpg?h=40&w=40&mode=stretch
Divami Design Labs Pvt. Ltd. ,Hyderabad,https://images.collegedunia.com/public/image/institute/logo_1613733228Logo (9).jpg?h=40&w=40&mode=stretch
Analytics Ias Academy ,New Delhi,https://images.collegedunia.com/public/image/institute/logo_1613738383logo.png?h=40&w=40&mode=stretch
Scideas Solutions Pvt Ltd ,New Delhi,https://images.collegedunia.com/public/image/institute/logo_1613825409Logo (18).png?h=40&w=40&mode=stretch
Soinit Technology Solutions Pvt. Ltd. ,Kolkata,https://images.collegedunia.com/public/image/institute/logo_1613827216Logo (19).png?h=40&w=40&mode=stretch
Grabstance Technologies Private Limited ,Bangalore,https://images.collegedunia.com/public/image/institute/logo_1613830961Grabstance-Logo (1).jpg?h=40&w=40&mode=stretch
ATA INFOTECH ,Kolkata,https://images.collegedunia.com/public/image/institute/logo_1613875091Screenshot 2021-02-21 075745.png?h=40&w=40&mode=stretch
OliveBoard (SSC),Bangalore,https://images.collegedunia.com/public/image/institute/logo_1627214779OLILL.jpg?h=40&w=40&mode=stretch
Bijou Language Training Centre ,New Delhi,https://images.collegedunia.com/public/image/institute/logo_1613916719B1.png?h=40&w=40&mode=stretch
Diksha Learning Services Pvt. Ltd. ,Kolkata,https://images.collegedunia.com/public/image/institute/logo_1613918746d1.png?h=40&w=40&mode=stretch
B +ve Coaching Center (SSC),Bangalore,https://images.collegedunia.com/public/image/institute/logo_1613920103logo_b+ve.png?h=40&w=40&mode=stretch
DIKSHANT IAS ,New Delhi,https://images.collegedunia.com/public/image/institute/logo_1614003396Logo (2) (2).png?h=40&w=40&mode=stretch
Bharathy Acadamy ,Chennai,https://images.collegedunia.com/public/image/institute/logo_1614056870LOGO.png?h=40&w=40&mode=stretch
Christian Academy For UPSC ,Chennai,https://images.collegedunia.com/public/image/institute/logo_1614057798logo (1) (2).png?h=40&w=40&mode=stretch
DOT-NET INSTITUTE ,New Delhi,https://images.collegedunia.com/public/image/institute/logo_1614080069dot-net institute Logo.png?h=40&w=40&mode=stretch
Doctors Academy Bhopal ,Bhopal,https://images.collegedunia.com/public/image/institute/logo_1614083274LOGO.jpg?h=40&w=40&mode=stretch
KUNCHAM Training & Placement Solutions Pvt. Ltd ,Hyderabad,https://images.collegedunia.com/public/image/institute/logo_1614090010LOGO.png?h=40&w=40&mode=stretch
KINGS EDUCATION ,Jaipur,https://images.collegedunia.com/public/image/institute/logo_1614239673LOGO.png?h=40&w=40&mode=stretch
MicroPaceIT Computer Academy ,Mumbai,https://images.collegedunia.com/public/image/institute/logo_1614241376logo (5).png?h=40&w=40&mode=stretch
ScoreGetter ,Chennai,https://images.collegedunia.com/public/image/institute/logo_1614242873LOGO.png?h=40&w=40&mode=stretch
Universal Immigration ,Bangalore,https://images.collegedunia.com/public/image/institute/logo_1614243446logo.png?h=40&w=40&mode=stretch
The Arise Education (Banking),Kolkata,https://images.collegedunia.com/public/image/institute/logo_1614256927LOGO.jpeg?h=40&w=40&mode=stretch
The Language Mall ,Mumbai,https://images.collegedunia.com/public/image/institute/logo_1614261948LOGO.jpg?h=40&w=40&mode=stretch
ADMEC Multimedia Institute ,New Delhi,https://images.collegedunia.com/public/image/institute/logo_1614274428LOGO.jpg?h=40&w=40&mode=stretch
Aussizz Group ,Chennai,https://images.collegedunia.com/public/image/institute/logo_1614275376Logo23.jpg?h=40&w=40&mode=stretch
Academy Of Commerce ,New Delhi,https://images.collegedunia.com/public/image/institute/logo_1614336219Logo.jpg?h=40&w=40&mode=stretch
Vision Competitive Academy ,,https://images.collegedunia.com/public/image/institute/logo_1614341051logo (2) (1).png?h=40&w=40&mode=stretch
Networkers Guru ,Gurgaon,https://images.collegedunia.com/public/image/institute/logo_1614344862Logo.jpg?h=40&w=40&mode=stretch
GRE EDGE ,Chennai,https://images.collegedunia.com/public/image/institute/logo_1614351691Logo.png?h=40&w=40&mode=stretch
VISU IT ,Hyderabad,https://images.collegedunia.com/public/image/institute/logo_1614353132LOGO.jpg?h=40&w=40&mode=stretch
Honey Bee Institute ,New Delhi,https://images.collegedunia.com/public/image/institute/logo_1614498626honey-bee-institute-pitampura-delhi-language-classes-for-french-62tx5o.jpg?h=40&w=40&mode=stretch
Selection Academy ,Noida,https://images.collegedunia.com/public/image/institute/logo_1614542835Selection Academy Logo.jpg?h=40&w=40&mode=stretch
Spoken English India ,Bangalore,https://images.collegedunia.com/public/image/institute/logo_1614582197LOGO.png?h=40&w=40&mode=stretch
Sanskar Classes ,Mumbai,https://images.collegedunia.com/public/image/institute/logo_1614599659LOGO.png?h=40&w=40&mode=stretch
MIIT Global Services ,Chennai,https://images.collegedunia.com/public/image/institute/logo_1614611574AnyConv.com__download.jpg?h=40&w=40&mode=stretch
Infinity Tutorials ,Kolkata,https://images.collegedunia.com/public/image/institute/logo_1614659891Screenshot 2021-03-02 095519.png?h=40&w=40&mode=stretch
EZ Rankings ,Noida,https://images.collegedunia.com/public/image/institute/logo_1614672877logo..exranking.png?h=40&w=40&mode=stretch
Best Home Tutors for Maths|Science|Accounts ,New Delhi,https://images.collegedunia.com/public/image/institute/logo_1614675066ttt-logo.jpg?h=40&w=40&mode=stretch
Convex Classes ,Jaipur,https://images.collegedunia.com/public/image/institute/logo_1614741987Logo.png?h=40&w=40&mode=stretch
Yes UPSC ,Bangalore,https://images.collegedunia.com/public/image/institute/logo_1614767709Logo.png?h=40&w=40&mode=stretch
UnivExcellence ,Jaipur,https://images.collegedunia.com/public/image/institute/logo_1614789393LOGO (12).png?h=40&w=40&mode=stretch
IMS Career Maker ,Jaipur,https://images.collegedunia.com/public/image/institute/logo_1614854577LOGO.jpg?h=40&w=40&mode=stretch
Inflexion Point ,New Delhi,https://images.collegedunia.com/public/image/institute/logo_1614920763logo.png?h=40&w=40&mode=stretch
SD CAMPUS ,New Delhi,https://images.collegedunia.com/public/image/institute/logo_1615019002logo (9).png?h=40&w=40&mode=stretch
M. D. Rasal MBA Coaching Classes ,Pune,https://images.collegedunia.com/public/image/institute/logo_1614942949Logo (19).PNG?h=40&w=40&mode=stretch
Techno Soft ,Thane,https://images.collegedunia.com/public/image/institute/logo_1614951729Logo (20).PNG?h=40&w=40&mode=stretch
Keerti Computer Institute ,Mumbai,https://images.collegedunia.com/public/image/institute/logo_1615009977logo.jpg?h=40&w=40&mode=stretch
Ruchi's Biology n Biotechnology ,Ghaziabad,https://images.collegedunia.com/public/image/institute/?h=40&w=40&mode=stretch
Shomu's Biology ,Kolkata,https://images.collegedunia.com/public/image/institute/logo_1634905814logo.jpg?h=40&w=40&mode=stretch
Sri Sai Coaching Centre ,Madurai,https://images.collegedunia.com/public/image/institute/logo_1615033546Sri Sai Coaching Centre LOGO.jpg?h=40&w=40&mode=stretch
RKIFM Coaching Classes ,New Delhi,https://images.collegedunia.com/public/image/institute/logo_1615102438rk class_logo.JPG?h=40&w=40&mode=stretch
Panache Institute (Study Abroad),Mumbai,https://images.collegedunia.com/public/image/institute/logo_1615104093LOGO (5).jpg?h=40&w=40&mode=stretch
Takshila Learning ,New Delhi,https://images.collegedunia.com/public/image/institute/logo_1615108531takshila_logo1.JPG?h=40&w=40&mode=stretch
Eduworld Pvt Ltd ,Mumbai,https://images.collegedunia.com/public/image/institute/logo_1615125662Eduworld _logo.JPG?h=40&w=40&mode=stretch
Architecture CAD Center ,New Delhi,https://images.collegedunia.com/public/image/institute/logo_1615129897v2.PNG?h=40&w=40&mode=stretch
BACKTECH JAIPUR ,Jaipur,https://images.collegedunia.com/public/image/institute/logo_1615137659b1.png?h=40&w=40&mode=stretch
MCM Infotech Computer Education ,New Delhi,https://images.collegedunia.com/public/image/institute/logo_1615138223logo.png?h=40&w=40&mode=stretch
LASYA ACADEMY ,Hyderabad,https://images.collegedunia.com/public/image/institute/logo_1615141765a.jpg?h=40&w=40&mode=stretch
Inspire Education Consultant ,New Delhi,https://images.collegedunia.com/public/image/institute/logo_1615171277inspir_logo.JPG?h=40&w=40&mode=stretch
Ganesh Commerce Classes ,Mumbai,https://images.collegedunia.com/public/image/institute/logo_1615199323104799113_113892670375574_5349053655141106700_o - Copy.jpg?h=40&w=40&mode=stretch
SST Sri Sai Technology ,Chennai,https://images.collegedunia.com/public/image/institute/logo_1615293190cropped-cropped-new-log-1.jpg?h=40&w=40&mode=stretch
Precise HRD Services & Training ,Kolkata,https://images.collegedunia.com/public/image/institute/logo_1615431639logo (1).jfif?h=40&w=40&mode=stretch
Gate Mathematics ,New Delhi,https://images.collegedunia.com/public/image/institute/logo_1615431903Logo.jpeg?h=40&w=40&mode=stretch
Admire Academy ,Dewas,https://images.collegedunia.com/public/image/institute/logo_1615455924logo.jpg?h=40&w=40&mode=stretch
Technojack Infosolutions ,Mumbai,https://images.collegedunia.com/public/image/institute/logo_1615458582technojack logo.png?h=40&w=40&mode=stretch
Teko Classes Suhag Kariya ,Bhopal,https://images.collegedunia.com/public/image/institute/logo_1615461128Teko Logo.jpg?h=40&w=40&mode=stretch
IRS GROUP ,Hyderabad,https://images.collegedunia.com/public/image/institute/logo_1615517683logo (2).png?h=40&w=40&mode=stretch
APT ,Bhopal,https://images.collegedunia.com/public/image/institute/logo_1615521306apt_logo.JPG?h=40&w=40&mode=stretch
CMS Computer Training Institute ,Bangalore,https://images.collegedunia.com/public/image/institute/logo_1615525120cms_logo.JPG?h=40&w=40&mode=stretch
Sangeet Sadhana ,Bangalore,https://images.collegedunia.com/public/image/institute/logo_1615543155Logo.jpg?h=40&w=40&mode=stretch
Inifd Lindsay Street ,Kolkata,https://images.collegedunia.com/public/image/institute/logo_1615554709LOGO.jpg?h=40&w=40&mode=stretch
Sukhoi technologies ,Bangalore,https://images.collegedunia.com/public/image/institute/logo_1615563118images (24).jpeg?h=40&w=40&mode=stretch
TECHCENTRICA ,Noida,https://images.collegedunia.com/public/image/institute/logo_1615563386tech_logo.JPG?h=40&w=40&mode=stretch
Techzilon Training Solutions ,Bangalore,https://images.collegedunia.com/public/image/institute/logo_1615563977techzi_logo.JPG?h=40&w=40&mode=stretch
Eric's Institute ,Kolkata,https://images.collegedunia.com/public/image/institute/logo_1615567383LOGO (15).jpg?h=40&w=40&mode=stretch
OTOO Tutions ,Jaipur,https://images.collegedunia.com/public/image/institute/logo_1615572939otto_logo.JPG?h=40&w=40&mode=stretch
Raspberry Pi Training Centre ,Bangalore,https://images.collegedunia.com/public/image/institute/logo_1615607465Raspberry Pi Training Centre_logo.JPG?h=40&w=40&mode=stretch
Hannon Digital ,Mumbai,https://images.collegedunia.com/public/image/institute/logo_1615617720LOGO.PNG?h=40&w=40&mode=stretch
Shree AP Pasumpo Educational ,Chennai,https://images.collegedunia.com/public/image/institute/logo_1615624302Shree AP Pasumpo Logo.jpg?h=40&w=40&mode=stretch
Nextwebi ,Bangalore,https://images.collegedunia.com/public/image/institute/logo_1615725500next_logo.JPG?h=40&w=40&mode=stretch
Mapping skills ,Noida,https://images.collegedunia.com/public/image/institute/logo_1615795470logo.JPG?h=40&w=40&mode=stretch
Android Training Academy ,Chennai,https://images.collegedunia.com/public/image/institute/logo_1615891612LOG0.png?h=40&w=40&mode=stretch
Indian Institute of Fashion and Design ,Chandigarh,https://images.collegedunia.com/public/image/institute/logo_1615903496logo.JPG?h=40&w=40&mode=stretch
Indian Institute Of Fashion Technology ,Bangalore,https://images.collegedunia.com/public/image/institute/logo_1615969628logo.JPG?h=40&w=40&mode=stretch
Biswadip Sir's (BP Sir)Tuition Centre ,Kolkata,https://images.collegedunia.com/public/image/institute/logo_1616050604logo (16).jpg?h=40&w=40&mode=stretch
Bhasha Kannada and Hindi Classes ,Bangalore,https://images.collegedunia.com/public/image/institute/logo_1616058993bhasha_logo.JPG?h=40&w=40&mode=stretch
DWAO - Digital Web Analytics and Optimization ,New Delhi,https://images.collegedunia.com/public/image/institute/logo_1616062494Logo.jpeg?h=40&w=40&mode=stretch
MECHCI CADD ENGINEERING PRIVATE LIMITED (CAD  Training),Chennai,https://images.collegedunia.com/public/image/institute/logo_1616133938LOGO (51).png?h=40&w=40&mode=stretch
Capricot Technologies Private Limited ,New Delhi,https://images.collegedunia.com/public/image/institute/logo_1616162499Logo (24).png?h=40&w=40&mode=stretch
Bhat's Coaching Classes ,Mumbai,https://images.collegedunia.com/public/image/institute/logo_1616168218LOGO (27).jpg?h=40&w=40&mode=stretch
Gun For Glory Shooting Academy ,Pune,https://images.collegedunia.com/public/image/institute/logo_1692355556GFG Logo.jpg?h=40&w=40&mode=stretch
Veermata Jijabai Technological Institute ,Mumbai,https://images.collegedunia.com/public/image/institute/logo_1616177114Veermata Jijabai Technological Institute LOGO.jpg?h=40&w=40&mode=stretch
Web SEO Services ,Mumbai,https://images.collegedunia.com/public/image/institute/logo_1616237681web_logo.JPG?h=40&w=40&mode=stretch
Raaj Coaching Centre ,Chennai,https://images.collegedunia.com/public/image/institute/?h=40&w=40&mode=stretch
Urbane College And Academy ,Shaikpet,https://images.collegedunia.com/public/image/institute/logo_1616349204Urbane Logo.jpg?h=40&w=40&mode=stretch
Init SEO ,Chennai,https://images.collegedunia.com/public/image/institute/logo_1616398098Logo.jpg?h=40&w=40&mode=stretch
Inkscool Tattoo Training Institute and Studio ,Pune,https://images.collegedunia.com/public/image/institute/logo_1616592342Untitled.png?h=40&w=40&mode=stretch
Sunshine Institute ,Hyderabad,https://images.collegedunia.com/public/image/institute/logo_1616580029Logo.png?h=40&w=40&mode=stretch
"FORMULA SPOKEN ENGLISH, IELTS and SOFT SKILLS TRAINING ",Hyderabad,https://images.collegedunia.com/public/image/institute/logo_1616649679formula_logo.JPG?h=40&w=40&mode=stretch
Mohan's Networking Institute ,Bangalore,https://images.collegedunia.com/public/image/institute/logo_1616676929download (3).png?h=40&w=40&mode=stretch
Centre for Continuing Education ,Bangalore,https://images.collegedunia.com/public/image/institute/logo_1616683342LOGO.jpg?h=40&w=40&mode=stretch
TGC India ,New Delhi,https://images.collegedunia.com/public/image/institute/logo_1616727040LOGO.jpg?h=40&w=40&mode=stretch
Tutoroot ,Hyderabad,https://images.collegedunia.com/public/image/institute/logo_1616768375tutoroot Logo.png?h=40&w=40&mode=stretch
Swamy Engineering Academy ,Hyderabad,https://images.collegedunia.com/public/image/institute/logo_1616829517Logo (59).PNG?h=40&w=40&mode=stretch
Regional Institute ,Bangalore,https://images.collegedunia.com/public/image/institute/logo_1616855361regional_logo.JPG?h=40&w=40&mode=stretch
Vivekananda Institute of Languages ,Hyderabad,https://images.collegedunia.com/public/image/institute/logo_1616859067vivek_logo.JPG?h=40&w=40&mode=stretch
Unisoft Technologies ,Nagpur,https://images.collegedunia.com/public/image/institute/logo_1616894899AnyConv.com__logo (8).jpg?h=40&w=40&mode=stretch
National Academy Institute ,Hyderabad,https://images.collegedunia.com/public/image/institute/logo_1616932499logo.png?h=40&w=40&mode=stretch
Madhu's B.Tech Maths Coaching Classes ,Hyderabad,https://images.collegedunia.com/public/image/institute/logo_1617295555logoo.JPG?h=40&w=40&mode=stretch
Pyramid Spoken English Academy ,Vellore,https://images.collegedunia.com/public/image/institute/logo_1617338050logoo.JPG?h=40&w=40&mode=stretch
Focus Academy ,Hyderabad,https://images.collegedunia.com/public/image/institute/logo_1617381192logo.jpg?h=40&w=40&mode=stretch
Swatantryaveer Savarkar Rashtriya Smarak (SSC),Mumbai,https://images.collegedunia.com/public/image/institute/logo_1617385852logo (16).jpg?h=40&w=40&mode=stretch
Raj Engineering Academy ,New Delhi,https://images.collegedunia.com/public/image/institute/logo_1617462745logo.png?h=40&w=40&mode=stretch
Agrani Education ,Kolkata,https://images.collegedunia.com/public/image/institute/logo_1617474649logo (1).jpg?h=40&w=40&mode=stretch
Best Learning Center ,Chennai,https://images.collegedunia.com/public/image/institute/logo_1617538788logo.jpg?h=40&w=40&mode=stretch
Aptech HSR LAYOUT ,Bangalore,https://images.collegedunia.com/public/image/institute/logo_1617629704Aptech HSR LAYOUT Logo.jpg?h=40&w=40&mode=stretch
GLS Infotech ,Howrah,https://images.collegedunia.com/public/image/institute/logo_1617688065GLS Logo.png?h=40&w=40&mode=stretch
Mohan's Networking Institute ,Bangalore,https://images.collegedunia.com/public/image/institute/logo_1617691719mohan_logo.JPG?h=40&w=40&mode=stretch
Spark Scala Python Course (Python Training),Hyderabad,https://images.collegedunia.com/public/image/institute/logo_1617773815LOGO (20).png?h=40&w=40&mode=stretch
The Japan Foundation (JAPANESE LANGUAGE),New Delhi,https://images.collegedunia.com/public/image/institute/logo_1617863534LOGO (1).jpg?h=40&w=40&mode=stretch
NGNETWORKS ,New Delhi,https://images.collegedunia.com/public/image/institute/logo_1617886400LOGO.png?h=40&w=40&mode=stretch
Arena Animation T Nagar ,Chennai,https://images.collegedunia.com/public/image/institute/logo_1617889469logo.png?h=40&w=40&mode=stretch
Barça Academy ,Noida,https://images.collegedunia.com/public/image/institute/logo_1617893232Barça Academy logo.png?h=40&w=40&mode=stretch
IDI Overseas ,Hyderabad,https://images.collegedunia.com/public/image/institute/logo_161789629659999409_819122091794056_4581262566046564352_n.jpg?h=40&w=40&mode=stretch
Tsubomi Japanese Language Institute (JAPANESE LANGUAGE),New Delhi,https://images.collegedunia.com/public/image/institute/logo_1617945208logo (4).jpg?h=40&w=40&mode=stretch
iMADE Creative Studio ,New Delhi,https://images.collegedunia.com/public/image/institute/logo_1617949849Logo.jpg?h=40&w=40&mode=stretch
BioMed Informatics Pharmacovigilance Clinical Data Management ,Hyderabad,https://images.collegedunia.com/public/image/institute/logo_1618152646biomed Logo.png?h=40&w=40&mode=stretch
Beyond 2000 Technologies (Social Media Marketing (SMM)),Chennai,https://images.collegedunia.com/public/image/institute/logo_1618172712logo.JPG?h=40&w=40&mode=stretch
Ratan Jha Digital ,Noida,https://images.collegedunia.com/public/image/institute/logo_1618466648logo.png?h=40&w=40&mode=stretch
Web Learn Academy ,Bangalore,https://images.collegedunia.com/public/image/institute/logo_1618319767Web learn Logo.png?h=40&w=40&mode=stretch
Bachpan - A Play School & Day Care Centre ,Thane,https://images.collegedunia.com/public/image/institute/logo_1618470261logo.png?h=40&w=40&mode=stretch
Nucleus Coaching Classes ,Mumbai,https://images.collegedunia.com/public/image/institute/logo_1618470701logo.png?h=40&w=40&mode=stretch
Peak Sports Academy ,Chennai,https://images.collegedunia.com/public/image/institute/logo_1618387968Logo.png?h=40&w=40&mode=stretch
Computer Society Of India ,Kolkata,https://images.collegedunia.com/public/image/institute/logo_1618584754business_logo (1).png?h=40&w=40&mode=stretch
Webodoctor ,Navi Mumbai,https://images.collegedunia.com/public/image/institute/logo_1618753943logo.png?h=40&w=40&mode=stretch
Concept RNA ,Jaipur,https://images.collegedunia.com/public/image/institute/logo_1618638569images (25).jpeg?h=40&w=40&mode=stretch
Kumar Physics Classes (NEET),New Delhi,https://images.collegedunia.com/public/image/institute/logo_1618679214logo.JPG?h=40&w=40&mode=stretch
BSS Educational Institute ,Howrah,https://images.collegedunia.com/public/image/institute/logo_1618750078Logo.png?h=40&w=40&mode=stretch
Digital Nest Training Institute ,Hyderabad,https://images.collegedunia.com/public/image/institute/logo_1618769171Logo.png?h=40&w=40&mode=stretch
Remo International Campus (MBA),Chennai,https://images.collegedunia.com/public/image/institute/logo_1618783645logo.JPG?h=40&w=40&mode=stretch
Dynamic Study Abroad Pvt Ltd (Visa consultants),Chennai,https://images.collegedunia.com/public/image/institute/logo_1618791482logo.JPG?h=40&w=40&mode=stretch
Arena Animation ,Bangalore,https://images.collegedunia.com/public/image/institute/logo_1619256298logo.png?h=40&w=40&mode=stretch
Reliance Education VFX and Animation Academy ,Noida,https://images.collegedunia.com/public/image/institute/logo_1619244341logo.png?h=40&w=40&mode=stretch
Global Reach (CMA Certification),Kolkata,https://images.collegedunia.com/public/image/institute/logo_1619116025LOGO.JPG?h=40&w=40&mode=stretch
Globsyn Finishing School (Machine learning training),Kolkata,https://images.collegedunia.com/public/image/institute/logo_1619294931LOGO.JPG?h=40&w=40&mode=stretch
Seven Seas (Visa consultants),New Delhi,https://images.collegedunia.com/public/image/institute/logo_1619354499logo.JPG?h=40&w=40&mode=stretch
Alliance Française of Madras ,Chennai,https://images.collegedunia.com/public/image/institute/logo_1619362172Cover.png?h=40&w=40&mode=stretch
Eco Point Classes ,New Delhi,https://images.collegedunia.com/public/image/institute/logo_1619373981cropped-logo.jpg?h=40&w=40&mode=stretch
Padarpan Films and Theatre Institute ,New Delhi,https://images.collegedunia.com/public/image/institute/logo_1619397107logo.JPG?h=40&w=40&mode=stretch
Entuze (Computer Science and Information Technology),Bangalore,https://images.collegedunia.com/public/image/institute/logo_1619401628LOGO.png?h=40&w=40&mode=stretch
Leo Training (Computer Science and Information Technology),Hyderabad,https://images.collegedunia.com/public/image/institute/logo_1634992993Logo.png?h=40&w=40&mode=stretch
Visae Inn & Associates ,New Delhi,https://images.collegedunia.com/public/image/institute/logo_1619600535LOGO.JPG?h=40&w=40&mode=stretch
Visas R Us ,Mumbai,https://images.collegedunia.com/public/image/institute/logo_1619635069LOGO.JPG?h=40&w=40&mode=stretch
Visaswizard Consultants Private Limited ,New Delhi,https://images.collegedunia.com/public/image/institute/logo_1619636026logo.JPG?h=40&w=40&mode=stretch
College of Engineering Osmania University ,Hyderabad,https://images.collegedunia.com/public/image/institute/logo_1619678439logo.png?h=40&w=40&mode=stretch
Prep CLAT Tutorials ,Jaipur,https://images.collegedunia.com/public/image/institute/logo_1619770827logo.png?h=40&w=40&mode=stretch
Real Concept Institute ,New Delhi,https://images.collegedunia.com/public/image/institute/logo_1619892794logo.jpg?h=40&w=40&mode=stretch
SAPTARSHI Classes Pvt Ltd ,Pune,https://images.collegedunia.com/public/image/institute/logo_1619893684Logo (1).png?h=40&w=40&mode=stretch
Score High Academy ,Rajkot,https://images.collegedunia.com/public/image/institute/logo_1619964094Logo.jpg?h=40&w=40&mode=stretch
Barça Academy ,Noida,https://images.collegedunia.com/public/image/institute/logo_1620113229LOGO.JPG?h=40&w=40&mode=stretch
B.Sc Maths Tuition ,Kolkata,https://images.collegedunia.com/public/image/institute/logo_1620180400LOGO.JPG?h=40&w=40&mode=stretch
Php Expert Technologies Pvt. Ltd. ,Noida,https://images.collegedunia.com/public/image/institute/logo_1620198427Php Expert Technologies Pvt. Ltd. LOGO.png?h=40&w=40&mode=stretch
Mission Mercy School Nursing ,Kolkata,https://images.collegedunia.com/public/image/institute/logo_1620225696logo.png?h=40&w=40&mode=stretch
Better Fitness for you ,New Delhi,https://images.collegedunia.com/public/image/institute/logo_1620296114logo2.png?h=40&w=40&mode=stretch
Jeewan Garg ,Faridabad,https://images.collegedunia.com/public/image/institute/logo_1620307111LOGO.JPG?h=40&w=40&mode=stretch
Just Train Me ,Bangalore,https://images.collegedunia.com/public/image/institute/logo_1620311798logo.png?h=40&w=40&mode=stretch
Uniqorn Home Tuition ,Mumbai,https://images.collegedunia.com/public/image/institute/logo_1620313720light-logo.png?h=40&w=40&mode=stretch
Willsys Infosystems Pvt Ltd ,Hyderabad,https://images.collegedunia.com/public/image/institute/logo_1620371024logo.JPG?h=40&w=40&mode=stretch
DCS MONTESSORI TEACHER TRAINING ACADEMY ,Chennai,https://images.collegedunia.com/public/image/institute/logo_1620391924Logo (5).jpeg?h=40&w=40&mode=stretch
Pepper Designs Pvt Ltd ,New Delhi,https://images.collegedunia.com/public/image/institute/logo_1620407890LOGO.png?h=40&w=40&mode=stretch
Madhavi Institute Of Financial Services ,Hyderabad,https://images.collegedunia.com/public/image/institute/logo_1620411851logo.png?h=40&w=40&mode=stretch
MAGNIFICUS ,Hyderabad,https://images.collegedunia.com/public/image/institute/logo_1620413289logo.png?h=40&w=40&mode=stretch
PLC Training in Chennai ,Chennai,https://images.collegedunia.com/public/image/institute/logo_1620415167logo.png?h=40&w=40&mode=stretch
Nile Migration ,New Delhi,https://images.collegedunia.com/public/image/institute/logo_1620415419Nile Logo.png?h=40&w=40&mode=stretch
Chate Coaching Classes ,Pune,https://images.collegedunia.com/public/image/institute/logo_1620478864logo.JPG?h=40&w=40&mode=stretch
i5 Soft Solutions Private Limited ,Hyderabad,https://images.collegedunia.com/public/image/institute/logo_1620483037i5-logo.png?h=40&w=40&mode=stretch
KIIT College of Engineering ,Bhubaneswar,https://images.collegedunia.com/public/image/institute/logo_1620483730logo (1).png?h=40&w=40&mode=stretch
Monster Trainings ,Hyderabad,https://images.collegedunia.com/public/image/institute/logo_1620494104download.png?h=40&w=40&mode=stretch
MICHEAL OVERSEAS CONSULTANT ,Hyderabad,https://images.collegedunia.com/public/image/institute/logo_1620728703Logo.jpeg?h=40&w=40&mode=stretch
Nirgun Institute ,New Delhi,https://images.collegedunia.com/public/image/institute/logo_1620804195Logo.png?h=40&w=40&mode=stretch
Y-Axis ,Noida,https://images.collegedunia.com/public/image/institute/logo_1625493225logo.png?h=40&w=40&mode=stretch
Achievers Academy ,Hyderabad,https://images.collegedunia.com/public/image/institute/logo_1626433051Logo.jpg?h=40&w=40&mode=stretch
Vector India ,Hyderabad,https://images.collegedunia.com/public/image/institute/logo_1629693617Vector indialogo.jpg?h=40&w=40&mode=stretch
Paramount Overseas ,New Delhi,https://images.collegedunia.com/public/image/institute/logo_1629975759PARAL.png?h=40&w=40&mode=stretch
Arena Animation - Sri Aurobindo Institute of Technology - [Arena SAIT] ,Indore,https://images.collegedunia.com/public/image/institute/logo_1652694624Screenshot 2022-05-16 151159.png?h=40&w=40&mode=stretch
SkillCircle - [SC] ,New Delhi,https://images.collegedunia.com/public/image/institute/logo_1652876351215226433_4062088977221098_2216707935921359130_n.jpg?h=40&w=40&mode=stretch
Webel Fujisoft Vara Centre of Excellence in Industry 4.0 ,Kolkata,https://images.collegedunia.com/public/image/institute/logo_1654078034logo (1).png?h=40&w=40&mode=stretch
Lakme Academy ,Nashik,https://images.collegedunia.com/public/image/institute/logo_1654595437Screenshot 2022-06-07 151807.png?h=40&w=40&mode=stretch
NAC Animation Institute ,Nashik,https://images.collegedunia.com/public/image/institute/logo_1656484966logo.png?h=40&w=40&mode=stretch
NoMoreClasses ,Bangalore,https://images.collegedunia.com/public/image/institute/logo_1657863861logo.png?h=40&w=40&mode=stretch
Chartered Commerce ,Patna,https://images.collegedunia.com/public/image/institute/logo_1658141668logo.jpg?h=40&w=40&mode=stretch
Career Launcher ,Chennai,https://images.collegedunia.com/public/image/institute/logo_1662572713CAREER LAUNCHER LOGO.webp?h=40&w=40&mode=stretch
Career Launcher ,Hyderabad,https://images.collegedunia.com/public/image/institute/logo_1665472299CAREER LAUNCHER LOGO.webp?h=40&w=40&mode=stretch
Endeavor Careers (CAT),Pune,https://images.collegedunia.com/public/image/institute/logo_1665820530Endeavor-Logo-03.jpg?h=40&w=40&mode=stretch
Page Academy (CLAT),Hyderabad,https://images.collegedunia.com/public/image/institute/logo_1666020215logo.jpg?h=40&w=40&mode=stretch
Edwise International (IELTS),Mumbai,https://images.collegedunia.com/public/image/institute/logo_1667219045Edwise_International Logo.jpg?h=40&w=40&mode=stretch
Kanan International ,Bangalore,https://images.collegedunia.com/public/image/institute/logo_1668403160kanan-logo.svg?h=40&w=40&mode=stretch
Edwise International ,Bangalore,https://images.collegedunia.com/public/image/institute/logo_1668747637Edwise_International Logo.jpg?h=40&w=40&mode=stretch
Vidya Planet ,Noida,https://images.collegedunia.com/public/image/institute/logo_1668771690vidya planet logo-01.png?h=40&w=40&mode=stretch
Shikhar Coaching Classes Pvt. Ltd. ,Gwalior,https://images.collegedunia.com/public/image/institute/logo_1669102066292747267_423289033145968_281703518646804656_n.png?h=40&w=40&mode=stretch
Manya - The Princeton Review (IELTS),Bandra,https://images.collegedunia.com/public/image/institute/logo_1669294492Manya Princeton review logo.png?h=40&w=40&mode=stretch
Brilliant Tutorials ,Chennai,https://images.collegedunia.com/public/image/institute/logo_1672379872unnamed.jpg?h=40&w=40&mode=stretch
Deeksha Classes ,Jodhpur,https://images.collegedunia.com/public/image/institute/logo_1681793135deeksha logoo.jpg?h=40&w=40&mode=stretch
Seema Institute of Competiton ,Chandigarh,https://images.collegedunia.com/public/image/institute/logo_1681799478seema logo.gif?h=40&w=40&mode=stretch
Flyway Institution ,Lucknow,https://images.collegedunia.com/public/image/institute/logo_1682661313fly logo.png?h=40&w=40&mode=stretch
Target Point ,New Delhi,https://images.collegedunia.com/public/image/institute/logo_1683348451t cover.jpg?h=40&w=40&mode=stretch
Masters Academy ,Ajmer,https://images.collegedunia.com/public/image/institute/logo_1684304741m logo.jpg?h=40&w=40&mode=stretch
"Arena Animation, Nashik ",Nashik,https://images.collegedunia.com/public/image/institute/logo_1685602909arena naskik logo.jpg?h=40&w=40&mode=stretch
PHYSICS ACADEMY ,Agra,https://images.collegedunia.com/public/image/institute/logo_1685683982Screenshot (178).png?h=40&w=40&mode=stretch
Catalyst ,Gorakhpur,https://images.collegedunia.com/public/image/institute/logo_1685769482c logo.png?h=40&w=40&mode=stretch
Jha Classes ,Firozabad,https://images.collegedunia.com/public/image/institute/logo_1685966425sss.png?h=40&w=40&mode=stretch
International Gemological Institute ,Hyderabad,https://images.collegedunia.com/public/image/institute/logo_1686041967IGI SCHOOL logo_final_page-0001.jpg?h=40&w=40&mode=stretch
Ciel Knowledge ,New Delhi,https://images.collegedunia.com/public/image/institute/logo_1686638190c1.jpg?h=40&w=40&mode=stretch
St. Mary's Academy ,Meerut,https://images.collegedunia.com/public/image/institute/logo_1686902867s1.png?h=40&w=40&mode=stretch
Deccan Management Consultants Finishing School ,Pune,https://images.collegedunia.com/public/image/institute/logo_1687171333d1.jpg?h=40&w=40&mode=stretch
i2 Global School ,Chennai,https://images.collegedunia.com/public/image/institute/logo_16881180441.jpg?h=40&w=40&mode=stretch
TIME Institute ,Visakhapatnam,https://images.collegedunia.com/public/image/institute/logo_1688188781t1.png?h=40&w=40&mode=stretch
Aayam Infinity Classes ,Gwalior,https://images.collegedunia.com/public/image/institute/logo_16887192332019-03-14.jpg?h=40&w=40&mode=stretch
IMS ,Patori,https://images.collegedunia.com/public/image/institute/logo_1690893667logo_1603026171logo.webp?h=40&w=40&mode=stretch
Clat Possible ,Patna,https://images.collegedunia.com/public/image/institute/logo_1690966233logo_1623402031clat possible logo.webp?h=40&w=40&mode=stretch
CLAT Path ,Patna,https://images.collegedunia.com/public/image/institute/logo_1691125977logo1_382.png?h=40&w=40&mode=stretch
Narayana Jayanagar ,Bangalore,https://images.collegedunia.com/public/image/institute/logo_1691566188logo_1691476691logo_1689854707th (2).webp?h=40&w=40&mode=stretch
IANT Computer Education ,Surat,https://images.collegedunia.com/public/image/institute/logo_16973510781.jpg?h=40&w=40&mode=stretch
Nucleus IIT Academy ,Navi Mumbai,https://images.collegedunia.com/public/image/institute/logo_1698237594999999.png?h=40&w=40&mode=stretch
The Hindu Zone ,Noida,https://images.collegedunia.com/public/image/institute/logo_16987449321.png?h=40&w=40&mode=stretch
Brilliant Tutorials ,Kanpur,https://images.collegedunia.com/public/image/institute/logo_1701664059dsds.jpg?h=40&w=40&mode=stretch
Newton Tutorials ,Ranchi,https://images.collegedunia.com/public/image/institute/logo_1702379511a.png?h=40&w=40&mode=stretch
Inventors Educare ,Patna,https://images.collegedunia.com/public/image/institute/logo_1703053411inventors logo.jpg?h=40&w=40&mode=stretch
Ace Tutorials ,Chandigarh,https://images.collegedunia.com/public/image/institute/logo_17030769963.jpg?h=40&w=40&mode=stretch
RGR Academy ,Chennai,https://images.collegedunia.com/public/image/institute/logo_1708667789logo.png?h=40&w=40&mode=stretch
Edureka ,Bangalore,https://images.collegedunia.com/public/image/institute/logo_1622633688edureka_logo.JPG?h=40&w=40&mode=stretch
VANI INSTITUTE ,Hyderabad,https://images.collegedunia.com/public/image/institute/logo_1600951147viet.PNG?h=40&w=40&mode=stretch
Scholars Academy (JEE Advanced),New Delhi,https://images.collegedunia.com/public/image/institute/logo_1593850368889878-medium190ap.jpg?h=40&w=40&mode=stretch
SHRI RAM IAS study centre ,New Delhi,https://images.collegedunia.com/public/image/institute/logo_1594043111download (3).png?h=40&w=40&mode=stretch
Edu Spine (JEE Main),New Delhi,https://images.collegedunia.com/public/image/institute/logo_1594039392logo EDUSPINE.png?h=40&w=40&mode=stretch
MANIFEST IAS  ACADEMY ,Bangalore,https://images.collegedunia.com/public/image/institute/logo_1594714580Manifest-logo.png?h=40&w=40&mode=stretch
Appolo Study Centre ,Chennai,https://images.collegedunia.com/public/image/institute/logo_1594791012APPOLO LOGO.jpg?h=40&w=40&mode=stretch
IASbaba ,Bangalore,https://images.collegedunia.com/public/image/institute/logo_1623416826LLL.png?h=40&w=40&mode=stretch
Destination IAS Academy ,New Delhi,https://images.collegedunia.com/public/image/institute/logo_1595051541unnamed.gif?h=40&w=40&mode=stretch
Disha Classes ,New Delhi,https://images.collegedunia.com/public/image/institute/logo_1595965503dclogo.jpg?h=40&w=40&mode=stretch
RB IIT Academy ,Hyderabad,https://images.collegedunia.com/public/image/institute/logo_1596162641download.jpg?h=40&w=40&mode=stretch
Siddi Classes ,Bangalore,https://images.collegedunia.com/public/image/institute/logo_1596806698112.jpg?h=40&w=40&mode=stretch
Merit Class ,Bangalore,https://images.collegedunia.com/public/image/institute/logo_1596539034merit logo.png?h=40&w=40&mode=stretch
Edutel Academy (NEET),Chennai,https://images.collegedunia.com/public/image/institute/logo_1596647670edutel logo.jpg?h=40&w=40&mode=stretch
Oasis Educational Services (JEE Main),New Delhi,https://images.collegedunia.com/public/image/institute/logo_1596693768oasis logo.png?h=40&w=40&mode=stretch
Sai Medha Gate Institute ,Hyderabad,https://images.collegedunia.com/public/image/institute/logo_1597248824sai medha logo.jpg?h=40&w=40&mode=stretch
Vihaan's  IAS Academy ,Pune,https://images.collegedunia.com/public/image/institute/logo_1597308639vihaan ias logo.png?h=40&w=40&mode=stretch
Engineer's Circle ,Bhopal,https://images.collegedunia.com/public/image/institute/logo_1597638859freesnippingtool.com_capture_20200817095313.png?h=40&w=40&mode=stretch
Areese Academy (12th Exam CBSE),Jaipur,https://images.collegedunia.com/public/image/institute/logo_1597621822areese logo.jpg?h=40&w=40&mode=stretch
NEETprep ,New Delhi,https://images.collegedunia.com/public/image/institute/logo_1597993877nlogo.png?h=40&w=40&mode=stretch
Medical Prayojanam ,Nagpur,https://images.collegedunia.com/public/image/institute/logo_159775553316864077_1170199693092856_6000576855430918069_n.png?h=40&w=40&mode=stretch
UGC NET COACHING ,Gurgaon,https://images.collegedunia.com/public/image/institute/logo_1598016003unnamed.png?h=40&w=40&mode=stretch
"Eureka Academy (CBSE, ICSE COACHING) (10th Exam CBSE)",Thane,https://images.collegedunia.com/public/image/institute/logo_1598338319Eureka-Logo.png?h=40&w=40&mode=stretch
Manu Law Classes ,New Delhi,https://images.collegedunia.com/public/image/institute/logo_1613624673Logo.JPG?h=40&w=40&mode=stretch
ClatPrep Education (CLAT),Jaipur,https://images.collegedunia.com/public/image/institute/logo_1598508565logo clat.png?h=40&w=40&mode=stretch
Pahuja Law Academy (CLAT),New Delhi,https://images.collegedunia.com/public/image/institute/logo_1598597253freesnippingtool.com_capture_20200828115620.png?h=40&w=40&mode=stretch
Juris Academy (CLAT),New Delhi,https://images.collegedunia.com/public/image/institute/logo_1598651386A.png?h=40&w=40&mode=stretch
Zone Tech (PSU Recruitment),Jaipur,https://images.collegedunia.com/public/image/institute/logo_1598848770zone tech logo.png?h=40&w=40&mode=stretch
UDX Institute (CLAT),Bangalore,https://images.collegedunia.com/public/image/institute/logo_1598968208freesnippingtool.com_capture_20200901190416.png?h=40&w=40&mode=stretch
Trademark IAS ,Kolkata,https://images.collegedunia.com/public/image/institute/logo_1598890233trademark logo.png?h=40&w=40&mode=stretch
ADA Classes (NATA),Kolkata,https://images.collegedunia.com/public/image/institute/logo_1603786304h.jpg?h=40&w=40&mode=stretch
The Exam Guru (SSC),New Delhi,https://images.collegedunia.com/public/image/institute/logo_1599046292eg.PNG?h=40&w=40&mode=stretch
Archo Architecture Classes (NID),New Delhi,https://images.collegedunia.com/public/image/institute/logo_1599076869logo.png?h=40&w=40&mode=stretch
Wisdom Academy ,Mumbai,https://images.collegedunia.com/public/image/institute/logo_15992198961.png?h=40&w=40&mode=stretch
Clear Exam (CLAT),New Delhi,https://images.collegedunia.com/public/image/institute/logo_1605618798images.png?h=40&w=40&mode=stretch
Eduquest SAT coaching centre (SAT),Gurgaon,https://images.collegedunia.com/public/image/institute/logo_1599738216logo4.png?h=40&w=40&mode=stretch
IMFS (GRE/GMAT) Coaching (GRE),Mumbai,https://images.collegedunia.com/public/image/institute/logo_1599800005logo.png?h=40&w=40&mode=stretch
AVJ ACADEMY ,New Delhi,https://images.collegedunia.com/public/image/institute/logo_1599809447logo (1).png?h=40&w=40&mode=stretch
FinLearning Academy (CFA CERTIFICATION),New Delhi,https://images.collegedunia.com/public/image/institute/logo_1599904511FinLearning-Logo.png?h=40&w=40&mode=stretch
Galvanize Test Prep (SAT),Chennai,https://images.collegedunia.com/public/image/institute/logo_1600004533gal logo.jpg?h=40&w=40&mode=stretch
CrackVerbal Koramangala (GMAT),Bangalore,https://images.collegedunia.com/public/image/institute/logo_1600030226cv logo.png?h=40&w=40&mode=stretch
Collegify (Study Abroad),Kolkata,https://images.collegedunia.com/public/image/institute/logo_1613799427Logo.png?h=40&w=40&mode=stretch
Maple Inc. ,New Delhi,https://images.collegedunia.com/public/image/institute/logo_1600439294LogoSmallHD.png?h=40&w=40&mode=stretch
Education and you ,Kolkata,https://images.collegedunia.com/public/image/institute/logo_1600492441logo.png?h=40&w=40&mode=stretch
Valuepoint Academy ,Bangalore,https://images.collegedunia.com/public/image/institute/logo_1600687210val lo.png?h=40&w=40&mode=stretch
Iae Global India ,New Delhi,https://images.collegedunia.com/public/image/institute/logo_1600765568images.png?h=40&w=40&mode=stretch
Veta Academy ,Kolkata,https://images.collegedunia.com/public/image/institute/logo_1600800786logo.png?h=40&w=40&mode=stretch
Academy of British Language ,New Delhi,https://images.collegedunia.com/public/image/institute/logo_1600807263academy-of-british-language-gtb-nagar-delhi-language-classes-for-english-49yrwazh64.jpg?h=40&w=40&mode=stretch
Prep Zone Academy ,Mumbai,https://images.collegedunia.com/public/image/institute/logo_1600864934unnamed.jpg?h=40&w=40&mode=stretch
Bhaskar school of english language & coversation (ENGLISH LANGUAGE),New Delhi,https://images.collegedunia.com/public/image/institute/logo_16013433381.jpeg?h=40&w=40&mode=stretch
Sheetal Academy ,Surat,https://images.collegedunia.com/public/image/institute/logo_1601028624unnamed (8).jpg?h=40&w=40&mode=stretch
GeeBee Education ,Pune,https://images.collegedunia.com/public/image/institute/logo_1601295363gb.png?h=40&w=40&mode=stretch
Analytics Training Institute (Data Analytics Training),Bangalore,https://images.collegedunia.com/public/image/institute/logo_1601732440ra logo.png?h=40&w=40&mode=stretch
MobiGnosis Academy ,Bangalore,https://images.collegedunia.com/public/image/institute/logo_1601976981download.jpg?h=40&w=40&mode=stretch
Webtek Labs Academy ,New Delhi,https://images.collegedunia.com/public/image/institute/logo_1601921276logo (3).png?h=40&w=40&mode=stretch
iDeators (Computer Science and Information Technology),Thane,https://images.collegedunia.com/public/image/institute/logo_1606291110download11.jfif?h=40&w=40&mode=stretch
Springpeople ,Bangalore,https://images.collegedunia.com/public/image/institute/logo_1602334552sp_logo_r_small.png?h=40&w=40&mode=stretch
Imarticus Learning ,Mumbai,https://images.collegedunia.com/public/image/institute/logo_1650870135logo_1639567147Screenshot 2021-12-15 162407 (1).jpg?h=40&w=40&mode=stretch
Intellipaat ,Bangalore,https://images.collegedunia.com/public/image/institute/logo_1602596073download.png?h=40&w=40&mode=stretch
Apponix ,Bangalore,https://images.collegedunia.com/public/image/institute/logo_160273569474592566_470264503583686_7676419623943667712_o.png?h=40&w=40&mode=stretch
Aegis School of Data Science and Cyber Security (Data Science Course),Mumbai,https://images.collegedunia.com/public/image/institute/logo_1602958859a1.png?h=40&w=40&mode=stretch
Orien IT ,Hyderabad,https://images.collegedunia.com/public/image/institute/logo_1603014683cropped-orienit-logo.png logo.png?h=40&w=40&mode=stretch
Feednet Solutions Pvt Ltd. ,Hyderabad,https://images.collegedunia.com/public/image/institute/logo_1603345730logo.png?h=40&w=40&mode=stretch
Polyscript Technologies ,Pune,https://images.collegedunia.com/public/image/institute/logo_1603643788logo.png?h=40&w=40&mode=stretch
Rooman Technologies Pvt. Ltd. (Computer Science and Information Technology),New Delhi,https://images.collegedunia.com/public/image/institute/logo_1603690057logo.png?h=40&w=40&mode=stretch
Indian Institute of E-Commerce and Digital Marketing Courses ,Mumbai,https://images.collegedunia.com/public/image/institute/logo_1604068835logo.png?h=40&w=40&mode=stretch
Onward Academy (Computer Science and Information Technology),Kolkata,https://images.collegedunia.com/public/image/institute/logo_1604156236logo.jpg?h=40&w=40&mode=stretch
ABC For Technology Training ,Bangalore,https://images.collegedunia.com/public/image/institute/logo_1624457207logo-1.png?h=40&w=40&mode=stretch
Winpath IT Services ,Hyderabad,https://images.collegedunia.com/public/image/institute/logo_1604725018logo.png?h=40&w=40&mode=stretch
Voidmain Technologies ,Hyderabad,https://images.collegedunia.com/public/image/institute/logo_1605420595voL.png?h=40&w=40&mode=stretch
Naresh i Technologies ,Hyderabad,https://images.collegedunia.com/public/image/institute/logo_1632745767logo.jpg?h=40&w=40&mode=stretch
Placement Point Solution ,Chennai,https://images.collegedunia.com/public/image/institute/logo_1605797771Placement-Point-Solutions-min-300x129.png?h=40&w=40&mode=stretch
Accord Infomatrix ,Chennai,https://images.collegedunia.com/public/image/institute/logo_1617112724logo.jpg?h=40&w=40&mode=stretch
Singh Institutes ,Indore,https://images.collegedunia.com/public/image/institute/logo_1606117451singh logo.png?h=40&w=40&mode=stretch
Advance PHP Solutions (php training),Kolkata,https://images.collegedunia.com/public/image/institute/logo_1606240963logo.png?h=40&w=40&mode=stretch
Intaglio Solutions - RHCE Training Institute ,New Delhi,https://images.collegedunia.com/public/image/institute/logo_1606281910Screenshot 2020-11-25 103014.png?h=40&w=40&mode=stretch
Pragathi Institution ,Bangalore,https://images.collegedunia.com/public/image/institute/logo_1606294734pragate logo.png?h=40&w=40&mode=stretch
knowledge Software Solution-KSS ,Mumbai,https://images.collegedunia.com/public/image/institute/logo_1606385828kss-logo-new-1.png?h=40&w=40&mode=stretch
SVR Technologies ,Bangalore,https://images.collegedunia.com/public/image/institute/logo_1606479636logo-006-min-1.png?h=40&w=40&mode=stretch
G-TEC Computer Education ,Barasat,https://images.collegedunia.com/public/image/institute/logo_1606799269gT L.png?h=40&w=40&mode=stretch
Felight ,Bangalore,https://images.collegedunia.com/public/image/institute/logo_1606909347Logo.jpg?h=40&w=40&mode=stretch
The British Institutes Head Office ,Kolkata,https://images.collegedunia.com/public/image/institute/logo_1607056375logo.jpg.png?h=40&w=40&mode=stretch
Lara Technologies ,Bangalore,https://images.collegedunia.com/public/image/institute/logo_161478514111259694_1426171097702003_7368691933476844071_n.png?h=40&w=40&mode=stretch
"TECHNOLOGICS GLOBAL Pvt Ltd, Bangalore India ",Bangalore,https://images.collegedunia.com/public/image/institute/logo_1607163104CaptureI.PNG?h=40&w=40&mode=stretch
Asian technology Hub ,Hyderabad,https://images.collegedunia.com/public/image/institute/logo_1607339823ATS LOGO.jpg?h=40&w=40&mode=stretch
Mapping Minds ,New Delhi,https://images.collegedunia.com/public/image/institute/logo_1607340476s1600-w547.png?h=40&w=40&mode=stretch
Multisoft Systems ,Noida,https://images.collegedunia.com/public/image/institute/logo_1607494465logo-sticky.png?h=40&w=40&mode=stretch
Wiztech Automation Solutions Pvt Ltd - Embedded  Systems Training in Chennai ,Chennai,https://images.collegedunia.com/public/image/institute/logo_1607494988wiztechimg Logo.png?h=40&w=40&mode=stretch
ADM IT Solution ,Hyderabad,https://images.collegedunia.com/public/image/institute/logo_1607524440Logo.jpg?h=40&w=40&mode=stretch
Wiztech Embedded System Training ,Chennai,https://images.collegedunia.com/public/image/institute/logo_1607537564logo (4).png?h=40&w=40&mode=stretch
Hindustan Automation Solutions ,Chennai,https://images.collegedunia.com/public/image/institute/logo_1607596317images.jpg?h=40&w=40&mode=stretch
DESIGN ACADEMY ,New Delhi,https://images.collegedunia.com/public/image/institute/logo_1607600741da.png?h=40&w=40&mode=stretch
Best Robotics Training Center For Schools In India ,Bangalore,https://images.collegedunia.com/public/image/institute/logo_1608722862download (2).jpg?h=40&w=40&mode=stretch
CANTER CADD ,New Delhi,https://images.collegedunia.com/public/image/institute/logo_1607744593CANTER LOGO.jpg?h=40&w=40&mode=stretch
Dhanush EnggServices India Pvt Ltd ,Hyderabad,https://images.collegedunia.com/public/image/institute/logo_1607769279download (1).png?h=40&w=40&mode=stretch
S.S EDUCATIONALS ,Hyderabad,https://images.collegedunia.com/public/image/institute/logo_1607873014LOGO5 (1).png?h=40&w=40&mode=stretch
EES Techcenter ,Hyderabad,https://images.collegedunia.com/public/image/institute/logo_1608808131281304_459395284108101_68484448_n.jpg?h=40&w=40&mode=stretch
Vinsys training (Autocad Training),Pune,https://images.collegedunia.com/public/image/institute/logo_1608103060top-logo.png?h=40&w=40&mode=stretch
Viven Embedded Academy ,Hyderabad,https://images.collegedunia.com/public/image/institute/logo_1607943603Viven_Embedded_Academy (Copy).jpg?h=40&w=40&mode=stretch
Digital Marketing Course in Uttam Nagar ,New Delhi,https://images.collegedunia.com/public/image/institute/logo_1608731778Ecommerce-Coach-Logo.jpg?h=40&w=40&mode=stretch
Delhi Courses ,New Delhi,https://images.collegedunia.com/public/image/institute/logo_1608787530Delhi Courses Logo.png?h=40&w=40&mode=stretch
ASSK Institute ,New Delhi,https://images.collegedunia.com/public/image/institute/logo_1608801172assk_logo.JPG?h=40&w=40&mode=stretch
FuturePoint Technologies ,Hyderabad,https://images.collegedunia.com/public/image/institute/logo_1608906486LOGO.png?h=40&w=40&mode=stretch
Tekslate INC ,Hyderabad,https://images.collegedunia.com/public/image/institute/logo_1609238905tekslate logo.png?h=40&w=40&mode=stretch
Delhi Courses ,New Delhi,https://images.collegedunia.com/public/image/institute/logo_1609326409images (5).png?h=40&w=40&mode=stretch
Dhanush EnggServices India Pvt Ltd ,Hyderabad,https://images.collegedunia.com/public/image/institute/logo_1609327580logo.png?h=40&w=40&mode=stretch
MS Education Academy (Corporate Office) ,Hyderabad,https://images.collegedunia.com/public/image/institute/logo_1609335257images (1).png?h=40&w=40&mode=stretch
"NIIT Camac Street Center, Kolkata ",Kolkata,https://images.collegedunia.com/public/image/institute/logo_1609336070NIIT_logomobile.png?h=40&w=40&mode=stretch
Strategyworks Consulting LLP ,Bangalore,https://images.collegedunia.com/public/image/institute/logo_1609407574https___cdn.evbuc.com_images_91515261_403127390805_2_original.png?h=40&w=40&mode=stretch
Ican Multimedia and Anitionma ,Chennai,https://images.collegedunia.com/public/image/institute/logo_1609508488Logo (6).jpg?h=40&w=40&mode=stretch
Digital Quest ,Hyderabad,https://images.collegedunia.com/public/image/institute/logo_1609576805LOGO.jpg?h=40&w=40&mode=stretch
GITSG - Website Designer | Mobile App Development | SEO ,Kolkata,https://images.collegedunia.com/public/image/institute/logo_1609589052logo-1.png?h=40&w=40&mode=stretch
Puretech Digital ,Mumbai,https://images.collegedunia.com/public/image/institute/logo_1609625467logo (6).jpg?h=40&w=40&mode=stretch
Sannihitha Technologies ,Hyderabad,https://images.collegedunia.com/public/image/institute/logo_1609665592cover (4).jpg?h=40&w=40&mode=stretch
Indian Institute of Packaging ,New Delhi,https://images.collegedunia.com/public/image/institute/logo_1609758151iip LOGO.jpg?h=40&w=40&mode=stretch
BBC Migration and Education Consultants ,Mumbai,https://images.collegedunia.com/public/image/institute/logo_1609933891l.png?h=40&w=40&mode=stretch
Pixel Track Digital Pvt. Ltd ,Bangalore,https://images.collegedunia.com/public/image/institute/logo_1609993439logo.png?h=40&w=40&mode=stretch
Shubhra Ranjan ,New Delhi,https://images.collegedunia.com/public/image/institute/logo_1610164756images.png?h=40&w=40&mode=stretch
TDMC Mumbai ,Thane,https://images.collegedunia.com/public/image/institute/logo_1610313028ll.jpg?h=40&w=40&mode=stretch
Dnyanadeep Academy ,Pune,https://images.collegedunia.com/public/image/institute/logo_1610515565logo.jpg?h=40&w=40&mode=stretch
Intaglio Solutions - RHCE Training Institute ,New Delhi,https://images.collegedunia.com/public/image/institute/logo_1610546652logo.jpg?h=40&w=40&mode=stretch
Daphnes International Teachers' Training Institute ,Bangalore,https://images.collegedunia.com/public/image/institute/logo_1610595390logo.png?h=40&w=40&mode=stretch
AlmaMate Info Tech ,Noida,https://images.collegedunia.com/public/image/institute/logo_1610700975AlmaMate Info Tech logo.png?h=40&w=40&mode=stretch
Arena Animation ,Mumbai,https://images.collegedunia.com/public/image/institute/logo_1633197123Logo.jpg?h=40&w=40&mode=stretch
Webel DQE Animation Academy ,Kolkata,https://images.collegedunia.com/public/image/institute/logo_1610796680logo.jpg?h=40&w=40&mode=stretch
MITCON E-school ,Pune,https://images.collegedunia.com/public/image/institute/logo_1610875335logo.jpg?h=40&w=40&mode=stretch
The XL Academy ,New Delhi,https://images.collegedunia.com/public/image/institute/logo_1610885026logo.jpg?h=40&w=40&mode=stretch
Deepak Commerce Classes ,Mumbai,https://images.collegedunia.com/public/image/institute/logo_1610893320LL.jpg?h=40&w=40&mode=stretch
Siddhi Professionals ,Mumbai,https://images.collegedunia.com/public/image/institute/logo_1610936116ll.jpg?h=40&w=40&mode=stretch
UNIQ Technologies ,Chennai,https://images.collegedunia.com/public/image/institute/logo_1610942099logo (1).jpg?h=40&w=40&mode=stretch
Nishham Coaching Classes ,Bhopal,https://images.collegedunia.com/public/image/institute/logo_1610956660Logo.jpeg?h=40&w=40&mode=stretch
PythaGURUS ,Gurgaon,https://images.collegedunia.com/public/image/institute/logo_1615295559download.png?h=40&w=40&mode=stretch
Tech-Vidhya ,New Delhi,https://images.collegedunia.com/public/image/institute/logo_1611153613tech-vidhya-squarelogo-1491853095732.png?h=40&w=40&mode=stretch
Edufoster Career Institute ,Kolkata,https://images.collegedunia.com/public/image/institute/logo_1611217827Logo.jpg?h=40&w=40&mode=stretch
Digital Marketing Courses ,Chennai,https://images.collegedunia.com/public/image/institute/logo_1632318696logo.png?h=40&w=40&mode=stretch
Mondai Nai Japanese Language School and IT ,New Delhi,https://images.collegedunia.com/public/image/institute/logo_1611226032Logo.jpg?h=40&w=40&mode=stretch
Raja Sir's Cracking IAS Academy ,Chennai,https://images.collegedunia.com/public/image/institute/logo_1611291554logo.png?h=40&w=40&mode=stretch
Disha Academy ,Wai,https://images.collegedunia.com/public/image/institute/logo_1611296170Disha academy _ Logo.png?h=40&w=40&mode=stretch
Sumit Arora Classes ,New Delhi,https://images.collegedunia.com/public/image/institute/logo_1611299945Logo.jpg?h=40&w=40&mode=stretch
Anuvaa ,Navi Mumbai,https://images.collegedunia.com/public/image/institute/logo_1611301640ANUVAA-LOGO-final.png?h=40&w=40&mode=stretch
Dlithe Consultancy Services Pvt Ltd ,Bangalore,https://images.collegedunia.com/public/image/institute/logo_1611302834logo.png?h=40&w=40&mode=stretch
Netaji IAS Academy ,Chennai,https://images.collegedunia.com/public/image/institute/logo_1611327440Netaji IAS Logo.png?h=40&w=40&mode=stretch
Abhyankar's IAS Academy ,Pune,https://images.collegedunia.com/public/image/institute/logo_1611326796LOGO.jpg?h=40&w=40&mode=stretch
Koshika Institute ,Lucknow,https://images.collegedunia.com/public/image/institute/logo_1611379900Logo.png?h=40&w=40&mode=stretch
Pixels Academy ,Hyderabad,https://images.collegedunia.com/public/image/institute/logo_1611384286pixels academy _ Logo.png?h=40&w=40&mode=stretch
Science Academy ,Pune,https://images.collegedunia.com/public/image/institute/logo_1611919524ezgif.com-gif-maker.jpg?h=40&w=40&mode=stretch
Sehgal School Of Competitions ,New Delhi,https://images.collegedunia.com/public/image/institute/logo_1611493132logo.png?h=40&w=40&mode=stretch
Hyderabad School of Business ,Hyderabad,https://images.collegedunia.com/public/image/institute/logo_1611630044logo (2).png?h=40&w=40&mode=stretch
Aspire GATE ,Bangalore,https://images.collegedunia.com/public/image/institute/logo_161174780411.svg?h=40&w=40&mode=stretch
Indglobal Digital Private Limited ,Bangalore,https://images.collegedunia.com/public/image/institute/logo_1611819419Logo (3).png?h=40&w=40&mode=stretch
Mathur Classes ,Jaipur,https://images.collegedunia.com/public/image/institute/logo_1611829034AnyConv.com__LOGO.jpg?h=40&w=40&mode=stretch
DR Academy ,Bangalore,https://images.collegedunia.com/public/image/institute/logo_1626778026Logo 1.png?h=40&w=40&mode=stretch
CloutLearn ,Bangalore,https://images.collegedunia.com/public/image/institute/logo_1611838187cloutlearnlogo.jpg?h=40&w=40&mode=stretch
La Excellence IAS ,Bangalore,https://images.collegedunia.com/public/image/institute/logo_1611996859Logo.jpg?h=40&w=40&mode=stretch
"Sun Design Guru-Borivali, NATA, NID,NIFT,UCEED ",Mumbai,https://images.collegedunia.com/public/image/institute/logo_1611997244136075619_113897820585616_7238118188484425909_n.png?h=40&w=40&mode=stretch
KonarClasses ,Bangalore,https://images.collegedunia.com/public/image/institute/logo_1612016153logo.jpg?h=40&w=40&mode=stretch
Harendra Classes ,Jaipur,https://images.collegedunia.com/public/image/institute/logo_1612330302Harendra Classes logo.png?h=40&w=40&mode=stretch
Prime Academy ,Pune,https://images.collegedunia.com/public/image/institute/logo_1612421363Primes academy Logo.png?h=40&w=40&mode=stretch
Brainware  Academy ,Kolkata,https://images.collegedunia.com/public/image/institute/logo_1612512666logo.gif?h=40&w=40&mode=stretch
Arkin Institute ,Mumbai,https://images.collegedunia.com/public/image/institute/logo_1612517063A5.png?h=40&w=40&mode=stretch
International Institute of Research & Wealth Management ,Kolkata,https://images.collegedunia.com/public/image/institute/logo_1612694605International Institute of Research & Wealth Management (IIRWM) COVER.png?h=40&w=40&mode=stretch
Motivation Classes Pvt. Ltd ,Jaipur,https://images.collegedunia.com/public/image/institute/logo_1612766913unnamed (1).png?h=40&w=40&mode=stretch
Nimble Foundation ,Mumbai,https://images.collegedunia.com/public/image/institute/logo_1612767816492727-medium190ap.png?h=40&w=40&mode=stretch
S SQUARE TECHNOLOGIES ,Bangalore,https://images.collegedunia.com/public/image/institute/logo_1612768957LOGO (31).jpg?h=40&w=40&mode=stretch
SANKALP IAS Coaching ,New Delhi,https://images.collegedunia.com/public/image/institute/logo_1612863959Logo.jpg?h=40&w=40&mode=stretch
Sethi's Sheetal Academy ,Mumbai,https://images.collegedunia.com/public/image/institute/logo_1612868708sethi_logo.JPG?h=40&w=40&mode=stretch
The American Institute ,Mumbai,https://images.collegedunia.com/public/image/institute/logo_1612871754THE_AMERICAN_LOGO.jpg?h=40&w=40&mode=stretch
National IAS Academy ,Bangalore,https://images.collegedunia.com/public/image/institute/logo_1612940974LOGO (29).png?h=40&w=40&mode=stretch
Rajpath Academy ,Pune,https://images.collegedunia.com/public/image/institute/logo_1612954903LOGO.png?h=40&w=40&mode=stretch
Felight ,Bangalore,https://images.collegedunia.com/public/image/institute/logo_1613141700-logo-2.jpg?h=40&w=40&mode=stretch
Kit Education ,Jaipur,https://images.collegedunia.com/public/image/institute/logo_1613185510logo.3...png?h=40&w=40&mode=stretch
Spectrum Academy ,Nashik,https://images.collegedunia.com/public/image/institute/logo_1613194050-logo-.jpg?h=40&w=40&mode=stretch
Aptech ,Noida,https://images.collegedunia.com/public/image/institute/logo_1613238841Screenshot 2021-01-14 123421.png?h=40&w=40&mode=stretch
Sami Infotech ,Mumbai,https://images.collegedunia.com/public/image/institute/logo_1613446835Sami Logo.jpg?h=40&w=40&mode=stretch
TechnoLogics ,Bangalore,https://images.collegedunia.com/public/image/institute/logo_1613462909technologies logo.jpg?h=40&w=40&mode=stretch
LISAA School Of Design ,New Delhi,https://images.collegedunia.com/public/image/institute/logo_1613500072logo (2).png?h=40&w=40&mode=stretch
Indo American Society ,Mumbai,https://images.collegedunia.com/public/image/institute/logo_1613620735indo_american_logo.JPG?h=40&w=40&mode=stretch
EES Techcenter ,Hyderabad,https://images.collegedunia.com/public/image/institute/logo_1613622770logo.png?h=40&w=40&mode=stretch
Physics By Fiziks ,New Delhi,https://images.collegedunia.com/public/image/institute/logo_1613627497physics_logo.JPG?h=40&w=40&mode=stretch
CMA Bhawan ,Chennai,https://images.collegedunia.com/public/image/institute/logo_1613647887logo.png?h=40&w=40&mode=stretch
ESTIVASOFTECH ,New Delhi,https://images.collegedunia.com/public/image/institute/logo_1613734830Logo (13).png?h=40&w=40&mode=stretch
Abhyankar's IAS Academy ,Pune,https://images.collegedunia.com/public/image/institute/logo_1613790006logo_header.png?h=40&w=40&mode=stretch
AIMA Academy ,Bhopal,https://images.collegedunia.com/public/image/institute/logo_1613801323Logo.png?h=40&w=40&mode=stretch
Koshika Academy ,Lucknow,https://images.collegedunia.com/public/image/institute/logo_1613805198Logo (15).png?h=40&w=40&mode=stretch
Baluja Institute of Technology And Management ,New Delhi,https://images.collegedunia.com/public/image/institute/logo_161380864510710761_1507210426188921_4716522001951885706_n.jpg?h=40&w=40&mode=stretch
Pixxel Arts ,Hyderabad,https://images.collegedunia.com/public/image/institute/logo_1613809863Logo (16).png?h=40&w=40&mode=stretch
DRONACHARYA IAS ACADEMY ,Mumbai,https://images.collegedunia.com/public/image/institute/logo_1613810875logo.jpg?h=40&w=40&mode=stretch
