Institutes Names,Institutes Place,Logo Link
Educasium IAS Academy ,Chennai,https://images.collegedunia.com/public/image/institute/logo_1597128687ed.PNG?h=40&w=40&mode=stretch
"4IITEENS, CIT Nagar ",Chennai,https://images.collegedunia.com/public/image/institute/logo_1617725566LOGO.png?h=40&w=40&mode=stretch
Vision NEET Academy (NEET),Bangalore,https://images.collegedunia.com/public/image/institute/logo_1596540692Vision Academy.png?h=40&w=40&mode=stretch
Excellent Guides ,Kolkata,https://images.collegedunia.com/public/image/institute/logo_159662320428698544_2055340368083868_1154065013112280168_o.jpg?h=40&w=40&mode=stretch
Raghunath Learning Centre ,Bangalore,https://images.collegedunia.com/public/image/institute/logo_1597042648Raghunath-Learning-Centre-Gate-Bangalore.jpg?h=40&w=40&mode=stretch
Elite MDS Academy ( NEET PG Coaching) (NEET PG),Hyderabad,https://images.collegedunia.com/public/image/institute/logo_159752556033092164_983710471795940_8264487637033680896_n.jpg?h=40&w=40&mode=stretch
CATALYST ACADEMY OF LIFE SCIENCE (Csir Net coaching) (CSIR NET),Mumbai,https://images.collegedunia.com/public/image/institute/logo_1597632335logo-1.jpg?h=40&w=40&mode=stretch
Pro NEET Classes (NEET),Jaipur,https://images.collegedunia.com/public/image/institute/logo_159760656358669604_330613947639985_7010698013731454976_o.png?h=40&w=40&mode=stretch
Nimbus Learning ,New Delhi,https://images.collegedunia.com/public/image/institute/logo_1600886464N.PNG?h=40&w=40&mode=stretch
Velammal Career Point (NEET),Chennai,https://images.collegedunia.com/public/image/institute/logo_1597921650freesnippingtool.com_capture_20200820161457.png?h=40&w=40&mode=stretch
Everest IAS Academy ,Bangalore,https://images.collegedunia.com/public/image/institute/logo_16008685456979125-medium190ap.jpg?h=40&w=40&mode=stretch
sahitya classes ,New Delhi,https://images.collegedunia.com/public/image/institute/logo_1598023213download (3).jpg?h=40&w=40&mode=stretch
Smarg Education ( CAT COACHING) (CAT),New Delhi,https://images.collegedunia.com/public/image/institute/logo_1598277915Add a subheading.png?h=40&w=40&mode=stretch
Top Rankers (Legaledge & Judiciary) (CLAT),Bhopal,https://images.collegedunia.com/public/image/institute/logo_1598338551legal logo.jpg?h=40&w=40&mode=stretch
Exam Expert Institute (12th Exam CBSE),New Delhi,https://images.collegedunia.com/public/image/institute/logo_1598803705EX.PNG?h=40&w=40&mode=stretch
Cubix Educational Institute (CAT COACHING) (CAT),Kolkata,https://images.collegedunia.com/public/image/institute/logo_159886846976710894_2558944590825973_2970074978738765824_n.png?h=40&w=40&mode=stretch
Career Path Training centre (CAT),Kolkata,https://images.collegedunia.com/public/image/institute/logo_1614581329cover-career path.jpg?h=40&w=40&mode=stretch
Ranjan Education Centre ,Kolkata,https://images.collegedunia.com/public/image/institute/logo_1599311531REC.PNG?h=40&w=40&mode=stretch
Captains Defence Academy (CDS),Dehradun,https://images.collegedunia.com/public/image/institute/logo_1603887907download.jpg?h=40&w=40&mode=stretch
Zest India Academy (WBCS),Kolkata,https://images.collegedunia.com/public/image/institute/logo_1599112991freesnippingtool.com_capture_20200903104150.png?h=40&w=40&mode=stretch
Aaditya Jain Classes ,Jaipur,https://images.collegedunia.com/public/image/institute/logo_1599190451ajain logo.png?h=40&w=40&mode=stretch
Finguru Education Pvt Ltd - CFA Program coaching classes ,New Delhi,https://images.collegedunia.com/public/image/institute/logo_1599299614finguru-logo_1.jpg?h=40&w=40&mode=stretch
Gurumantra (NATA),Pune,https://images.collegedunia.com/public/image/institute/logo_1599729612guru logo.png?h=40&w=40&mode=stretch
"D'excellence Academy (Nata,Nid,Nift) ",Mumbai,https://images.collegedunia.com/public/image/institute/logo_1599825128newlogo.jpg?h=40&w=40&mode=stretch
GMAT with CJ (GMAT),New Delhi,https://images.collegedunia.com/public/image/institute/logo_1600030203889-150x150.gif?h=40&w=40&mode=stretch
EducationAisle GMAT Classes (GMAT),Bangalore,https://images.collegedunia.com/public/image/institute/logo_1600032500EducationAisle Logo.jpg?h=40&w=40&mode=stretch
Marvels (PTE),Chennai,https://images.collegedunia.com/public/image/institute/logo_1600065570Marvels-Logo-New.png?h=40&w=40&mode=stretch
The Futurists Academy ,New Delhi,https://images.collegedunia.com/public/image/institute/logo_1600070810futu logo.png?h=40&w=40&mode=stretch
Fly n Study (ENGLISH LANGUAGE),Chennai,https://images.collegedunia.com/public/image/institute/logo_1600499944download (1).jpg?h=40&w=40&mode=stretch
Sanjay Kaushik Institute of Commerce ,New Delhi,https://images.collegedunia.com/public/image/institute/logo_1600369292Picture3.png?h=40&w=40&mode=stretch
England English ,Hyderabad,https://images.collegedunia.com/public/image/institute/logo_1600855877unnnamed.jpg?h=40&w=40&mode=stretch
Speak Magic Academy ,Pune,https://images.collegedunia.com/public/image/institute/logo_1600450049speak logo.webp?h=40&w=40&mode=stretch
British Centre Wakad (IELTS),Pune,https://images.collegedunia.com/public/image/institute/logo_1600488605bri logo.png?h=40&w=40&mode=stretch
Manya - The Princeton Review (Study Abroad),New Delhi,https://images.collegedunia.com/public/image/institute/logo_1600592368melogo.png?h=40&w=40&mode=stretch
ANKO Overseas Consultants (IELTS),Hyderabad,https://images.collegedunia.com/public/image/institute/logo_1600887376anko logo.jpg?h=40&w=40&mode=stretch
English Talkies (IELTS),Gurgaon,https://images.collegedunia.com/public/image/institute/logo_1600633347et logo.png?h=40&w=40&mode=stretch
Professors Classes ,Chennai,https://images.collegedunia.com/public/image/institute/logo_1600662249PC Logo.png?h=40&w=40&mode=stretch
Institute Of Practical Science ,New Delhi,https://images.collegedunia.com/public/image/institute/logo_1600886676logo23.jpg?h=40&w=40&mode=stretch
IVY Aspire Academy ,Bangalore,https://images.collegedunia.com/public/image/institute/logo_1600950642download (1).jpg?h=40&w=40&mode=stretch
Centre for Immigration and Education Services ,New Delhi,https://images.collegedunia.com/public/image/institute/logo_1601001431cies.png?h=40&w=40&mode=stretch
PEP TALK India ,New Delhi,https://images.collegedunia.com/public/image/institute/logo_1601217303pep l.png?h=40&w=40&mode=stretch
Mariappan - Physics Tuition in Chennai (Physics),Chennai,https://images.collegedunia.com/public/image/institute/logo_1601283126mariap logo.png?h=40&w=40&mode=stretch
Pace 2.O ,Bangalore,https://images.collegedunia.com/public/image/institute/logo_1601627319download.jpg?h=40&w=40&mode=stretch
Geoinsyssoft ,Chennai,https://images.collegedunia.com/public/image/institute/logo_1601638271download.png?h=40&w=40&mode=stretch
International Institute of SAS Training and Research (R Analytics Online Training),New Delhi,https://images.collegedunia.com/public/image/institute/logo_1606120621home-logo.png?h=40&w=40&mode=stretch
Ecube Institute ,Mumbai,https://images.collegedunia.com/public/image/institute/logo_1601821014logo (1).png?h=40&w=40&mode=stretch
Genesis Trainings ,Bangalore,https://images.collegedunia.com/public/image/institute/logo_1601890231glogo.png?h=40&w=40&mode=stretch
Sniffer Search-Data Science courses Bangalore | Artificial Intelligence courses Bangalore ,Bangalore,https://images.collegedunia.com/public/image/institute/logo_1606422356logo.jpg?h=40&w=40&mode=stretch
Data Jango ,Hyderabad,https://images.collegedunia.com/public/image/institute/logo_1602170571download (6).jpg?h=40&w=40&mode=stretch
Neoskills Institute (Data Science Course),Pune,https://images.collegedunia.com/public/image/institute/logo_1602222443neo logo.jpg?h=40&w=40&mode=stretch
Mytectra (Artificial Intelligence Training),Bangalore,https://images.collegedunia.com/public/image/institute/logo_1602317181coi5stjshykw9u885chj.jpg?h=40&w=40&mode=stretch
Sarvagna Sai Technologies ,Hyderabad,https://images.collegedunia.com/public/image/institute/logo_1602328900Sarvagna-Sai-Technologies_2-e1581500948800.png?h=40&w=40&mode=stretch
Imurgence Learning (Data Science Course),Mumbai,https://images.collegedunia.com/public/image/institute/logo_1602343761im logo.jpg?h=40&w=40&mode=stretch
Institute of Risk Management - India Affiliate - [IRM India] ,Mumbai,https://images.collegedunia.com/public/image/institute/logo_1672655657logo.png?h=40&w=40&mode=stretch
2Data Science Training Institute (Data Science Course),Mumbai,https://images.collegedunia.com/public/image/institute/logo_16024400952ds logo.jpg?h=40&w=40&mode=stretch
NLP training world ,Mumbai,https://images.collegedunia.com/public/image/institute/logo_1602564122nlp logo.png?h=40&w=40&mode=stretch
The interface for data science and machine learning (Data Science Course),Mumbai,https://images.collegedunia.com/public/image/institute/logo_1602785870interface logo.png?h=40&w=40&mode=stretch
AI Analytics Hub ,Hyderabad,https://images.collegedunia.com/public/image/institute/logo_1602843874logo2.png?h=40&w=40&mode=stretch
Kapasi classes ,Mumbai,https://images.collegedunia.com/public/image/institute/logo_1615574824LOGO (16).png?h=40&w=40&mode=stretch
Business Intelligence Solution Providers ,Bhopal,https://images.collegedunia.com/public/image/institute/logo_1602928555logo1.jpg?h=40&w=40&mode=stretch
Eagles academy ,Gurgaon,https://images.collegedunia.com/public/image/institute/logo_160293255494257084_134894521475210_1154639860892434432_n.jpg?h=40&w=40&mode=stretch
StrataHive Services Private Limited ,Mumbai,https://images.collegedunia.com/public/image/institute/logo_1603022084Picture28.png?h=40&w=40&mode=stretch
Reinvent Techno Labs ,Jaipur,https://images.collegedunia.com/public/image/institute/logo_1603035353Reiasanventaa.png logo.png?h=40&w=40&mode=stretch
GITS Academy ,Bangalore,https://images.collegedunia.com/public/image/institute/logo_1604320471j.jpg?h=40&w=40&mode=stretch
Reachout Analytics ,Hyderabad,https://images.collegedunia.com/public/image/institute/logo_1604397780584585-large.jpg?h=40&w=40&mode=stretch
Java Tpoint ,Noida,https://images.collegedunia.com/public/image/institute/logo_1604396705s200_javatpoint..com.jpg?h=40&w=40&mode=stretch
SASVBA Institute ,New Delhi,https://images.collegedunia.com/public/image/institute/logo_1603190047ffbf1a50-e190-4ce6-9644-01dd60410e05_200x200.png?h=40&w=40&mode=stretch
Fireblaze AI School (Data Science Course),Pune,https://images.collegedunia.com/public/image/institute/logo_1603216831download (3).jpg?h=40&w=40&mode=stretch
PRO TECH SKILLS ,Noida,https://images.collegedunia.com/public/image/institute/logo_1606725858Protech-logo.png?h=40&w=40&mode=stretch
Big Data Clans Inc (big data),Bangalore,https://images.collegedunia.com/public/image/institute/logo_1603645985logo.png?h=40&w=40&mode=stretch
National Institute of Learning and Development Services - [NILDS] ,Gurgaon,https://images.collegedunia.com/public/image/institute/logo_1603710812logo.jpg?h=40&w=40&mode=stretch
Rainbow Training Institute ,Hyderabad,https://images.collegedunia.com/public/image/institute/logo_1603745982Rainbow_traning_institute.png?h=40&w=40&mode=stretch
Gyanvriksh ,Hyderabad,https://images.collegedunia.com/public/image/institute/logo_1603898029logo.jpg?h=40&w=40&mode=stretch
Hadoop School of Training ,Pune,https://images.collegedunia.com/public/image/institute/logo_1603919216logo.png?h=40&w=40&mode=stretch
Venkat Krishnan ,Mumbai,https://images.collegedunia.com/public/image/institute/logo_16039173281.jpeg?h=40&w=40&mode=stretch
Questpond ,Mumbai,https://images.collegedunia.com/public/image/institute/logo_1606041671logo.png?h=40&w=40&mode=stretch
Digital marketing training institute (Data Science Course),Mumbai,https://images.collegedunia.com/public/image/institute/logo_1604069454Digital-Marketing-Courses-Logo.png?h=40&w=40&mode=stretch
Learnpact Training Academy ,Kolkata,https://images.collegedunia.com/public/image/institute/logo_1604315935logo1.png?h=40&w=40&mode=stretch
Digital Cutlet ,Hyderabad,https://images.collegedunia.com/public/image/institute/logo_1604317234d1.jpg?h=40&w=40&mode=stretch
Analytics benchmark (Data Science Course),Hyderabad,https://images.collegedunia.com/public/image/institute/logo_1604335543cropped-logo.jpg?h=40&w=40&mode=stretch
SS-TECH Lab (Computer Science and Information Technology),Greater Noida,https://images.collegedunia.com/public/image/institute/logo_1604984952loog.PNG?h=40&w=40&mode=stretch
My Training Bangalore ,Bangalore,https://images.collegedunia.com/public/image/institute/logo_1604664870logo12.png?h=40&w=40&mode=stretch
HOPEINFOTECH Software Training Institute ,Hyderabad,https://images.collegedunia.com/public/image/institute/logo_1604999972logo-2-t.png?h=40&w=40&mode=stretch
i Digital Academy ,Bangalore,https://images.collegedunia.com/public/image/institute/logo_1605250572i-digital-academy.png?h=40&w=40&mode=stretch
SBR Training ,Hyderabad,https://images.collegedunia.com/public/image/institute/logo_1605451663download.png?h=40&w=40&mode=stretch
DCT Academy - Full Stack Web Developer Course Training Institute in Bangalore (Computer Science and Information Technology),Bangalore,https://images.collegedunia.com/public/image/institute/logo_1605470796dct-final.jpg?h=40&w=40&mode=stretch
Webasha ,Pune,https://images.collegedunia.com/public/image/institute/logo_1605593051Capture 1.PNG?h=40&w=40&mode=stretch
The Skill Desk ,Bangalore,https://images.collegedunia.com/public/image/institute/logo_1605595919skill-logo-1.png?h=40&w=40&mode=stretch
Guaranteed Job ,Hyderabad,https://images.collegedunia.com/public/image/institute/logo_160566792318055981_695729820611318_841565198816208744_o.jpg?h=40&w=40&mode=stretch
RPA Training in Bangalore ,Bangalore,https://images.collegedunia.com/public/image/institute/logo_1605864405rpaL.png?h=40&w=40&mode=stretch
Training Institute For All(TIA) ,Noida,https://images.collegedunia.com/public/image/institute/logo_1605873348TI LL.jpeg?h=40&w=40&mode=stretch
Edu Art Software Testing Training Institute ,Mumbai,https://images.collegedunia.com/public/image/institute/logo_1605958391edu-art-logo-horizontal.png?h=40&w=40&mode=stretch
Tech Study Classes ,New Delhi,https://images.collegedunia.com/public/image/institute/logo_160802866169256970_10157360484780429_5630521818033946624_n.png?h=40&w=40&mode=stretch
Learn With MindScript ,Mumbai,https://images.collegedunia.com/public/image/institute/logo_1606055843learn_with_mindscript_logo.png?h=40&w=40&mode=stretch
Siddhakala Institute Of Information Technology ,Mumbai,https://images.collegedunia.com/public/image/institute/logo_1606114196images.jpg?h=40&w=40&mode=stretch
Shimphy Infotech ,Ghaziabad,https://images.collegedunia.com/public/image/institute/logo_1606135754Logo.jpg?h=40&w=40&mode=stretch
Softdigix ,Chennai,https://images.collegedunia.com/public/image/institute/logo_1606191054softdigix logo.png?h=40&w=40&mode=stretch
Kyros Academy ,Chennai,https://images.collegedunia.com/public/image/institute/logo_1606205091813365-large.jpg?h=40&w=40&mode=stretch
"Appsify Learning | AWS Training Institute in Vashi, Sanpada, Belapur, Nerul, Navi Mumbai (Computer Science and Information Technology)",Mumbai,https://images.collegedunia.com/public/image/institute/logo_1606372659appsify-logo-160x160.jpg?h=40&w=40&mode=stretch
Eclasess Trainings ,Hyderabad,https://images.collegedunia.com/public/image/institute/logo_1606380712E.png?h=40&w=40&mode=stretch
PBA Institute ,Howrah,https://images.collegedunia.com/public/image/institute/logo_1606382782pba 1.png?h=40&w=40&mode=stretch
XL Rookies ,New Delhi,https://images.collegedunia.com/public/image/institute/logo_16063916093999522-medium190ap.jpg?h=40&w=40&mode=stretch
Digital Web Gurukul ,Kolkata,https://images.collegedunia.com/public/image/institute/logo_1606397425logo.jpg?h=40&w=40&mode=stretch
ISQL Global ,Chennai,https://images.collegedunia.com/public/image/institute/logo_1606448895download.png?h=40&w=40&mode=stretch
Velgro  Academy ,Chennai,https://images.collegedunia.com/public/image/institute/logo_1606466123velgro.png?h=40&w=40&mode=stretch
Delhi Institute of Cloud Computing ,Gurgaon,https://images.collegedunia.com/public/image/institute/logo_1606477488diocc-cloud-computing-expert-powered-by-rowalim-2.png?h=40&w=40&mode=stretch
QAGUIDES ,Jaipur,https://images.collegedunia.com/public/image/institute/logo_1606478937LOGO QA.png?h=40&w=40&mode=stretch
Gensoft IT India ,Bangalore,https://images.collegedunia.com/public/image/institute/logo_1606482954gsit_test.png?h=40&w=40&mode=stretch
Oracle dba Training in Chennai ,Chennai,https://images.collegedunia.com/public/image/institute/logo_1606536631download.jpg?h=40&w=40&mode=stretch
Lal Bahadur Shastri Training Institute ,Ghaziabad,https://images.collegedunia.com/public/image/institute/logo_1606556570logo (1).png?h=40&w=40&mode=stretch
Minh Inc ,Bangalore,https://images.collegedunia.com/public/image/institute/logo_1606578293topconLogo.png?h=40&w=40&mode=stretch
Avimantra IT Academy ,Pune,https://images.collegedunia.com/public/image/institute/logo_1614345849Logo.jpg?h=40&w=40&mode=stretch
TechiesEra ,Noida,https://images.collegedunia.com/public/image/institute/logo_1606893925tech7.jpg?h=40&w=40&mode=stretch
SUN TRAININGS ,Hyderabad,https://images.collegedunia.com/public/image/institute/logo_1606972139logo-ST.png?h=40&w=40&mode=stretch
Livewire - Poonamallee ,Chennai,https://images.collegedunia.com/public/image/institute/logo_1607021538livewirelogo.png?h=40&w=40&mode=stretch
ICLASS TRAINING ,Chennai,https://images.collegedunia.com/public/image/institute/logo_1607061573ICLASS TRAINING LOGO.jpg?h=40&w=40&mode=stretch
Professional Training Institute ,Bangalore,https://images.collegedunia.com/public/image/institute/logo_1607092476download.png?h=40&w=40&mode=stretch
Analytics Training Hub ,Faridabad,https://images.collegedunia.com/public/image/institute/logo_1607152024atm1.jpg?h=40&w=40&mode=stretch
Appin Technology ,New Delhi,https://images.collegedunia.com/public/image/institute/logo_1607156735images (4).jpg?h=40&w=40&mode=stretch
"Triple Tech Soft IEEE Project Center, Chennai ",Chennai,https://images.collegedunia.com/public/image/institute/logo_16071668471484205_629846160395956_440357886_n.png?h=40&w=40&mode=stretch
Angular 2+ ..8/9 Training Institute ,Bangalore,https://images.collegedunia.com/public/image/institute/logo_1607237042ng2-3-1.png?h=40&w=40&mode=stretch
Agaram Consulting Private Limited ,Chennai,https://images.collegedunia.com/public/image/institute/logo_1607323704logo.png?h=40&w=40&mode=stretch
Subhash Programming Classes - Java/Python Training Institute in Bangalore ,Bangalore,https://images.collegedunia.com/public/image/institute/logo_1607355044SpcLogo_03.png?h=40&w=40&mode=stretch
Innobuzz - Ethical Hacking Training ,New Delhi,https://images.collegedunia.com/public/image/institute/logo_1607417950logo-30-nov.png?h=40&w=40&mode=stretch
First Look Digital Marketing Solutions ,Bangalore,https://images.collegedunia.com/public/image/institute/logo_16085416851_pNTtnB9Jl5aZxY9Yiey9zw.png?h=40&w=40&mode=stretch
SAS Institute India Pvt ltd. ,Mumbai,https://images.collegedunia.com/public/image/institute/logo_1608555418download (2).jpg?h=40&w=40&mode=stretch
Asp.Net Training Institute ,Mumbai,https://images.collegedunia.com/public/image/institute/logo_1607446863M.JPG?h=40&w=40&mode=stretch
Spark Training - Peopleclick ,Bangalore,https://images.collegedunia.com/public/image/institute/logo_1607449307logo.png?h=40&w=40&mode=stretch
TechSutra ,Mumbai,https://images.collegedunia.com/public/image/institute/logo_1607481219Screenshot 2020-12-09 074604.png?h=40&w=40&mode=stretch
eTechnoSoft ,Bangalore,https://images.collegedunia.com/public/image/institute/logo_1607504512download.png?h=40&w=40&mode=stretch
Niltech-Edu ,Hyderabad,https://images.collegedunia.com/public/image/institute/logo_160757338809-31-36-niltech-nugatory-inherits-luminescence-technologies-squarelogo-1565682505530.png?h=40&w=40&mode=stretch
BestERP Solutions ,Pune,https://images.collegedunia.com/public/image/institute/logo_1607665949Screenshot_20201211-111721_2.png?h=40&w=40&mode=stretch
NIIT ,Gurgaon,https://images.collegedunia.com/public/image/institute/logo_1607667762NIIT.png?h=40&w=40&mode=stretch
CloudKali Solutions OPC Pvt Ltd ,Bangalore,https://images.collegedunia.com/public/image/institute/logo_1608787981download.png?h=40&w=40&mode=stretch
MIDM ,Pune,https://images.collegedunia.com/public/image/institute/logo_1607696198download.png?h=40&w=40&mode=stretch
New Innovative InfoTech ,New Delhi,https://images.collegedunia.com/public/image/institute/logo_1607700674newiit.jpg?h=40&w=40&mode=stretch
Hacktify Cyber Security (Ethical Hacking Online Training),Mumbai,https://images.collegedunia.com/public/image/institute/logo_1607699789logo.png?h=40&w=40&mode=stretch
InterCAD Systems Pvt Ltd ,Chennai,https://images.collegedunia.com/public/image/institute/logo_1607713997intercad_logo1.png?h=40&w=40&mode=stretch
Sahara Computer Institute ,Mumbai,https://images.collegedunia.com/public/image/institute/logo_1607755137Screenshot 2020-12-12 102905.png?h=40&w=40&mode=stretch
SPLASH ,Chennai,https://images.collegedunia.com/public/image/institute/logo_1607761553Untitled.png?h=40&w=40&mode=stretch
NETCRAFTZ (RHCE),Bangalore,https://images.collegedunia.com/public/image/institute/logo_1607773760nc_logo.png?h=40&w=40&mode=stretch
ITIE Academy ,Bangalore,https://images.collegedunia.com/public/image/institute/logo_1607778722itie L.jpg?h=40&w=40&mode=stretch
"TechPlayLearn Robotics Summer Camp ,Class, Workshop for kids ",Bangalore,https://images.collegedunia.com/public/image/institute/logo_1607834601Screenshot 2020-12-13 095514.png?h=40&w=40&mode=stretch
FeesWorth - Training And Tech Support ,Bangalore,https://images.collegedunia.com/public/image/institute/logo_1607859274logo.png?h=40&w=40&mode=stretch
Aalekhya Infotainment Pvt Ltd ,Hyderabad,https://images.collegedunia.com/public/image/institute/logo_1608721892Aalekya Infotainment Pvt Ltd logo.jpg?h=40&w=40&mode=stretch
Abdul Malick - Digital Marketing Consultant ,Chennai,https://images.collegedunia.com/public/image/institute/logo_1608726092Logo.png?h=40&w=40&mode=stretch
Digital Marketing Training Education Services ,Sonepat,https://images.collegedunia.com/public/image/institute/logo_1608733114rajeev-anand-is-an-influencer.png?h=40&w=40&mode=stretch
Interface Alliances Global Education ,Hyderabad,https://images.collegedunia.com/public/image/institute/logo_1608793876logo-interface-300.png?h=40&w=40&mode=stretch
Educomshala - Corporate Training Institute ,New Delhi,https://images.collegedunia.com/public/image/institute/logo_1608800208LOGO (3) (1).png?h=40&w=40&mode=stretch
Digital Edge Institute ,Noida,https://images.collegedunia.com/public/image/institute/logo_1608816856Digital Edge Institute logo.png?h=40&w=40&mode=stretch
The Skill Desk ,Bangalore,https://images.collegedunia.com/public/image/institute/logo_1608893629logo (4).jpg?h=40&w=40&mode=stretch
Digital Training India ,New Delhi,https://images.collegedunia.com/public/image/institute/logo_1608897322DIGITAL TRAINING INDIA.jpg?h=40&w=40&mode=stretch
Espire Education ,Bangalore,https://images.collegedunia.com/public/image/institute/logo_1608898575Espire Education LOGO.jpg?h=40&w=40&mode=stretch
Digital Marketing Training and Job Placement- INFOSKATERS ,Bangalore,https://images.collegedunia.com/public/image/institute/logo_1608957119INFOSKATER_LOGO.png?h=40&w=40&mode=stretch
I Digital Market ,Bangalore,https://images.collegedunia.com/public/image/institute/logo_1608970462lo.png?h=40&w=40&mode=stretch
Digital Guru Computer Training Institute ,Mumbai,https://images.collegedunia.com/public/image/institute/logo_1608968016logo.png?h=40&w=40&mode=stretch
Ahmed Architects- Civil CAD Training ,Hyderabad,https://images.collegedunia.com/public/image/institute/logo_1608972967logo1.jpg?h=40&w=40&mode=stretch
Digital Academy 360 ,Chennai,https://images.collegedunia.com/public/image/institute/logo_1608977631logo (4).png?h=40&w=40&mode=stretch
Shree Satguru Links - Computer Training Institute ,Mumbai,https://images.collegedunia.com/public/image/institute/logo_1608984052logo.jpg?h=40&w=40&mode=stretch
Excel Computer Institute ,Thane,https://images.collegedunia.com/public/image/institute/logo_1609140770excel-logo.png?h=40&w=40&mode=stretch
Institute of Digital Education and Development ,Bangalore,https://images.collegedunia.com/public/image/institute/logo_1609166812LOGO (1).png?h=40&w=40&mode=stretch
Leanwisdom ,Bangalore,https://images.collegedunia.com/public/image/institute/logo_1609169969logo.svg?h=40&w=40&mode=stretch
7PIXELZ ,Chennai,https://images.collegedunia.com/public/image/institute/logo_1609564853logo_16093394677pixelz_logo.png?h=40&w=40&mode=stretch
Travarsa Private Limited ,New Town,https://images.collegedunia.com/public/image/institute/logo_1609230182Logo.jpg?h=40&w=40&mode=stretch
Moksha Global IT Training ,Hyderabad,https://images.collegedunia.com/public/image/institute/logo_1609240742Moksha Global IT Training logo.jpg?h=40&w=40&mode=stretch
RSM Digital ,Ghaziabad,https://images.collegedunia.com/public/image/institute/logo_1609245828Logo.jpg?h=40&w=40&mode=stretch
PRISM Academy Of Art And Fashion ,Bangalore,https://images.collegedunia.com/public/image/institute/logo_1609248855Prism Academy Of Art And Fashion logo 1.jpg?h=40&w=40&mode=stretch
SK E-Marketing Services ,Hyderabad,https://images.collegedunia.com/public/image/institute/logo_1609250481SK EMarketing Services.png?h=40&w=40&mode=stretch
Digital Marketing Saga ,New Delhi,https://images.collegedunia.com/public/image/institute/logo_1609251542Logo.jpg?h=40&w=40&mode=stretch
Virtiledge ,Bangalore,https://images.collegedunia.com/public/image/institute/logo_1609255309Virtiledge logo.png?h=40&w=40&mode=stretch
Aakash Digital ,Bangalore,https://images.collegedunia.com/public/image/institute/logo_1627984917cropped-Digital-Akash.png?h=40&w=40&mode=stretch
i-Strategist ,Mumbai,https://images.collegedunia.com/public/image/institute/logo_1609845662logo.png?h=40&w=40&mode=stretch
AutoCAD Training Institute in Kolkata ,Kolkata,https://images.collegedunia.com/public/image/institute/logo_1609308294cad logo.jpg?h=40&w=40&mode=stretch
Staenz Digital Marketing Academy ,Noida,https://images.collegedunia.com/public/image/institute/logo_1609499840staenz-logo and cover page.png?h=40&w=40&mode=stretch
Digital Marketing Learners Academy ,Mumbai,https://images.collegedunia.com/public/image/institute/logo_1609314018D LOGO.jpg?h=40&w=40&mode=stretch
KC Robotics and Embedded Pvt Ltd ,Noida,https://images.collegedunia.com/public/image/institute/logo_1609317709s 6.png?h=40&w=40&mode=stretch
Amudha Kumar ,Chennai,https://images.collegedunia.com/public/image/institute/logo_1609392072Amudhakumar - Professional Digital Marketing Trainer in Chennai Intro.png?h=40&w=40&mode=stretch
GSearch Network ,Bangalore,https://images.collegedunia.com/public/image/institute/logo_1609331098download (31).jpeg?h=40&w=40&mode=stretch
IIM SKILLS ,Bandra,https://images.collegedunia.com/public/image/institute/logo_1609335263LOGO IIM SKILLS.png?h=40&w=40&mode=stretch
SSS SoftSkills Training Consultancy ,Chennai,https://images.collegedunia.com/public/image/institute/logo_1609397091images (6).jpeg?h=40&w=40&mode=stretch
The Chennai School Of Banking and Management ,Chennai,https://images.collegedunia.com/public/image/institute/logo_1609425624download (3).png?h=40&w=40&mode=stretch
Vistronics Design Solutions ,Chennai,https://images.collegedunia.com/public/image/institute/logo_1609428995Vistronics Design Solutions logo.png?h=40&w=40&mode=stretch
"Hitesh Motwani - Social media Trainer, PR and Digital Marketing Expert ",Mumbai,https://images.collegedunia.com/public/image/institute/logo_1609529087logo.jpg?h=40&w=40&mode=stretch
Professional Engineering Training Institute ,Mumbai,https://images.collegedunia.com/public/image/institute/logo_1609532816download.png?h=40&w=40&mode=stretch
Cmat Cadd Centre ,Mumbai,https://images.collegedunia.com/public/image/institute/logo_1609570316cover.png?h=40&w=40&mode=stretch
Digi Wisdom ,Hyderabad,https://images.collegedunia.com/public/image/institute/logo_1609575123logo.png?h=40&w=40&mode=stretch
IPCS Digital ,Chennai,https://images.collegedunia.com/public/image/institute/logo_1609579916IPCS-DIGITAL-LOGO.png?h=40&w=40&mode=stretch
Digital Gurukulam - Digital Marketing Courses ,Mumbai,"https://images.collegedunia.com/public/image/institute/logo_1609605425Digital Gurukulam - Digital Marketing Courses in Borivali, Mumbai LOGO.png?h=40&w=40&mode=stretch"
A to Z Academy - Digital Marketing Training Institute ,Kolkata,https://images.collegedunia.com/public/image/institute/logo_161138725467674829_1163678413836139_4917285963878629376_n.jpg?h=40&w=40&mode=stretch
"IGNITED EDU FUTURE - Study abroad education consultant, Study in UK, Canada ",Chennai,https://images.collegedunia.com/public/image/institute/logo_1609673867LOGO.jpg?h=40&w=40&mode=stretch
Digital Indra ,Bangalore,https://images.collegedunia.com/public/image/institute/logo_1609697387digital_indra_logo.JPG?h=40&w=40&mode=stretch
DigiPro Crafts ,Mumbai,https://images.collegedunia.com/public/image/institute/logo_1609699037logo10 (1).jpg?h=40&w=40&mode=stretch
DigitalKal ,Noida,https://images.collegedunia.com/public/image/institute/logo_1609746316Digitalkal-small-logo-TM-png-Digital-Marketing-Course-.png?h=40&w=40&mode=stretch
Agometa Digital Marketing ,Hyderabad,https://images.collegedunia.com/public/image/institute/logo_1609754989LOGO (8).png?h=40&w=40&mode=stretch
CADD CENTRE Kolkata - ULTADANGA (Genex Engineering and Management Solutions) ,Kolkata,https://images.collegedunia.com/public/image/institute/logo_1609771000Logo.png?h=40&w=40&mode=stretch
Genesis Software Training ,New Delhi,https://images.collegedunia.com/public/image/institute/logo_1609842403logo.png?h=40&w=40&mode=stretch
The Digital Brunch - a uniquely curated Digital Marketing Training Program ,Mumbai,https://images.collegedunia.com/public/image/institute/logo_1609852322LOGO.png?h=40&w=40&mode=stretch
Planet Education ,Bangalore,https://images.collegedunia.com/public/image/institute/logo_1610189738logo (8).png?h=40&w=40&mode=stretch
DMAPU India - SEO Course in Delhi ,New Delhi,https://images.collegedunia.com/public/image/institute/logo_1610220548dmapu logo.png?h=40&w=40&mode=stretch
Olive Consulting ,Bangalore,https://images.collegedunia.com/public/image/institute/logo_1609915183l.jpg?h=40&w=40&mode=stretch
YesDM (Digital Marketing Training Center) ,Chennai,https://images.collegedunia.com/public/image/institute/logo_1609931462cover (1).jpg?h=40&w=40&mode=stretch
Digital Dreams ,Kolkata,https://images.collegedunia.com/public/image/institute/logo_1609992371Logo.jpg?h=40&w=40&mode=stretch
Just Robotics ,Bangalore,https://images.collegedunia.com/public/image/institute/logo_1610005900Logo.jpg?h=40&w=40&mode=stretch
The Erudite Architects ,Jaipur,https://images.collegedunia.com/public/image/institute/logo_1610012166logo (2).png?h=40&w=40&mode=stretch
Canadian Education Centre ,New Delhi,https://images.collegedunia.com/public/image/institute/logo_1610014344canad logo.jpg?h=40&w=40&mode=stretch
DIGITAL MARKETING UNIVERSITY ,Kolkata,https://images.collegedunia.com/public/image/institute/logo_1610164707LOGO.png?h=40&w=40&mode=stretch
"ColorCubes Studio | NATA Coaching Centre In Anna Nagar, Chennai ",Chennai,https://images.collegedunia.com/public/image/institute/logo_1610287703c1.png?h=40&w=40&mode=stretch
NIDM Banashankari - Digital Marketing Training Institute in Banashankari ,Bangalore,https://images.collegedunia.com/public/image/institute/logo_1610320390l.png?h=40&w=40&mode=stretch
Digital Marketing and Ecommerce Consultant Delhi ,New Delhi,https://images.collegedunia.com/public/image/institute/logo_1610324502DIGITAL MARKETING_LOGO.JPG?h=40&w=40&mode=stretch
Astitva IAS Academy ,Jaipur,https://images.collegedunia.com/public/image/institute/logo_1610336799logo-round.jpg?h=40&w=40&mode=stretch
I-MEDITA ,Gurgaon,https://images.collegedunia.com/public/image/institute/logo_1613794834Logo.png?h=40&w=40&mode=stretch
Pepcoding ,New Delhi,https://images.collegedunia.com/public/image/institute/logo_1624364782Logo.png?h=40&w=40&mode=stretch
DG Royals-best digital marketing institute ,New Delhi,https://images.collegedunia.com/public/image/institute/logo_1610430914dg-royals-best-digital-marketing-institute-logo.png?h=40&w=40&mode=stretch
Tensai Institute of Japanese Language ,Noida,https://images.collegedunia.com/public/image/institute/logo_1610513941Tensai Institute Of Japanese Language logo.jpg?h=40&w=40&mode=stretch
DigiDir- Digital Marketing Agency and Training Institute ,Noida,https://images.collegedunia.com/public/image/institute/logo_1610517017l.png?h=40&w=40&mode=stretch
Dronacharya IAS Academy ,Mumbai,https://images.collegedunia.com/public/image/institute/logo_1610534237Dronacharya IAS Academy LOGO.jpg?h=40&w=40&mode=stretch
KOTTA ACADEMY ,Ghaziabad,https://images.collegedunia.com/public/image/institute/logo_1610535255LOGO.jpg?h=40&w=40&mode=stretch
My Foreign Languages ,Secunderabad,https://images.collegedunia.com/public/image/institute/logo_1614395572download (5).jpg?h=40&w=40&mode=stretch
Success forum ,Thane,https://images.collegedunia.com/public/image/institute/logo_1610593705Success forum LOGO.png?h=40&w=40&mode=stretch
GMAT Gladiator ,Gurgaon,https://images.collegedunia.com/public/image/institute/logo_1610596119GMAT Gladiator LOGO.jpg?h=40&w=40&mode=stretch
Apple Overseas Education Consultants ,Hyderabad,https://images.collegedunia.com/public/image/institute/logo_1610606992l.png?h=40&w=40&mode=stretch
Galaxy Educational Consultants ,Chennai,https://images.collegedunia.com/public/image/institute/logo_1610609686GALAXY LOGO.jpg?h=40&w=40&mode=stretch
Rewise IAS (UPSC),Ghaziabad,https://images.collegedunia.com/public/image/institute/logo_1610623834logo.png?h=40&w=40&mode=stretch
Devweboic Techsolutions (OPC) Pvt. Ltd. ,New Delhi,https://images.collegedunia.com/public/image/institute/logo_1610628046Logo.png?h=40&w=40&mode=stretch
Digigist - Digital Marketing Courses In Dilsukhnagar Hyderabad ,Hyderabad,https://images.collegedunia.com/public/image/institute/logo_1610631065Logo.png?h=40&w=40&mode=stretch
Success Learning Solutions ,Memari,https://images.collegedunia.com/public/image/institute/logo_1610680579Success learning solution LOGO.jpg?h=40&w=40&mode=stretch
"Raj Web Technology - Digital Marketing Agency and Training Institute | SMO, PPC, SEM, SEO Course | Digital School Faridabad ",Faridabad,https://images.collegedunia.com/public/image/institute/logo_1610688455rajweb-logo.jpg?h=40&w=40&mode=stretch
Benchmark Email ,Gurgaon,https://images.collegedunia.com/public/image/institute/logo_1610694607coverpage.png?h=40&w=40&mode=stretch
Sigmaflux ,Thane,https://images.collegedunia.com/public/image/institute/logo_1610710455SigmaFlux-Logo.png?h=40&w=40&mode=stretch
DS Classes ,Bhopal,https://images.collegedunia.com/public/image/institute/logo_1610723144DS_classes_logo.JPG?h=40&w=40&mode=stretch
Fresher2Expert ,Kolkata,https://images.collegedunia.com/public/image/institute/logo_1610723875FRESHER_LOGO.JPG?h=40&w=40&mode=stretch
StarAgile ,Bangalore,https://images.collegedunia.com/public/image/institute/logo_1610768314StarAgile logo.jpg?h=40&w=40&mode=stretch
Pollster Education ,Mumbai,https://images.collegedunia.com/public/image/institute/logo_1610788630POLLSTER LOGO.png?h=40&w=40&mode=stretch
HalloLingua German Language Institute ,Hyderabad,https://images.collegedunia.com/public/image/institute/logo_1610792376hl_logo.JPG?h=40&w=40&mode=stretch
RoboDatics ,New Delhi,https://images.collegedunia.com/public/image/institute/logo_1610793864robodatics_logo.png?h=40&w=40&mode=stretch
Srikanth Giddalur Web Master ,Hyderabad,https://images.collegedunia.com/public/image/institute/logo_1610807093logo.jpg?h=40&w=40&mode=stretch
Truematics ,Chennai,https://images.collegedunia.com/public/image/institute/logo_1610794978trumatic logo.jpg?h=40&w=40&mode=stretch
LENGUA INSTITUTE ,Hyderabad,https://images.collegedunia.com/public/image/institute/logo_1610807395li_logo.JPG?h=40&w=40&mode=stretch
AJLON Technologies ,Chennai,https://images.collegedunia.com/public/image/institute/logo_1610816134Logo.jpg?h=40&w=40&mode=stretch
Autocad Courses and 3D Max Training Institute ,Mumbai,https://images.collegedunia.com/public/image/institute/logo_1610852004logo.png?h=40&w=40&mode=stretch
CTCDC - Advanced Digital Marketing Training Institute ,New Delhi,https://images.collegedunia.com/public/image/institute/logo_1610861974Logo (10).jpg?h=40&w=40&mode=stretch
eMindFolks ,Chennai,https://images.collegedunia.com/public/image/institute/logo_1610874711Logo.png?h=40&w=40&mode=stretch
Aviv Digital ,Gurgaon,https://images.collegedunia.com/public/image/institute/logo_1610917416LOGO.png?h=40&w=40&mode=stretch
Institute Of Marketing ,Bangalore,https://images.collegedunia.com/public/image/institute/logo_1610938603Logo.png?h=40&w=40&mode=stretch
Orbit Institutes Pvt Ltd ,Chennai,https://images.collegedunia.com/public/image/institute/logo_1610954817orbit-institutes-pvt-ltd-b-s-.jpg?h=40&w=40&mode=stretch
RD International ,Bangalore,https://images.collegedunia.com/public/image/institute/logo_1610958925logo.png?h=40&w=40&mode=stretch
S2S Mantra ,Pune,https://images.collegedunia.com/public/image/institute/logo_1610976771LOGO.jpg?h=40&w=40&mode=stretch
Greenway Overseas Consultancy ,Mumbai,https://images.collegedunia.com/public/image/institute/logo_1610981057cropped-logo-3-3.png?h=40&w=40&mode=stretch
Rmsoft Technologies ,Gopalpur,https://images.collegedunia.com/public/image/institute/logo_1610982255Logo.png?h=40&w=40&mode=stretch
Numen Technology ,Bangalore,https://images.collegedunia.com/public/image/institute/logo_16110568900.jpg?h=40&w=40&mode=stretch
Aptimania ,Jaipur,https://images.collegedunia.com/public/image/institute/logo_1611051748Logo.jpg?h=40&w=40&mode=stretch
Digital Trainee ,Pune,https://images.collegedunia.com/public/image/institute/logo_1611066440new_logo.png?h=40&w=40&mode=stretch
Net Tech ,New Delhi,https://images.collegedunia.com/public/image/institute/logo_1611110632logo (1).png?h=40&w=40&mode=stretch
RAY Consulting ,Hyderabad,https://images.collegedunia.com/public/image/institute/logo_1611116945logo-gif.gif?h=40&w=40&mode=stretch
Cliniminds Kolkata ,Kolkata,https://images.collegedunia.com/public/image/institute/logo_1611119155logo clini.jpg?h=40&w=40&mode=stretch
CMS Computer Institute ,Pune,https://images.collegedunia.com/public/image/institute/logo_1611124227logo.jpg?h=40&w=40&mode=stretch
RPS Professional Academy ,Thane,https://images.collegedunia.com/public/image/institute/logo_1611126346Logo.jpg?h=40&w=40&mode=stretch
V'Smart Classes Pitampura ,New Delhi,https://images.collegedunia.com/public/image/institute/logo_1611131478V'Smart Classes Pitampura_logo.JPG?h=40&w=40&mode=stretch
Mitsu Cad Training Centre ,Pune,https://images.collegedunia.com/public/image/institute/logo_1611146668download.jpg?h=40&w=40&mode=stretch
Shutterupp ,Mumbai,https://images.collegedunia.com/public/image/institute/logo_1611149046shutterupp logo.png?h=40&w=40&mode=stretch
Capt. Surinder Singh ,New Delhi,https://images.collegedunia.com/public/image/institute/logo_1611155812qt=q_95.jpg?h=40&w=40&mode=stretch
Digital Dnyan Academy (SEO),Pune,https://images.collegedunia.com/public/image/institute/logo_1613289171download (1).jpg?h=40&w=40&mode=stretch
The Social Mango ,Mumbai,https://images.collegedunia.com/public/image/institute/logo_1611196443logo-1.png?h=40&w=40&mode=stretch
Webchimps Online Training Services ,Mumbai,https://images.collegedunia.com/public/image/institute/logo_1611200141webchimps-logo-3.png?h=40&w=40&mode=stretch
Inflexion Point ,New Delhi,https://images.collegedunia.com/public/image/institute/logo_1611214789point..png?h=40&w=40&mode=stretch
Penance Point ,Udaipur,https://images.collegedunia.com/public/image/institute/logo_1611215962Logo.jpg?h=40&w=40&mode=stretch
Ocean Language Academy ,Bangalore,https://images.collegedunia.com/public/image/institute/logo_1611223468Logo.jpg?h=40&w=40&mode=stretch
Map Gurukul Institute Of Commerce ,New Delhi,https://images.collegedunia.com/public/image/institute/logo_1611286118images.png?h=40&w=40&mode=stretch
Prabha IAS IPS Academy ,Chennai,https://images.collegedunia.com/public/image/institute/logo_1611290284logo.png?h=40&w=40&mode=stretch
Study Sure Overseas Educational Consultants ,New Delhi,https://images.collegedunia.com/public/image/institute/logo_1611292461logo.jpg?h=40&w=40&mode=stretch
Opteamize Cloud Solutions ,Chennai,https://images.collegedunia.com/public/image/institute/logo_1611295123logo.png?h=40&w=40&mode=stretch
Maths Tutor-Chemistry-Home-Tutor-Physics-Home-Tutor in ,New Delhi,https://images.collegedunia.com/public/image/institute/logo_1611299045logo (20).png?h=40&w=40&mode=stretch
Skillking Institute ,Mumbai,https://images.collegedunia.com/public/image/institute/logo_1611301285Logo.jpg?h=40&w=40&mode=stretch
Genefite Career Academy ,Jaipur,https://images.collegedunia.com/public/image/institute/logo_1611305023Logo.jpg?h=40&w=40&mode=stretch
Hitesh Motwani ,Mumbai,https://images.collegedunia.com/public/image/institute/logo_161132248553036239_2288735321386079_1306391603899793408_o.jpg?h=40&w=40&mode=stretch
Princess Jyotsana Softwares ,Kolkata,https://images.collegedunia.com/public/image/institute/logo_1611319129Logo.jpg?h=40&w=40&mode=stretch
TechandMate ,New Delhi,https://images.collegedunia.com/public/image/institute/logo_1611325759logo.jpg?h=40&w=40&mode=stretch
Blitz IAS ,Pune,https://images.collegedunia.com/public/image/institute/logo_1611327858LOGO.jpg?h=40&w=40&mode=stretch
Learntek ,Hyderabad,https://images.collegedunia.com/public/image/institute/logo_1611331868LEARNTEK LOGO.png?h=40&w=40&mode=stretch
Revamp Training Institute ,Pune,https://images.collegedunia.com/public/image/institute/logo_1611394143Logo.png?h=40&w=40&mode=stretch
Dr. HSB CLASSES ,Kolkata,https://images.collegedunia.com/public/image/institute/logo_1611408029AnyConv.com__LOGO.jpg?h=40&w=40&mode=stretch
Ajay Dhar Mathematics Tutor Free Trial ,New Delhi,https://images.collegedunia.com/public/image/institute/logo_1611487826LOGOO.jpg?h=40&w=40&mode=stretch
IELTS Coaching| Aundh- Wakad-Baner ,Pune,https://images.collegedunia.com/public/image/institute/logo_1611988244l.png?h=40&w=40&mode=stretch
Web Training India ,New Delhi,https://images.collegedunia.com/public/image/institute/logo_1611553099logo85.jpg?h=40&w=40&mode=stretch
Direction - Institute for Life Science ,Jaipur,https://images.collegedunia.com/public/image/institute/logo_1611556444logo-dark.png?h=40&w=40&mode=stretch
Language Step ,Bangalore,https://images.collegedunia.com/public/image/institute/logo_1611587634ls-logo.png?h=40&w=40&mode=stretch
KSG Square- CA/CS/CMA Classes ,Kolkata,https://images.collegedunia.com/public/image/institute/logo_1611631466ksg-square-logo.jpg?h=40&w=40&mode=stretch
Sandeep Goswami Tax classes ,Kolkata,https://images.collegedunia.com/public/image/institute/logo_1611643488unnamed.jpg?h=40&w=40&mode=stretch
Trivid Technologies ,Chennai,https://images.collegedunia.com/public/image/institute/logo_1611672615logo.png?h=40&w=40&mode=stretch
Zenith Biology ,Kolkata,https://images.collegedunia.com/public/image/institute/logo_1611674436logo.jpg?h=40&w=40&mode=stretch
Excellent Coaching Centre ,New Delhi,https://images.collegedunia.com/public/image/institute/logo_1611759594AnyConv.com__LOGO.jpg?h=40&w=40&mode=stretch
NCHMCT JEE Coaching in Kolkata ,Kolkata,https://images.collegedunia.com/public/image/institute/logo_1611843394AnyConv.com__LOGO.jpg?h=40&w=40&mode=stretch
bonjour french classroom ,New Delhi,https://images.collegedunia.com/public/image/institute/logo_1611906842logo (3) (1).png?h=40&w=40&mode=stretch
Miles CMA ,Gurgaon,https://images.collegedunia.com/public/image/institute/logo_1611909631unnamed (1).jpg?h=40&w=40&mode=stretch
WebHawks ,Bangalore,https://images.collegedunia.com/public/image/institute/logo_1611921750logo1.png?h=40&w=40&mode=stretch
BLUECHIP KARNATAKA EDUCATION TRUST / IELTS / OET / TOEFL / PTE / SPOKEN ENGLISH ,Bangalore,https://images.collegedunia.com/public/image/institute/logo_1611930823business_logo (2).png?h=40&w=40&mode=stretch
J.p.gupta & Associates ,New Delhi,https://images.collegedunia.com/public/image/institute/logo_1611932674logo.jpg?h=40&w=40&mode=stretch
Leelawati IAS Coaching ,Ghaziabad,https://images.collegedunia.com/public/image/institute/logo_1612343926Logo (10).jpg?h=40&w=40&mode=stretch
CD Classes ,New Delhi,https://images.collegedunia.com/public/image/institute/logo_1611983735Logo.png?h=40&w=40&mode=stretch
Dnyandeep Academy ,Pune,https://images.collegedunia.com/public/image/institute/logo_1611986942Logo.png?h=40&w=40&mode=stretch
Klondike Tech Academy ,Chennai,https://images.collegedunia.com/public/image/institute/logo_1611988042g1.PNG?h=40&w=40&mode=stretch
Data Kosine ,Bangalore,https://images.collegedunia.com/public/image/institute/logo_1611997612LOGO.png?h=40&w=40&mode=stretch
Plutus IAS Academy ,Noida,https://images.collegedunia.com/public/image/institute/logo_1612002359Logo.png?h=40&w=40&mode=stretch
Rays Education ,Malappuram,https://images.collegedunia.com/public/image/institute/logo_1612007942Logo.png?h=40&w=40&mode=stretch
ExceGence Educator ,Kolkata,https://images.collegedunia.com/public/image/institute/logo_1612014415LOGO.png?h=40&w=40&mode=stretch
Texas Review ,Hyderabad,https://images.collegedunia.com/public/image/institute/logo_1612020523texsas _logo.JPG?h=40&w=40&mode=stretch
EduGen Study Abroad Consultants ,New Delhi,https://images.collegedunia.com/public/image/institute/logo_1612021632download.jpg?h=40&w=40&mode=stretch
SHIFOO Academy ,Bangalore,https://images.collegedunia.com/public/image/institute/logo_1612032351logo.png?h=40&w=40&mode=stretch
SEVEN PIXELZ ,Chennai,https://images.collegedunia.com/public/image/institute/logo_1612087142LOGO.png?h=40&w=40&mode=stretch
Voice - CAE Exam and IELTS Test Centers in Bangalore ,Bangalore,https://images.collegedunia.com/public/image/institute/logo_1612103681VOICE TRAINING_LOGO.JPG?h=40&w=40&mode=stretch
IAS Guru ,New Delhi,https://images.collegedunia.com/public/image/institute/logo_1612109632logo.jpeg?h=40&w=40&mode=stretch
Delhis's IAS Study Circle ,New Delhi,https://images.collegedunia.com/public/image/institute/logo_1612116479LOGO (10).png?h=40&w=40&mode=stretch
Prime Tutor ,Kolkata,https://images.collegedunia.com/public/image/institute/logo_1618610064LOGO.png?h=40&w=40&mode=stretch
Visum Outsourcing ,New Delhi,https://images.collegedunia.com/public/image/institute/logo_1612150836Logo.png?h=40&w=40&mode=stretch
Aspire Now ,New Delhi,https://images.collegedunia.com/public/image/institute/logo_1612157919logo (1).png?h=40&w=40&mode=stretch
Cost Accountants Balwinder & Associates ,Mohali,https://images.collegedunia.com/public/image/institute/logo_1612177635logo 5.png?h=40&w=40&mode=stretch
ABC'Z ,Pune,https://images.collegedunia.com/public/image/institute/logo_1612195433abcz Logo.jpg?h=40&w=40&mode=stretch
EngPlanet ,Hyderabad,https://images.collegedunia.com/public/image/institute/logo_1612195947logo (14).jpg?h=40&w=40&mode=stretch
Altitude Training Institute ,Mumbai,https://images.collegedunia.com/public/image/institute/logo_1612238661logo (15).jpg?h=40&w=40&mode=stretch
Institute of Marketing ,Bangalore,https://images.collegedunia.com/public/image/institute/logo_1612266047logo.jpg?h=40&w=40&mode=stretch
School of Digital Marketing ,Kolkata,https://images.collegedunia.com/public/image/institute/logo_1612267334logo.png?h=40&w=40&mode=stretch
MyFinEra ,New Delhi,https://images.collegedunia.com/public/image/institute/logo_1612276272logo (3).png?h=40&w=40&mode=stretch
The Institute Of Practical Learning For Accounting Professionals ,New Delhi,https://images.collegedunia.com/public/image/institute/logo_1612320237logo3.jpg?h=40&w=40&mode=stretch
Career Development Academy ,Mumbai,https://images.collegedunia.com/public/image/institute/logo_1612337774Logo.jfif?h=40&w=40&mode=stretch
Dr. Mudgerikars Classes ,Pune,https://images.collegedunia.com/public/image/institute/logo_1612346224logo.jpg?h=40&w=40&mode=stretch
Aspira UI and UX Design Institute ,Bangalore,https://images.collegedunia.com/public/image/institute/logo_1612352431Logo.jpg?h=40&w=40&mode=stretch
som-itsolutions ,Kolkata,https://images.collegedunia.com/public/image/institute/logo_1612359862logo (13).png?h=40&w=40&mode=stretch
Route 2 Jobs Academy ,Mumbai,https://images.collegedunia.com/public/image/institute/logo_1612363223Photo 01.jpg?h=40&w=40&mode=stretch
Prameya Data Sciences (Data Science Course),Hyderabad,https://images.collegedunia.com/public/image/institute/logo_1612381053logo (21).jpg?h=40&w=40&mode=stretch
Swabhiman Academy of Banking & Finance ,Mumbai,https://images.collegedunia.com/public/image/institute/logo_1612406712Brochure.jfif?h=40&w=40&mode=stretch
RPA Online Training ,Hyderabad,https://images.collegedunia.com/public/image/institute/logo_1612411736Logo.png?h=40&w=40&mode=stretch
Online Tech Era ,Hyderabad,https://images.collegedunia.com/public/image/institute/logo_1612419808Logo.png?h=40&w=40&mode=stretch
The Tools BI and Analytics Training ,Pune,https://images.collegedunia.com/public/image/institute/logo_1612439723The tools Logo.jpg?h=40&w=40&mode=stretch
The Law Classes ,Kolkata,https://images.collegedunia.com/public/image/institute/logo_1612438772Logo.jpg?h=40&w=40&mode=stretch
Upscale ,Pune,https://images.collegedunia.com/public/image/institute/logo_1612446030upscale_logo.png?h=40&w=40&mode=stretch
SK Engineering Academy ,Chennai,https://images.collegedunia.com/public/image/institute/logo_1612447966logo (22).jpg?h=40&w=40&mode=stretch
Delhi Tutors Academy ,New Delhi,https://images.collegedunia.com/public/image/institute/logo_1612453031logo.jpg?h=40&w=40&mode=stretch
Mirakuru Digital Marketing Education ,Mumbai,https://images.collegedunia.com/public/image/institute/logo_1612462406logo (17).png?h=40&w=40&mode=stretch
CIMA India Liaison Office ,New Delhi,https://images.collegedunia.com/public/image/institute/logo_1612497068logo.jpg?h=40&w=40&mode=stretch
The Global Academy of Digital Media Marketing (GADMM) ,Kolkata,https://images.collegedunia.com/public/image/institute/logo_1612509933LOGO (26).jpg?h=40&w=40&mode=stretch
KAUSTYA ROBOTICS LIMITED ,Pune,https://images.collegedunia.com/public/image/institute/logo_1612511020k4.PNG?h=40&w=40&mode=stretch
My Cad Center ,Pune,https://images.collegedunia.com/public/image/institute/logo_1612511664logo (28).jpg?h=40&w=40&mode=stretch
CFA Training Institute ,Mumbai,https://images.collegedunia.com/public/image/institute/logo_1612516335LOGO (15).png?h=40&w=40&mode=stretch
GMAT Trainers ,New Delhi,https://images.collegedunia.com/public/image/institute/logo_1612518207logo.jpg?h=40&w=40&mode=stretch
Cosmolingua Institute of Foreign Languages ,New Delhi,https://images.collegedunia.com/public/image/institute/logo_1612519122cosmolingua-logo-1.png?h=40&w=40&mode=stretch
Institute of Conceptual Physics ,New Delhi,https://images.collegedunia.com/public/image/institute/logo_1612519293logo.png?h=40&w=40&mode=stretch
Intesol India ,Kolkata,https://images.collegedunia.com/public/image/institute/logo_1612524621LOGO.jpg?h=40&w=40&mode=stretch
Human Factors International ,Mumbai,https://images.collegedunia.com/public/image/institute/logo_1612528513HFI Logo.png?h=40&w=40&mode=stretch
VCARE Technical Institute ,New Delhi,https://images.collegedunia.com/public/image/institute/logo_1612527267vcaretechnicallogo.png?h=40&w=40&mode=stretch
FinoLink CFA Coaching ,Mumbai,https://images.collegedunia.com/public/image/institute/logo_1612527529logo (13).jpg?h=40&w=40&mode=stretch
Chemistry Classes IIT JEE- NEET-AIIMS-Olympiad ,New Delhi,https://images.collegedunia.com/public/image/institute/logo_1612532776c2.PNG?h=40&w=40&mode=stretch
Indian Society for Development Training ,Kolkata,https://images.collegedunia.com/public/image/institute/logo_1612548777Logo.jpg?h=40&w=40&mode=stretch
LanguageNext ,Noida,https://images.collegedunia.com/public/image/institute/logo_1612595281unnamed (29).jpg?h=40&w=40&mode=stretch
Ria Academy - Software Training ,Bangalore,https://images.collegedunia.com/public/image/institute/logo_1612612633LOGO.png?h=40&w=40&mode=stretch
SMART ACADEMY ,Bahadurpura,https://images.collegedunia.com/public/image/institute/logo_1612616749LOGO.png?h=40&w=40&mode=stretch
Study Point ,Kolkata,https://images.collegedunia.com/public/image/institute/logo_1612678259logo.jpg?h=40&w=40&mode=stretch
DasGTI ,Hyderabad,https://images.collegedunia.com/public/image/institute/logo_1612716493Logo.jpg?h=40&w=40&mode=stretch
I Dream IT Solution ,Bangalore,https://images.collegedunia.com/public/image/institute/logo_1612715270unnamed (13).jpg?h=40&w=40&mode=stretch
Bhav Sagar Railway Coaching ,Bhopal,https://images.collegedunia.com/public/image/institute/logo_1612765404Bhav Sagar Railway Logo.jpg?h=40&w=40&mode=stretch
TIC - Java QTP Selenium PHP Azure AWS Certification Networking CCNA SAP Training ,Chennai,https://images.collegedunia.com/public/image/institute/logo_1612765349LOGO (23).png?h=40&w=40&mode=stretch
ECC Institute ,New Delhi,https://images.collegedunia.com/public/image/institute/logo_1612849438Logo (19).PNG?h=40&w=40&mode=stretch
Enlighters Academy ,Bangalore,https://images.collegedunia.com/public/image/institute/logo_1612854106Logo.jpg?h=40&w=40&mode=stretch
Coaching Hub ,New Delhi,https://images.collegedunia.com/public/image/institute/logo_1612854640Logo.jpg?h=40&w=40&mode=stretch
Accent & Communication Training Institute ,Mumbai,https://images.collegedunia.com/public/image/institute/logo_1612888922LOGO (26).png?h=40&w=40&mode=stretch
Apex Tutor ,New Delhi,https://images.collegedunia.com/public/image/institute/logo_1612893766LOGO Apex-tutors-png.png?h=40&w=40&mode=stretch
Triservices Coaching Classes ,Pune,https://images.collegedunia.com/public/image/institute/logo_1612929353TRI_LOGO.png?h=40&w=40&mode=stretch
Ascent IT Services ,New Delhi,https://images.collegedunia.com/public/image/institute/logo_1612930210ASCENT_LOGO.JPG?h=40&w=40&mode=stretch
Success Tricks Campus ,Ghaziabad,https://images.collegedunia.com/public/image/institute/logo_1612933297Logo.png?h=40&w=40&mode=stretch
The Study Cube Commerce Academy ,New Delhi,https://images.collegedunia.com/public/image/institute/logo_1612935250Logo.png?h=40&w=40&mode=stretch
Psychology Academy ,New Delhi,https://images.collegedunia.com/public/image/institute/logo_1612937459Logo.jpg?h=40&w=40&mode=stretch
The Mentoring Hub ,Gurgaon,https://images.collegedunia.com/public/image/institute/logo_1612940264logoo.jpg?h=40&w=40&mode=stretch
Exampur ,New Delhi,https://images.collegedunia.com/public/image/institute/logo_1612944574exampur-logo.png?h=40&w=40&mode=stretch
MedExams Prep ,New Delhi,https://images.collegedunia.com/public/image/institute/logo_1612944813Logo (2).jpg?h=40&w=40&mode=stretch
Jey shetra Academy ,Chennai,https://images.collegedunia.com/public/image/institute/logo_1612948933jsf logo.png?h=40&w=40&mode=stretch
International Dental  Education Centre ,Mumbai,https://images.collegedunia.com/public/image/institute/logo_1612960392Screenshot 2021-02-10 180252.png?h=40&w=40&mode=stretch
Triservices ,Pune,https://images.collegedunia.com/public/image/institute/logo_1612969068LOGO.png?h=40&w=40&mode=stretch
GRIP Academy ,Bangalore,https://images.collegedunia.com/public/image/institute/logo_1612977815LOGO (31).png?h=40&w=40&mode=stretch
Agnivesh PG Classes ,Jaipur,https://images.collegedunia.com/public/image/institute/logo_1612980083logo3 (1).png?h=40&w=40&mode=stretch
Edxcare International ,Kolkata,https://images.collegedunia.com/public/image/institute/logo_1613024230LOGO.jpg?h=40&w=40&mode=stretch
Nids The Language College ,Phagwara,https://images.collegedunia.com/public/image/institute/logo_1613025023logo.png?h=40&w=40&mode=stretch
Institute of Portuguese & Spanish Studies ,New Delhi,https://images.collegedunia.com/public/image/institute/logo_1613027579langecole.bmp?h=40&w=40&mode=stretch
eduFOCUS ,Kolkata,https://images.collegedunia.com/public/image/institute/logo_161303188036037126_447508635720026_2493686066783977472_n.jpg?h=40&w=40&mode=stretch
The Home Tuition Dwarka ,New Delhi,https://images.collegedunia.com/public/image/institute/logo_1613105821logo.jpg?h=40&w=40&mode=stretch
TravelOcademy Institute ,New Delhi,https://images.collegedunia.com/public/image/institute/logo_1613109275logo.jpg?h=40&w=40&mode=stretch
3A Learning Solutions ,Gurgaon,https://images.collegedunia.com/public/image/institute/logo_1613112094logo.2...png?h=40&w=40&mode=stretch
Seo Craft ,Gurgaon,https://images.collegedunia.com/public/image/institute/logo_1613112548LOGO (43).jpg?h=40&w=40&mode=stretch
Eduhub Centre ,Mumbai,https://images.collegedunia.com/public/image/institute/logo_1613122263looogo.png?h=40&w=40&mode=stretch
Mishra IAS ,Bhopal,https://images.collegedunia.com/public/image/institute/logo_1613125502logoMishra2.png?h=40&w=40&mode=stretch
Gees Consultants ,Bangalore,https://images.collegedunia.com/public/image/institute/logo_1613138260LOGO (36).png?h=40&w=40&mode=stretch
Sun Education ,Mumbai,https://images.collegedunia.com/public/image/institute/logo_1613196039Sun education logo.png?h=40&w=40&mode=stretch
SESHAA Linguatech ,Chennai,https://images.collegedunia.com/public/image/institute/logo_1613150532images (15).png?h=40&w=40&mode=stretch
iT Data Training and Consultancy ,Bangalore,https://images.collegedunia.com/public/image/institute/logo_1613184473logo (2).png?h=40&w=40&mode=stretch
UXMINT ,Chennai,https://images.collegedunia.com/public/image/institute/logo_1613204520logo (39).png?h=40&w=40&mode=stretch
Zabaan School for Languages ,New Delhi,https://images.collegedunia.com/public/image/institute/logo_1613214892Z1.png?h=40&w=40&mode=stretch
AND Design School ,Chennai,https://images.collegedunia.com/public/image/institute/logo_1613221461logo (41).png?h=40&w=40&mode=stretch
Education Unlimited Inc ,Kolkata,https://images.collegedunia.com/public/image/institute/logo_1613273084logo.jpg?h=40&w=40&mode=stretch
Buddha IAS Academy ,Chennai,https://images.collegedunia.com/public/image/institute/logo_1613356618logo.jpg?h=40&w=40&mode=stretch
Brilliant Academy ,Mumbai,https://images.collegedunia.com/public/image/institute/logo_1613370229Brilliant Academy logo.png?h=40&w=40&mode=stretch
GRAVITY Medical Academy ,Hyderabad,https://images.collegedunia.com/public/image/institute/logo_1613374904logo.png?h=40&w=40&mode=stretch
Sigma IAS Academy ,Chennai,https://images.collegedunia.com/public/image/institute/logo_1613377552images (45).jpeg?h=40&w=40&mode=stretch
Art forte ,Jaipur,https://images.collegedunia.com/public/image/institute/logo_1613407482logo (1).png?h=40&w=40&mode=stretch
Periyar IAS Academy ,Chennai,https://images.collegedunia.com/public/image/institute/logo_1613445953logo_.png?h=40&w=40&mode=stretch
Shri Saidas Classes ,Bhopal,https://images.collegedunia.com/public/image/institute/logo_1613450507logo.jfif?h=40&w=40&mode=stretch
Sri Narayana ,Hyderabad,https://images.collegedunia.com/public/image/institute/logo_1702276888j.jpg?h=40&w=40&mode=stretch
ValueFirst ,Gurgaon,https://images.collegedunia.com/public/image/institute/logo_1613454895logo.jpg?h=40&w=40&mode=stretch
DEEVISTA INSTITUTE ,New Delhi,https://images.collegedunia.com/public/image/institute/logo_1613465303images (10).jpeg?h=40&w=40&mode=stretch
COACHING HUB ,New Delhi,https://images.collegedunia.com/public/image/institute/logo_1613471371Coching hub logo.jpg?h=40&w=40&mode=stretch
Chanakya Academy ,Rajarhat,https://images.collegedunia.com/public/image/institute/logo_1613478401logo.jpg?h=40&w=40&mode=stretch
Prabha IAS IPS Academy ,Chennai,https://images.collegedunia.com/public/image/institute/logo_1613487595AnyConv.com__download (2).jpg?h=40&w=40&mode=stretch
MS EDU HUB ,Kolkata,https://images.collegedunia.com/public/image/institute/logo_1613490238download (1).png?h=40&w=40&mode=stretch
DYI Web Design ,Chennai,https://images.collegedunia.com/public/image/institute/logo_1613496789logo.png?h=40&w=40&mode=stretch
EduDotNet ,Jodhpur,https://images.collegedunia.com/public/image/institute/logo_1613498206logo (1).png?h=40&w=40&mode=stretch
Sigma IAS Academy ,Chennai,https://images.collegedunia.com/public/image/institute/logo_1613526848AnyConv.com__logo (1).jpg?h=40&w=40&mode=stretch
Study Campus ,Thane,https://images.collegedunia.com/public/image/institute/logo_1613528623logo.png?h=40&w=40&mode=stretch
VIRTUE TRAINING ,Hyderabad,https://images.collegedunia.com/public/image/institute/logo_1613552291LOGOO.png?h=40&w=40&mode=stretch
Edugrih ,Bangalore,https://images.collegedunia.com/public/image/institute/logo_1613573028logo (1).png?h=40&w=40&mode=stretch
Amulya Institute (Banking),New Delhi,https://images.collegedunia.com/public/image/institute/logo_1613573340LOGO.AMULYA.jpg?h=40&w=40&mode=stretch
Zinfomatic ,Bangalore,https://images.collegedunia.com/public/image/institute/logo_161364934935065584_1681539018604382_5288721697778696192_n.jpg?h=40&w=40&mode=stretch
GATE Solution Academy ,Thane,https://images.collegedunia.com/public/image/institute/logo_1613670352LOGO.png?h=40&w=40&mode=stretch
S Square Technologies ,Bangalore,https://images.collegedunia.com/public/image/institute/logo_1613704553LOGO.jpg?h=40&w=40&mode=stretch
NEET and NEXT Medical Academy ,New Delhi,https://images.collegedunia.com/public/image/institute/logo_1613705839logo.png?h=40&w=40&mode=stretch
Rabbit Hand Edutech ,Mumbai,https://images.collegedunia.com/public/image/institute/logo_1613716353Logo.jpg?h=40&w=40&mode=stretch
Satyam National Academy of Photography ,Mumbai,https://images.collegedunia.com/public/image/institute/logo_1613721668Logo.jpg?h=40&w=40&mode=stretch
Mumbai Education Club ,Mumbai,https://images.collegedunia.com/public/image/institute/logo_1613726446Mumbai-Education-Clubs-be-educated-be-empowered-web-logo-1.jpg?h=40&w=40&mode=stretch
Index Studio Pvt. Ltd ,Hyderabad,https://images.collegedunia.com/public/image/institute/logo_1613744646identity-design-services-500x500.png?h=40&w=40&mode=stretch
Opus App Labs ,Bangalore,https://images.collegedunia.com/public/image/institute/logo_161379211524774999_1230744783736217_9085816595526009555_n.jpg?h=40&w=40&mode=stretch
Aptech Hardware and Networking Academy ,New Delhi,https://images.collegedunia.com/public/image/institute/logo_1613797905Logo.jpg?h=40&w=40&mode=stretch
Rinchtar classes ,Jaipur,https://images.collegedunia.com/public/image/institute/logo_1613800984logo (1).png?h=40&w=40&mode=stretch
BLACKBOX School of Visual Effects ,Noida,https://images.collegedunia.com/public/image/institute/logo_1613815021Logo.jpg?h=40&w=40&mode=stretch
Cogito Training and Counselling ,Mumbai,https://images.collegedunia.com/public/image/institute/logo_1613815956Logo.png?h=40&w=40&mode=stretch
eMarket Agency ,Bangalore,https://images.collegedunia.com/public/image/institute/logo_1613820295eMarket-Agency.png?h=40&w=40&mode=stretch
VRx Academy ,New Delhi,https://images.collegedunia.com/public/image/institute/logo_1613832060Logo (21).png?h=40&w=40&mode=stretch
Jaya Vidya ,Chennai,https://images.collegedunia.com/public/image/institute/logo_1613843245Logo.png?h=40&w=40&mode=stretch
IASpro IAS Academy ,Chennai,https://images.collegedunia.com/public/image/institute/logo_1613846986Logo.jpg?h=40&w=40&mode=stretch
Aim English- English For Children ,Chennai,https://images.collegedunia.com/public/image/institute/logo_1613872699logo.png?h=40&w=40&mode=stretch
Leap English Training Academy ,Chennai,https://images.collegedunia.com/public/image/institute/logo_1613892474Screenshot 2021-02-21 124803.png?h=40&w=40&mode=stretch
English BOL India ,Mumbai,https://images.collegedunia.com/public/image/institute/logo_1613917123P1.jpg?h=40&w=40&mode=stretch
Meena Coaching Centre ,Chennai,https://images.collegedunia.com/public/image/institute/logo_1613926485LOGO....jpg?h=40&w=40&mode=stretch
Aera Coaching Center ,Bangalore,https://images.collegedunia.com/public/image/institute/logo_1613962204unnamed.jpg?h=40&w=40&mode=stretch
LA FONDATION ,Jaipur,https://images.collegedunia.com/public/image/institute/logo_1613985899Logo.jpg?h=40&w=40&mode=stretch
Rajhans Academy ,Pune,https://images.collegedunia.com/public/image/institute/logo_1614002265LOGO.........jpg?h=40&w=40&mode=stretch
Kalp Education ,New Delhi,https://images.collegedunia.com/public/image/institute/logo_1614004844Logo.png?h=40&w=40&mode=stretch
Malus Coaching Classes ,Bangalore,https://images.collegedunia.com/public/image/institute/logo_1614007170Logo.jpg?h=40&w=40&mode=stretch
Decode Professional Academy ,Dum Dum Park,https://images.collegedunia.com/public/image/institute/logo_1614024582Logo.jpg?h=40&w=40&mode=stretch
PRXA Pareeksha Coaching ,New Delhi,https://images.collegedunia.com/public/image/institute/logo_1614045846Logo.png?h=40&w=40&mode=stretch
Tenacious Classes ,Kolkata,https://images.collegedunia.com/public/image/institute/logo_1614093834Logo.png?h=40&w=40&mode=stretch
Canada Visa Point ,Bangalore,https://images.collegedunia.com/public/image/institute/logo_1614152325logo.jpg?h=40&w=40&mode=stretch
Fitnesslive Training Academy ,Mumbai,https://images.collegedunia.com/public/image/institute/logo_1614178359logo.png?h=40&w=40&mode=stretch
CTET Power ,New Delhi,https://images.collegedunia.com/public/image/institute/logo_1614191434LOGO.png?h=40&w=40&mode=stretch
SANDPIPER VISAS ,Bangalore,https://images.collegedunia.com/public/image/institute/logo_1614191874logo.png?h=40&w=40&mode=stretch
Career Liftup ,Bangalore,https://images.collegedunia.com/public/image/institute/logo_1614225177logo.png?h=40&w=40&mode=stretch
Developing Success ,New Delhi,https://images.collegedunia.com/public/image/institute/logo_1614226545LOGO.jpg?h=40&w=40&mode=stretch
Massmatic Cyber Forensic ,New Delhi,https://images.collegedunia.com/public/image/institute/logo_1614240075logo.jpg?h=40&w=40&mode=stretch
Global Village Education ,New Delhi,https://images.collegedunia.com/public/image/institute/logo_1614242480logo.jpg?h=40&w=40&mode=stretch
Ishrae Institute Of Excellence ,New Delhi,https://images.collegedunia.com/public/image/institute/logo_1614253133logo.png?h=40&w=40&mode=stretch
New J.M.S Private Tuition ,Mumbai,https://images.collegedunia.com/public/image/institute/logo_1614254238LOGO-JMS.png?h=40&w=40&mode=stretch
Mrwebsecurity ,Mumbai,https://images.collegedunia.com/public/image/institute/logo_1614254739logo.jpg?h=40&w=40&mode=stretch
Orange Technomind ,Chennai,https://images.collegedunia.com/public/image/institute/logo_1614259600LOGO.jpg?h=40&w=40&mode=stretch
Ican Multimedia & Anitionma ,Chennai,https://images.collegedunia.com/public/image/institute/logo_1614261867Logo (1).jpg?h=40&w=40&mode=stretch
Bright View Council ,Kolkata,https://images.collegedunia.com/public/image/institute/logo_1614262893Lago.jpg?h=40&w=40&mode=stretch
Pyramid Skills ,Kolkata,https://images.collegedunia.com/public/image/institute/logo_1614278871Logo.jpg?h=40&w=40&mode=stretch
Engineers Success ,Dehradun,https://images.collegedunia.com/public/image/institute/logo_1614307355Logo.jpg?h=40&w=40&mode=stretch
LearnSkill ,New Delhi,https://images.collegedunia.com/public/image/institute/logo_1614309663logo.png?h=40&w=40&mode=stretch
Academy Of Accounts ,New Delhi,https://images.collegedunia.com/public/image/institute/logo_1626627906accl.png?h=40&w=40&mode=stretch
CDS Coaching ,Jaipur,https://images.collegedunia.com/public/image/institute/logo_1614334543LOGO.JPG?h=40&w=40&mode=stretch
Chandragupta IAS Academy ,New Delhi,https://images.collegedunia.com/public/image/institute/logo_1614341924Logo.png?h=40&w=40&mode=stretch
AGE Commerce Classes ,Jaipur,https://images.collegedunia.com/public/image/institute/logo_1614342555Logo.jpg?h=40&w=40&mode=stretch
Jublee N Banjara Home Tutions ,Hyderabad,https://images.collegedunia.com/public/image/institute/logo_1614347861jnb_logo2.JPG?h=40&w=40&mode=stretch
Pursue IAS ,Mumbai,https://images.collegedunia.com/public/image/institute/logo_1614348290LOGO.JPG?h=40&w=40&mode=stretch
Kannada Language School ,Bangalore,https://images.collegedunia.com/public/image/institute/logo_1614392665Logo (1).jpg?h=40&w=40&mode=stretch
ILM Prep Institute ,New Delhi,https://images.collegedunia.com/public/image/institute/logo_1614403188Logo.png?h=40&w=40&mode=stretch
Net Business Solutions ,Mumbai,https://images.collegedunia.com/public/image/institute/logo_1614406923Logo.png?h=40&w=40&mode=stretch
Nischay Educorp ,New Delhi,https://images.collegedunia.com/public/image/institute/logo_1614407617Logo.png?h=40&w=40&mode=stretch
Top GRE ,Bangalore,https://images.collegedunia.com/public/image/institute/logo_1614410017Logo.jpg?h=40&w=40&mode=stretch
GARG TUTORIALS ,Bhopal,https://images.collegedunia.com/public/image/institute/logo_1614524677AnyConv.com__download (8).jpg?h=40&w=40&mode=stretch
Buoyancy Education ,Ghaziabad,https://images.collegedunia.com/public/image/institute/logo_1614445555buoyancy_logo-01.png?h=40&w=40&mode=stretch
goGenius ,Mumbai,https://images.collegedunia.com/public/image/institute/logo_1614523491logo (4).jpeg?h=40&w=40&mode=stretch
CAD CAM Experts ,Hyderabad,https://images.collegedunia.com/public/image/institute/logo_1614561501logo (11).png?h=40&w=40&mode=stretch
Vidya.Com Consultancy ,Kolkata,https://images.collegedunia.com/public/image/institute/logo_1614570213Logo.png?h=40&w=40&mode=stretch
Greking Institute ,Mumbai,https://images.collegedunia.com/public/image/institute/logo_1614575191Logo.png?h=40&w=40&mode=stretch
Elite English Bureau ,New Delhi,https://images.collegedunia.com/public/image/institute/logo_1614576292Logo.jpg?h=40&w=40&mode=stretch
JMD Animation (3D Animation),New Delhi,https://images.collegedunia.com/public/image/institute/logo_1614582297logo-JMD.png?h=40&w=40&mode=stretch
Global Study Travel ,New Delhi,https://images.collegedunia.com/public/image/institute/logo_1614595988LOGO.PNG?h=40&w=40&mode=stretch
Globe Ed ,Kolkata,https://images.collegedunia.com/public/image/institute/logo_1614597420LOGO.jpg?h=40&w=40&mode=stretch
careeroverseas ,Hyderabad,https://images.collegedunia.com/public/image/institute/logo_1614605750logo.png?h=40&w=40&mode=stretch
Sri Sai Academy ,Chennai,https://images.collegedunia.com/public/image/institute/logo_1614609677AnyConv.com__download.jpg?h=40&w=40&mode=stretch
GreenTree Immigration ,Chennai,https://images.collegedunia.com/public/image/institute/logo_1614610663logo.jpg?h=40&w=40&mode=stretch
SS Visa & Immigration Services Pvt Ltd ,Bangalore,https://images.collegedunia.com/public/image/institute/logo_1614659878logo.jpg?h=40&w=40&mode=stretch
Truematics ,Chennai,https://images.collegedunia.com/public/image/institute/logo_1614661415logo.jpg?h=40&w=40&mode=stretch
"AFS Fashion: NID, NIFT, UCEED, MIT ID, SRISHTI , PEARL Coaching in Delhi ",Gurgaon,https://images.collegedunia.com/public/image/institute/logo_1614750258_LOGO.jpg?h=40&w=40&mode=stretch
WWICS Immigration Consultancy ,Kolkata,https://images.collegedunia.com/public/image/institute/logo_1614675797logo.png?h=40&w=40&mode=stretch
Oceanicvisa ,Bangalore,https://images.collegedunia.com/public/image/institute/logo_1614678987logo.png?h=40&w=40&mode=stretch
Erudite Academy Aundh ,Pune,https://images.collegedunia.com/public/image/institute/logo_1614681329LOGO.png?h=40&w=40&mode=stretch
Blue Skies Commerce Classes ,Jaipur,https://images.collegedunia.com/public/image/institute/logo_1614702246Logo.png?h=40&w=40&mode=stretch
Medhas Tutorials ,Noida,https://images.collegedunia.com/public/image/institute/logo_1614702881LOGO-MEDHAS.jpg?h=40&w=40&mode=stretch
iCert Global ,Bangalore,https://images.collegedunia.com/public/image/institute/logo_1614766948download.jpg?h=40&w=40&mode=stretch
Digital Marketing Web Experts - Training & Services in Hyderabad ,Hyderabad,https://images.collegedunia.com/public/image/institute/logo_1614771660dmwe_logo.jpg?h=40&w=40&mode=stretch
Lexxus Academy ,New Delhi,https://images.collegedunia.com/public/image/institute/logo_1614782189Logo.jpg?h=40&w=40&mode=stretch
Mittal Commerce Academy ,New Delhi,https://images.collegedunia.com/public/image/institute/logo_1614783389Logo.jpg?h=40&w=40&mode=stretch
Design Gurukul ,New Delhi,https://images.collegedunia.com/public/image/institute/logo_1614793219LOGO.png?h=40&w=40&mode=stretch
Prayaas Academy of Commerce ,New Delhi,https://images.collegedunia.com/public/image/institute/logo_1614838806Logo.png?h=40&w=40&mode=stretch
Institute of Commerce ,New Delhi,https://images.collegedunia.com/public/image/institute/logo_1614841860LOGO.JPG?h=40&w=40&mode=stretch
Positive Med PG ,Chennai,https://images.collegedunia.com/public/image/institute/logo_1614858956LOGO.png?h=40&w=40&mode=stretch
S.K.Vision ,Kolkata,https://images.collegedunia.com/public/image/institute/logo_1614867047LOGO (15).png?h=40&w=40&mode=stretch
"Web Educare, Kolkata ",Kolkata,https://images.collegedunia.com/public/image/institute/logo_1614867644Logo.png?h=40&w=40&mode=stretch
Shree Hari Classes (Study Abroad),Mumbai,https://images.collegedunia.com/public/image/institute/logo_1614869178LOGO (17).png?h=40&w=40&mode=stretch
IndigoLearn ,Hyderabad,https://images.collegedunia.com/public/image/institute/logo_1614913170116884351_1011802822599747_1192702113621413343_o.png?h=40&w=40&mode=stretch
EduGrowUP ,New Delhi,https://images.collegedunia.com/public/image/institute/logo_1614918720Logo (15).png?h=40&w=40&mode=stretch
Academic Private Tutor ,Mumbai,https://images.collegedunia.com/public/image/institute/logo_1614949624Logo.jpg?h=40&w=40&mode=stretch
Mathematics Training Academy ,Pune,https://images.collegedunia.com/public/image/institute/logo_1614950096Logo.jpeg?h=40&w=40&mode=stretch
DN Commerce Classes ,Mumbai,https://images.collegedunia.com/public/image/institute/logo_1614998197logo.png?h=40&w=40&mode=stretch
Elite Academy ,Mumbai,https://images.collegedunia.com/public/image/institute/logo_1615002113logo.png?h=40&w=40&mode=stretch
SINGH EduServices for Coaching in Computer Science ,Faridabad,https://images.collegedunia.com/public/image/institute/logo_1615025327logo (9).png?h=40&w=40&mode=stretch
JSFactory ,Bangalore,https://images.collegedunia.com/public/image/institute/logo_1615036289JSFactory - React JS Training Institute LOGO.png?h=40&w=40&mode=stretch
ICST INSTITUTE ,Ghaziabad,https://images.collegedunia.com/public/image/institute/logo_1615036958LOGO (11).png?h=40&w=40&mode=stretch
AS Educult Pvt. Ltd. ,New Delhi,https://images.collegedunia.com/public/image/institute/logo_1615039844AS Educult Pvt. Ltd_logo.JPG?h=40&w=40&mode=stretch
BPA Educators ,New Delhi,https://images.collegedunia.com/public/image/institute/logo_1615042812logo (12).JPG?h=40&w=40&mode=stretch
Full Stack Java Developer PUNE ,Pune,https://images.collegedunia.com/public/image/institute/logo_1615094816FULL STACK JAVA DEVELOPER_ LOGO.jpg?h=40&w=40&mode=stretch
Fun2Do Labs ,New Delhi,https://images.collegedunia.com/public/image/institute/logo_1615114354LOGO.jpg?h=40&w=40&mode=stretch
BigD Academy ,Chennai,https://images.collegedunia.com/public/image/institute/logo_1615120203logo.jpg?h=40&w=40&mode=stretch
Data Science Research Institute ,Bangalore,https://images.collegedunia.com/public/image/institute/logo_1615124452logo.png?h=40&w=40&mode=stretch
Galaxy Educational Consultants ,Chennai,https://images.collegedunia.com/public/image/institute/logo_1615126895galaxy_logo.JPG?h=40&w=40&mode=stretch
Gees Consultants | Study Abroad Consultant Bangalore ,Bangalore,https://images.collegedunia.com/public/image/institute/logo_1615129588gees_logo.JPG?h=40&w=40&mode=stretch
Stanford IELTS Coaching Class in Kalyan (Study Abroad),Mumbai,https://images.collegedunia.com/public/image/institute/logo_1615133874LOGO (23).png?h=40&w=40&mode=stretch
Aar Overseas ,New Delhi,https://images.collegedunia.com/public/image/institute/logo_1615135960ssf.jpg?h=40&w=40&mode=stretch
Legofi ,Mumbai,https://images.collegedunia.com/public/image/institute/logo_1615137400logo.jpg?h=40&w=40&mode=stretch
EBU Technologies ,Hyderabad,https://images.collegedunia.com/public/image/institute/logo_1615138842H1.png?h=40&w=40&mode=stretch
Yellow River Chinese Academy ,Bangalore,https://images.collegedunia.com/public/image/institute/logo_1615146863y6.png?h=40&w=40&mode=stretch
Swastik Tutorials ,Mumbai,https://images.collegedunia.com/public/image/institute/logo_1615182690logo-primary.png?h=40&w=40&mode=stretch
Siddhi Professionals ,Mumbai,https://images.collegedunia.com/public/image/institute/logo_161519619169361257_2730832420309213_183720172433965056_o.jpg?h=40&w=40&mode=stretch
Bal Kishor Premier Academy ,Bangalore,https://images.collegedunia.com/public/image/institute/logo_161521432287214485_2242750906026695_3990971164351528960_n.jpg?h=40&w=40&mode=stretch
Rostrum Education (Study Abroad),New Delhi,https://images.collegedunia.com/public/image/institute/logo_1615226117LOGO (27).png?h=40&w=40&mode=stretch
Accent & Communication Training Institute India ,Mumbai,https://images.collegedunia.com/public/image/institute/logo_1615257422LOGO (13).jpg?h=40&w=40&mode=stretch
Tuition.in ,Hyderabad,https://images.collegedunia.com/public/image/institute/logo_1615271364LOGO.png?h=40&w=40&mode=stretch
Gurukul Tutor ,Bangalore,https://images.collegedunia.com/public/image/institute/logo_1615271968logo...png?h=40&w=40&mode=stretch
Fast Forward Education and Training Services (Study Abroad),Chennai,https://images.collegedunia.com/public/image/institute/logo_1615272334LOGO (29).png?h=40&w=40&mode=stretch
Jayavali Tutorial College ,Chennai,https://images.collegedunia.com/public/image/institute/logo_1615272856logo.png?h=40&w=40&mode=stretch
Enlighten Abroad ,Hyderabad,https://images.collegedunia.com/public/image/institute/logo_1615274264logo (5) (1).png?h=40&w=40&mode=stretch
Om Vignesh Tuition Centre ,Chennai,https://images.collegedunia.com/public/image/institute/logo_1615287797.logo.1.jpg?h=40&w=40&mode=stretch
Rankers Tuition Point ,Bangalore,https://images.collegedunia.com/public/image/institute/logo_1615288281download (10).jpg?h=40&w=40&mode=stretch
Vedic Maths Classes ,Mumbai,https://images.collegedunia.com/public/image/institute/logo_1615295686LOGO.PNG?h=40&w=40&mode=stretch
A P Nursing Coaching Classes ,Bhopal,https://images.collegedunia.com/public/image/institute/logo_1615303430LOGO (33).png?h=40&w=40&mode=stretch
Age Commerce Classes ,Jaipur,https://images.collegedunia.com/public/image/institute/logo_1615357859Logo.png?h=40&w=40&mode=stretch
Jupiter Dynamics ,Bangalore,https://images.collegedunia.com/public/image/institute/logo_1615384719LOGO (26).png?h=40&w=40&mode=stretch
Catch25 Science Academy (Electronics and Communication Engineering),Mumbai,https://images.collegedunia.com/public/image/institute/logo_1615388083LOGO (37).png?h=40&w=40&mode=stretch
Daak Consultants ,Chennai,https://images.collegedunia.com/public/image/institute/logo_1615391266Dak System LOGO.png?h=40&w=40&mode=stretch
AEM Technologies ,Kolkata,https://images.collegedunia.com/public/image/institute/logo_1615435691aem_tech_logo_150_4.png?h=40&w=40&mode=stretch
Vinod Gupta Classes ,New Delhi,https://images.collegedunia.com/public/image/institute/logo_1615445062Logo.png?h=40&w=40&mode=stretch
"Staff quarters, IHMCTAN ",Mumbai,https://images.collegedunia.com/public/image/institute/logo_1615456028Staff Quarters logo.jpg?h=40&w=40&mode=stretch
Transforming Lives ,Bangalore,https://images.collegedunia.com/public/image/institute/logo_1615459292Transforming Lives - IELTS Bangalore LOGO.png?h=40&w=40&mode=stretch
Abstract IT Technologies ,Hyderabad,https://images.collegedunia.com/public/image/institute/logo_1615461645Abstract IT Technologies LOGO.jpg?h=40&w=40&mode=stretch
Bhavna Tutors ,Mumbai,https://images.collegedunia.com/public/image/institute/logo_1615463431Bhavna Tutors LOGO.jpg?h=40&w=40&mode=stretch
Creative Animation and Technologies ,Faridabad,https://images.collegedunia.com/public/image/institute/logo_1615463640creative_logo.jpg?h=40&w=40&mode=stretch
NET JRF/ IIT JAM / GATE MATHS COACHING (IIT JAM),New Delhi,https://images.collegedunia.com/public/image/institute/logo_1615471770LOGO.jpeg?h=40&w=40&mode=stretch
Digital Promo ,Bangalore,https://images.collegedunia.com/public/image/institute/logo_1615480318123772854_2804946986489483_683353508150662300_n.jpg?h=40&w=40&mode=stretch
Galaxy Spoken English ,Chennai,https://images.collegedunia.com/public/image/institute/logo_1615525080Logo.jpg?h=40&w=40&mode=stretch
DAuto Engineering Pvt Ltd ,Gwalior,https://images.collegedunia.com/public/image/institute/logo_1615529298DAUTO_LOGO.PNG?h=40&w=40&mode=stretch
Japanese Pro ,Chennai,https://images.collegedunia.com/public/image/institute/logo_1615538786japanese Pro Logo.jpg?h=40&w=40&mode=stretch
SEA Study Circle ,Secunderabad,https://images.collegedunia.com/public/image/institute/logo_1615546014gallery 2.png?h=40&w=40&mode=stretch
The Engineering Academy ,Hyderabad,https://images.collegedunia.com/public/image/institute/logo_1615548296LOGO.jpg?h=40&w=40&mode=stretch
Language Chronicle ,New Delhi,https://images.collegedunia.com/public/image/institute/logo_1615560522language_logo.JPG?h=40&w=40&mode=stretch
My Choice English Plus ,Chennai,https://images.collegedunia.com/public/image/institute/logo_1615565176my choice Logo.jpg?h=40&w=40&mode=stretch
Suha English Academy and Computer Training Institute ,Kolkata,https://images.collegedunia.com/public/image/institute/logo_1615568399LOGO (44).png?h=40&w=40&mode=stretch
Abroad Consultants ,Hyderabad,"https://images.collegedunia.com/public/image/institute/logo_1615603211logo-Abroad Consult - Australia, Canada, UK Immigration _ Visa Consultants.png?h=40&w=40&mode=stretch"
JEI Learning Center English & Math Program ,Kolkata,https://images.collegedunia.com/public/image/institute/logo_1615617133LOGO (18).jpg?h=40&w=40&mode=stretch
Pursuit Career Managers ,Mumbai,https://images.collegedunia.com/public/image/institute/logo_1615621962LOGO (13).jpg?h=40&w=40&mode=stretch
VIRTUE LEADERSHIP ACADEMY ,Chennai,https://images.collegedunia.com/public/image/institute/logo_1615631928Virtue Logo.jpg?h=40&w=40&mode=stretch
AWS DEVOPS TRAINING ,Bangalore,https://images.collegedunia.com/public/image/institute/logo_1615631911logoo.JPG?h=40&w=40&mode=stretch
Fun2Do Labs ,New Delhi,https://images.collegedunia.com/public/image/institute/logo_1615635002LOGO.jpg?h=40&w=40&mode=stretch
Zenith Institute ,Chennai,https://images.collegedunia.com/public/image/institute/logo_1615637386logo.jpg?h=40&w=40&mode=stretch
"Aakash iTutor, Pusa Road ",New Delhi,https://images.collegedunia.com/public/image/institute/logo_1627982642logo.png?h=40&w=40&mode=stretch
Urmi’S Art Forum ,Mumbai,https://images.collegedunia.com/public/image/institute/logo_1615639978LOGO (46).png?h=40&w=40&mode=stretch
Concept Tutor ,New Delhi,https://images.collegedunia.com/public/image/institute/logo_1615641954LOGO (15).jpg?h=40&w=40&mode=stretch
Aayush Home Tutors ,New Delhi,https://images.collegedunia.com/public/image/institute/logo_1615709723LOGO.png?h=40&w=40&mode=stretch
"Appslure- Mobile App Development, Website Designing company ",New Delhi,https://images.collegedunia.com/public/image/institute/logo_1615712912LOGO.jpg?h=40&w=40&mode=stretch
Visionplanet ,New Delhi,https://images.collegedunia.com/public/image/institute/logo_1615732869vision_logo.JPG?h=40&w=40&mode=stretch
Verbs Immigration Consultancy ,Mumbai,https://images.collegedunia.com/public/image/institute/logo_1615733793verbs logo.jpg?h=40&w=40&mode=stretch
MathScienceTutorial (Best Home Tutors) ,New Delhi,https://images.collegedunia.com/public/image/institute/logo_1615739333LOGO.jpg?h=40&w=40&mode=stretch
N Singh Tutors ,New Delhi,https://images.collegedunia.com/public/image/institute/logo_1615741132LOGO.png?h=40&w=40&mode=stretch
Adroit Institute ,Mumbai,https://images.collegedunia.com/public/image/institute/logo_1615743832adroit logo.png?h=40&w=40&mode=stretch
Apollonius School Of Artificial Intelligence ,Kolkata,https://images.collegedunia.com/public/image/institute/logo_1615746845apolonius logo.jpg?h=40&w=40&mode=stretch
Thomas Kids International ,New Delhi,https://images.collegedunia.com/public/image/institute/logo_1615775216THOMAS KIDS_LOGO.JPG?h=40&w=40&mode=stretch
Tutor Vidya ,Mumbai,https://images.collegedunia.com/public/image/institute/logo_1615776358tutor_logo.JPG?h=40&w=40&mode=stretch
PPC and SEM Training Classes ,Meerut,https://images.collegedunia.com/public/image/institute/logo_1615797484logo.JPG?h=40&w=40&mode=stretch
SkillSparrow ,Bangalore,https://images.collegedunia.com/public/image/institute/logo_1615816654logo.JPG?h=40&w=40&mode=stretch
Digital Drive 360 ,Gurgaon,https://images.collegedunia.com/public/image/institute/logo_161582661049351426_276408486390127_226540876116000768_n.jpg?h=40&w=40&mode=stretch
Anish Tutorials ,Mumbai,https://images.collegedunia.com/public/image/institute/logo_1615865468Logo.png?h=40&w=40&mode=stretch
Creativo Classes ,Mumbai,https://images.collegedunia.com/public/image/institute/logo_1615873523Logo.png?h=40&w=40&mode=stretch
Eas Academy ,Chennai,https://images.collegedunia.com/public/image/institute/logo_1615874528Logo.jpg?h=40&w=40&mode=stretch
A1 COMPUTER SOLUTIONS ,Faridabad,https://images.collegedunia.com/public/image/institute/logo_1615878360LOGO.jpg?h=40&w=40&mode=stretch
Finstat Academy ,Mumbai,https://images.collegedunia.com/public/image/institute/logo_1615903765Finstat Academy LOGO.jpg?h=40&w=40&mode=stretch
School of Maths ,New Delhi,https://images.collegedunia.com/public/image/institute/logo_1615906923Logo.jpg?h=40&w=40&mode=stretch
IMET ,New Delhi,https://images.collegedunia.com/public/image/institute/logo_1615968748LOGO.JPG?h=40&w=40&mode=stretch
Innovation ,Bangalore,https://images.collegedunia.com/public/image/institute/logo_1615980201Innovation LOGO.png?h=40&w=40&mode=stretch
Excel Infocom Private Limited ,Durgapur,https://images.collegedunia.com/public/image/institute/logo_1615985663logo1.gif?h=40&w=40&mode=stretch
SpaceCraft Design Academy ,Chennai,https://images.collegedunia.com/public/image/institute/logo_1616040509LOGO.JPG?h=40&w=40&mode=stretch
SunGATE Academy ,Chennai,https://images.collegedunia.com/public/image/institute/logo_1616045933LOGO.JPG?h=40&w=40&mode=stretch
A1 Computer Solutions ,Faridabad,https://images.collegedunia.com/public/image/institute/logo_1616068275LOGO.PNG?h=40&w=40&mode=stretch
Rana Educational Solutions (P) Ltd. (e-hometutors.com) ,New Delhi,https://images.collegedunia.com/public/image/institute/logo_1616069547logo (17).jpg?h=40&w=40&mode=stretch
Language Station ,Bangalore,https://images.collegedunia.com/public/image/institute/logo_1616070518station_logo.JPG?h=40&w=40&mode=stretch
