Institutes Names,Institutes Place,Logo Link
StampMyVisa ,Mumbai,https://images.collegedunia.com/public/image/institute/logo_1614756262LOGO.jpg?h=40&w=40&mode=stretch
Brightway Coaching Academy ,Gurgaon,https://images.collegedunia.com/public/image/institute/logo_1614758414namo-logo.png?h=40&w=40&mode=stretch
Kapil Commerce Classes ,Jaipur,https://images.collegedunia.com/public/image/institute/logo_1614772257Logo.png?h=40&w=40&mode=stretch
Nemani Classes ,Jaipur,https://images.collegedunia.com/public/image/institute/logo_1614784437Logo.png?h=40&w=40&mode=stretch
International Institute of Security and Safety Management ,New Delhi,https://images.collegedunia.com/public/image/institute/logo_1614845952LOGO.png?h=40&w=40&mode=stretch
American Accent Training Center in Chennai ,Chennai,https://images.collegedunia.com/public/image/institute/logo_1614844475american_logo.JPG?h=40&w=40&mode=stretch
Khattar's Pitman Shorthand Institute ,New Delhi,https://images.collegedunia.com/public/image/institute/logo_1614857020LOGO.png?h=40&w=40&mode=stretch
Anil Kapoor Coaching Classes ,New Delhi,https://images.collegedunia.com/public/image/institute/logo_1614858901Anil Kapoor Coaching Classes_logo.JPG?h=40&w=40&mode=stretch
LIVEWIRE KALYAN ,Kalyan,https://images.collegedunia.com/public/image/institute/logo_1614859182logo.PNG?h=40&w=40&mode=stretch
Evans Academy ,Hyderabad,https://images.collegedunia.com/public/image/institute/logo_1614869676logo.png?h=40&w=40&mode=stretch
Mobile Application Training ,Chennai,https://images.collegedunia.com/public/image/institute/logo_1614913957logo-.png?h=40&w=40&mode=stretch
Inkar IAS Academy ,Chennai,https://images.collegedunia.com/public/image/institute/logo_1614922040logo.jpg?h=40&w=40&mode=stretch
NeoStencil ,Gurgaon,https://images.collegedunia.com/public/image/institute/logo_1614925235logo.jpg?h=40&w=40&mode=stretch
Perfect Academy ,Gazipur,https://images.collegedunia.com/public/image/institute/logo_1614934115logo.jpg?h=40&w=40&mode=stretch
Ninad Center for Performing Arts ,Mumbai,https://images.collegedunia.com/public/image/institute/logo_1614941509Logo (9).jpg?h=40&w=40&mode=stretch
Ramakrishna Mission Shikshanamandira ,Howrah,https://images.collegedunia.com/public/image/institute/logo_1614941528logo.png?h=40&w=40&mode=stretch
"Simandhar Education, Secunderabad ",Secunderabad,https://images.collegedunia.com/public/image/institute/logo_1614952432LOGO.PNG?h=40&w=40&mode=stretch
Carreograph Institute of Mangement Studies ,Kolkata,https://images.collegedunia.com/public/image/institute/logo_1614955465Carreograph Institute of Mangement Studies LOGO.png?h=40&w=40&mode=stretch
Catalyst Group ,Jaipur,https://images.collegedunia.com/public/image/institute/logo_1614958325Catalyst Group-Jaipur LOGO.jpg?h=40&w=40&mode=stretch
Pallisree Cricket Coaching Camp ,Kolkata,https://images.collegedunia.com/public/image/institute/logo_1615025990Pallisree Cricket Coaching Camp logo.jpg?h=40&w=40&mode=stretch
Anurag Tyagi Classes ,Ghaziabad,https://images.collegedunia.com/public/image/institute/logo_1615026457LOGO (8).jpg?h=40&w=40&mode=stretch
Harish Miglani CA Classes ,Rohtak,https://images.collegedunia.com/public/image/institute/logo_1615085372hmc_logo.JPG?h=40&w=40&mode=stretch
CIIT Training Institute ,Pune,https://images.collegedunia.com/public/image/institute/logo_1615087106ciit_logo.JPG?h=40&w=40&mode=stretch
ECS IELTS Coaching Centre In Velachery ,Chennai,https://images.collegedunia.com/public/image/institute/logo_1615089183ecs_logo.jpg?h=40&w=40&mode=stretch
Nanomyte Animation Academy ,Kolkata,https://images.collegedunia.com/public/image/institute/logo_1615105357download.jpg?h=40&w=40&mode=stretch
JEN ACADEMY ,Jaipur,https://images.collegedunia.com/public/image/institute/logo_1615136667logo.jpg?h=40&w=40&mode=stretch
Gauranga Classes ,Jaipur,https://images.collegedunia.com/public/image/institute/logo_1615140544logo.png?h=40&w=40&mode=stretch
GUARDIAN Classes ,Thane,https://images.collegedunia.com/public/image/institute/logo_1615182026Logo.JPG?h=40&w=40&mode=stretch
IELTS COACHING CENTER (Study Abroad),Gurgaon,https://images.collegedunia.com/public/image/institute/logo_1615183867LOGO (26).png?h=40&w=40&mode=stretch
BRAINWIZ ,Hyderabad,https://images.collegedunia.com/public/image/institute/logo_161521514312662449_588651164621415_5519381342459238365_n.png?h=40&w=40&mode=stretch
Aspirants IIT Academy ,Hyderabad,https://images.collegedunia.com/public/image/institute/logo_1615260068logo.jfif?h=40&w=40&mode=stretch
Educare Coaching Centre ,Bangalore,https://images.collegedunia.com/public/image/institute/logo_1615268134Logo_ Final.png?h=40&w=40&mode=stretch
Study House The Coaching Class ,Mumbai,https://images.collegedunia.com/public/image/institute/logo_1615269210Logo.png?h=40&w=40&mode=stretch
Gyan Edge ,,https://images.collegedunia.com/public/image/institute/logo_1615288324109543845_103761238089331_6303431309357215588_n.jpg?h=40&w=40&mode=stretch
Sri Durgaparameshwari Home Tuition ,Bangalore,https://images.collegedunia.com/public/image/institute/logo_1615291944logo.png?h=40&w=40&mode=stretch
Aabha Tutors (Study Abroad),New Delhi,https://images.collegedunia.com/public/image/institute/logo_1615301138LOGO (31).png?h=40&w=40&mode=stretch
Best Java Classes ,Pune,https://images.collegedunia.com/public/image/institute/logo_1615370991Logo.png?h=40&w=40&mode=stretch
Zia Judicials ,New Delhi,https://images.collegedunia.com/public/image/institute/logo_1615396982logo.png?h=40&w=40&mode=stretch
IAS Gurukul ,New Delhi,https://images.collegedunia.com/public/image/institute/logo_1615455081Sociology optional LOGO.jpg?h=40&w=40&mode=stretch
Speak English ,Chennai,https://images.collegedunia.com/public/image/institute/logo_1633198289Speak Logo.png?h=40&w=40&mode=stretch
"Digital Marketing, Saijith SEO Service ",Chennai,https://images.collegedunia.com/public/image/institute/logo_16154772582020-10-17.png?h=40&w=40&mode=stretch
AIM Clat Coaching ,Bhopal,https://images.collegedunia.com/public/image/institute/logo_1615519988aim_logo.JPG?h=40&w=40&mode=stretch
Graphic Design Institute (HTML),New Delhi,https://images.collegedunia.com/public/image/institute/logo_1615533951LOGO (40).png?h=40&w=40&mode=stretch
Career Speak ,Kolkata,https://images.collegedunia.com/public/image/institute/logo_1615534948LOGO (41).png?h=40&w=40&mode=stretch
ONLINE APTITUDE ,Pune,https://images.collegedunia.com/public/image/institute/logo_1615552513ONLINE APTITUDE  LOGO.png?h=40&w=40&mode=stretch
National Youth Computer Training Academy (BEHALA) ,Kolkata,https://images.collegedunia.com/public/image/institute/logo_1615559610LOGO (42).png?h=40&w=40&mode=stretch
Rajiv Gandhi IAS Academy ,Chennai,https://images.collegedunia.com/public/image/institute/logo_1615603078RAJIV_LOGO.JPG?h=40&w=40&mode=stretch
Center for International Admissions and Visas ,Hyderabad,https://images.collegedunia.com/public/image/institute/logo_1615618987logoCenter for International Admissions and Visas(CIAV).png?h=40&w=40&mode=stretch
Codes Lipi InfoTech Pvt. Ltd. ,Faridabad,https://images.collegedunia.com/public/image/institute/logo_1615634295logo.JPG?h=40&w=40&mode=stretch
beGalileo - Math Learning Program ,Bangalore,https://images.collegedunia.com/public/image/institute/logo_1615636767begalileo_logo.JPG?h=40&w=40&mode=stretch
Elan Educate ,Bangalore,https://images.collegedunia.com/public/image/institute/logo_1615704287elan_logo.JPG?h=40&w=40&mode=stretch
Sairam Motor Driving School ,Bangalore,https://images.collegedunia.com/public/image/institute/logo_1615990672Sairam Motor Driving SchoolCOVER.jpg?h=40&w=40&mode=stretch
Education Overseas Academy ,Chennai,https://images.collegedunia.com/public/image/institute/?h=40&w=40&mode=stretch
Blazingminds Learning centre ,Gurgaon,https://images.collegedunia.com/public/image/institute/logo_1615778667blmc_logo.JPG?h=40&w=40&mode=stretch
Global Six Sigma Consultants ,Hyderabad,https://images.collegedunia.com/public/image/institute/logo_1615791701Global Six Sigma Consultants logo.png?h=40&w=40&mode=stretch
Sappers Solutions Pvt Ltd ,Mumbai,https://images.collegedunia.com/public/image/institute/logo_1615795744LOGO.png?h=40&w=40&mode=stretch
Impel Overseas Consultants Ltd ,Hyderabad,https://images.collegedunia.com/public/image/institute/logo_1615804631impel-overseas-consultants-logo-registered-1.png?h=40&w=40&mode=stretch
Prosper Overseas ,Hyderabad,https://images.collegedunia.com/public/image/institute/logo_1615818524logo-Prosper Overseas.png?h=40&w=40&mode=stretch
Ubergrad India Pvt Ltd ,Hyderabad,https://images.collegedunia.com/public/image/institute/logo_1615820024uglogo.png?h=40&w=40&mode=stretch
Bangalore SEO Company ,Bangalore,https://images.collegedunia.com/public/image/institute/logo_161582098526047360_1654444511278356_5461189988306324644_n.png?h=40&w=40&mode=stretch
Guardian Classes ,Thane,https://images.collegedunia.com/public/image/institute/logo_1615880591Logo.jpg?h=40&w=40&mode=stretch
AB Classes ,Raipura,https://images.collegedunia.com/public/image/institute/logo_1615891158LOGO.jpg?h=40&w=40&mode=stretch
Idhaant Solutions ,Tumkur,https://images.collegedunia.com/public/image/institute/logo_1615893357122319150_2848274135402290_6770654653464943014_o.png?h=40&w=40&mode=stretch
ECO SCIENCE ARCHITECTURE CENTER ,Chennai,https://images.collegedunia.com/public/image/institute/logo_1615900476LOGO.PNG?h=40&w=40&mode=stretch
H R Mentors ,Nagpur,https://images.collegedunia.com/public/image/institute/logo_1615901255logo.JPG?h=40&w=40&mode=stretch
Mobile Application Training in Chennai ,Chennai,https://images.collegedunia.com/public/image/institute/logo_1615919553LOGO.png?h=40&w=40&mode=stretch
Vidhyodaya Academy ,Chennai,https://images.collegedunia.com/public/image/institute/logo_1615946455Logo.png?h=40&w=40&mode=stretch
Vincy Classes ,Mumbai,https://images.collegedunia.com/public/image/institute/logo_1615947181Logo.jpg?h=40&w=40&mode=stretch
USAM CAD Training Institute (CAD  Training),Chennai,https://images.collegedunia.com/public/image/institute/logo_1615957059LOGO (49).png?h=40&w=40&mode=stretch
Barrel Education Times ,New Delhi,https://images.collegedunia.com/public/image/institute/logo_1615960044Photo 02.png?h=40&w=40&mode=stretch
IESGATE.COM Online Coaching ,New Delhi,https://images.collegedunia.com/public/image/institute/logo_1615966014iesgate_logo.JPG?h=40&w=40&mode=stretch
Icad Computer Institute ,Mumbai,https://images.collegedunia.com/public/image/institute/logo_1615976100Icad Computer Institute LOGO.jpg?h=40&w=40&mode=stretch
Delhi Institute of Computer Education ,New Delhi,https://images.collegedunia.com/public/image/institute/logo_1615984720logo.jpg?h=40&w=40&mode=stretch
Saw Classes ,Mumbai,https://images.collegedunia.com/public/image/institute/logo_1615984890SAW CLASSES LOGO.jpg?h=40&w=40&mode=stretch
iTech Analytic Solutions ,Bangalore,https://images.collegedunia.com/public/image/institute/logo_1616044246logo.png?h=40&w=40&mode=stretch
AKA's Coaching Center for Excellence ,Bangalore,https://images.collegedunia.com/public/image/institute/logo_1616061070AKA_s Coaching Center for Excellence LOGO.png?h=40&w=40&mode=stretch
CONCEPTS - ACADEMY ,Bangalore,https://images.collegedunia.com/public/image/institute/logo_1616062754CONCEPTS - ACADEMY ( Maths _ Science + ARTS) LOGO.png?h=40&w=40&mode=stretch
French Class ,Bangalore,https://images.collegedunia.com/public/image/institute/logo_1616064095Screenshot (411).png?h=40&w=40&mode=stretch
Hayagriva Classes ,Chennai,https://images.collegedunia.com/public/image/institute/logo_1616068578Hayagriva Classes LOGO.png?h=40&w=40&mode=stretch
Ascent Consulting Abroad Studies LLP ,Hyderabad,https://images.collegedunia.com/public/image/institute/logo_1616070181LOGO.jpg?h=40&w=40&mode=stretch
PSS Coaching Center ,Bangalore,"https://images.collegedunia.com/public/image/institute/logo_1616070500PSS Coaching Center, Tuition Classes in Yelahanka New Town LOGO.png?h=40&w=40&mode=stretch"
Insider Academy ,Noida,https://images.collegedunia.com/public/image/institute/logo_1616070713logo (34).png?h=40&w=40&mode=stretch
Ecad Technologies ,New Delhi,https://images.collegedunia.com/public/image/institute/logo_1616119485LOGO.png?h=40&w=40&mode=stretch
JOctopus Technologies ,Bangalore,https://images.collegedunia.com/public/image/institute/logo_1616139262j1.PNG?h=40&w=40&mode=stretch
Akira IT Solutions ,Hyderabad,https://images.collegedunia.com/public/image/institute/logo_1616157975AnyConv.com__logo (3).jpg?h=40&w=40&mode=stretch
Debs Education Consultancy Services ,Mumbai,https://images.collegedunia.com/public/image/institute/logo_1616164046Logo (25).png?h=40&w=40&mode=stretch
Canada Education Connect ,Hyderabad,https://images.collegedunia.com/public/image/institute/logo_1616168772Canada logo.png?h=40&w=40&mode=stretch
ZIEL Classes ,Kolkata,https://images.collegedunia.com/public/image/institute/logo_1616178119ZIEL Classes LOGO.png?h=40&w=40&mode=stretch
KVR Education Service ,Chennai,"https://images.collegedunia.com/public/image/institute/logo_1616179638Accounts, Economics, Commerce Home Tuition All Over Chennai. KVRES COVER.jpg?h=40&w=40&mode=stretch"
Indus Training and Research Institute ,Bangalore,https://images.collegedunia.com/public/image/institute/logo_1616213697AnyConv.com__log.jpg?h=40&w=40&mode=stretch
PREKSHA ACADEMY ,Bangalore,https://images.collegedunia.com/public/image/institute/logo_1616217997LOGO (54).png?h=40&w=40&mode=stretch
INZINC TRAINING SOLUTIONS ,Bangalore,https://images.collegedunia.com/public/image/institute/logo_1616225723inzinc LOGO.png?h=40&w=40&mode=stretch
RK Media - Digital Marketing Agency ,Mumbai,https://images.collegedunia.com/public/image/institute/logo_1616225854AnyConv.com__logo (6).jpg?h=40&w=40&mode=stretch
Excel Solutions ,Hyderabad,https://images.collegedunia.com/public/image/institute/logo_1616306545EXCEL SOL_LOGO.JPG?h=40&w=40&mode=stretch
Overseas Education Group ,Hyderabad,https://images.collegedunia.com/public/image/institute/logo_1616313319LOGO (31).png?h=40&w=40&mode=stretch
V&U Intellect Consultants Pvt. Ltd ,Hyderabad,https://images.collegedunia.com/public/image/institute/logo_1618608896logo.png?h=40&w=40&mode=stretch
Triumph Gate Technologies ,Hyderabad,https://images.collegedunia.com/public/image/institute/logo_1616343995Triumph logo.png?h=40&w=40&mode=stretch
Igniting Minds Commerce Institute ,Chennai,"https://images.collegedunia.com/public/image/institute/logo_1616422380Igniting Minds Commerce Institute - CA, CMA, CS Coaching Classes LOGO.jpg?h=40&w=40&mode=stretch"
SREERAM COACHING POINT ,Chennai,https://images.collegedunia.com/public/image/institute/logo_1616429324SREERAM COACHING POINT LOGO.png?h=40&w=40&mode=stretch
Trade Wings Institute of Management ,Kolkata,https://images.collegedunia.com/public/image/institute/logo_1616464621logo.png?h=40&w=40&mode=stretch
DBA Consultants Pvt Ltd ,Mumbai,https://images.collegedunia.com/public/image/institute/logo_1616476440Logo.png?h=40&w=40&mode=stretch
K. S. Institute ,Pune,https://images.collegedunia.com/public/image/institute/logo_1616481390Logo.jpeg?h=40&w=40&mode=stretch
Oxford English Institute ,Hyderabad,https://images.collegedunia.com/public/image/institute/logo_1616489145Logo.jpg?h=40&w=40&mode=stretch
Quest Learning Center ,Kondurgu,https://images.collegedunia.com/public/image/institute/logo_1616490748Logo.png?h=40&w=40&mode=stretch
Forefront Academy ,Bangalore,https://images.collegedunia.com/public/image/institute/logo_1616491157Forefront Academy COVER.jpg?h=40&w=40&mode=stretch
Sakuraa Nihongo Resource Centre ,Bangalore,https://images.collegedunia.com/public/image/institute/logo_1616496928SAKURAA NIHONGO RESOURCE CENTRE-« LOGO.png?h=40&w=40&mode=stretch
STEP's Foundation ,Pune,https://images.collegedunia.com/public/image/institute/?h=40&w=40&mode=stretch
National Institute of English Skills Development ,Chennai,https://images.collegedunia.com/public/image/institute/logo_1616661830enslish_logo.JPG?h=40&w=40&mode=stretch
4BS Technologies ,Hyderabad,https://images.collegedunia.com/public/image/institute/logo_16166645334B_LOGO.JPG?h=40&w=40&mode=stretch
Staff Nurse Coaching Centre ,Hyderabad,https://images.collegedunia.com/public/image/institute/logo_1616674424LOGO.jpg?h=40&w=40&mode=stretch
Rve Technologies ,Bangalore,https://images.collegedunia.com/public/image/institute/logo_1616679328no background.png?h=40&w=40&mode=stretch
IIATCA (International Institute for Advanced Training on Control and Automation ) ,Kolkata,https://images.collegedunia.com/public/image/institute/logo_1616725827Logo (45).png?h=40&w=40&mode=stretch
PROLIFIC Systems ,Chennai,https://images.collegedunia.com/public/image/institute/logo_1616732489Logo (48).png?h=40&w=40&mode=stretch
Vestel Telecom Services ,Chennai,https://images.collegedunia.com/public/image/institute/logo_1616738105LOGO (20).jpg?h=40&w=40&mode=stretch
Indian Educational Services ,Bangalore,https://images.collegedunia.com/public/image/institute/logo_1616769458logo.jpg?h=40&w=40&mode=stretch
Prajna Prep ,Bhubaneswar,https://images.collegedunia.com/public/image/institute/logo_1616819646logo.jpg?h=40&w=40&mode=stretch
TeamBits Embedded Systems ,Hyderabad,https://images.collegedunia.com/public/image/institute/logo_1616832061LOGO (60).png?h=40&w=40&mode=stretch
Caba Innovatives ,New Delhi,https://images.collegedunia.com/public/image/institute/logo_1616854770caba_logo1.JPG?h=40&w=40&mode=stretch
AKS IAS Academy ,Hyderabad,https://images.collegedunia.com/public/image/institute/logo_1616860528logo.png?h=40&w=40&mode=stretch
Data Science Classes ,Pune,https://images.collegedunia.com/public/image/institute/logo_1616863983codekul_logo.JPG?h=40&w=40&mode=stretch
Omega IAS Study Circle ,Hyderabad,https://images.collegedunia.com/public/image/institute/logo_1616933297logo.jpg?h=40&w=40&mode=stretch
Infidata technologies ,Bangalore,https://images.collegedunia.com/public/image/institute/logo_1616937110Infidata logo.jpg?h=40&w=40&mode=stretch
Stellar Learning Solutions ,New Delhi,https://images.collegedunia.com/public/image/institute/logo_1616939538logo.jpg?h=40&w=40&mode=stretch
P R Digital Marketing Institute ,Kolkata,https://images.collegedunia.com/public/image/institute/logo_1616950556PR Logo.jpg?h=40&w=40&mode=stretch
Victoria Consultants ,Hyderabad,https://images.collegedunia.com/public/image/institute/logo_1617110434logo.png?h=40&w=40&mode=stretch
Initiative Institute of Professional Training & Research ,Mumbai,https://images.collegedunia.com/public/image/institute/logo_1617193192logo.png?h=40&w=40&mode=stretch
Parishkar World ,Jaipur,https://images.collegedunia.com/public/image/institute/logo_1626787919Logo.jpg?h=40&w=40&mode=stretch
MADHU CLASSES ,Mathura,https://images.collegedunia.com/public/image/institute/logo_1617197448logo (7).png?h=40&w=40&mode=stretch
The Institute Of Computer Engineers ,Kolkata,https://images.collegedunia.com/public/image/institute/logo_1617199777logo.png?h=40&w=40&mode=stretch
Udaan Institute ,Bathinda,https://images.collegedunia.com/public/image/institute/logo_1617201846logo.png?h=40&w=40&mode=stretch
Sysap Technologies ,Pune,https://images.collegedunia.com/public/image/institute/logo_1617202453logo (1).png?h=40&w=40&mode=stretch
Aptech Computer Education ,Kolkata,https://images.collegedunia.com/public/image/institute/logo_1623235962logo.jpg?h=40&w=40&mode=stretch
ELITE CLASSES ,Thane,https://images.collegedunia.com/public/image/institute/logo_1617255893elite_logo.JPG?h=40&w=40&mode=stretch
Mitravisa ,Hyderabad,https://images.collegedunia.com/public/image/institute/logo_1617257849logo.png?h=40&w=40&mode=stretch
Eduzone Classes ,New Delhi,https://images.collegedunia.com/public/image/institute/logo_1617291554LOGO.JPG?h=40&w=40&mode=stretch
Sai IAS Academy ,Chennai,https://images.collegedunia.com/public/image/institute/logo_1653559506logo.jpeg?h=40&w=40&mode=stretch
CHAKRAVARTHY CLASSROOM ,Hyderabad,https://images.collegedunia.com/public/image/institute/logo_1617351831logo.png?h=40&w=40&mode=stretch
Radiant Institute ,Bhopal,https://images.collegedunia.com/public/image/institute/logo_1617377586Radiant institute COVER.jpg?h=40&w=40&mode=stretch
IBT Ameerpet ,Hyderabad,https://images.collegedunia.com/public/image/institute/logo_1617432903logo (1).jpg?h=40&w=40&mode=stretch
Aryan Classes ,New Delhi,https://images.collegedunia.com/public/image/institute/logo_1617587376Logo.jpg?h=40&w=40&mode=stretch
Sangeeta's Coaching ,New Delhi,https://images.collegedunia.com/public/image/institute/logo_1617594284Logo.png?h=40&w=40&mode=stretch
Truvic Academy ,Bangalore,https://images.collegedunia.com/public/image/institute/logo_1617634827logo.jpg?h=40&w=40&mode=stretch
Ziel Classes ,Kolkata,https://images.collegedunia.com/public/image/institute/logo_1617635643Logo.png?h=40&w=40&mode=stretch
Zoc Technologies ,Mumbai,https://images.collegedunia.com/public/image/institute/logo_1617638920Logo.png?h=40&w=40&mode=stretch
EdNet Consultants Pvt Ltd ,New Delhi,https://images.collegedunia.com/public/image/institute/logo_1617644137EdNet Logo.png?h=40&w=40&mode=stretch
Admissiongyan Education Consultancy ,Bangalore,https://images.collegedunia.com/public/image/institute/logo_1617951903Admission gyan Logo.png?h=40&w=40&mode=stretch
Indian Institute Of Digital Marketing & Information ,New Delhi,https://images.collegedunia.com/public/image/institute/logo_1617692319IIDMI LOGO.jpg?h=40&w=40&mode=stretch
Department of German ,Mumbai,https://images.collegedunia.com/public/image/institute/logo_1617724502LOGO.jpg?h=40&w=40&mode=stretch
DMiNetz Online German & Consulting ,Mumbai,https://images.collegedunia.com/public/image/institute/logo_1617725214LOGO.png?h=40&w=40&mode=stretch
Speak English Velachery (ENGLISH LANGUAGE),Pondicherry,https://images.collegedunia.com/public/image/institute/logo_1617725915LOGO..JPG?h=40&w=40&mode=stretch
Infidata Technologies ,Bangalore,https://images.collegedunia.com/public/image/institute/logo_1617760109Infidata logo.jpg?h=40&w=40&mode=stretch
P R Digital Marketing Institute ,Kolkata,https://images.collegedunia.com/public/image/institute/logo_1617769265PR Logo.jpg?h=40&w=40&mode=stretch
Japanese Language Institute in Gurgaon -Akarui Group ,Gurgaon,https://images.collegedunia.com/public/image/institute/logo_1617864340LOGO (2).jpg?h=40&w=40&mode=stretch
IES Institute ,Hyderabad,https://images.collegedunia.com/public/image/institute/logo_1617865291unnamed (6).jpg?h=40&w=40&mode=stretch
VyTCDC ,Chennai,https://images.collegedunia.com/public/image/institute/logo_1617980907tcdclogo.png?h=40&w=40&mode=stretch
Chase Consultancy Services ,Mumbai,https://images.collegedunia.com/public/image/institute/logo_1618153819CHASE CONSULTANCY Logo.png?h=40&w=40&mode=stretch
Fita ,Chennai,https://images.collegedunia.com/public/image/institute/logo_1618160768FITA Logo.png?h=40&w=40&mode=stretch
Smarts Choice Educational Services (Education consultants),Hyderabad,https://images.collegedunia.com/public/image/institute/logo_1618186560LOGO.png?h=40&w=40&mode=stretch
Shiksha Academy & Safal Teachers Training ,Mumbai,https://images.collegedunia.com/public/image/institute/logo_1618204928Shiksha Academy Logo.png?h=40&w=40&mode=stretch
IAS Gurukul  ,New Delhi,https://images.collegedunia.com/public/image/institute/logo_1618219946ias-gurukul Logo.jpg?h=40&w=40&mode=stretch
Shiksha Point ,Sant Ravidas Nagar,https://images.collegedunia.com/public/image/institute/logo_1618232744Shiksha Point LOGO.jpg?h=40&w=40&mode=stretch
Ace India Consultants and HVAC MEP Training Institute ,Bangalore,https://images.collegedunia.com/public/image/institute/logo_1618233975ACE Logo.jpg?h=40&w=40&mode=stretch
International Lingua Institute ,Hyderabad,https://images.collegedunia.com/public/image/institute/logo_1618252824ILI Logo.jpg?h=40&w=40&mode=stretch
Excellent Spoken English And Interview Skills ,Hyderabad,https://images.collegedunia.com/public/image/institute/logo_1618299322RV Logo.jpg?h=40&w=40&mode=stretch
Japaneseinterpreterindia (JAPANESE LANGUAGE),Bundi,https://images.collegedunia.com/public/image/institute/logo_1618301201logo (8).jpg?h=40&w=40&mode=stretch
Life Leader Spoken English and Personality Development Institute ,Hyderabad,https://images.collegedunia.com/public/image/institute/logo_1618310167Life Leader logo.jpg?h=40&w=40&mode=stretch
Pawan Goel Classes ,Hyderabad,https://images.collegedunia.com/public/image/institute/logo_1618326928business_logo.png?h=40&w=40&mode=stretch
Study in France - FOREIGN SHORES - Overseas Education Consultants (Study Abroad),New Delhi,https://images.collegedunia.com/public/image/institute/logo_1618382975LOGO (3).png?h=40&w=40&mode=stretch
Data Science Wizards ,Mumbai,https://images.collegedunia.com/public/image/institute/logo_1618578526logo.png?h=40&w=40&mode=stretch
The O.P. Gupta Advanced Math Classes ,New Delhi,https://images.collegedunia.com/public/image/institute/logo_1618583095logo.png?h=40&w=40&mode=stretch
CA Classes by Parveen Jindal ,New Delhi,https://images.collegedunia.com/public/image/institute/logo_1618457469ca_logo.JPG?h=40&w=40&mode=stretch
CDA Centre ,Mumbai,https://images.collegedunia.com/public/image/institute/logo_1618458888cdac_lolgo.JPG?h=40&w=40&mode=stretch
Yi Chinese ,Gurgaon,https://images.collegedunia.com/public/image/institute/logo_1618583506logo.jpg?h=40&w=40&mode=stretch
Center of Excellence for Minimal Access Surgery Training ,Mumbai,https://images.collegedunia.com/public/image/institute/logo_1618459986centre_logo.JPG?h=40&w=40&mode=stretch
Institute of Foreign Language and Culture ,Bangalore,https://images.collegedunia.com/public/image/institute/logo_1618584236logo.jpg?h=40&w=40&mode=stretch
Institute Of Spanish Studies ,Bangalore,https://images.collegedunia.com/public/image/institute/logo_1618585548logo.png?h=40&w=40&mode=stretch
Versionit org ,Hyderabad,https://images.collegedunia.com/public/image/institute/logo_1618492683Verson IT Cover.png?h=40&w=40&mode=stretch
Abroad Education Counsel & Immigration Services ,Bangalore,https://images.collegedunia.com/public/image/institute/logo_1618565796AEC-LOGO.png?h=40&w=40&mode=stretch
Life License Abroad Education ,Hyderabad,https://images.collegedunia.com/public/image/institute/logo_1618603884LOGO.png?h=40&w=40&mode=stretch
SN GLOBAL EDUCATION ,Hyderabad,https://images.collegedunia.com/public/image/institute/logo_1618606442logo (1).png?h=40&w=40&mode=stretch
Digital Consulting Pandit ,Mumbai,https://images.collegedunia.com/public/image/institute/logo_1618820446logo.png?h=40&w=40&mode=stretch
MAAC Animation - HSR Layout ,Bangalore,https://images.collegedunia.com/public/image/institute/logo_1618756182logo.png?h=40&w=40&mode=stretch
American institute of English language (IELTS),New Delhi,https://images.collegedunia.com/public/image/institute/logo_1618694716logo.JPG?h=40&w=40&mode=stretch
Sangeeta's Coaching ,New Delhi,https://images.collegedunia.com/public/image/institute/logo_1618739215Logo.png?h=40&w=40&mode=stretch
Wincer Academy ,Bangalore,https://images.collegedunia.com/public/image/institute/logo_1618742195Logo.jpg?h=40&w=40&mode=stretch
Ziel Classes ,Kolkata,https://images.collegedunia.com/public/image/institute/logo_1618745984Logo.png?h=40&w=40&mode=stretch
ZOC Technologies ,Mumbai,https://images.collegedunia.com/public/image/institute/logo_1618748074Logo.png?h=40&w=40&mode=stretch
Edventure ,Mumbai,https://images.collegedunia.com/public/image/institute/logo_1618750712Logo.png?h=40&w=40&mode=stretch
Lingua Encarta (Language Training),Gurgaon,https://images.collegedunia.com/public/image/institute/logo_1618764688LOGO.JPG?h=40&w=40&mode=stretch
IPSA The Institute of Science ,Jaipur,https://images.collegedunia.com/public/image/institute/logo_1618771692Logo.png?h=40&w=40&mode=stretch
Hyderabad Digital Marketing ,Hyderabad,https://images.collegedunia.com/public/image/institute/logo_1618772161Logo.png?h=40&w=40&mode=stretch
Overseas Pathway Consultancy Services ,Bangalore,https://images.collegedunia.com/public/image/institute/logo_1619204964logo.png?h=40&w=40&mode=stretch
Tuition Corner ,Kolkata,https://images.collegedunia.com/public/image/institute/logo_1618998475Logo.jpg?h=40&w=40&mode=stretch
Right Track Consultants ,Hyderabad,https://images.collegedunia.com/public/image/institute/logo_1619262602logo.jpg?h=40&w=40&mode=stretch
AECC Global (Study Abroad),Hyderabad,https://images.collegedunia.com/public/image/institute/logo_1619160045LOGO (13).JPG?h=40&w=40&mode=stretch
SEO Expert and SEO Freelance (SEO),Mumbai,https://images.collegedunia.com/public/image/institute/logo_1619349692LOGO.JPG?h=40&w=40&mode=stretch
Sprachlingua ,Chennai,https://images.collegedunia.com/public/image/institute/logo_1619362731Logo.jpeg?h=40&w=40&mode=stretch
Shree Gurukripa Institute Of Finance And Management ,Chennai,https://images.collegedunia.com/public/image/institute/logo_1619376246logo.JPG?h=40&w=40&mode=stretch
ICR Education services ,Ahmedabad,https://images.collegedunia.com/public/image/institute/logo_1619376757Logo.jpg?h=40&w=40&mode=stretch
Skyline Visa & Travel Management Private Limited (Visa consultants),New Delhi,https://images.collegedunia.com/public/image/institute/logo_1619384465LOGO.png?h=40&w=40&mode=stretch
Smart Coaching Classes (10th Exam CBSE),Bhopal,https://images.collegedunia.com/public/image/institute/logo_1619385143LOGO.png?h=40&w=40&mode=stretch
Thiruvalluvar CNC Training Centre ,Chennai,https://images.collegedunia.com/public/image/institute/logo_1619387989LOGO.jpg?h=40&w=40&mode=stretch
AIM Education & Research Society ,Hyderabad,https://images.collegedunia.com/public/image/institute/logo_1619511128logo.jpg?h=40&w=40&mode=stretch
Neo Institute Of Medical Sciences And Technology Ltd ,Hyderabad,https://images.collegedunia.com/public/image/institute/logo_1619774918 LOGO.png?h=40&w=40&mode=stretch
Overseas Studies ,Chennai,https://images.collegedunia.com/public/image/institute/logo_1619854444logo.PNG?h=40&w=40&mode=stretch
RACE Academy ,Hyderabad,https://images.collegedunia.com/public/image/institute/logo_1619890543logo.jpg?h=40&w=40&mode=stretch
Guru Chem Academy ,Jaipur,https://images.collegedunia.com/public/image/institute/logo_1619928869logo.png?h=40&w=40&mode=stretch
Sonarpur Institute Of Computer Studies ,Kolkata,https://images.collegedunia.com/public/image/institute/logo_1619965970logo.jpg?h=40&w=40&mode=stretch
JS DELIGHT CLASSES ,Bangalore,https://images.collegedunia.com/public/image/institute/logo_1619974651logo.png?h=40&w=40&mode=stretch
360 ABROAD CONSULTANTS ,Chennai,https://images.collegedunia.com/public/image/institute/logo_1619977109LOGO.jpeg?h=40&w=40&mode=stretch
VJC Overseas ,Hyderabad,https://images.collegedunia.com/public/image/institute/logo_1620115593logo.png?h=40&w=40&mode=stretch
cyberhitech ,New Delhi,https://images.collegedunia.com/public/image/institute/logo_1620119304LOGO.JPG?h=40&w=40&mode=stretch
SSSI Free Computer Training Center ,Chennai,https://images.collegedunia.com/public/image/institute/logo_1620122784LOGO.JPG?h=40&w=40&mode=stretch
121Techtraining ,,https://images.collegedunia.com/public/image/institute/logo_1620130713121 ALBUM.png?h=40&w=40&mode=stretch
Management Career Makers ,Mumbai,https://images.collegedunia.com/public/image/institute/logo_1620141556logo.jpg?h=40&w=40&mode=stretch
Insta Infotech ,New Delhi,https://images.collegedunia.com/public/image/institute/logo_1620144250logo.jpg?h=40&w=40&mode=stretch
B EduCARE ,Mumbai,https://images.collegedunia.com/public/image/institute/logo_1620182794LOGO.PNG?h=40&w=40&mode=stretch
B.Kumar's Academy ,Vasai,https://images.collegedunia.com/public/image/institute/logo_1620200361LOGO.jpg?h=40&w=40&mode=stretch
TICO Institute of Embedded Technology ,New Delhi,https://images.collegedunia.com/public/image/institute/logo_1620217086logo.png?h=40&w=40&mode=stretch
Revataa Education Pvt. Ltd. ,New Delhi,https://images.collegedunia.com/public/image/institute/logo_1620239502logo5.png?h=40&w=40&mode=stretch
Study Abroad Educational Consultants ,Chennai,https://images.collegedunia.com/public/image/institute/logo_1620313017logo (1).png?h=40&w=40&mode=stretch
International Training and Consulting Services ,Raigarh,https://images.collegedunia.com/public/image/institute/logo_1620329738logo.jpeg?h=40&w=40&mode=stretch
Overseas Education Centre ,Hyderabad,https://images.collegedunia.com/public/image/institute/logo_1620373902LOGO.jpg?h=40&w=40&mode=stretch
Parivartan Institute ,New Delhi,https://images.collegedunia.com/public/image/institute/logo_1620378008LOGO.png?h=40&w=40&mode=stretch
Data Gyan-Data Analytics Training Center in Bangalore ,Bangalore Rural,https://images.collegedunia.com/public/image/institute/logo_1620380660Logo (57).png?h=40&w=40&mode=stretch
Speakwell English Academy Dahisar East ,Mumbai,https://images.collegedunia.com/public/image/institute/logo_1620396672Logo (62).png?h=40&w=40&mode=stretch
Nile Migration ,New Delhi,https://images.collegedunia.com/public/image/institute/logo_1620397227logo.png?h=40&w=40&mode=stretch
ALL DGM ,Hyderabad,https://images.collegedunia.com/public/image/institute/logo_1620455458Logo.PNG?h=40&w=40&mode=stretch
US Soft Technologies ,Chennai,https://images.collegedunia.com/public/image/institute/logo_1620476008ll.png?h=40&w=40&mode=stretch
The Orange Group ,Karnal,https://images.collegedunia.com/public/image/institute/logo_1620479977LOGO.jpg?h=40&w=40&mode=stretch
Improvise Academy ,Kolkata,https://images.collegedunia.com/public/image/institute/logo_17012588131.png?h=40&w=40&mode=stretch
INDOPACIFIC EDUCATION SERVICES ,New Delhi,https://images.collegedunia.com/public/image/institute/logo_1620492505Logo (48).jpg?h=40&w=40&mode=stretch
T.I.M.E. Kids Preschool- Velachery ,Chennai,https://images.collegedunia.com/public/image/institute/logo_1620503033Logo (50).jpg?h=40&w=40&mode=stretch
CA Classes by ICAC ,Rohtak,https://images.collegedunia.com/public/image/institute/logo_1620504802LOGO.png?h=40&w=40&mode=stretch
LATAM Foreign Language Education ,New Delhi,https://images.collegedunia.com/public/image/institute/logo_1620565972logo.png?h=40&w=40&mode=stretch
Pixelnets ,Chennai,https://images.collegedunia.com/public/image/institute/logo_1620584638logo (3).jpg?h=40&w=40&mode=stretch
CGtrix Animation Studios ,Hyderabad,https://images.collegedunia.com/public/image/institute/logo_1620593813M1 (2).png?h=40&w=40&mode=stretch
WVP International Overseas Careers ,New Delhi,https://images.collegedunia.com/public/image/institute/logo_1620628438WVP Logo1.png?h=40&w=40&mode=stretch
Hayakawa Japanese Language School & Cultural Center ,Chennai,https://images.collegedunia.com/public/image/institute/logo_1620674328hayakawa-logo.png?h=40&w=40&mode=stretch
CAD Odyssey ,Hyderabad,https://images.collegedunia.com/public/image/institute/logo_1620725512Logo.jpeg?h=40&w=40&mode=stretch
Home Tuition ,Bangalore,https://images.collegedunia.com/public/image/institute/logo_1620754700images.jpeg?h=40&w=40&mode=stretch
SI-UK India ,New Delhi,https://images.collegedunia.com/public/image/institute/logo_1666348732SI-UK Logo-1_75x75.jpg?h=40&w=40&mode=stretch
Aptech Learning and Aviation Academy ,Kolkata,https://images.collegedunia.com/public/image/institute/logo_1621876393aptechlearningandaviation-logo.png?h=40&w=40&mode=stretch
BBG Distance Learning Center ,Mumbai,https://images.collegedunia.com/public/image/institute/logo_1623301153BBG Distance Learning Center Logo Black.png?h=40&w=40&mode=stretch
Tiwari Academy - A Step towards free Education ,New Delhi,https://images.collegedunia.com/public/image/institute/logo_1624001460ta.jpg?h=40&w=40&mode=stretch
CADD CENTER ,Mumbai,https://images.collegedunia.com/public/image/institute/logo_1624712288CADL.jpg?h=40&w=40&mode=stretch
IDP Gurgaon ,Gurgaon,https://images.collegedunia.com/public/image/institute/logo_1625057322Logo.png?h=40&w=40&mode=stretch
NTSE Guru ,Indore,https://images.collegedunia.com/public/image/institute/logo_1626013693NTSEL.jpg?h=40&w=40&mode=stretch
Pathfinder Academy ,New Delhi,https://images.collegedunia.com/public/image/institute/logo_1628324948pfl.PNG?h=40&w=40&mode=stretch
HitBullsEye (CAT),Chandigarh,https://images.collegedunia.com/public/image/institute/logo_1629660841HBEL.jpg?h=40&w=40&mode=stretch
Skillogic ,Bangalore,https://images.collegedunia.com/public/image/institute/logo_1632484935skillogic_logo.png?h=40&w=40&mode=stretch
IIHT ,Jaipur,https://images.collegedunia.com/public/image/institute/logo_1633705405LOGO.png?h=40&w=40&mode=stretch
Acelot Academy ,Gurgaon,https://images.collegedunia.com/public/image/institute/logo_1638255377187874485_108180264799141_8197321348152366868_n.jpg?h=40&w=40&mode=stretch
Eduway Academy Pvt. Ltd. ,Navi Mumbai,https://images.collegedunia.com/public/image/institute/logo_1651491750Eduway logo.png?h=40&w=40&mode=stretch
Arjunaa Academy ,Bangalore,https://images.collegedunia.com/public/image/institute/logo_1657283986logo.jpg?h=40&w=40&mode=stretch
Sri Krishna Academy ,Hyderabad,https://images.collegedunia.com/public/image/institute/logo_1657526597LOGO_1.JPG?h=40&w=40&mode=stretch
Mentor Me Careers ,Pune,https://images.collegedunia.com/public/image/institute/logo_1657529072logo.jpg?h=40&w=40&mode=stretch
Prodigy Educlasses ,Kolkata,https://images.collegedunia.com/public/image/institute/logo_1657612573logo.png?h=40&w=40&mode=stretch
IITians Gravity ,Thane,https://images.collegedunia.com/public/image/institute/logo_1657621952Logo.JPG?h=40&w=40&mode=stretch
Roots academy ,Hyderabad,https://images.collegedunia.com/public/image/institute/logo_1657624073Logo.jpg?h=40&w=40&mode=stretch
Ekoching ,Ahmedabad,https://images.collegedunia.com/public/image/institute/logo_1662459856Untitled.png?h=40&w=40&mode=stretch
BellCAT ,Kolkata,https://images.collegedunia.com/public/image/institute/logo_1661938682Logo1.jpg?h=40&w=40&mode=stretch
Ultimate Mathematics ,New Delhi,https://images.collegedunia.com/public/image/institute/logo_1662361162Screenshot 2022-09-05 122518.png?h=40&w=40&mode=stretch
Actuation Academy ,Gurgaon,https://images.collegedunia.com/public/image/institute/logo_1662097025276225123_514114543483496_6767610752796799414_n.jpg?h=40&w=40&mode=stretch
IMS ,Cochin,https://images.collegedunia.com/public/image/institute/logo_1662096298logo.jpg?h=40&w=40&mode=stretch
Vidyapeeth Tutorials ,Ghaziabad,https://images.collegedunia.com/public/image/institute/logo_1662361999images.jpg?h=40&w=40&mode=stretch
AirGo Academy ,Agra,https://images.collegedunia.com/public/image/institute/logo_1662974049index.png?h=40&w=40&mode=stretch
Design Centre ,Indore,https://images.collegedunia.com/public/image/institute/logo_1664356667Screenshot 2022-09-28 144704.png?h=40&w=40&mode=stretch
Suvarna Law Classes ,Pune,https://images.collegedunia.com/public/image/institute/?h=40&w=40&mode=stretch
Gateway Abroad ,Kolkata,https://images.collegedunia.com/public/image/institute/logo_1667300811Gateway Abroad Cover Pic.png?h=40&w=40&mode=stretch
IDP Education ,Kolkata,https://images.collegedunia.com/public/image/institute/logo_1667392923IDP Logo.jpg?h=40&w=40&mode=stretch
Edwise International ,Kolkata,https://images.collegedunia.com/public/image/institute/logo_1668516027Edwise_International Logo.jpg?h=40&w=40&mode=stretch
IELTS Academy (IELTS),Bangalore,https://images.collegedunia.com/public/image/institute/logo_1668236260logo.png?h=40&w=40&mode=stretch
Kanan International ,Bangalore,https://images.collegedunia.com/public/image/institute/logo_1668400817kanan-logo.svg?h=40&w=40&mode=stretch
Edwise International (IELTS),New Delhi,https://images.collegedunia.com/public/image/institute/logo_1668516314Edwise_International Logo.jpg?h=40&w=40&mode=stretch
IDP ,Bangalore,https://images.collegedunia.com/public/image/institute/logo_1668743686IDP Logo.jpg?h=40&w=40&mode=stretch
Anish Srivastava ,Kanpur,https://images.collegedunia.com/public/image/institute/logo_16914968792021-06-03.jpg?h=40&w=40&mode=stretch
Hopes Academy ,Nagpur,https://images.collegedunia.com/public/image/institute/logo_1674822452Logo.jpg?h=40&w=40&mode=stretch
Unik Careers ,New Delhi,https://images.collegedunia.com/public/image/institute/logo_1675677430logo.jpg?h=40&w=40&mode=stretch
ADM Eduabroad Consultants ,Pune,https://images.collegedunia.com/public/image/institute/?h=40&w=40&mode=stretch
Sun city institute of education ,Ghaziabad,https://images.collegedunia.com/public/image/institute/logo_1676469378logo.jpg?h=40&w=40&mode=stretch
Aditya's Physics Classes ,Patna,https://images.collegedunia.com/public/image/institute/logo_1677028445logo.png?h=40&w=40&mode=stretch
Eklabhya Classes ,Bhubaneswar,https://images.collegedunia.com/public/image/institute/logo_1678787455Screenshot 2023-03-14 145946.png?h=40&w=40&mode=stretch
Sindhwal Classes ,Dehradun,https://images.collegedunia.com/public/image/institute/logo_1681362452ssssss.jpg?h=40&w=40&mode=stretch
Kishor Institute ,Gandhinagar,https://images.collegedunia.com/public/image/institute/logo_1681464357kishor 1.jpg?h=40&w=40&mode=stretch
GD Verma Classes ,Kanpur,https://images.collegedunia.com/public/image/institute/logo_1681713999gd-logo-1.png?h=40&w=40&mode=stretch
Evoke Edutech - Kolhapur ,Kolhapur,https://images.collegedunia.com/public/image/institute/logo_1683010899evoke logo.png?h=40&w=40&mode=stretch
MGCI ,Indore,https://images.collegedunia.com/public/image/institute/logo_1684130166mg logo.jpg?h=40&w=40&mode=stretch
Career Crave Education Center ,Kanpur,https://images.collegedunia.com/public/image/institute/logo_1684226618c logo.jpg?h=40&w=40&mode=stretch
A-One Institute ,Chandigarh,https://images.collegedunia.com/public/image/institute/logo_1684310481a logo.jpg?h=40&w=40&mode=stretch
Edvizo ,Bangalore,https://images.collegedunia.com/public/image/institute/logo_1684395227ee.jpg?h=40&w=40&mode=stretch
AJNALENS ,Thane,https://images.collegedunia.com/public/image/institute/logo_1684562154a logo.png?h=40&w=40&mode=stretch
AK Info Institute ,New Delhi,https://images.collegedunia.com/public/image/institute/logo_1684915164ak logo.png?h=40&w=40&mode=stretch
IMECH Institute ,Hyderabad,https://images.collegedunia.com/public/image/institute/logo_1685359525i logo.jpg?h=40&w=40&mode=stretch
GSS Academy ,Dehradun,https://images.collegedunia.com/public/image/institute/logo_1685601024gss logo.jpg?h=40&w=40&mode=stretch
Vidhaan Residential Home ,Dewas,https://images.collegedunia.com/public/image/institute/logo_1685684581v logo.png?h=40&w=40&mode=stretch
NEET EJEE Classes ,Noida,https://images.collegedunia.com/public/image/institute/logo_1685795349n cover.jpg?h=40&w=40&mode=stretch
Fathom Academy ,Gorakhpur,https://images.collegedunia.com/public/image/institute/logo_1686035433f l.jpg?h=40&w=40&mode=stretch
Top Tutorial ,Patna,https://images.collegedunia.com/public/image/institute/logo_1686035933t l.jpg?h=40&w=40&mode=stretch
SK JHA Patna ,Patna,https://images.collegedunia.com/public/image/institute/logo_17030461873.jpg?h=40&w=40&mode=stretch
Achievers Career Institute ,Indore,https://images.collegedunia.com/public/image/institute/logo_1686208953m l.jpg?h=40&w=40&mode=stretch
Er S Mishra Classes ,Patna,https://images.collegedunia.com/public/image/institute/logo_1686307730e1.jpg?h=40&w=40&mode=stretch
Sancheti Classes ,Pune,https://images.collegedunia.com/public/image/institute/logo_1686313160s1.jpg?h=40&w=40&mode=stretch
NxtWave ,Manakondur,https://images.collegedunia.com/public/image/institute/logo_1686547629m1.jpg?h=40&w=40&mode=stretch
Ashfaq Sir Chemistry Classes ,Lucknow,https://images.collegedunia.com/public/image/institute/logo_1686561559a1.jpg?h=40&w=40&mode=stretch
Vishal Coaching Classes ,Agra,https://images.collegedunia.com/public/image/institute/logo_1686805286v1.jpg?h=40&w=40&mode=stretch
Malnad Coaching Centre ,Hassan,https://images.collegedunia.com/public/image/institute/logo_1686978254m1.jpg?h=40&w=40&mode=stretch
Infinity Maths ,Patna,https://images.collegedunia.com/public/image/institute/logo_1686984032i1.jpg?h=40&w=40&mode=stretch
Guru Institute ,Chandigarh,https://images.collegedunia.com/public/image/institute/logo_1687417813g1.jpg?h=40&w=40&mode=stretch
Sinha Mathematics Classes ,Kota,https://images.collegedunia.com/public/image/institute/logo_1687840093s1.png?h=40&w=40&mode=stretch
Dev Tutorials ,Lucknow,https://images.collegedunia.com/public/image/institute/logo_1687844848d1.png?h=40&w=40&mode=stretch
Equation ,Indore,https://images.collegedunia.com/public/image/institute/logo_16879381662.png?h=40&w=40&mode=stretch
Frameboxx 2.0 ,Kolkata,https://images.collegedunia.com/public/image/institute/logo_16881960021.jpg?h=40&w=40&mode=stretch
Define Overseas ,Kharar,https://images.collegedunia.com/public/image/institute/logo_16885356311.jpg?h=40&w=40&mode=stretch
True Teachers ,Nashik,https://images.collegedunia.com/public/image/institute/logo_16885567985.jpg?h=40&w=40&mode=stretch
Ahuja Career Institute ,Ahmedabad,https://images.collegedunia.com/public/image/institute/logo_16890652801.jpg?h=40&w=40&mode=stretch
Camford Academy ,Trivendrum,https://images.collegedunia.com/public/image/institute/logo_16892214231.jpg?h=40&w=40&mode=stretch
Sunny Coaching Classes ,Ludhiana,https://images.collegedunia.com/public/image/institute/logo_1689236943new.png?h=40&w=40&mode=stretch
SG Academics ,Kolkata,https://images.collegedunia.com/public/image/institute/logo_16892388111.jpg?h=40&w=40&mode=stretch
Rohan's Academy ,Bangalore,https://images.collegedunia.com/public/image/institute/logo_16893150991.jpg?h=40&w=40&mode=stretch
Edvicon Educare ,Mumbai,https://images.collegedunia.com/public/image/institute/logo_16894070271.webp?h=40&w=40&mode=stretch
Axplore academy ,New Delhi,https://images.collegedunia.com/public/image/institute/logo_1689683997logo (1).png?h=40&w=40&mode=stretch
ALPHA CLASSES ,Gorakhpur,https://images.collegedunia.com/public/image/institute/logo_16901823862021-07-29.jpg?h=40&w=40&mode=stretch
Master Class Edutech ,Mumbai,https://images.collegedunia.com/public/image/institute/logo_1690376419logo.jpg?h=40&w=40&mode=stretch
Krishna Pradeep’s 21st Century IAS ,Hyderabad,https://images.collegedunia.com/public/image/institute/logo_1690883541cropped-AMIGOS-LOGO-NEW-300x69.png?h=40&w=40&mode=stretch
CLAT Gurukul ,Patna,https://images.collegedunia.com/public/image/institute/logo_16910650271.jpg?h=40&w=40&mode=stretch
"MAAC, Gurgaon ",Gurgaon,https://images.collegedunia.com/public/image/institute/logo_16928775281.jpg?h=40&w=40&mode=stretch
Shalby Academy ,Ahmedabad,https://images.collegedunia.com/public/image/institute/logo_1693646006logo (1).png?h=40&w=40&mode=stretch
FSTC Flying School ,Narnaul,https://images.collegedunia.com/public/image/institute/logo_1693914036ss.jpg?h=40&w=40&mode=stretch
iNCUBE8 VFX Academy ,Mumbai,https://images.collegedunia.com/public/image/institute/logo_16953682521.jpg?h=40&w=40&mode=stretch
Frameboxx 2.0 ,Navi Mumbai,https://images.collegedunia.com/public/image/institute/logo_169743816433.jpg?h=40&w=40&mode=stretch
Integrator Classes ,Bangalore,https://images.collegedunia.com/public/image/institute/logo_1699527037assa.jpg?h=40&w=40&mode=stretch
Infiniito Education ,Jaipur,https://images.collegedunia.com/public/image/institute/?h=40&w=40&mode=stretch
Pathshala Institute ,Lucknow,https://images.collegedunia.com/public/image/institute/logo_1701502852sss.png?h=40&w=40&mode=stretch
Arise Academy ,Indore,https://images.collegedunia.com/public/image/institute/logo_17015107073232.jpg?h=40&w=40&mode=stretch
Vishnoi Classes ,Kanpur,https://images.collegedunia.com/public/image/institute/logo_1701668129adfa.jpg?h=40&w=40&mode=stretch
RS Institute ,Kanpur,https://images.collegedunia.com/public/image/institute/logo_1701663824ddd.png?h=40&w=40&mode=stretch
Premiumvikas Classes ,Surat,https://images.collegedunia.com/public/image/institute/logo_1701675241dsadas.png?h=40&w=40&mode=stretch
Dashmesh Academy ,Amritsar,https://images.collegedunia.com/public/image/institute/logo_1702295820logo.png?h=40&w=40&mode=stretch
Victory Home tuition ,Visakhapatnam,https://images.collegedunia.com/public/image/institute/logo_17024711623.jpg?h=40&w=40&mode=stretch
Utkarsh Classes ,Jaipur,https://images.collegedunia.com/public/image/institute/logo_1702538536utkarsh logo.jpg?h=40&w=40&mode=stretch
Bhautiki Institute of Physics ,Gwalior,https://images.collegedunia.com/public/image/institute/logo_1702721219bhoutiki logo.jpg?h=40&w=40&mode=stretch
Aarvee Academy ,Agra,https://images.collegedunia.com/public/image/institute/logo_1702723647arvee logo.jpg?h=40&w=40&mode=stretch
Rishikesh Physics Centre ,Patna,https://images.collegedunia.com/public/image/institute/logo_17029810433.jpg?h=40&w=40&mode=stretch
Dr Kirti Classes ,Gandhinagar,https://images.collegedunia.com/public/image/institute/logo_1702982085Dr. Kriti logo.jpg?h=40&w=40&mode=stretch
Vidyalankar Classes ,Aurangabad,https://images.collegedunia.com/public/image/institute/logo_1702988122vidyalankar logo.jpg?h=40&w=40&mode=stretch
Momentum Classes ,Nagpur,https://images.collegedunia.com/public/image/institute/logo_1703060608momentum logo.jpg?h=40&w=40&mode=stretch
Vidya Education Classes ,Pune,https://images.collegedunia.com/public/image/institute/logo_1703064719vidya logo.jpg?h=40&w=40&mode=stretch
Locus Pondicherry ,Pondicherry,https://images.collegedunia.com/public/image/institute/logo_17031380913.jpg?h=40&w=40&mode=stretch
Education Vibes ,Pune,https://images.collegedunia.com/public/image/institute/logo_1703584828logo-1.png?h=40&w=40&mode=stretch
Smrithi Academy ,Coimbatore,https://images.collegedunia.com/public/image/institute/logo_1703588998ffff.png?h=40&w=40&mode=stretch
Erudite Academy Deccan ,Pune,https://images.collegedunia.com/public/image/institute/logo_1704283479erudite.png?h=40&w=40&mode=stretch
VISA ARCHITECTS ,Bangalore,https://images.collegedunia.com/public/image/institute/logo_1614264359logo.png?h=40&w=40&mode=stretch
Inteegrity Career Solutions Pvt. Ltd. (Finance & Accounting),Mumbai,https://images.collegedunia.com/public/image/institute/logo_1618678648images.JPG?h=40&w=40&mode=stretch
Shankar IAS Academy ,Bangalore,https://images.collegedunia.com/public/image/institute/logo_1691061937logo_1628939415iasl.webp?h=40&w=40&mode=stretch
IT Vedant ,Mumbai,https://images.collegedunia.com/public/image/institute/logo_1590065564itvedant-web-logo.png?h=40&w=40&mode=stretch
IMS (CAT),Mumbai,https://images.collegedunia.com/public/image/institute/logo_1622200972logo_ims_mumbai.JPG?h=40&w=40&mode=stretch
Khan Study Group ,Bhopal,https://images.collegedunia.com/public/image/institute/logo_1592937516ksg image.jpg?h=40&w=40&mode=stretch
GATE IIT ,Bangalore,https://images.collegedunia.com/public/image/institute/logo_1592994567gate logo new.jpg?h=40&w=40&mode=stretch
Unique IAS Academy ,Bhopal,https://images.collegedunia.com/public/image/institute/logo_1600859276ysh.jpg?h=40&w=40&mode=stretch
SIEC Education Pvt Ltd ,New Delhi,https://images.collegedunia.com/public/image/institute/logo_1593088984logo sc.png?h=40&w=40&mode=stretch
Maven Consulting Services ,Bangalore,https://images.collegedunia.com/public/image/institute/logo_1593115651maven logo.jpg?h=40&w=40&mode=stretch
Hurray Edutech ,Bangalore,https://images.collegedunia.com/public/image/institute/logo_1593152403Hurray-New-Logo-Black.png?h=40&w=40&mode=stretch
Margshree Classes (JEE Main),New Delhi,https://images.collegedunia.com/public/image/institute/logo_1594031227margshree-logo.jpg?h=40&w=40&mode=stretch
Ram IAS Academy ,Gurgaon,https://images.collegedunia.com/public/image/institute/logo_1604139905download.jpg?h=40&w=40&mode=stretch
Velocity Institute ,Faridabad,https://images.collegedunia.com/public/image/institute/logo_1594212427Screenshot (145).png?h=40&w=40&mode=stretch
Innovative IAS Coaching Centre ,Bangalore,https://images.collegedunia.com/public/image/institute/logo_1594799449Innovative IAS Coaching centre.png?h=40&w=40&mode=stretch
Ganesh's IAS ,Chennai,https://images.collegedunia.com/public/image/institute/logo_1594802605Ganesh IAS logo.PNG?h=40&w=40&mode=stretch
Analog IAS Academy ,Bangalore,https://images.collegedunia.com/public/image/institute/logo_1594811067Analog IAS Academy.png?h=40&w=40&mode=stretch
Samyak IAS ,Jaipur,https://images.collegedunia.com/public/image/institute/logo_1594902845download (2).jpg?h=40&w=40&mode=stretch
Innovation Academy ,Tambaram,https://images.collegedunia.com/public/image/institute/logo_1594894840Logo.png?h=40&w=40&mode=stretch
IQRA IAS Academy ,Pune,https://images.collegedunia.com/public/image/institute/logo_1595048857iqra-ias-pune-logo.png?h=40&w=40&mode=stretch
Kavish IAS ,Kolkata,https://images.collegedunia.com/public/image/institute/logo_1595196035download.png?h=40&w=40&mode=stretch
Dagur's Academy ( IAS/IPS/IFS/RAS) ,Jaipur,https://images.collegedunia.com/public/image/institute/logo_1607514359featured_channel.jpg?h=40&w=40&mode=stretch
Shelar Academy (JEE Main),Mumbai,https://images.collegedunia.com/public/image/institute/logo_1595921164shelar logo.jpg?h=40&w=40&mode=stretch
Focus Academy (NEET),Hyderabad,https://images.collegedunia.com/public/image/institute/logo_1596006098focus logo.png?h=40&w=40&mode=stretch
Quest Tutorials (JEE Main),New Delhi,https://images.collegedunia.com/public/image/institute/logo_1596015735quest logo.png?h=40&w=40&mode=stretch
Direction IAS ,New Delhi,https://images.collegedunia.com/public/image/institute/logo_1596269583direction ias.jpg?h=40&w=40&mode=stretch
Brain Blooms Academy ,Chennai,https://images.collegedunia.com/public/image/institute/logo_1596480119download (4).jpg?h=40&w=40&mode=stretch
Asquare Classes (JEE Main),Pune,https://images.collegedunia.com/public/image/institute/logo_1596725105as logo.jpg?h=40&w=40&mode=stretch
KAUSTUBH ACADEMY ,Pune,https://images.collegedunia.com/public/image/institute/logo_1596979388img.png?h=40&w=40&mode=stretch
Fountain Coaching Institute ,New Delhi,https://images.collegedunia.com/public/image/institute/logo_1597207948logo f4.jpg?h=40&w=40&mode=stretch
"Vidyalayam Classes (UPSC, IAS COACHING) ",New Delhi,https://images.collegedunia.com/public/image/institute/logo_1597219321vidyalayam-logo.jpg?h=40&w=40&mode=stretch
VG Academy ,Hyderabad,https://images.collegedunia.com/public/image/institute/logo_1597310949Screenshot (227).png?h=40&w=40&mode=stretch
ICE GATE Institute ,Ahmedabad,https://images.collegedunia.com/public/image/institute/logo_1597313466gate logo.jpg?h=40&w=40&mode=stretch
GUIDANCE GROUP COACHING (UPSC) (UPSC),Mumbai,https://images.collegedunia.com/public/image/institute/logo_1597320539guidance-group-new-logo.png?h=40&w=40&mode=stretch
Vishwa Educate ,Hyderabad,https://images.collegedunia.com/public/image/institute/logo_160588418535205583_2028558210804523_7171076645229428736_n.jpg?h=40&w=40&mode=stretch
Aadhar Institute ,Jaipur,https://images.collegedunia.com/public/image/institute/logo_1597396356adhar_institute_logo.png?h=40&w=40&mode=stretch
Lets Talk Academy ( CSIR NET COACHING) (CSIR NET),Jaipur,https://images.collegedunia.com/public/image/institute/logo_1597493264lta logo.jpg?h=40&w=40&mode=stretch
Grace IAS ,Bangalore,https://images.collegedunia.com/public/image/institute/logo_1597404618grace logo.png?h=40&w=40&mode=stretch
Chanakya Tutorial (JEE Main),Hyderabad,https://images.collegedunia.com/public/image/institute/logo_1597426020chanakya logo.jpg?h=40&w=40&mode=stretch
Cedees MDS Entrance Coaching Centre (NEET),Bangalore,https://images.collegedunia.com/public/image/institute/logo_1597668703cedees logo.jpg?h=40&w=40&mode=stretch
"Achiever Mantraa (UGC NET ,JRF CSIR CTET STET DSSSB PRT B.Ed Entrance Exam ) (UGC NET)",New Delhi,https://images.collegedunia.com/public/image/institute/logo_1597752411logo (1).png?h=40&w=40&mode=stretch
Takalkar Classes (JEE Main),Pune,https://images.collegedunia.com/public/image/institute/logo_159781378529511768_2030999307155031_7450050630583358343_n.jpg?h=40&w=40&mode=stretch
SOSIN CLASSES ,Hyderabad,https://images.collegedunia.com/public/image/institute/logo_160588548589293772_2000204593448838_5809012781885685760_n.png?h=40&w=40&mode=stretch
RAJSI CHEMISTRY POINT (Chemistry),Jaipur,https://images.collegedunia.com/public/image/institute/logo_1605775630logo-header-default.png?h=40&w=40&mode=stretch
Help Biotech Academy ( CSIR NET COACHING) (CSIR NET),Hyderabad,https://images.collegedunia.com/public/image/institute/logo_1597906217HB logo.png?h=40&w=40&mode=stretch
Horizon Academy (JEE Main),New Delhi,https://images.collegedunia.com/public/image/institute/logo_1597990300horizon logo.png?h=40&w=40&mode=stretch
Bhat and Bhat Tutorials (JEE Main),Bangalore,https://images.collegedunia.com/public/image/institute/logo_1598254965bhat 1.jpg?h=40&w=40&mode=stretch
Andes Institute (JEE Advanced),New Delhi,https://images.collegedunia.com/public/image/institute/logo_1598518330alogo.jpg?h=40&w=40&mode=stretch
"Crack IIM (CAT,GMAT) (CAT)",Hyderabad,https://images.collegedunia.com/public/image/institute/logo_1598261138Crack IIM Logo.jpeg?h=40&w=40&mode=stretch
Mindworkzz ,New Delhi,https://images.collegedunia.com/public/image/institute/logo_1598270241mindworkzz logo.png?h=40&w=40&mode=stretch
Skoreline Academy (CAT),Faridabad,https://images.collegedunia.com/public/image/institute/logo_1601020336sa.PNG?h=40&w=40&mode=stretch
Anil Nair Classes (CAT COACHING) (CAT),Hyderabad,https://images.collegedunia.com/public/image/institute/logo_1598325668logo.png?h=40&w=40&mode=stretch
Fundamakers Coaching (CAT COACHING) (CAT),Lucknow,https://images.collegedunia.com/public/image/institute/logo_1622311402Screenshot 2021-05-29 233304.png?h=40&w=40&mode=stretch
Eastern India Competitive Classes ,Kolkata,https://images.collegedunia.com/public/image/institute/?h=40&w=40&mode=stretch
"Study MBA India (CAT, MAT, IIFT) (CAT)",Patna,https://images.collegedunia.com/public/image/institute/logo_1598591171study mba india logo.png?h=40&w=40&mode=stretch
Vikas Sawants Academy (UPSC),Thane,https://images.collegedunia.com/public/image/institute/logo_1600878033777.jpg?h=40&w=40&mode=stretch
Reliable Academy (SSC),Mumbai,https://images.collegedunia.com/public/image/institute/logo_1598809050reliable logo.jpg?h=40&w=40&mode=stretch
CS NITESH KR. JAISWAL CS CLASSES ,New Delhi,https://images.collegedunia.com/public/image/institute/logo_1599303979cs.PNG?h=40&w=40&mode=stretch
Aaron Educare  ( Bank coaching) (SBI Clerk),Kolkata,https://images.collegedunia.com/public/image/institute/logo_1599059718ar 1.jpeg?h=40&w=40&mode=stretch
Shrey Rathi classes ,New Delhi,https://images.collegedunia.com/public/image/institute/logo_1599084319srlogo.png?h=40&w=40&mode=stretch
Advait Learning Centre ,Bangalore,https://images.collegedunia.com/public/image/institute/logo_1599112261ad logo.png?h=40&w=40&mode=stretch
FundaZone - CA Coaching Centre | CA Training Institute ,Chennai,https://images.collegedunia.com/public/image/institute/logo_1599121327logo (1).png?h=40&w=40&mode=stretch
Sterling Education (Banking),Jaipur,https://images.collegedunia.com/public/image/institute/logo_15992488771860956-medium190ap.jfif?h=40&w=40&mode=stretch
Sadhana Academy (SSC),Hyderabad,https://images.collegedunia.com/public/image/institute/logo_1599539549sadh logo.jpg?h=40&w=40&mode=stretch
Accounting Minds ,Bangalore,https://images.collegedunia.com/public/image/institute/logo_160033417811.png?h=40&w=40&mode=stretch
Institute for Leading Professionals ,Gurgaon,https://images.collegedunia.com/public/image/institute/logo_1599568117download (3).jpg?h=40&w=40&mode=stretch
Srinivasa Academy ,Chennai,https://images.collegedunia.com/public/image/institute/logo_1599575674sa logo.jpg?h=40&w=40&mode=stretch
Incepto Design Academy ,Pune,https://images.collegedunia.com/public/image/institute/logo_1599651243download (1).jpg?h=40&w=40&mode=stretch
SSB Global Academy ,Chennai,https://images.collegedunia.com/public/image/institute/logo_15996809421logo.jpg?h=40&w=40&mode=stretch
Essence Point Academy ,New Delhi,https://images.collegedunia.com/public/image/institute/logo_1599741807htl_logo.png?h=40&w=40&mode=stretch
Crack ISB Coaching Institute (GMAT),Hyderabad,https://images.collegedunia.com/public/image/institute/logo_1600435368ci.PNG?h=40&w=40&mode=stretch
Spaark Grooming Institute for Spoken English (ENGLISH LANGUAGE),Kolkata,https://images.collegedunia.com/public/image/institute/logo_1599984083spark logo.jpg?h=40&w=40&mode=stretch
Wizako GMAT Coaching (GMAT),Chennai,https://images.collegedunia.com/public/image/institute/logo_1600064550wizako-180-80.jpg?h=40&w=40&mode=stretch
Multilingua ,New Delhi,https://images.collegedunia.com/public/image/institute/logo_1600148299multilingua.png?h=40&w=40&mode=stretch
Abacus Champs Academy ,New Delhi,https://images.collegedunia.com/public/image/institute/logo_1600161215download (2).jpg?h=40&w=40&mode=stretch
Immaculate academy ,Chennai,https://images.collegedunia.com/public/image/institute/logo_1600282408download.png?h=40&w=40&mode=stretch
Aspire Global Education (GRE),Bangalore,https://images.collegedunia.com/public/image/institute/logo_1600282692aspire logo.jpg?h=40&w=40&mode=stretch
English Springs Institute (IELTS),Hyderabad,https://images.collegedunia.com/public/image/institute/logo_1600880284es logo.jpg?h=40&w=40&mode=stretch
Cambridge IELTS Coaching Centre (Study Abroad),New Delhi,https://images.collegedunia.com/public/image/institute/logo_1600885975cam logo.png?h=40&w=40&mode=stretch
SRB Educations ,New Delhi,https://images.collegedunia.com/public/image/institute/logo_1613560614logo.png?h=40&w=40&mode=stretch
Learn Well Academy (IELTS),Noida,https://images.collegedunia.com/public/image/institute/logo_1600517141cropped-Learn-Well-IELTS-coaching-in-Noida-1.jpg?h=40&w=40&mode=stretch
ENGLISHNOW (ENGLISH LANGUAGE),Mumbai,https://images.collegedunia.com/public/image/institute/logo_1600518792logo.png?h=40&w=40&mode=stretch
Manjoorans Education Academy ,Bangalore,https://images.collegedunia.com/public/image/institute/logo_1600662313download (3).png?h=40&w=40&mode=stretch
Learn Wise IELTS and PTE coaching (Study Abroad),Pune,https://images.collegedunia.com/public/image/institute/logo_1600610920lw logo.png?h=40&w=40&mode=stretch
Oracle International Language Institute ,New Delhi,https://images.collegedunia.com/public/image/institute/logo_1600621359ora logo.jfif?h=40&w=40&mode=stretch
Brooklyn Review ,Hyderabad,https://images.collegedunia.com/public/image/institute/logo_1600621636blogo.jpg?h=40&w=40&mode=stretch
Ranjay Mishra CA Classes ,New Delhi,https://images.collegedunia.com/public/image/institute/logo_1601000451indasfundas-logo.png?h=40&w=40&mode=stretch
Mindmine Global ,New Delhi,https://images.collegedunia.com/public/image/institute/logo_1600775586mlogo.jpg?h=40&w=40&mode=stretch
Anglo English Classes (Study Abroad),Chennai,https://images.collegedunia.com/public/image/institute/logo_1601272370logo.jpg?h=40&w=40&mode=stretch
Amion Overseas ,Hyderabad,https://images.collegedunia.com/public/image/institute/logo_1600845789unnamed.jpg?h=40&w=40&mode=stretch
Sateesh academy (Mathematical Sciences),Hyderabad,https://images.collegedunia.com/public/image/institute/logo_1600854057logo.png?h=40&w=40&mode=stretch
Krishna Home Tutors (JEE Main),New Delhi,https://images.collegedunia.com/public/image/institute/logo_1600923487krish lo.png?h=40&w=40&mode=stretch
English Language classes ,Mumbai,https://images.collegedunia.com/public/image/institute/logo_1600961780elogo.jpg?h=40&w=40&mode=stretch
Attitude Academy ,New Delhi,https://images.collegedunia.com/public/image/institute/logo_1600970691attitude-academy-rLsy3VLiCpU0PSqvjnQRFtAKe0CYqFpdvSWg1gfNBWJq17TwRpT5UrKFWAZKBnAL5NqusYD6J4sWXmn3-350x350.jpg?h=40&w=40&mode=stretch
Fluent Spoken English Classes Institute ,New Delhi,https://images.collegedunia.com/public/image/institute/logo_1601116097freesnippingtool.com_capture_20200926155739.png?h=40&w=40&mode=stretch
The Professional English Institute ,New Delhi,https://images.collegedunia.com/public/image/institute/logo_1601276820freesnippingtool.com_capture_20200928123502.png?h=40&w=40&mode=stretch
Worldwin Institute ,Kolkata,https://images.collegedunia.com/public/image/institute/logo_1601260041world logo.png?h=40&w=40&mode=stretch
Pranavi Home Tutor ,New Delhi,https://images.collegedunia.com/public/image/institute/logo_1601278797download (3).jpg?h=40&w=40&mode=stretch
Competitive Edge Academy ,Chennai,https://images.collegedunia.com/public/image/institute/logo_1601300110CE Academy 1.png?h=40&w=40&mode=stretch
Miracle Pathfinders Pvt Ltd (ENGLISH LANGUAGE),Mumbai,https://images.collegedunia.com/public/image/institute/logo_1601577754mp logo.jpg?h=40&w=40&mode=stretch
ANALYTIXLABS (AngularJS),Gurgaon,https://images.collegedunia.com/public/image/institute/logo_1627732378download (14).png?h=40&w=40&mode=stretch
5 Square Institute (Python Training),Bangalore,https://images.collegedunia.com/public/image/institute/logo_16017043525 lo.png?h=40&w=40&mode=stretch
Cambridge Infotech (Data Science Course),Bangalore Rural,https://images.collegedunia.com/public/image/institute/logo_1601729727download (1).png?h=40&w=40&mode=stretch
JMR Physics Institute ,Hyderabad,https://images.collegedunia.com/public/image/institute/logo_1601871540Opera Snapshot_2020-10-05_094229_thejmrphysics.com.png?h=40&w=40&mode=stretch
Advanced Computing Literacy Mission  Academy ,Gazipur,https://images.collegedunia.com/public/image/institute/logo_1602141960download (1).jpg?h=40&w=40&mode=stretch
Data Science Training ,Bangalore,https://images.collegedunia.com/public/image/institute/logo_1602057331Opera Snapshot_2020-10-07_132103_datascience-training.co.in.png?h=40&w=40&mode=stretch
Omni Tech Masters ,Hyderabad,https://images.collegedunia.com/public/image/institute/logo_1602099520logo.jpg?h=40&w=40&mode=stretch
AllyTech Institute (Data Science Course),Bangalore,https://images.collegedunia.com/public/image/institute/logo_1602136891al logog.jpg?h=40&w=40&mode=stretch
Machine learning with python ,Hyderabad,https://images.collegedunia.com/public/image/institute/logo_1602220816logo.png?h=40&w=40&mode=stretch
EvarCity ,Bangalore,https://images.collegedunia.com/public/image/institute/logo_1602245079unnamed (5).jpg?h=40&w=40&mode=stretch
TechTotal Systems ,Bangalore,https://images.collegedunia.com/public/image/institute/logo_1602256961images.jpg?h=40&w=40&mode=stretch
Techcanvass (Computer Science and Information Technology),Mumbai,https://images.collegedunia.com/public/image/institute/logo_1602267571techLogo.jpg?h=40&w=40&mode=stretch
Gana Tech Solutions Academy ,Hyderabad,https://images.collegedunia.com/public/image/institute/logo_1602322455log.jpg?h=40&w=40&mode=stretch
Technogeeks ,Pune,https://images.collegedunia.com/public/image/institute/logo_160235619928055946_2046388708970880_2677648388133707346_n.png techn.png?h=40&w=40&mode=stretch
Dimensionless Techademy (Data Science Course),Navi Mumbai,https://images.collegedunia.com/public/image/institute/logo_1606121998download (1).jfif?h=40&w=40&mode=stretch
Softools Computers ,Pune,https://images.collegedunia.com/public/image/institute/logo_1602571690freesnippingtool.com_capture_20201013121717.png?h=40&w=40&mode=stretch
Insanalytics Academy ,Kolkata,https://images.collegedunia.com/public/image/institute/logo_1602608276logo.png?h=40&w=40&mode=stretch
Indian Cyber Security Solutions ,Bangalore,https://images.collegedunia.com/public/image/institute/logo_1613643674Logo.jpg?h=40&w=40&mode=stretch
Dot Net Tricks ,Noida,https://images.collegedunia.com/public/image/institute/logo_1602684005dlogo.png?h=40&w=40&mode=stretch
Codec Networks ,New Delhi,https://images.collegedunia.com/public/image/institute/logo_1602741605codec logo.png?h=40&w=40&mode=stretch
ITE ,Bhopal,https://images.collegedunia.com/public/image/institute/logo_1602748882ilogo.jpg?h=40&w=40&mode=stretch
Learn Well Technocraft ,Pune,https://images.collegedunia.com/public/image/institute/logo_1602839175download.jpg?h=40&w=40&mode=stretch
Aimore Technologies (Computer Science and Information Technology),Chennai,https://images.collegedunia.com/public/image/institute/logo_1602841743logo-wide.png?h=40&w=40&mode=stretch
KaaShiv InfoTech ,Chennai,https://images.collegedunia.com/public/image/institute/logo_1602848235feyecgiva0j478lrbjex.png?h=40&w=40&mode=stretch
Aedifico Tech ,New Delhi,https://images.collegedunia.com/public/image/institute/logo_1602917577cropped-Aedifico-logo1-1-e1582805026583-1.jpg?h=40&w=40&mode=stretch
Talent Spiral Academy ,Bhopal,https://images.collegedunia.com/public/image/institute/logo_1602918930logo-min.png?h=40&w=40&mode=stretch
Algorithm TnP Academy ,Bhopal,https://images.collegedunia.com/public/image/institute/logo_1602925354Algorithm-PNG-LOGO-copy1.png?h=40&w=40&mode=stretch
DataMites ,Bangalore,https://images.collegedunia.com/public/image/institute/logo_1603025167unnamed.jpg?h=40&w=40&mode=stretch
PT Education (CAT),Indore,https://images.collegedunia.com/public/image/institute/logo_1603085226logo.jpg?h=40&w=40&mode=stretch
Digital Ready ,Hyderabad,https://images.collegedunia.com/public/image/institute/logo_1603113940unnamed.jpg?h=40&w=40&mode=stretch
School Of Digital Marketing (SEO),Pune,https://images.collegedunia.com/public/image/institute/logo_1603206537logo-final-min.jpg?h=40&w=40&mode=stretch
JSV IT Solutions ,Hyderabad,https://images.collegedunia.com/public/image/institute/logo_1603352855l.jpg?h=40&w=40&mode=stretch
Sofcon Training ,Bhopal,https://images.collegedunia.com/public/image/institute/logo_1603370450slogo.png?h=40&w=40&mode=stretch
Lydnow Robotics ,Pune,https://images.collegedunia.com/public/image/institute/logo_1603887681llogo.png?h=40&w=40&mode=stretch
Jay IT Solutions ,Hyderabad,https://images.collegedunia.com/public/image/institute/logo_1603880488jay-it-logo.png?h=40&w=40&mode=stretch
MCAL Global Training ,Pune,https://images.collegedunia.com/public/image/institute/logo_1603898714mlogo.png?h=40&w=40&mode=stretch
Digital Scholar ,Chennai,https://images.collegedunia.com/public/image/institute/logo_1603993126logo.jpg?h=40&w=40&mode=stretch
NSDM India ,Pune,https://images.collegedunia.com/public/image/institute/logo_1604308980nlogo.png?h=40&w=40&mode=stretch
COSS IT Training ,Hyderabad,https://images.collegedunia.com/public/image/institute/logo_1604091047clogo.png?h=40&w=40&mode=stretch
Digital Floats - Digital Marketing Course in Hyderabad (Social Media Marketing (SMM)),Hyderabad,https://images.collegedunia.com/public/image/institute/logo_1604159564logo1.jpg?h=40&w=40&mode=stretch
Leapfrog ux ui web design training institute (Data Science Course),Hyderabad,https://images.collegedunia.com/public/image/institute/logo_1604296222logo.png?h=40&w=40&mode=stretch
Think IT ,Chennai,https://images.collegedunia.com/public/image/institute/logo_1604371771logo.jpg?h=40&w=40&mode=stretch
Dreams Media Solutions ,Hyderabad,https://images.collegedunia.com/public/image/institute/logo_1604560078logo.jpg?h=40&w=40&mode=stretch
VSIT ,New Delhi,https://images.collegedunia.com/public/image/institute/logo_1604581690LOGO.png?h=40&w=40&mode=stretch
UnitedWebSoft : Web Development and Training ,New Delhi,https://images.collegedunia.com/public/image/institute/logo_1604582350logo.png?h=40&w=40&mode=stretch
DICS COMPUTER EDUCATION (SEO),New Delhi,https://images.collegedunia.com/public/image/institute/logo_1604606223download.png?h=40&w=40&mode=stretch
Impetus Consultrainers ,Mumbai,https://images.collegedunia.com/public/image/institute/logo_1604667742ilogo.png?h=40&w=40&mode=stretch
Disha Computer Institute Dadar ,Mumbai,https://images.collegedunia.com/public/image/institute/logo_1604775021dlogo.png?h=40&w=40&mode=stretch
Elegant IT Services ,Bangalore,https://images.collegedunia.com/public/image/institute/logo_1604823159logo.jpg?h=40&w=40&mode=stretch
Bangalore Institute Of Network Technology ,Bangalore,https://images.collegedunia.com/public/image/institute/logo_1604858858download (1).png?h=40&w=40&mode=stretch
IQ Stream Technologies ,Bangalore,https://images.collegedunia.com/public/image/institute/logo_1604894658logo.jpg?h=40&w=40&mode=stretch
Infinito Solutions ,Bangalore,https://images.collegedunia.com/public/image/institute/logo_1604909102cropped-Copy-of-infinito.png?h=40&w=40&mode=stretch
Palle Technologies ,Bangalore,https://images.collegedunia.com/public/image/institute/logo_1604911965logo.jpg?h=40&w=40&mode=stretch
BestDotNet Training ,Hyderabad,https://images.collegedunia.com/public/image/institute/logo_1604913564download.png?h=40&w=40&mode=stretch
Dice Academy ,New Delhi,https://images.collegedunia.com/public/image/institute/logo_160496355086232217_2666215780279282_4801276470557147136_n.png?h=40&w=40&mode=stretch
Innovation Institute (NEET),Jaipur,https://images.collegedunia.com/public/image/institute/logo_1605014490innL.jpg?h=40&w=40&mode=stretch
Websoft Technologies ,Hyderabad,https://images.collegedunia.com/public/image/institute/logo_1605030375download.jpg?h=40&w=40&mode=stretch
IT Desk India ,Hyderabad,https://images.collegedunia.com/public/image/institute/logo_1605116170logo (1).png?h=40&w=40&mode=stretch
Coder Technologies ,Pune,https://images.collegedunia.com/public/image/institute/logo_1605180881Logo.jpg?h=40&w=40&mode=stretch
Alpine Coach Tree ,Bangalore,https://images.collegedunia.com/public/image/institute/logo_1605188066alogo.jpg?h=40&w=40&mode=stretch
Tec-Mep Hvac Training Institute Bangalore (Computer Science and Information Technology),Bangalore,https://images.collegedunia.com/public/image/institute/logo_1605469620Taiba-Logo.png?h=40&w=40&mode=stretch
ETS Edgetech Solution ,Pune,https://images.collegedunia.com/public/image/institute/logo_1605518460download.png?h=40&w=40&mode=stretch
Tech Bodhi ,Pune,https://images.collegedunia.com/public/image/institute/logo_1605536953tecL.png?h=40&w=40&mode=stretch
Cadeto India ,Bangalore,https://images.collegedunia.com/public/image/institute/logo_1605591694qt=q_95 (2).jpg?h=40&w=40&mode=stretch
QA Planet (Computer Science and Information Technology),Hyderabad,https://images.collegedunia.com/public/image/institute/logo_1605609757image2.png?h=40&w=40&mode=stretch
ENOSIS LEARNING TRAINING ,Pune,https://images.collegedunia.com/public/image/institute/logo_1605760494Enosis-Learning-LOGO-500x450.png?h=40&w=40&mode=stretch
H Source Technologies Pvt Ltd. ,Bangalore,https://images.collegedunia.com/public/image/institute/logo_1606554824h-source-technologies-10241769-c8397678.jpeg?h=40&w=40&mode=stretch
Digital Connext ,Thane,https://images.collegedunia.com/public/image/institute/logo_1605781482Logo.jpg?h=40&w=40&mode=stretch
JSpiders Rajajinagar (Computer Science and Information Technology),Bangalore,https://images.collegedunia.com/public/image/institute/logo_1605816005logo_jspiders.e810f7f.png?h=40&w=40&mode=stretch
Webskitters Academy ,Kolkata,https://images.collegedunia.com/public/image/institute/logo_17000350401.png?h=40&w=40&mode=stretch
Esquare Infotech ,Navi Mumbai,https://images.collegedunia.com/public/image/institute/logo_1612524990logo1.png?h=40&w=40&mode=stretch
L2L International ,Noida,https://images.collegedunia.com/public/image/institute/logo_1606059177L2LLOGO.png?h=40&w=40&mode=stretch
"ZipherTech, Business Analysis Training Institute ",Mumbai,https://images.collegedunia.com/public/image/institute/logo_1606113493logo.JPG?h=40&w=40&mode=stretch
"Cryptus- Cyber Security, Ethical Hacking Training Institute ",New Delhi,https://images.collegedunia.com/public/image/institute/logo_1611232875Logo.jpg?h=40&w=40&mode=stretch
Convergent Learning Solutions (Computer Science and Information Technology),Noida,https://images.collegedunia.com/public/image/institute/logo_1606195221Screenshot 2020-11-24 103725.png?h=40&w=40&mode=stretch
Exceed IT Academy ,Bangalore,https://images.collegedunia.com/public/image/institute/logo_1606218442305b2a_ff3112825be643649b873a26a5c55696_mv2.webp?h=40&w=40&mode=stretch
GINT ,Chennai,https://images.collegedunia.com/public/image/institute/logo_1606227197logo-primary.png?h=40&w=40&mode=stretch
Vibrant e Technologies ,Mumbai,https://images.collegedunia.com/public/image/institute/logo_1606333713Vibrant-Etech-Logo-with-Slogan.png?h=40&w=40&mode=stretch
Infonic Training and Development Center ,Jaipur,https://images.collegedunia.com/public/image/institute/logo_1606410918logo-new.png?h=40&w=40&mode=stretch
PHP Training Institution | PHP Course Rohini ,New Delhi,https://images.collegedunia.com/public/image/institute/logo_1606553391rohini logo.png?h=40&w=40&mode=stretch
1WebLab ,New Delhi,https://images.collegedunia.com/public/image/institute/logo_1606576968download.png?h=40&w=40&mode=stretch
Upskill Global Technologies ,Bangalore,https://images.collegedunia.com/public/image/institute/logo_1606680348Logo.png?h=40&w=40&mode=stretch
DINS InfoTech (Computer Science and Information Technology),Pune,https://images.collegedunia.com/public/image/institute/logo_1606682016logo.png?h=40&w=40&mode=stretch
PHP Institute in Dwarka ,New Delhi,https://images.collegedunia.com/public/image/institute/logo_1606716650Screenshot 2020-11-30 112411.png?h=40&w=40&mode=stretch
CMIT Computer Education ,Mumbai,https://images.collegedunia.com/public/image/institute/logo_1606770084logo (10).png?h=40&w=40&mode=stretch
RIA CLASSROOM ,Bangalore,https://images.collegedunia.com/public/image/institute/logo_1606804692download.jpg?h=40&w=40&mode=stretch
Thruskills ,Bangalore,https://images.collegedunia.com/public/image/institute/logo_16068078663957969-large.jpg?h=40&w=40&mode=stretch
Adroit Information Technology Academy ,Kolkata,https://images.collegedunia.com/public/image/institute/logo_1606894964adroit.jpg?h=40&w=40&mode=stretch
IET Pune ,Pune,https://images.collegedunia.com/public/image/institute/logo_1607103718logo-5.jpg?h=40&w=40&mode=stretch
MTA-INDIA ORG ,Greater Noida,https://images.collegedunia.com/public/image/institute/logo_1607121822logo.png?h=40&w=40&mode=stretch
Linux Learning Centre Private Limited ,Bangalore,https://images.collegedunia.com/public/image/institute/logo_1607160234Logo.jpg?h=40&w=40&mode=stretch
Android Training Institute - KeyStudioz IT Training ,Noida,https://images.collegedunia.com/public/image/institute/logo_1607165710logo.png?h=40&w=40&mode=stretch
Captor Computer Education ,Bangalore,https://images.collegedunia.com/public/image/institute/logo_1607238118logo-1.png?h=40&w=40&mode=stretch
Emergers Technologies ,Bangalore,https://images.collegedunia.com/public/image/institute/logo_1607258667Screenshot 2020-12-06 173909.png?h=40&w=40&mode=stretch
Vector India ,Chennai,https://images.collegedunia.com/public/image/institute/logo_1627756247vi.png?h=40&w=40&mode=stretch
IGLOBAL TECHNOLOGIES ,Hyderabad,https://images.collegedunia.com/public/image/institute/logo_1607345404IGLOBAL LOGO.jpg?h=40&w=40&mode=stretch
Analytic Square ,New Delhi,https://images.collegedunia.com/public/image/institute/logo_1607494975logo-1.png?h=40&w=40&mode=stretch
Cybercure Technologies ,Ghaziabad,https://images.collegedunia.com/public/image/institute/logo_1607433154cybercurelogo1.png?h=40&w=40&mode=stretch
MNP Technologies ,Bangalore,https://images.collegedunia.com/public/image/institute/logo_1607465911mnp-logo.png?h=40&w=40&mode=stretch
OMOTEC ,Mumbai,https://images.collegedunia.com/public/image/institute/logo_1607470245omotec_logo.png?h=40&w=40&mode=stretch
Gvt Academy ,New Delhi,https://images.collegedunia.com/public/image/institute/logo_1607490929Logo-website (2).jpg?h=40&w=40&mode=stretch
Kat V Tech ,Chennai,https://images.collegedunia.com/public/image/institute/logo_1607503969Logo.jpg?h=40&w=40&mode=stretch
Data Science Authority ,Hyderabad,https://images.collegedunia.com/public/image/institute/logo_1607509486Logo.jpg?h=40&w=40&mode=stretch
Innomatics Research Labs ,Hyderabad,https://images.collegedunia.com/public/image/institute/logo_1607519724Loo.jpg?h=40&w=40&mode=stretch
Crystal Training Solutions ,Bangalore,https://images.collegedunia.com/public/image/institute/logo_1607524258CRYSTAL LOGO.jpg?h=40&w=40&mode=stretch
Gagner Technologies ,Chennai,https://images.collegedunia.com/public/image/institute/logo_1607530298gagner-technologies-logo.png?h=40&w=40&mode=stretch
Goals Infocloud Technologies (CCNA),Mumbai,https://images.collegedunia.com/public/image/institute/logo_1607584762953600-medium190ap.jpg?h=40&w=40&mode=stretch
Cadcamguru Solutions ,Pune,https://images.collegedunia.com/public/image/institute/logo_1608705843logo1.webp?h=40&w=40&mode=stretch
Softpro Computer Education ,Mumbai,https://images.collegedunia.com/public/image/institute/logo_1607599879download.jpg?h=40&w=40&mode=stretch
CADD World ,Bangalore,https://images.collegedunia.com/public/image/institute/logo_1607601562Logo.jpg?h=40&w=40&mode=stretch
Pristine InfoSolutions ,Mumbai,https://images.collegedunia.com/public/image/institute/logo_16076126641519906956549.png?h=40&w=40&mode=stretch
Digital Marketing Course in Delhi ,New Delhi,https://images.collegedunia.com/public/image/institute/logo_1610948422Logo (15).png?h=40&w=40&mode=stretch
Smart Multimedia ,Hyderabad,https://images.collegedunia.com/public/image/institute/logo_1608963798LOGO.jpg?h=40&w=40&mode=stretch
"ONLINE Training pragrammes at CADD CENTRE - Autocad, Solidworks, Staadpro, Catia Training Institute ",Noida,https://images.collegedunia.com/public/image/institute/logo_1607685064Capture.PNG?h=40&w=40&mode=stretch
Sumedha Institute of Technology ,Hyderabad,https://images.collegedunia.com/public/image/institute/logo_1607685199Logo.jpg?h=40&w=40&mode=stretch
Kernel Masters ,Hyderabad,https://images.collegedunia.com/public/image/institute/?h=40&w=40&mode=stretch
XiLiR Technologies - Engineering Projects | Training ,New Delhi,https://images.collegedunia.com/public/image/institute/logo_1607748425xilir logo.jpg?h=40&w=40&mode=stretch
"Al-Imran Techno Solutions - MEP Training, Consultant and Contractor ",Hyderabad,https://images.collegedunia.com/public/image/institute/logo_1607756039download.jpg?h=40&w=40&mode=stretch
GIIT (Getin IT Solutions) ,Bangalore,https://images.collegedunia.com/public/image/institute/logo_1607764749GIIT-Getin-IT-Solutions-logo.png?h=40&w=40&mode=stretch
IP4 Networkers ,Bangalore,https://images.collegedunia.com/public/image/institute/logo_1607779164IP4Networkers-Logo.png?h=40&w=40&mode=stretch
Androbim ,Hyderabad,https://images.collegedunia.com/public/image/institute/logo_1607783012logo (1).png?h=40&w=40&mode=stretch
ICIT Computer Institute ,Mumbai,https://images.collegedunia.com/public/image/institute/logo_1607784276icitl.jpg?h=40&w=40&mode=stretch
Beacon Engineering Aid and Consulting pvt LTD ,Bangalore,https://images.collegedunia.com/public/image/institute/logo_1607786948logo.png?h=40&w=40&mode=stretch
Cad Mentors ,Bangalore,https://images.collegedunia.com/public/image/institute/logo_1627760810caddl.PNG?h=40&w=40&mode=stretch
Wizcrafter the CAD Institute ,New Delhi,https://images.collegedunia.com/public/image/institute/logo_16333488181483479_330668700404616_1027281665_o.png?h=40&w=40&mode=stretch
Zenith Technologies ,Bangalore,https://images.collegedunia.com/public/image/institute/logo_1607790432download.png?h=40&w=40&mode=stretch
Kh skill academy ,Pune,https://images.collegedunia.com/public/image/institute/logo_1607793612cropped-z-226x300-2.png?h=40&w=40&mode=stretch
CADD Centre ,Chennai,https://images.collegedunia.com/public/image/institute/logo_1607796067clogo.jpg?h=40&w=40&mode=stretch
Digital Marketing SEO PPC ,Noida,https://images.collegedunia.com/public/image/institute/logo_1607832374DML.png?h=40&w=40&mode=stretch
Funscholar Innovations Private Limited ,Kolkata,https://images.collegedunia.com/public/image/institute/logo_1608183260Funscholar-Logo.png?h=40&w=40&mode=stretch
Mr Service Academy ,Chennai,https://images.collegedunia.com/public/image/institute/logo_1615619837LOGO (18).png?h=40&w=40&mode=stretch
Cad Design Emsys Technology ,Bangalore,https://images.collegedunia.com/public/image/institute/logo_1607861988logo.jpg?h=40&w=40&mode=stretch
MIC Bhopal ,Bhopal,https://images.collegedunia.com/public/image/institute/logo_1608800209download.jpg?h=40&w=40&mode=stretch
Capital CNC ,Chennai,https://images.collegedunia.com/public/image/institute/logo_1607884985logowide.jpg?h=40&w=40&mode=stretch
Afitech- Machine Learning ,Bangalore,https://images.collegedunia.com/public/image/institute/logo_1607928965logo (1).png?h=40&w=40&mode=stretch
CADDAM Technologies Pvt.Ltd (CAD  Training),Chennai,https://images.collegedunia.com/public/image/institute/logo_1607952232cad_logo.png?h=40&w=40&mode=stretch
Cyberaegis IT Solution ,Hyderabad,https://images.collegedunia.com/public/image/institute/logo_1607955171Logo.jpg?h=40&w=40&mode=stretch
Chee-Ron's - Digital Marketing Course Institute ,Bangalore,https://images.collegedunia.com/public/image/institute/logo_1608730483Logo (3).png?h=40&w=40&mode=stretch
Aliff Overseas Consultants ,Mumbai,https://images.collegedunia.com/public/image/institute/logo_1608730668Aliff Overseas Consultants logo.png?h=40&w=40&mode=stretch
Hi-Educare ,Bangalore,https://images.collegedunia.com/public/image/institute/logo_1608746687logo.png?h=40&w=40&mode=stretch
Delhi School of Digital Marketing ,New Delhi,https://images.collegedunia.com/public/image/institute/logo_1608780013Digital Marketing Course in Delhi logo.png?h=40&w=40&mode=stretch
OMiT - Digital Marketing Courses ,Bangalore,https://images.collegedunia.com/public/image/institute/logo_1608809872L.png?h=40&w=40&mode=stretch
MKCL's KLiC e-Learning Center for Computer Applications ,Mumbai,https://images.collegedunia.com/public/image/institute/logo_1608811745loggoo.png?h=40&w=40&mode=stretch
King of Digital Marketing Delhi ,New Delhi,https://images.collegedunia.com/public/image/institute/logo_1608810698logo (4).png?h=40&w=40&mode=stretch
NITSC ,Hyderabad,https://images.collegedunia.com/public/image/institute/logo_1608901617logo (1)Nitsc.png?h=40&w=40&mode=stretch
GyaanPlant ,Hyderabad,https://images.collegedunia.com/public/image/institute/logo_1608959602gyaanplany_logo.JPG?h=40&w=40&mode=stretch
Computer on Office Automation Training in Chennai ,Chennai,https://images.collegedunia.com/public/image/institute/logo_1608976313aimlogo.png?h=40&w=40&mode=stretch
VSIT - JAVA and J2EE Training ,New Delhi,https://images.collegedunia.com/public/image/institute/logo_1608990891LOGO.PNG?h=40&w=40&mode=stretch
