Institutes Names,Institutes Place,Logo Link
Webpulse Solution Pvt Ltd ,New Delhi,https://images.collegedunia.com/public/image/institute/logo_1623321049Logo.jpg?h=40&w=40&mode=stretch
AKPIS ,New Delhi,https://images.collegedunia.com/public/image/institute/logo_1609926911LOGO.png?h=40&w=40&mode=stretch
Canadawale ,New Delhi,https://images.collegedunia.com/public/image/institute/logo_1609934975logo.png?h=40&w=40&mode=stretch
HUE N RIG Institute of Art & Design ,Mumbai,https://images.collegedunia.com/public/image/institute/logo_1616305844LOGO (24).JPG?h=40&w=40&mode=stretch
Digital marketing course -Digital Marketing Institutes ,Mumbai,https://images.collegedunia.com/public/image/institute/logo_1610690703l1.jpg?h=40&w=40&mode=stretch
RISECO - Ramesh Institute Spoken English and Content Writing ,Hyderabad,https://images.collegedunia.com/public/image/institute/logo_1610259109ll.png?h=40&w=40&mode=stretch
Exigent Digital Marketing Consulting ,Bangalore,https://images.collegedunia.com/public/image/institute/logo_16103680970.jpg?h=40&w=40&mode=stretch
Advanced Institute of Digital Marketing ,Kolkata,https://images.collegedunia.com/public/image/institute/logo_1610315617l.png?h=40&w=40&mode=stretch
VLCC Institute of Beauty and Nutrition ,Kolkata,https://images.collegedunia.com/public/image/institute/logo_1610372178logo.jpg?h=40&w=40&mode=stretch
NITS GLOBAL ,Pune,https://images.collegedunia.com/public/image/institute/logo_1610372871logo.png?h=40&w=40&mode=stretch
Rushikesh Pandit - Digital Marketing Trainer & Consultant ,Mumbai,https://images.collegedunia.com/public/image/institute/logo_1610375819rushikesh-removebg-preview.png?h=40&w=40&mode=stretch
Sadhak Mandal - Digital Marketing Consultant And Trainer ,Kolkata,https://images.collegedunia.com/public/image/institute/logo_1610428356logo.png?h=40&w=40&mode=stretch
QTanalytics ,New Delhi,https://images.collegedunia.com/public/image/institute/logo_1610520593QTanalytics India_LOGO.JPG?h=40&w=40&mode=stretch
Sai Santosh Technologies ,Hyderabad,https://images.collegedunia.com/public/image/institute/logo_1610541092Digital Marketing Course In Hyderabad - Sai Santosh Technologies-LOGO.png?h=40&w=40&mode=stretch
Experts Global Training Services ,Noida,https://images.collegedunia.com/public/image/institute/logo_161061337832090034_1859327214130860_3747613700270325760_n.jpg?h=40&w=40&mode=stretch
Digitalcrafts.in ,Bangalore,https://images.collegedunia.com/public/image/institute/logo_1610632471logo.png?h=40&w=40&mode=stretch
Novus Immigration Services ,Bangalore,https://images.collegedunia.com/public/image/institute/logo_1610694812l.png?h=40&w=40&mode=stretch
"Taiijas Infotech Training and Consultancy, PHP, Android, Robotics, IoT, Digital marketing Classes ",Mumbai,https://images.collegedunia.com/public/image/institute/logo_1610695775LOGO...png?h=40&w=40&mode=stretch
Academy of Computer Education ,New Delhi,https://images.collegedunia.com/public/image/institute/logo_1610713995logo.png?h=40&w=40&mode=stretch
Edumilestones ,Bangalore,https://images.collegedunia.com/public/image/institute/logo_1610721412logo.png?h=40&w=40&mode=stretch
Dreamz Global Education Services ,Bhopal,https://images.collegedunia.com/public/image/institute/logo_1610721858Dreamz Global Education Services_logo.JPG?h=40&w=40&mode=stretch
Redbush Technologies ,Gurgaon,https://images.collegedunia.com/public/image/institute/logo_1610766543RedBush Technologies logo.jpg?h=40&w=40&mode=stretch
The Vibrant ,Chennai,https://images.collegedunia.com/public/image/institute/logo_1610775537footer-logo.png?h=40&w=40&mode=stretch
7 Star Academy ,Kolkata,https://images.collegedunia.com/public/image/institute/logo_1610813533Logo.jpg?h=40&w=40&mode=stretch
Photon Classes ,Hanamkonda,https://images.collegedunia.com/public/image/institute/logo_1616590953LOGO.png?h=40&w=40&mode=stretch
Adzentrix Digital Marketing Course ,New Delhi,https://images.collegedunia.com/public/image/institute/logo_1610915931l.png?h=40&w=40&mode=stretch
"Excel Prodigy - Advanced Excel, VBA Macro Training in Chennai ",Chennai,https://images.collegedunia.com/public/image/institute/logo_1610948929logo (17).png?h=40&w=40&mode=stretch
SRS Academy ,New Delhi,https://images.collegedunia.com/public/image/institute/logo_1610923985download (2).png?h=40&w=40&mode=stretch
iDigital Academy ,Bangalore,https://images.collegedunia.com/public/image/institute/logo_1610936662LOGO.jpg?h=40&w=40&mode=stretch
"ExcelurGyan - Advance Excel and VBA / Python / SAP/ Tableau / Tally Training Bommanahalli, Bangalore ",Bangalore,https://images.collegedunia.com/public/image/institute/logo_1610938207Logo.png?h=40&w=40&mode=stretch
Groovy Overseas Educational Consultants ,Hyderabad,https://images.collegedunia.com/public/image/institute/logo_1618506024LOGO.png?h=40&w=40&mode=stretch
Suyash Commerce Classes ,Mumbai,https://images.collegedunia.com/public/image/institute/logo_1610939445LOGO.jpg?h=40&w=40&mode=stretch
WELCARE OVERSEAS EDUCATION- STUDY FREE IN EUROPE ,Bangalore,https://images.collegedunia.com/public/image/institute/logo_1610953095l.jpeg?h=40&w=40&mode=stretch
Global Ad Media Inc ,New Delhi,https://images.collegedunia.com/public/image/institute/logo_1610972512Logo.jpg?h=40&w=40&mode=stretch
Phoenix InfoTech ,Pune,https://images.collegedunia.com/public/image/institute/logo_1611069328Computer Training Institute In Pune  _LOGO.JPG?h=40&w=40&mode=stretch
V D Shah coaching classes ,Mumbai,https://images.collegedunia.com/public/image/institute/logo_1611129069Logo.jpg?h=40&w=40&mode=stretch
aKademy ,Hyderabad,https://images.collegedunia.com/public/image/institute/logo_1611131117Logo.jpg?h=40&w=40&mode=stretch
"Eskill Training - Top AngularJS Training Institute in Bangalore, India, Full Stack, Mean Stack ",Bangalore,https://images.collegedunia.com/public/image/institute/logo_1611205414l.png?h=40&w=40&mode=stretch
Edukado ,Kolkata,https://images.collegedunia.com/public/image/institute/logo_1611144455e logo.png?h=40&w=40&mode=stretch
Swatantryaveer Savarkar IAS Study Circle ,Mumbai,https://images.collegedunia.com/public/image/institute/logo_1611146902logo ias.jpg?h=40&w=40&mode=stretch
Success Steps ,Hyderabad,https://images.collegedunia.com/public/image/institute/logo_1611168967LOGO (8).jpg?h=40&w=40&mode=stretch
Furusawa Japanese Language Academy (JAPANESE LANGUAGE),New Delhi,https://images.collegedunia.com/public/image/institute/logo_1611173438ll.jpg?h=40&w=40&mode=stretch
Innovatus Technologies ,Pune,https://images.collegedunia.com/public/image/institute/logo_1611200636download.jpg?h=40&w=40&mode=stretch
INDUSCAD CENTRE ,Mumbai,https://images.collegedunia.com/public/image/institute/logo_1611206056logo.jpg?h=40&w=40&mode=stretch
Codebind Technologies ,Chennai,https://images.collegedunia.com/public/image/institute/logo_1611219710Logo.png?h=40&w=40&mode=stretch
Squire Logic Technologies ,Chennai,https://images.collegedunia.com/public/image/institute/logo_1611219885Logo.jpg?h=40&w=40&mode=stretch
Ace Classes ,New Delhi,https://images.collegedunia.com/public/image/institute/logo_1611221573LOGO (12).jpg?h=40&w=40&mode=stretch
Classdemy - Digital Marketing Training Institute in Chennai ,Chennai,https://images.collegedunia.com/public/image/institute/logo_1611255881Classdemy Logo.jpg?h=40&w=40&mode=stretch
NS Learning point ,New Delhi,https://images.collegedunia.com/public/image/institute/logo_1611292225logo (2).png?h=40&w=40&mode=stretch
EQL Classes ,Pune,https://images.collegedunia.com/public/image/institute/logo_1611300099EQL-LOGO.png?h=40&w=40&mode=stretch
Lal Bahadur Shastri Training Institute ,New Delhi,https://images.collegedunia.com/public/image/institute/logo_1611303735LBSTI LOGO.png?h=40&w=40&mode=stretch
PlanetSpark ,Gurgaon,https://images.collegedunia.com/public/image/institute/logo_1664444776PlanetSpark Logo.png?h=40&w=40&mode=stretch
Future Cadd (Autocad Training),Hyderabad,https://images.collegedunia.com/public/image/institute/logo_1611304710logo (9).jpg?h=40&w=40&mode=stretch
Rana Sir Classes ,Kolkata,https://images.collegedunia.com/public/image/institute/logo_1611307252Logo.jpg?h=40&w=40&mode=stretch
Educom Institute ,New Delhi,https://images.collegedunia.com/public/image/institute/logo_1611325885Educom Institute LOGO.png?h=40&w=40&mode=stretch
SINHA TUTORIAL ,Kolkata,https://images.collegedunia.com/public/image/institute/logo_1611337760Sinha Logo.png?h=40&w=40&mode=stretch
UPSC /MPSC (Eagle Academy) ,Pune,https://images.collegedunia.com/public/image/institute/logo_161138685017991577_1830198177242828_8214434764717468191_o.jpg?h=40&w=40&mode=stretch
MHP Training Center ,Mumbai,https://images.collegedunia.com/public/image/institute/?h=40&w=40&mode=stretch
Yashodeep Academy ,Pune,https://images.collegedunia.com/public/image/institute/logo_1611522422yashodeep-logo.png?h=40&w=40&mode=stretch
Law Circle Argora center ,Ranchi,https://images.collegedunia.com/public/image/institute/logo_1611562125LOGO.png?h=40&w=40&mode=stretch
Brilliant Academy ,New Delhi,https://images.collegedunia.com/public/image/institute/logo_1611576002LOGO.png?h=40&w=40&mode=stretch
Sambodhi Career Academy ,Thane,https://images.collegedunia.com/public/image/institute/logo_1611579083logo (1).png?h=40&w=40&mode=stretch
ADVMEDIA ,Mumbai,https://images.collegedunia.com/public/image/institute/logo_1611593358LOGO.jpg?h=40&w=40&mode=stretch
Unique Technologies | Full Stack Development Training In Bangalore ,Bangalore,https://images.collegedunia.com/public/image/institute/logo_1611670084AnyConv.com__logo.jpg?h=40&w=40&mode=stretch
Agarwal Classes ,Jaipur,https://images.collegedunia.com/public/image/institute/logo_1612099316ll.png?h=40&w=40&mode=stretch
Excel Training ,Chennai,https://images.collegedunia.com/public/image/institute/logo_1611742847Logo (2).PNG?h=40&w=40&mode=stretch
Microsoft Excel Training ,New Delhi,https://images.collegedunia.com/public/image/institute/logo_1611821585Logo (4).png?h=40&w=40&mode=stretch
Digital Kora ,Bangalore,https://images.collegedunia.com/public/image/institute/logo_1611829031dk.png?h=40&w=40&mode=stretch
Academy for Higher Education And Development ,Bangalore,https://images.collegedunia.com/public/image/institute/logo_1611836037logo-1.png?h=40&w=40&mode=stretch
Encredia ,Bangalore,https://images.collegedunia.com/public/image/institute/logo_1611844451cover photo.png?h=40&w=40&mode=stretch
Sagar Sir Classes ,Kolkata,https://images.collegedunia.com/public/image/institute/logo_1611845927LOGO.png?h=40&w=40&mode=stretch
Studysid ,Mumbai,https://images.collegedunia.com/public/image/institute/logo_1611894944AnyConv.com__LOGO.jpg?h=40&w=40&mode=stretch
FLSD ,New Delhi,https://images.collegedunia.com/public/image/institute/logo_1611909363LOGO (7).png?h=40&w=40&mode=stretch
Study Overseas Consultantz ,Hyderabad,https://images.collegedunia.com/public/image/institute/logo_1611928102LOGO.jpg?h=40&w=40&mode=stretch
AchieversIT ,Bangalore,https://images.collegedunia.com/public/image/institute/logo_1611932650AIT-white.jpg?h=40&w=40&mode=stretch
Zframez Technologies Pvt Ltd ,Bangalore,https://images.collegedunia.com/public/image/institute/logo_1611949374download.png?h=40&w=40&mode=stretch
Trancode Solutions ,Hyderabad,https://images.collegedunia.com/public/image/institute/logo_1611949919transcode--logo.png?h=40&w=40&mode=stretch
The Impact IAS Academy ,Chennai,https://images.collegedunia.com/public/image/institute/logo_1611994015logo.jpg?h=40&w=40&mode=stretch
Elanchoice Institute ,Bangalore,https://images.collegedunia.com/public/image/institute/logo_1611995532Logo.png?h=40&w=40&mode=stretch
Eden Academy ,Chennai,https://images.collegedunia.com/public/image/institute/logo_1612000205LOGO.png?h=40&w=40&mode=stretch
Maria English Classes ,Pune,https://images.collegedunia.com/public/image/institute/logo_1612001203Logo.jpg?h=40&w=40&mode=stretch
Digital Hikes ,New Delhi,https://images.collegedunia.com/public/image/institute/logo_1612027521D1.png?h=40&w=40&mode=stretch
Wisdom Academy ,Chennai,https://images.collegedunia.com/public/image/institute/logo_1612033980LOGOO.png?h=40&w=40&mode=stretch
ALADDIN ACADEMY ,Chennai,https://images.collegedunia.com/public/image/institute/logo_1612035266logo.jpg?h=40&w=40&mode=stretch
Design Aspirants ,Indore,https://images.collegedunia.com/public/image/institute/logo_1612106769qtq_95-1-1-2.png?h=40&w=40&mode=stretch
Kamal Classes ,Mumbai,https://images.collegedunia.com/public/image/institute/logo_1612240322logo (16).jpg?h=40&w=40&mode=stretch
BlueRibbon Overseas ,Mumbai,https://images.collegedunia.com/public/image/institute/logo_1612248502logo.png?h=40&w=40&mode=stretch
i Digital Academy ,Bangalore,https://images.collegedunia.com/public/image/institute/logo_1612350548logo1.png?h=40&w=40&mode=stretch
Careers Hub Coaching ,Pune,https://images.collegedunia.com/public/image/institute/logo_1612350633Logo.png?h=40&w=40&mode=stretch
Kri's School of Web ,Mysore,https://images.collegedunia.com/public/image/institute/logo_1612353162Logo.jpg?h=40&w=40&mode=stretch
Profit Shastra ,Pune,https://images.collegedunia.com/public/image/institute/logo_1612362378Logo.png?h=40&w=40&mode=stretch
UGC POINT ACADEMY ,New Delhi,https://images.collegedunia.com/public/image/institute/logo_1612423141logo.jpg?h=40&w=40&mode=stretch
GOPHP Training Institute ,Hyderabad,https://images.collegedunia.com/public/image/institute/logo_1612423730Logo.jpg?h=40&w=40&mode=stretch
KSG IAS ,Koratagere,https://images.collegedunia.com/public/image/institute/logo_1612424549KSG IAS institute - Coaching Centre Bengaluru LOGO.png?h=40&w=40&mode=stretch
ANSA India Private Limited ,Chennai,https://images.collegedunia.com/public/image/institute/logo_1612424861logo.jpg?h=40&w=40&mode=stretch
Blue Sky Educational Services Pvt Ltd ,Kolkata,https://images.collegedunia.com/public/image/institute/logo_1612443209LOGO.jpg?h=40&w=40&mode=stretch
Open Path ,New Delhi,https://images.collegedunia.com/public/image/institute/logo_1612448799logo (23).jpg?h=40&w=40&mode=stretch
Hello Abroad ,Hyderabad,https://images.collegedunia.com/public/image/institute/logo_1612455216hello abroad- logo and coverpage.png?h=40&w=40&mode=stretch
Pankaj Kumar SEO ,New Delhi,https://images.collegedunia.com/public/image/institute/logo_1612456899logo.jpg?h=40&w=40&mode=stretch
PTE Academy ,Hyderabad,https://images.collegedunia.com/public/image/institute/logo_1612457231images (36).jpeg?h=40&w=40&mode=stretch
Calcutta School of Contemporary Photography ,Kolkata,https://images.collegedunia.com/public/image/institute/logo_1612466020Logo.jpg?h=40&w=40&mode=stretch
Information Technology Learning Hub ,Mumbai,https://images.collegedunia.com/public/image/institute/logo_1612501630ITLH logo.png?h=40&w=40&mode=stretch
Mark Education Hub ,New Delhi,https://images.collegedunia.com/public/image/institute/logo_1612505025logo.png?h=40&w=40&mode=stretch
Diya Coaching Center ,Chennai,https://images.collegedunia.com/public/image/institute/logo_1612511644Divya Coaching Logo.png?h=40&w=40&mode=stretch
VITC - Computer Education ,Bangalore,https://images.collegedunia.com/public/image/institute/logo_1612538528logo (19).png?h=40&w=40&mode=stretch
Digital Marketing Catalyst ,Bangalore,https://images.collegedunia.com/public/image/institute/logo_1612547835logo (21).png?h=40&w=40&mode=stretch
OS Training ,Mumbai,https://images.collegedunia.com/public/image/institute/logo_1612556949Logo.jpg?h=40&w=40&mode=stretch
suvidyaglobal ,New Delhi,https://images.collegedunia.com/public/image/institute/logo_161258168475303384_874909119662272_3463864504390180299_n.jpg?h=40&w=40&mode=stretch
BICS Institute ,New Delhi,https://images.collegedunia.com/public/image/institute/logo_1612589064Logo.jpg?h=40&w=40&mode=stretch
London Academy ,New Delhi,https://images.collegedunia.com/public/image/institute/logo_1612598894LA-Logo-1.png?h=40&w=40&mode=stretch
SPOKEN WAVE ,New Delhi,https://images.collegedunia.com/public/image/institute/logo_1612604802H6RoPj9e_400x400.jpg?h=40&w=40&mode=stretch
Toppers Mind ,New Delhi,https://images.collegedunia.com/public/image/institute/logo_1612606095images (50).jpeg?h=40&w=40&mode=stretch
"AaiBuzz | Development, Service and Training in Navi Mumbai ",Mumbai,https://images.collegedunia.com/public/image/institute/logo_1612610721LOGO.png?h=40&w=40&mode=stretch
Chalo Digital Marketing Institute ,Mumbai,https://images.collegedunia.com/public/image/institute/logo_1612611318LOGO.JPG?h=40&w=40&mode=stretch
TechSparx Technology Training School ,Bangalore,https://images.collegedunia.com/public/image/institute/logo_1612611958LOGO.png?h=40&w=40&mode=stretch
Raaj Academy ,Chennai,https://images.collegedunia.com/public/image/institute/logo_1612693575Raaj Academy Logo.png?h=40&w=40&mode=stretch
Scholar Overseas ,Chennai,https://images.collegedunia.com/public/image/institute/logo_1612697244Scholar overses Logo.png?h=40&w=40&mode=stretch
UNIQ Academy ,Chennai,https://images.collegedunia.com/public/image/institute/logo_1612709074UNIQ Academy logo.jpg?h=40&w=40&mode=stretch
Advance Engineering Classes ,Bhopal,https://images.collegedunia.com/public/image/institute/logo_1612761594Advance Engineering Classes logo.png?h=40&w=40&mode=stretch
BRITISH IELTS COACHING ACADEMY ,Chandigarh,https://images.collegedunia.com/public/image/institute/logo_1612757233british_i_logo.JPG?h=40&w=40&mode=stretch
British St. Columbia ,New Delhi,https://images.collegedunia.com/public/image/institute/logo_1612779019logo.jpg?h=40&w=40&mode=stretch
MISAO ,New Delhi,https://images.collegedunia.com/public/image/institute/logo_1612803166LOGO.png?h=40&w=40&mode=stretch
Academia De Espanol ,Mumbai,https://images.collegedunia.com/public/image/institute/logo_1612844931Logo-header.png?h=40&w=40&mode=stretch
Fujiwara Japanese Language Institute ,Mumbai,https://images.collegedunia.com/public/image/institute/logo_1612861099fujwara_logo.jpg?h=40&w=40&mode=stretch
New Oxfords English Speaking Classes ,Mumbai,https://images.collegedunia.com/public/image/institute/logo_1612862723new_oxford_logo.JPG?h=40&w=40&mode=stretch
Modlingua Certified Translation ,New Delhi,https://images.collegedunia.com/public/image/institute/logo_1612871093logo.png?h=40&w=40&mode=stretch
Keynote IAS ,New Delhi,https://images.collegedunia.com/public/image/institute/logo_1612934629keynote Logo.png?h=40&w=40&mode=stretch
Varsha study centre ,Bangalore,https://images.collegedunia.com/public/image/institute/logo_1612890251LOGO (2) (1).png?h=40&w=40&mode=stretch
Gurukul Studios ,Bangalore,https://images.collegedunia.com/public/image/institute/?h=40&w=40&mode=stretch
Just French Language Institute ,Bangalore,https://images.collegedunia.com/public/image/institute/?h=40&w=40&mode=stretch
Maa Tutorial ,Bhopal,https://images.collegedunia.com/public/image/institute/logo_1612942573Maa Tutorial logo.png?h=40&w=40&mode=stretch
The German Language School ,New Delhi,https://images.collegedunia.com/public/image/institute/logo_1612939357LOGO.png?h=40&w=40&mode=stretch
BankersPoint ,Jaipur,https://images.collegedunia.com/public/image/institute/logo_1612943695LOGO.jpg?h=40&w=40&mode=stretch
Institute Of Life Leadership ,Secunderabad,https://images.collegedunia.com/public/image/institute/logo_1612947605campus_logo.JPG?h=40&w=40&mode=stretch
Fundaskills - Callan English Language and Mandarin Chinese language Institute ,Bangalore,https://images.collegedunia.com/public/image/institute/logo_1612948165LOGO.jpg?h=40&w=40&mode=stretch
The Impact IAS Academy ,Chennai,https://images.collegedunia.com/public/image/institute/logo_1612970469LOGO.jpg?h=40&w=40&mode=stretch
Rock Programmer ,Noida,https://images.collegedunia.com/public/image/institute/logo_1612973459ROCK PROGRAM_LOGO.JPG?h=40&w=40&mode=stretch
NK psycho classes ,Jaipur,https://images.collegedunia.com/public/image/institute/logo_1613024784l.png?h=40&w=40&mode=stretch
Tektutes ,Hyderabad,https://images.collegedunia.com/public/image/institute/logo_1613022760TEKTUTES_LOGO.png?h=40&w=40&mode=stretch
Mind Champ ,Mumbai,https://images.collegedunia.com/public/image/institute/logo_1613029980LOGO (37).jpg?h=40&w=40&mode=stretch
Z Classes ,Bangalore,https://images.collegedunia.com/public/image/institute/logo_1613032521z_logo.JPG?h=40&w=40&mode=stretch
Udaan Spoken English ,Jaipur,https://images.collegedunia.com/public/image/institute/logo_1613039757download.png?h=40&w=40&mode=stretch
Action Dna ,Chennai,https://images.collegedunia.com/public/image/institute/logo_1613041557images - 2021-02-08T075934.944.jpeg?h=40&w=40&mode=stretch
Vimukta Academy ,New Delhi,https://images.collegedunia.com/public/image/institute/logo_1613116023Logo (4).jpg?h=40&w=40&mode=stretch
Metier Nursing Academy ,New Delhi,https://images.collegedunia.com/public/image/institute/logo_1613124546llogo.jpg?h=40&w=40&mode=stretch
The Gurukul ,Bhopal,https://images.collegedunia.com/public/image/institute/logo_1613219477The Gurukul Logo.jpg?h=40&w=40&mode=stretch
SIP Abacus New Market ,Bhopal,https://images.collegedunia.com/public/image/institute/logo_1613212755sip_abacus_logo.png?h=40&w=40&mode=stretch
Pytholabs ,Jaipur,https://images.collegedunia.com/public/image/institute/logo_1613247646pythonlabs Logo.jpg?h=40&w=40&mode=stretch
International Institute of Cyber Security ,New Delhi,https://images.collegedunia.com/public/image/institute/logo_1613318458download (26).jpeg?h=40&w=40&mode=stretch
Learning edge Education Consultants Pvt. Ltd. ,Mumbai,https://images.collegedunia.com/public/image/institute/logo_1613321690images (72).jpeg?h=40&w=40&mode=stretch
Noble Institute of Education Society ,Bangalore,https://images.collegedunia.com/public/image/institute/logo_1613375419download (4).png?h=40&w=40&mode=stretch
Tech Cryptors ,Mumbai,https://images.collegedunia.com/public/image/institute/logo_1613461826Techcryptors.jpg?h=40&w=40&mode=stretch
Career Quest ,New Delhi,https://images.collegedunia.com/public/image/institute/logo_1613469589Career Quesr Logo.jpg?h=40&w=40&mode=stretch
Flux It Academy ,Jaipur,https://images.collegedunia.com/public/image/institute/logo_1613472935Flux Logo.jpg?h=40&w=40&mode=stretch
Nimir IAS Academy ,Chennai,https://images.collegedunia.com/public/image/institute/logo_1613570620logos.png?h=40&w=40&mode=stretch
Flair Technologies ,Bangalore,https://images.collegedunia.com/public/image/institute/logo_1613615177LOGO.png?h=40&w=40&mode=stretch
Mishra Institute For Banking Classes (Banking),Kolkata,https://images.collegedunia.com/public/image/institute/logo_16136223081 LOGO.jpg?h=40&w=40&mode=stretch
Make Your Mark Academy ,Mumbai,https://images.collegedunia.com/public/image/institute/logo_1613625713make_your_logo.JPG?h=40&w=40&mode=stretch
Metro Institute ,Kolkata,https://images.collegedunia.com/public/image/institute/logo_1613633880Metro Institute  logo.jpg?h=40&w=40&mode=stretch
Hands-On System ,Kolkata,https://images.collegedunia.com/public/image/institute/logo_1613647570Logo.png?h=40&w=40&mode=stretch
Kaustubham Sanskrit Classes ,Jaipur,https://images.collegedunia.com/public/image/institute/logo_1613654232logo.jpg?h=40&w=40&mode=stretch
Achiever's Commerce Classes ,Bhopal,https://images.collegedunia.com/public/image/institute/logo_1613710197logo.png?h=40&w=40&mode=stretch
KARAT LAWZ ACADEMY ,New Delhi,https://images.collegedunia.com/public/image/institute/logo_1613715070logo.jpg?h=40&w=40&mode=stretch
Prudence Academy ,New Delhi,https://images.collegedunia.com/public/image/institute/logo_1613725330AnyConv.com__LOGOO.jpg?h=40&w=40&mode=stretch
TARGET IAS ACADEMY ,Chennai,https://images.collegedunia.com/public/image/institute/logo_1613808625logo.png?h=40&w=40&mode=stretch
Chennai Institute of English ,Chennai,https://images.collegedunia.com/public/image/institute/logo_1613840409Logo.png?h=40&w=40&mode=stretch
National Academy - Kandivali ,Mumbai,https://images.collegedunia.com/public/image/institute/logo_1613841007n2.png?h=40&w=40&mode=stretch
SEAGULL LANGUAGE TRAINERS ,Ahmedabad,https://images.collegedunia.com/public/image/institute/logo_1613845605logo.png?h=40&w=40&mode=stretch
Planet Vidya in Saheed Nagar ,Bhubaneswar,https://images.collegedunia.com/public/image/institute/logo_1613846452logo (14).jpg?h=40&w=40&mode=stretch
Vishvas School of Languages ,New Delhi,https://images.collegedunia.com/public/image/institute/logo_1613912671v1.PNG?h=40&w=40&mode=stretch
Oxford School of English ,New Delhi,https://images.collegedunia.com/public/image/institute/logo_1613912990O1.png?h=40&w=40&mode=stretch
OET Academy (SSC),Bangalore,https://images.collegedunia.com/public/image/institute/logo_1613919169LOGO-OET.jpg?h=40&w=40&mode=stretch
Skill India IAS Academy ,Jaipur,https://images.collegedunia.com/public/image/institute/logo_1613927815LOGO-SKILL INDIA.jpeg?h=40&w=40&mode=stretch
Chandigarh Academy ,Chandigarh,https://images.collegedunia.com/public/image/institute/logo_1613967571Logo.jpg?h=40&w=40&mode=stretch
KAVERI'S IAS ,New Delhi,https://images.collegedunia.com/public/image/institute/logo_1614061171logo (1) (3).png?h=40&w=40&mode=stretch
CM Techno Solution ,Mumbai,https://images.collegedunia.com/public/image/institute/logo_1614075834Logo.png?h=40&w=40&mode=stretch
Rebus Animation And Compositing Academy ,Kolkata,https://images.collegedunia.com/public/image/institute/logo_1614077672REBUS_LOGO.JPG?h=40&w=40&mode=stretch
Doyen-Ed ,New Delhi,https://images.collegedunia.com/public/image/institute/logo_1614147599Doyen ed Logo.png?h=40&w=40&mode=stretch
Evanta Technologies ,Hyderabad,https://images.collegedunia.com/public/image/institute/logo_1614085171LOGO.jpg?h=40&w=40&mode=stretch
Saksham Career Institute ,Bhopal,https://images.collegedunia.com/public/image/institute/logo_1614147906LOGO.png?h=40&w=40&mode=stretch
Kosmo Education ,New Delhi,https://images.collegedunia.com/public/image/institute/logo_1614169299kosmo logo.jpg?h=40&w=40&mode=stretch
SMC Academy ,Kolkata,https://images.collegedunia.com/public/image/institute/logo_1614172483logo.png?h=40&w=40&mode=stretch
Shankar Multimedia ,Mumbai,https://images.collegedunia.com/public/image/institute/logo_1614231143logo (4).png?h=40&w=40&mode=stretch
The Vision Coaching ,Udaipur,https://images.collegedunia.com/public/image/institute/logo_1614244157LOGO.png?h=40&w=40&mode=stretch
UPSC Guide ,New Delhi,https://images.collegedunia.com/public/image/institute/logo_1634827614Logo - Copy.png?h=40&w=40&mode=stretch
Max competition classes ,New Delhi,https://images.collegedunia.com/public/image/institute/logo_1614247536LOGO.png?h=40&w=40&mode=stretch
Zen Education and Learning (JEE Advanced),Mumbai,https://images.collegedunia.com/public/image/institute/logo_1653984992download (2).png?h=40&w=40&mode=stretch
STUDENT'S POINT-IAS ,Bhopal,https://images.collegedunia.com/public/image/institute/logo_1614258035sp_logo.JPG?h=40&w=40&mode=stretch
PHP Techer Online ,Kolkata,https://images.collegedunia.com/public/image/institute/logo_1614260711Logo.jpg?h=40&w=40&mode=stretch
Future Infotech ,Kolkata,https://images.collegedunia.com/public/image/institute/logo_1614265556Logo.jpg?h=40&w=40&mode=stretch
QA Training Hub ,Hyderabad,https://images.collegedunia.com/public/image/institute/logo_1614267091QaT_logo (1).png?h=40&w=40&mode=stretch
ARCHIT'S GERMAN CLASSES ,Mumbai,https://images.collegedunia.com/public/image/institute/logo_1614275947LOGO.png?h=40&w=40&mode=stretch
Value Words ,Thane,https://images.collegedunia.com/public/image/institute/logo_1614313700LOGO.png?h=40&w=40&mode=stretch
Shree Nursing Coaching classes ,Bhopal,https://images.collegedunia.com/public/image/institute/logo_1614317415shree nursing classes Logo.png?h=40&w=40&mode=stretch
Varun Kalra Academy ,Gurgaon,https://images.collegedunia.com/public/image/institute/logo_1614324125LOGO.jpg?h=40&w=40&mode=stretch
Networking Lions ,Ghaziabad,https://images.collegedunia.com/public/image/institute/logo_1614343389Logo.jpg?h=40&w=40&mode=stretch
KUNCHAM Training and Placement Solutions ,Hyderabad,https://images.collegedunia.com/public/image/institute/logo_1614343543logo.png?h=40&w=40&mode=stretch
RC Classes ,Bhopal,https://images.collegedunia.com/public/image/institute/logo_1614351061RCLogoNew1.jpg?h=40&w=40&mode=stretch
Digital Dojo OU ,Mumbai,https://images.collegedunia.com/public/image/institute/logo_1614353748Logo.jpg?h=40&w=40&mode=stretch
ASTHRA IAS ACADEMY ,Chennai,https://images.collegedunia.com/public/image/institute/logo_1614397546brouchress.jpg?h=40&w=40&mode=stretch
Coaching for Jobs Shorthand Guru ,New Delhi,https://images.collegedunia.com/public/image/institute/logo_1614420185LOGO.png?h=40&w=40&mode=stretch
NS Classes ,New Delhi,https://images.collegedunia.com/public/image/institute/logo_161452060240814649_260752381313400_8895402488681725952_n.jpg?h=40&w=40&mode=stretch
Sahasri Singar Academy ,Tiruchirappalli,https://images.collegedunia.com/public/image/institute/logo_1614533999AnyConv.com__images (1).jpg?h=40&w=40&mode=stretch
Ranker's Classes ,,https://images.collegedunia.com/public/image/institute/logo_1614562999Logo.jpeg?h=40&w=40&mode=stretch
Educa Academy ,Mumbai,https://images.collegedunia.com/public/image/institute/logo_1614566767educa academy_logo.png?h=40&w=40&mode=stretch
Online Accent Spoken English ,Bangalore,https://images.collegedunia.com/public/image/institute/logo_1614579931LOGO.jpg?h=40&w=40&mode=stretch
STG Commerce Classes ,New Delhi,https://images.collegedunia.com/public/image/institute/logo_1614580852unnamed (2).png?h=40&w=40&mode=stretch
SriG Systems ,Hyderabad,https://images.collegedunia.com/public/image/institute/logo_1614584259logo.png?h=40&w=40&mode=stretch
AbleFields Training Institute ,Pune,https://images.collegedunia.com/public/image/institute/logo_1614587430Logo.png?h=40&w=40&mode=stretch
RoboFunLab ,Mumbai,https://images.collegedunia.com/public/image/institute/logo_1614666070download.png?h=40&w=40&mode=stretch
Divine Academy ,Pune,https://images.collegedunia.com/public/image/institute/logo_1614675807LOGO.JPG?h=40&w=40&mode=stretch
Tuitions ,Chennai,https://images.collegedunia.com/public/image/institute/logo_1634920677Logo.png?h=40&w=40&mode=stretch
JenNext Mentors ,New Delhi,https://images.collegedunia.com/public/image/institute/logo_1614778647jnm_logo.jpg?h=40&w=40&mode=stretch
DATSS Education ,Jaipur,https://images.collegedunia.com/public/image/institute/logo_1614781439LOGO (10).png?h=40&w=40&mode=stretch
Nes Academy ,New Delhi,https://images.collegedunia.com/public/image/institute/logo_1614785454Logo.jpg?h=40&w=40&mode=stretch
REDFIRE.VFX ,Jaipur,https://images.collegedunia.com/public/image/institute/logo_1614789173unnamed.jpg?h=40&w=40&mode=stretch
Ample Training Institute ,Bangalore,https://images.collegedunia.com/public/image/institute/logo_1614844680LOGO (14).png?h=40&w=40&mode=stretch
RankersBuzz ,New Delhi,https://images.collegedunia.com/public/image/institute/logo_1614859769LOGO.png?h=40&w=40&mode=stretch
Bhardwaj Career Classes ,New Delhi,https://images.collegedunia.com/public/image/institute/logo_1614913425Logo (14).png?h=40&w=40&mode=stretch
Ideal Centre For Educare ,Bangalore,https://images.collegedunia.com/public/image/institute/logo_1614921820Logo (16).png?h=40&w=40&mode=stretch
Pinnacle Education ,Mumbai,https://images.collegedunia.com/public/image/institute/logo_1614924014Pinnacle-Education-Logo-1.png?h=40&w=40&mode=stretch
Pabitra Chakraborty ,Kolkata,https://images.collegedunia.com/public/image/institute/logo_1614933091logo.png?h=40&w=40&mode=stretch
Ashish Group Tuitions ,Mumbai,https://images.collegedunia.com/public/image/institute/logo_1614948965logo.jpg?h=40&w=40&mode=stretch
NEET IIT PHYSICS COACHING CLASSES ,Jaipur,https://images.collegedunia.com/public/image/institute/logo_1614951944Logo.jpeg?h=40&w=40&mode=stretch
Dezine Quest ,Kolkata,https://images.collegedunia.com/public/image/institute/logo_1614959215Dezine Quest NIFT NID LOGO.png?h=40&w=40&mode=stretch
Bharat IAS & KAS Coaching Institute ,Bangalore,"https://images.collegedunia.com/public/image/institute/logo_1614963456IAS Coaching In Bank Colony, Bengaluru LOGO.png?h=40&w=40&mode=stretch"
The Rosen Academy ,Bhopal,https://images.collegedunia.com/public/image/institute/logo_1615006664LOGO.jpg?h=40&w=40&mode=stretch
ITJobZone ,Bangalore,https://images.collegedunia.com/public/image/institute/logo_1615007000it job_logo.jpg?h=40&w=40&mode=stretch
thinkIIT ,Bangalore,https://images.collegedunia.com/public/image/institute/logo_1615008494Logo.png?h=40&w=40&mode=stretch
Narayan Classes ,Mumbai,https://images.collegedunia.com/public/image/institute/logo_1615010654logo.jpg?h=40&w=40&mode=stretch
MeiYu Chinese Language Centre ,New Delhi,https://images.collegedunia.com/public/image/institute/logo_1615010898meiyu_logo.jpg?h=40&w=40&mode=stretch
Reinforce Insights ,Mumbai,https://images.collegedunia.com/public/image/institute/logo_1615014460LOGO (7).jpg?h=40&w=40&mode=stretch
CS PREETI SINGH CS CLASSES ,New Delhi,https://images.collegedunia.com/public/image/institute/logo_1615019763LOGO.jpg?h=40&w=40&mode=stretch
AmTech Learning ,Bangalore,https://images.collegedunia.com/public/image/institute/logo_1615034799Amtech ProDesign logo.jpg?h=40&w=40&mode=stretch
BankersPoint ,Jaipur,https://images.collegedunia.com/public/image/institute/logo_1615036629BankersPoint_LOGO.png?h=40&w=40&mode=stretch
Bhagat Academy Of Commerce ,,https://images.collegedunia.com/public/image/institute/logo_1615040941Bhagat Academy Of Commerce_logo.JPG?h=40&w=40&mode=stretch
Animaas Animation Salt Lake ,Kolkata,https://images.collegedunia.com/public/image/institute/logo_1615100959Logo.jpeg?h=40&w=40&mode=stretch
RS Softech ,Pune,https://images.collegedunia.com/public/image/institute/logo_1615101146RS Softech_logo.jpg?h=40&w=40&mode=stretch
B.M. Embedded Solutions ,New Delhi,https://images.collegedunia.com/public/image/institute/logo_1615110980bm embedded_logo.JPG?h=40&w=40&mode=stretch
BALC Computer Education Institute ,Bangalore,https://images.collegedunia.com/public/image/institute/logo_1615113672balc_logo1.JPG?h=40&w=40&mode=stretch
Esenceweb ,Nashik,https://images.collegedunia.com/public/image/institute/logo_1615125886logo.png?h=40&w=40&mode=stretch
Clear Perceptions Coaching (Study Abroad),Mumbai,https://images.collegedunia.com/public/image/institute/logo_1615126427LOGO (22).png?h=40&w=40&mode=stretch
Ramesh Singh CLASSES ,New Delhi,https://images.collegedunia.com/public/image/institute/logo_1615130236logo.png?h=40&w=40&mode=stretch
IRAA Animation Academy ,Jaipur,https://images.collegedunia.com/public/image/institute/logo_1615139945i1.PNG?h=40&w=40&mode=stretch
Vibodha Educational Academy ,Chennai,https://images.collegedunia.com/public/image/institute/logo_1615144856v1.png?h=40&w=40&mode=stretch
Career Dimension (Study Abroad),New Delhi,https://images.collegedunia.com/public/image/institute/logo_1615182512LOGO (25).png?h=40&w=40&mode=stretch
Suyash Commerce Classes ,Mumbai,https://images.collegedunia.com/public/image/institute/logo_1615184086logo.jpg?h=40&w=40&mode=stretch
Pragim Technologies ,Bangalore,https://images.collegedunia.com/public/image/institute/logo_1615206399Pragim Technologies LOGO.png?h=40&w=40&mode=stretch
Csquare Education ,Bangalore,https://images.collegedunia.com/public/image/institute/logo_1615267079csquare-tiny-logo.png?h=40&w=40&mode=stretch
Margdarshi Skills Academy ,Bangalore,https://images.collegedunia.com/public/image/institute/logo_1615293445download.jpg?h=40&w=40&mode=stretch
RACE SECUNDERABAD ,Secunderabad,https://images.collegedunia.com/public/image/institute/logo_1615296080download (2).jpg?h=40&w=40&mode=stretch
Nandi Academy ,Bangalore,https://images.collegedunia.com/public/image/institute/logo_1615302229LOGO (32).png?h=40&w=40&mode=stretch
Brilliant Academy ,New Delhi,https://images.collegedunia.com/public/image/institute/logo_1615344801LOGO (14).jpg?h=40&w=40&mode=stretch
Khardikar Classes (Computer Science and Information Technology),Mumbai,https://images.collegedunia.com/public/image/institute/logo_1615360813LOGO (35).png?h=40&w=40&mode=stretch
Digital Dojo OU ,Mumbai,https://images.collegedunia.com/public/image/institute/logo_1615372077Logo.jpg?h=40&w=40&mode=stretch
Media Mitra ,Mumbai,https://images.collegedunia.com/public/image/institute/logo_1615382252Logo.jpg?h=40&w=40&mode=stretch
Law Circle Argora Center ,Ranchi,https://images.collegedunia.com/public/image/institute/logo_1615386597LOGOO.png?h=40&w=40&mode=stretch
InSync Learning and Development ,Chennai,https://images.collegedunia.com/public/image/institute/logo_1615392717InSync Learning and Development LOGO.jpg?h=40&w=40&mode=stretch
ANIMATION BOOM ,New Delhi,https://images.collegedunia.com/public/image/institute/logo_1615397701boom_logo.JPG?h=40&w=40&mode=stretch
Synergy Academy of Science ,Mumbai,https://images.collegedunia.com/public/image/institute/logo_1615437788LOGO (30).png?h=40&w=40&mode=stretch
Networking Lions ,Ghaziabad,https://images.collegedunia.com/public/image/institute/logo_1615438301Logo.png?h=40&w=40&mode=stretch
Simba Eduzone ,Chennai,https://images.collegedunia.com/public/image/institute/logo_1615453816Simba Eduzone LOGO.jpg?h=40&w=40&mode=stretch
TUTION 4 ALL ,Jagalur,https://images.collegedunia.com/public/image/institute/logo_1616268629Logo.webp?h=40&w=40&mode=stretch
Wordsmith Consulting ,Bangalore,https://images.collegedunia.com/public/image/institute/logo_1615460201Wordsmith Consulting LOGO.png?h=40&w=40&mode=stretch
UNIK Global Services Study Abroad Education Consultants Chennai ,Chennai,https://images.collegedunia.com/public/image/institute/logo_1615466662Screenshot 2021-03-11 175548.png?h=40&w=40&mode=stretch
Sankhyiki Satya Niketan (Electronics and Communication Engineering),New Delhi,https://images.collegedunia.com/public/image/institute/logo_1615467261LOGO (10).jpg?h=40&w=40&mode=stretch
Yeh China Education Private Limited ,Mumbai,https://images.collegedunia.com/public/image/institute/logo_1615469523yeh_logo1.JPG?h=40&w=40&mode=stretch
Dinesh Babu Pugalenthi - Digital Marketing Trainer And Consultant ,Chennai,https://images.collegedunia.com/public/image/institute/logo_1615483454Digital-Marketing-Consultant-Chennai.png?h=40&w=40&mode=stretch
EmbLogic Research and Competency Development Labs ,Noida,https://images.collegedunia.com/public/image/institute/logo_1615537238set3_large_jpg.jpg?h=40&w=40&mode=stretch
Minav Tech ,Chennai,https://images.collegedunia.com/public/image/institute/logo_16155430262021-01-24.jpg?h=40&w=40&mode=stretch
NEO ORANGE TECHNOLOGY ,Chennai,https://images.collegedunia.com/public/image/institute/logo_1615551493NEO ORANGE TECHNOLOGY  LOGO.png?h=40&w=40&mode=stretch
Dynamic Host ,New Delhi,https://images.collegedunia.com/public/image/institute/logo_1615553487PHP training institute in delhi LOGO.png?h=40&w=40&mode=stretch
Smart Class ,Kolkata,https://images.collegedunia.com/public/image/institute/logo_1615560844LOGO (43).png?h=40&w=40&mode=stretch
Study Chinese ,New Delhi,https://images.collegedunia.com/public/image/institute/logo_1615562760Study_logo.JPG?h=40&w=40&mode=stretch
Ignite Academy ,Thrissur,https://images.collegedunia.com/public/image/institute/logo_1615574695IGNITE_LOGO.JPG?h=40&w=40&mode=stretch
IOLOGIX AUTOMATION SOLUTIONS ,Chennai,https://images.collegedunia.com/public/image/institute/logo_1615575261iologix_logo.png?h=40&w=40&mode=stretch
Apple IELTS OET  PTE  GRE Coaching ,Hyderabad,https://images.collegedunia.com/public/image/institute/logo_1615604352Apple logo.png?h=40&w=40&mode=stretch
Phonics Power Chennai ,Chennai,https://images.collegedunia.com/public/image/institute/logo_1615609532logo.png?h=40&w=40&mode=stretch
Hello Abroad ,Hyderabad,https://images.collegedunia.com/public/image/institute/logo_1615609551logo- Hello Abroad.png?h=40&w=40&mode=stretch
Vijay Soft Solutions Private Limited ,Chennai,https://images.collegedunia.com/public/image/institute/logo_1615629665Vijaya Logo.jpg?h=40&w=40&mode=stretch
Gyan Engineering classes ,Mumbai,https://images.collegedunia.com/public/image/institute/logo_1615713722gyan_logo.JPG?h=40&w=40&mode=stretch
Zframez Technologies Pvt Ltd ,Bangalore,https://images.collegedunia.com/public/image/institute/logo_1615733474zframe_logo.JPG?h=40&w=40&mode=stretch
VIAS Immigration Consultancy ,Mumbai,https://images.collegedunia.com/public/image/institute/logo_1615734995vias logo.jpg?h=40&w=40&mode=stretch
i20 Fever ,Hyderabad,https://images.collegedunia.com/public/image/institute/logo_1615801903i20fever-Updated-Logo.png?h=40&w=40&mode=stretch
Kadmuss Overseas ,Hyderabad,https://images.collegedunia.com/public/image/institute/logo_1615805437logo-1.png?h=40&w=40&mode=stretch
Tuition Classes in Rohini ,New Delhi,https://images.collegedunia.com/public/image/institute/logo_1615826179LOGO.png?h=40&w=40&mode=stretch
Tutor Embassy Classes ,Mumbai,https://images.collegedunia.com/public/image/institute/logo_1615907682Logo.png?h=40&w=40&mode=stretch
Sai Maths ,Chennai,https://images.collegedunia.com/public/image/institute/logo_1615961260Logo.png?h=40&w=40&mode=stretch
Quickyes Infotech Pvt. Ltd. ,Pune,https://images.collegedunia.com/public/image/institute/logo_1615968723LOGO.png?h=40&w=40&mode=stretch
Excel Schooling ,Chennai,https://images.collegedunia.com/public/image/institute/logo_1615986509logo.png?h=40&w=40&mode=stretch
GK Computer Software & Hardware ,Bangalore,https://images.collegedunia.com/public/image/institute/logo_1616034465logo.png?h=40&w=40&mode=stretch
Sai Infosys ,Chennai,https://images.collegedunia.com/public/image/institute/logo_1616036221sai_logo.JPG?h=40&w=40&mode=stretch
TechnoExcel ,Hyderabad,https://images.collegedunia.com/public/image/institute/logo_1616041075techno_logo2.JPG?h=40&w=40&mode=stretch
Dezino Tech ,New Delhi,https://images.collegedunia.com/public/image/institute/logo_1616052571logo (32).png?h=40&w=40&mode=stretch
Just French Language Institute ,Bangalore,https://images.collegedunia.com/public/image/institute/logo_1616065381just_logo.JPG?h=40&w=40&mode=stretch
Mpowerhunt Consulting Pvt. Ltd ,Bangalore,https://images.collegedunia.com/public/image/institute/logo_1616065520logo.jpg?h=40&w=40&mode=stretch
NIYA COACHING CLASSES ,Bangalore,https://images.collegedunia.com/public/image/institute/logo_1616069398ICSE TUITION - NIYA COACHING CLASSES LOGO.jpg?h=40&w=40&mode=stretch
Cademate ,Jaipur,https://images.collegedunia.com/public/image/institute/logo_1616074227LOGO.png?h=40&w=40&mode=stretch
Spectrum Tuition ,Mumbai,https://images.collegedunia.com/public/image/institute/logo_1616078203Spectrum edu home private tuition ALBUM2.jpg?h=40&w=40&mode=stretch
true Inspire ,Kolkata,https://images.collegedunia.com/public/image/institute/logo_1616125169AnyConv.com__logo (2).jpg?h=40&w=40&mode=stretch
Pradeep's Mathematics Classes And Home Tuitions ,Bhopal,https://images.collegedunia.com/public/image/institute/logo_1616141349PMC Logo.jpg?h=40&w=40&mode=stretch
Madhavi British academy ,Ahmedabad,https://images.collegedunia.com/public/image/institute/logo_1616143249m1.png?h=40&w=40&mode=stretch
AdvMedia ,Mumbai,https://images.collegedunia.com/public/image/institute/logo_1616156616logo (36).png?h=40&w=40&mode=stretch
KP's Group Tuitions ,Mumbai,https://images.collegedunia.com/public/image/institute/logo_1616159372LOGO (25).jpg?h=40&w=40&mode=stretch
Touchseries Technologies ,New Delhi,https://images.collegedunia.com/public/image/institute/logo_1616164568Touchseries Logo.jpg?h=40&w=40&mode=stretch
Fortune Academy ,Bangalore,https://images.collegedunia.com/public/image/institute/logo_1616166366Logo (26).PNG?h=40&w=40&mode=stretch
Gate Masters Academy ,Hyderabad,https://images.collegedunia.com/public/image/institute/logo_1616170048Gate Masters Logo.png?h=40&w=40&mode=stretch
Vidya Saadak ,Bangalore,https://images.collegedunia.com/public/image/institute/logo_1616174777LOGO (28).jpg?h=40&w=40&mode=stretch
Topup Classes ,Bangalore,https://images.collegedunia.com/public/image/institute/logo_1616219177LOGO (55).png?h=40&w=40&mode=stretch
Indian Abacus ,Chennai,https://images.collegedunia.com/public/image/institute/logo_1616224543Indian abacus  Logo.png?h=40&w=40&mode=stretch
SEO Training Academy ,Pune,https://images.collegedunia.com/public/image/institute/logo_1616236281seo_logo.JPG?h=40&w=40&mode=stretch
SIA Photography ,Hyderabad,https://images.collegedunia.com/public/image/institute/logo_1616238441LOGO.png?h=40&w=40&mode=stretch
Concepts'N'Clarity Institute ,Gurgaon,https://images.collegedunia.com/public/image/institute/logo_1616298366logo4.JPG?h=40&w=40&mode=stretch
Excel Prodigy ,Chennai,https://images.collegedunia.com/public/image/institute/logo_1616306411LOGO (1).png?h=40&w=40&mode=stretch
EXPERT™ ,New Delhi,https://images.collegedunia.com/public/image/institute/logo_1616310807expert_logo.JPG?h=40&w=40&mode=stretch
Open Path ,New Delhi,https://images.collegedunia.com/public/image/institute/logo_1616311207logo.jpg?h=40&w=40&mode=stretch
GoWest Overseas Education Consultants Pvt Ltd ,Hyderabad,https://images.collegedunia.com/public/image/institute/logo_1616312283LOGO (25).jpg?h=40&w=40&mode=stretch
Manzoor The Trainer ,Hyderabad,https://images.collegedunia.com/public/image/institute/logo_1616341203manzoor_logo.jpg?h=40&w=40&mode=stretch
NIDS Infotech Ltd. ,Gurgaon,https://images.collegedunia.com/public/image/institute/logo_1616384102nids_logo.JPG?h=40&w=40&mode=stretch
Ecphasis infotech ,Chennai,https://images.collegedunia.com/public/image/institute/logo_1616390032logo (1).png?h=40&w=40&mode=stretch
FASHION CONCEPTS ,Gurgaon,https://images.collegedunia.com/public/image/institute/logo_1616409828Logo.jpg?h=40&w=40&mode=stretch
SEO Infinity ,Chennai,https://images.collegedunia.com/public/image/institute/logo_1616417457logo.jpg?h=40&w=40&mode=stretch
Arya Mentors ,Hyderabad,https://images.collegedunia.com/public/image/institute/logo_1616475507Logo.png?h=40&w=40&mode=stretch
Help Eng Institute ,Hyderabad,https://images.collegedunia.com/public/image/institute/logo_1616480012Logo.jpg?h=40&w=40&mode=stretch
Siddhartha Institute of Foreign Languages ,Hyderabad,https://images.collegedunia.com/public/image/institute/logo_1616552575Logo.jpg?h=40&w=40&mode=stretch
Solution ,Ghaziabad,https://images.collegedunia.com/public/image/institute/logo_1616558787Logo.png?h=40&w=40&mode=stretch
Drishti Classes ,Mumbai,https://images.collegedunia.com/public/image/institute/logo_1616648168drishti_logo.JPG?h=40&w=40&mode=stretch
TechnoMates Solutions Robotics & Embedded Training Center in Chennai ,Chennai,https://images.collegedunia.com/public/image/institute/logo_1616737173LOGO (50).png?h=40&w=40&mode=stretch
LearnMax Tuitions ,Chennai,https://images.collegedunia.com/public/image/institute/logo_1616761747LearnMax Tuitions Logo.png?h=40&w=40&mode=stretch
Lets learn institute ,New Delhi,https://images.collegedunia.com/public/image/institute/logo_1616762839Lets Learn Institute Logo.png?h=40&w=40&mode=stretch
Squire Logic Technologies ,Chennai,https://images.collegedunia.com/public/image/institute/logo_1616826082LOGO (57).png?h=40&w=40&mode=stretch
Android Manifester ,Chennai,https://images.collegedunia.com/public/image/institute/logo_1616827235Logo.png?h=40&w=40&mode=stretch
Candid Industrial Training ,Chennai,https://images.collegedunia.com/public/image/institute/logo_1616827976Logo.png?h=40&w=40&mode=stretch
CPLC ,Mumbai,https://images.collegedunia.com/public/image/institute/logo_1616835764cplc_logo.JPG?h=40&w=40&mode=stretch
4 P Advisory Services ,Mumbai,https://images.collegedunia.com/public/image/institute/logo_16168536664P advisory _logo.JPG?h=40&w=40&mode=stretch
Speak Now Educational Institute ,Mumbai,https://images.collegedunia.com/public/image/institute/logo_1616856374speak_logo.JPG?h=40&w=40&mode=stretch
Thirdwave Overseas Education ,Bangalore,https://images.collegedunia.com/public/image/institute/logo_16168594802020-06-04.jpg?h=40&w=40&mode=stretch
Deep English ,Hyderabad,https://images.collegedunia.com/public/image/institute/logo_1616864009logo.png?h=40&w=40&mode=stretch
FLSD Academy ,New Delhi,https://images.collegedunia.com/public/image/institute/logo_1616945015logo.JPG?h=40&w=40&mode=stretch
DD Academy ,Chennai,https://images.collegedunia.com/public/image/institute/logo_1617067824Logo.png?h=40&w=40&mode=stretch
ILLuster Coaching Classes ,Bhopal,https://images.collegedunia.com/public/image/institute/logo_1617070848LOGO.jpg?h=40&w=40&mode=stretch
Alok International Education ,Jaipur,https://images.collegedunia.com/public/image/institute/logo_1617113969logo1.jpg?h=40&w=40&mode=stretch
M.M. Garg Classes (Banking),New Delhi,https://images.collegedunia.com/public/image/institute/logo_1617124601logo (3).jpg?h=40&w=40&mode=stretch
Young Achievers Learning Centre (Banking),Meerut,https://images.collegedunia.com/public/image/institute/logo_1617169053logo (4).jpg?h=40&w=40&mode=stretch
COACH UP IAS- Best IAS/PCS/PCS-J (SSC),Aligarh,https://images.collegedunia.com/public/image/institute/logo_1617170252logo (5).jpg?h=40&w=40&mode=stretch
"VIDYAPEETH, EDUCATIONAL INSTITUTE ",Howrah,https://images.collegedunia.com/public/image/institute/logo_1617202581logo.png?h=40&w=40&mode=stretch
YOGG Language School ,New Delhi,https://images.collegedunia.com/public/image/institute/logo_1617204065logo.jpg?h=40&w=40&mode=stretch
Tejaswi Classes ,New Delhi,https://images.collegedunia.com/public/image/institute/logo_1617255706logo.png?h=40&w=40&mode=stretch
IICT Training Center ,Chennai,https://images.collegedunia.com/public/image/institute/logo_1617259118iict_logo.JPG?h=40&w=40&mode=stretch
FMGE Solutions ,New Delhi,https://images.collegedunia.com/public/image/institute/logo_1617293381LOGO.JPG?h=40&w=40&mode=stretch
OXFord School Of English ,New Delhi,https://images.collegedunia.com/public/image/institute/logo_1617437081logo.png?h=40&w=40&mode=stretch
AGBM Overseas Medical Education Consultants ,Chennai,https://images.collegedunia.com/public/image/institute/logo_1617442259LOGO.png?h=40&w=40&mode=stretch
Pioneer Academy ,New Delhi,https://images.collegedunia.com/public/image/institute/logo_1634829214Logo.jpg?h=40&w=40&mode=stretch
Visa Education and Consultant ,Mumbai,https://images.collegedunia.com/public/image/institute/logo_1617458986LOGO.JPG?h=40&w=40&mode=stretch
Way 2 Visa Consultants ,Bangalore,https://images.collegedunia.com/public/image/institute/logo_1617469968LOGO.JPG?h=40&w=40&mode=stretch
Assets Commerce Tutorial ,,https://images.collegedunia.com/public/image/institute/?h=40&w=40&mode=stretch
Career Made Easy ,New Delhi,https://images.collegedunia.com/public/image/institute/logo_1617541492logo.png?h=40&w=40&mode=stretch
Johnson's Music Academy and Art Centre ,Bangalore,https://images.collegedunia.com/public/image/institute/logo_161760476964803836_446689756146877_5374950192812392448_n.jpg?h=40&w=40&mode=stretch
Jayvant Achievers ,Mumbai,https://images.collegedunia.com/public/image/institute/logo_1617613305logo.jpg?h=40&w=40&mode=stretch
Gurbani Institute for Financial Engineers ,Bangalore,https://images.collegedunia.com/public/image/institute/logo_1617642862Gurbani Institute _logo.JPG?h=40&w=40&mode=stretch
MgiWebzone ,New Delhi,https://images.collegedunia.com/public/image/institute/logo_1617689211mg_logo.JPG?h=40&w=40&mode=stretch
Mrs. Pal Tutorial ,Kolkata,https://images.collegedunia.com/public/image/institute/logo_1617692505pal_logo.JPG?h=40&w=40&mode=stretch
MSP P6 TRAINING ,Kolkata,https://images.collegedunia.com/public/image/institute/logo_1617722511msp_logo.JPG?h=40&w=40&mode=stretch
Mundo Latino ,New Delhi,https://images.collegedunia.com/public/image/institute/logo_1617723616mundo_logo.JPG?h=40&w=40&mode=stretch
Expert Institute of  Advance Technologies Pvt Ltd. ,New Delhi,https://images.collegedunia.com/public/image/institute/logo_1617723873Expert Logo.jpg?h=40&w=40&mode=stretch
QTanalytics ,New Delhi,https://images.collegedunia.com/public/image/institute/logo_1617770342Qtanalytics Logo.png?h=40&w=40&mode=stretch
The Hope Overseas Educational Consultants ,Bangalore,https://images.collegedunia.com/public/image/institute/logo_1617772238THE HOPE Logo.png?h=40&w=40&mode=stretch
RK Malhotra ,New Delhi,https://images.collegedunia.com/public/image/institute/logo_1617773279RK LOGO.jpg?h=40&w=40&mode=stretch
SPARK Education Services (CAT),Pune,https://images.collegedunia.com/public/image/institute/logo_1617774870LOGO (25).jpg?h=40&w=40&mode=stretch
Aadhar Classes ,Meerut,https://images.collegedunia.com/public/image/institute/logo_1617775304logo.png?h=40&w=40&mode=stretch
New Horizzons (study abroad) (Study Abroad),Chennai,https://images.collegedunia.com/public/image/institute/logo_1617779414LOGO. (1).JPG?h=40&w=40&mode=stretch
International Institute of Professional Courses ,Pune,https://images.collegedunia.com/public/image/institute/logo_1617801712IIPC - Digital Marketing.png?h=40&w=40&mode=stretch
My Language ,Mumbai,https://images.collegedunia.com/public/image/institute/logo_1617803400logo.png?h=40&w=40&mode=stretch
Bharat IAS Academy ,Bangalore,https://images.collegedunia.com/public/image/institute/logo_1617806776logo.jpg?h=40&w=40&mode=stretch
Shorthand Guru ,New Delhi,https://images.collegedunia.com/public/image/institute/logo_1617808695logo.jpg?h=40&w=40&mode=stretch
Foreign Languages Institute ,Hyderabad,https://images.collegedunia.com/public/image/institute/logo_1617810111FLI Logo.jpg?h=40&w=40&mode=stretch
Sanskar IAS Academy ,Jabalpur,https://images.collegedunia.com/public/image/institute/logo_1617818826logo.jpg?h=40&w=40&mode=stretch
AB Infotech ,Bangalore,https://images.collegedunia.com/public/image/institute/logo_1617846545album_1606394605Capture4.jpeg?h=40&w=40&mode=stretch
IEM  Coaching ,Cheyyur,https://images.collegedunia.com/public/image/institute/logo_1617895737i-e-m-institute-porur-chennai-tutorials-6592o7iie6.jpg?h=40&w=40&mode=stretch
CGKS Academy ,Chennai,https://images.collegedunia.com/public/image/institute/logo_1617940616Logo.png?h=40&w=40&mode=stretch
MY Design Studio ,New Delhi,https://images.collegedunia.com/public/image/institute/logo_1617968347Logo.jpg?h=40&w=40&mode=stretch
Shanthinikethan Tutorials ,Bangalore,https://images.collegedunia.com/public/image/institute/logo_1617979638AnyConv.com__Log.jpg?h=40&w=40&mode=stretch
Wings Of Dreams Edu ,Mumbai,https://images.collegedunia.com/public/image/institute/logo_1618125936logo (1).jpg?h=40&w=40&mode=stretch
Yatharth classes (Banking),Patna,https://images.collegedunia.com/public/image/institute/logo_1618155461Screenshot 2021-03-28 181009.png?h=40&w=40&mode=stretch
Youstart (Computer Science and Information Technology),Jaipur,https://images.collegedunia.com/public/image/institute/logo_161815644150658176_2282061268493879_3531340656439984128_o.png?h=40&w=40&mode=stretch
TransPassage - Overseas Education Consultants ,Chennai,https://images.collegedunia.com/public/image/institute/logo_1618207187TransPassage Logo.png?h=40&w=40&mode=stretch
CEA Aviation ,New Delhi,https://images.collegedunia.com/public/image/institute/logo_1618217416cea_logo.png?h=40&w=40&mode=stretch
HEGDE SIR ACADEMY ,Mumbai,https://images.collegedunia.com/public/image/institute/logo_1618228116HEGDE SIR ACADEMY LOGO.jpg?h=40&w=40&mode=stretch
Intuit Education ,Mumbai,https://images.collegedunia.com/public/image/institute/logo_1618254197Intuti Logo.png?h=40&w=40&mode=stretch
Sahasra Multimedia and Animation Training Institute ,Hyderabad,https://images.collegedunia.com/public/image/institute/logo_1618256030Sahasra Multimedia logo.png?h=40&w=40&mode=stretch
Hispanic Horizons ,Mumbai,https://images.collegedunia.com/public/image/institute/logo_1618468643logo.png?h=40&w=40&mode=stretch
Sharad Mani Thakur's Geography Classes ,New Delhi,https://images.collegedunia.com/public/image/institute/logo_1618420991logo.jpg?h=40&w=40&mode=stretch
Seo Training Institute ,Hyderabad,https://images.collegedunia.com/public/image/institute/logo_1618323242infinitelogo-250x250.png?h=40&w=40&mode=stretch
Harriers smart education academy ,Kolkata,https://images.collegedunia.com/public/image/institute/logo_1618324011Screenshot_20210409-202753~2.png?h=40&w=40&mode=stretch
Learn French By Suchita ,New Delhi,https://images.collegedunia.com/public/image/institute/logo_1618469678logo.png?h=40&w=40&mode=stretch
Think IoT Solutions Pvt Ltd ,Hyderabad,https://images.collegedunia.com/public/image/institute/logo_1618577010logo.jpg?h=40&w=40&mode=stretch
Infocus Overseas Education Consultants (Study Abroad),Gurgaon,https://images.collegedunia.com/public/image/institute/logo_1618378696LOGO (2).png?h=40&w=40&mode=stretch
T-Series StageWorks Academy ,Jaipur,https://images.collegedunia.com/public/image/institute/logo_16184174052020-03-09 (1).jpg?h=40&w=40&mode=stretch
CA Final SFM Classes  by Archana Khetan - Khetan Education ,Mumbai,https://images.collegedunia.com/public/image/institute/logo_1618456810KHETAN_LOGO.JPG?h=40&w=40&mode=stretch
Takshzila ,Pune,https://images.collegedunia.com/public/image/institute/logo_1618584663logo.png?h=40&w=40&mode=stretch
Colluni - Overseas Education Consultant ,New Delhi,https://images.collegedunia.com/public/image/institute/logo_1618465133colluni_logo.JPG?h=40&w=40&mode=stretch
Excellence Overseas Educational Services ,Hyderabad,https://images.collegedunia.com/public/image/institute/logo_1618489992LOGO.jpg?h=40&w=40&mode=stretch
Versatile Global Education ,Mumbai,https://images.collegedunia.com/public/image/institute/logo_1618492020VGE Logo.jpg?h=40&w=40&mode=stretch
Vibrant Competition Classes ,Jaipur,https://images.collegedunia.com/public/image/institute/logo_1618498412VCC Logo.jpg?h=40&w=40&mode=stretch
BASICS ACADEMY ,Bangalore,https://images.collegedunia.com/public/image/institute/logo_1618676267logo.JPG?h=40&w=40&mode=stretch
DD Academy ,Chennai,https://images.collegedunia.com/public/image/institute/logo_1618740119Logo.png?h=40&w=40&mode=stretch
Will n Trix Academy ,Bangalore,https://images.collegedunia.com/public/image/institute/logo_1618740429Logo.png?h=40&w=40&mode=stretch
Zero 2 Infynite ,Chennai,https://images.collegedunia.com/public/image/institute/logo_1618742915Logo.jpg?h=40&w=40&mode=stretch
ILLuster Coaching Classes ,Bhopal,https://images.collegedunia.com/public/image/institute/logo_1618748941LOGO.jpg?h=40&w=40&mode=stretch
GEO IAS Academy ,Kolkata,https://images.collegedunia.com/public/image/institute/logo_1618763036Logo.png?h=40&w=40&mode=stretch
Sen School of Competitive Exams ,Uttar Dinajpur,https://images.collegedunia.com/public/image/institute/logo_1618766030Logo.jpg?h=40&w=40&mode=stretch
Divine Academy ,Pune,https://images.collegedunia.com/public/image/institute/logo_1618770596Logo.jpg?h=40&w=40&mode=stretch
Global SEO Training ,Mumbai,https://images.collegedunia.com/public/image/institute/logo_1618771184Logo.jpg?h=40&w=40&mode=stretch
Fame French Academy (Language Training),Thane,https://images.collegedunia.com/public/image/institute/logo_1618778395logo.JPG?h=40&w=40&mode=stretch
L' Avenir Language Alliance (Language Training),Mumbai,https://images.collegedunia.com/public/image/institute/logo_1618780283logo.JPG?h=40&w=40&mode=stretch
Salut French: Cours de Français (Language Training),Mumbai,https://images.collegedunia.com/public/image/institute/logo_1618784166logo.JPG?h=40&w=40&mode=stretch
Tech360hub Software Solution ,Bangalore,https://images.collegedunia.com/public/image/institute/logo_1619017337logo.jpg?h=40&w=40&mode=stretch
Noble Consultancy ,Chennai,https://images.collegedunia.com/public/image/institute/logo_1619205450logo.png?h=40&w=40&mode=stretch
MAAC Animation ,Jaipur,https://images.collegedunia.com/public/image/institute/logo_1619256672logo.jpg?h=40&w=40&mode=stretch
Technobotics ,Mumbai,https://images.collegedunia.com/public/image/institute/logo_1619263014logo.png?h=40&w=40&mode=stretch
Rajesh Jha Classes ,New Delhi,https://images.collegedunia.com/public/image/institute/logo_1619263086logo.png?h=40&w=40&mode=stretch
Gradway (Study Abroad),Hyd,https://images.collegedunia.com/public/image/institute/logo_1619113832LOGO (4).png?h=40&w=40&mode=stretch
Tech 360 Hub Solutions ,Bangalore,https://images.collegedunia.com/public/image/institute/logo_1619186911Logo.png?h=40&w=40&mode=stretch
Karni Classes ,Jaipur,https://images.collegedunia.com/public/image/institute/logo_1619272708Logo.jpg?h=40&w=40&mode=stretch
THE ENGLISH CUBE ,Bangalore,https://images.collegedunia.com/public/image/institute/logo_1619361045Logo.jpeg?h=40&w=40&mode=stretch
SKARTEC (Social Media Marketing (SMM)),Chennai,https://images.collegedunia.com/public/image/institute/logo_1619863268LOGO.jpeg?h=40&w=40&mode=stretch
QuickLearn Systems ,Hyderabad,https://images.collegedunia.com/public/image/institute/logo_1619888691Logo.png?h=40&w=40&mode=stretch
Rashtra Defence Academy ,Jaipur,https://images.collegedunia.com/public/image/institute/logo_1619892014logo.jpg?h=40&w=40&mode=stretch
Sapan Parikh Commerce Classes ,Mumbai,https://images.collegedunia.com/public/image/institute/logo_1619892357Logo.png?h=40&w=40&mode=stretch
Spoken English Marathahalli ,Bangalore,https://images.collegedunia.com/public/image/institute/logo_1620127684Spoken English Marathahalli LOGO.jpg?h=40&w=40&mode=stretch
OM TUITION CENTRE ,Chennai,https://images.collegedunia.com/public/image/institute/logo_1620190133OM TUITION CENTRE LOGO.png?h=40&w=40&mode=stretch
Mentors Defence Training ,Dehradun,https://images.collegedunia.com/public/image/institute/logo_1620223771logo.png?h=40&w=40&mode=stretch
MI Classes ,Bangalore,https://images.collegedunia.com/public/image/institute/logo_1620224710logo.jpg?h=40&w=40&mode=stretch
Proton Pro School ,Pune,https://images.collegedunia.com/public/image/institute/logo_1620227406logo.png?h=40&w=40&mode=stretch
Big Trunk Communication Pvt Ltd ,Mumbai,https://images.collegedunia.com/public/image/institute/logo_1620241199BT-LOGO-black.png?h=40&w=40&mode=stretch
Digital Net India ,Greater Noida,https://images.collegedunia.com/public/image/institute/logo_1620243413logo (3).png?h=40&w=40&mode=stretch
Topper Skills ,Pune,https://images.collegedunia.com/public/image/institute/logo_1620267373LOGO.png?h=40&w=40&mode=stretch
Adwize ,Hyderabad,https://images.collegedunia.com/public/image/institute/logo_1620311104adwize Logo.png?h=40&w=40&mode=stretch
The Red Pen ,Mumbai,https://images.collegedunia.com/public/image/institute/logo_1620315028logo trp.png?h=40&w=40&mode=stretch
Unique Consultancy ,New Delhi,https://images.collegedunia.com/public/image/institute/logo_1620315809logo (1).png?h=40&w=40&mode=stretch
Unique Education and Migration Services ,Mumbai,https://images.collegedunia.com/public/image/institute/logo_1620326835Unique-MIgration_Logo.png?h=40&w=40&mode=stretch
University Options ,New Delhi,https://images.collegedunia.com/public/image/institute/logo_1620329218Logo.png?h=40&w=40&mode=stretch
Whizz Europa Passion Research & Development Center ,Bangalore,https://images.collegedunia.com/public/image/institute/logo_1620369570LOGO.JPG?h=40&w=40&mode=stretch
Wikati Education ,Hyderabad,https://images.collegedunia.com/public/image/institute/logo_1620370020LOGO.JPG?h=40&w=40&mode=stretch
WillntriX ,Bangalore,https://images.collegedunia.com/public/image/institute/logo_1620370459LOGO.JPG?h=40&w=40&mode=stretch
Paras Piyush Classes [PPC] ,Mumbai,https://images.collegedunia.com/public/image/institute/logo_1620376545LOGO.png?h=40&w=40&mode=stretch
NUMEN Eduservices ,Mumbai,https://images.collegedunia.com/public/image/institute/logo_1620399336Updated_logo3.png?h=40&w=40&mode=stretch
Scratch Classes ,New Town,https://images.collegedunia.com/public/image/institute/logo_1620409642Logo (63).PNG?h=40&w=40&mode=stretch
Klic Consultants ,New Delhi,https://images.collegedunia.com/public/image/institute/logo_1620413527Klic-Final-Logo.png?h=40&w=40&mode=stretch
Prinston Smart Engineers ,Bangalore,https://images.collegedunia.com/public/image/institute/logo_1620414294pes-logo.png?h=40&w=40&mode=stretch
Purohit Academy ,Pune,https://images.collegedunia.com/public/image/institute/logo_1620416907logo.png?h=40&w=40&mode=stretch
Concept n Solution ,Gurgaon,https://images.collegedunia.com/public/image/institute/logo_1620469247LOGO.jpeg?h=40&w=40&mode=stretch
Seeman School Of Medical Entrance ,Chennai,https://images.collegedunia.com/public/image/institute/logo_1620472255Logo (44).jpg?h=40&w=40&mode=stretch
Hrg Visa ,New Delhi,https://images.collegedunia.com/public/image/institute/logo_1620482401HRG-logo.png?h=40&w=40&mode=stretch
IDMBA - Institute for Digital Marketing & Business Analytics ,Hyderabad,https://images.collegedunia.com/public/image/institute/logo_1620486061Logo (46).jpg?h=40&w=40&mode=stretch
Combat Kinetics Porur ,Chennai,https://images.collegedunia.com/public/image/institute/logo_1620486217logo.JPG?h=40&w=40&mode=stretch
Overseas Consultancy Services ,Hyderabad,https://images.collegedunia.com/public/image/institute/logo_1620494986Logo (2).webp?h=40&w=40&mode=stretch
A S Academy ,Faridabad,https://images.collegedunia.com/public/image/institute/logo_1620498956LOGO.png?h=40&w=40&mode=stretch
Viratel ,New Delhi,https://images.collegedunia.com/public/image/institute/logo_1620560582viratel Logo.png?h=40&w=40&mode=stretch
Prizm Institute ,Mumbai,https://images.collegedunia.com/public/image/institute/logo_1620568078Logo.png?h=40&w=40&mode=stretch
Wordpower Spoken English & IELTS Classes ,Pune,https://images.collegedunia.com/public/image/institute/logo_1620576087wordpower-spoken-english-classes-aundh-pune-language-classes-for-english-scv3nmrchj.webp?h=40&w=40&mode=stretch
ZS Career Academy ,Hyderabad,https://images.collegedunia.com/public/image/institute/logo_1620586297Logo (2).png?h=40&w=40&mode=stretch
AGACS PVT LTD ,Hyderabad,https://images.collegedunia.com/public/image/institute/logo_1620621410agacs Logo.png?h=40&w=40&mode=stretch
Maths Success Point ,Jaipur,https://images.collegedunia.com/public/image/institute/logo_1620662441LOGO.jpg?h=40&w=40&mode=stretch
Gleaming Solutions ,Noida,https://images.collegedunia.com/public/image/institute/logo_1620726278download (17).jpeg?h=40&w=40&mode=stretch
Xcademy ,Gurgaon,https://images.collegedunia.com/public/image/institute/logo_1620732893Logo.png?h=40&w=40&mode=stretch
Assist Tourius International Pvt Ltd ,New Delhi,https://images.collegedunia.com/public/image/institute/logo_1620737820Logo.png?h=40&w=40&mode=stretch
August Academy ,Chennai,https://images.collegedunia.com/public/image/institute/logo_1620752314Logo.png?h=40&w=40&mode=stretch
Shri Sai Tutorials ,Bangalore,https://images.collegedunia.com/public/image/institute/logo_1620804841Logo.jpg?h=40&w=40&mode=stretch
Shubham Law Classes ,Mumbai,https://images.collegedunia.com/public/image/institute/logo_1620806917Logo.jpg?h=40&w=40&mode=stretch
POLYGLOT ,Jaipur,https://images.collegedunia.com/public/image/institute/logo_1624699957POL.PNG?h=40&w=40&mode=stretch
iQuanta (CAT),Gurgaon,https://images.collegedunia.com/public/image/institute/logo_162487336615724849_1830171123872987_7303162130289713749_o.jpg?h=40&w=40&mode=stretch
ACE Academy ,Hyderabad,https://images.collegedunia.com/public/image/institute/logo_1625051538Logo.jpg?h=40&w=40&mode=stretch
Career Launcher ,Chennai,https://images.collegedunia.com/public/image/institute/logo_162522372651716668_10156941264293162_7538448481074020352_n.jpg?h=40&w=40&mode=stretch
Creative Multimedia Academy ,Hyderabad,https://images.collegedunia.com/public/image/institute/logo_1628938385download (48).jfif?h=40&w=40&mode=stretch
Toprankers ,Bhopal,https://images.collegedunia.com/public/image/institute/logo_1629696183Screenshot 2021-08-23 104955.png?h=40&w=40&mode=stretch
Unique Education Institute (CA),New Delhi,https://images.collegedunia.com/public/image/institute/logo_1630998337unique logo.jpeg?h=40&w=40&mode=stretch
Aaruhi Institute Pvt Ltd ,Bangalore,https://images.collegedunia.com/public/image/institute/logo_1631806123AARUHI LOGO.jpeg?h=40&w=40&mode=stretch
Webfame Digital Marketing Academy ,Raipur,https://images.collegedunia.com/public/image/institute/logo_1639738437logo.png?h=40&w=40&mode=stretch
A & N Migration Education and Recruitment Consultant ,Indore,https://images.collegedunia.com/public/image/institute/logo_1644216630logo.jpg?h=40&w=40&mode=stretch
Glide Aviation Academy ,Guwahati,https://images.collegedunia.com/public/image/institute/logo_1647255064Screenshot 2022-03-14 160445.png?h=40&w=40&mode=stretch
The Institute of Payroll Training and Management - [IPTM] ,Noida,https://images.collegedunia.com/public/image/institute/logo_165287389513515_1649691201925515_6144806133695414034_n.jpg?h=40&w=40&mode=stretch
Lotus Aviation ,Visakhapatnam,https://images.collegedunia.com/public/image/institute/logo_1653136142Untitled.png?h=40&w=40&mode=stretch
DizViz Production ,Nagpur,https://images.collegedunia.com/public/image/institute/logo_1655120597Screenshot 2022-06-13 170810.png?h=40&w=40&mode=stretch
Toonone Animation Studio ,Nagpur,https://images.collegedunia.com/public/image/institute/logo_1655712639Screenshot 2022-06-20 133742.png?h=40&w=40&mode=stretch
Ever Aspire Consulting ,Mumbai,https://images.collegedunia.com/public/image/institute/logo_1655774895color_logo_transparent.png?h=40&w=40&mode=stretch
Arena Animation ,Udaipur,https://images.collegedunia.com/public/image/institute/logo_1655986874Arena-animation-logo-1.png?h=40&w=40&mode=stretch
Learning Sharks ,New Delhi,https://images.collegedunia.com/public/image/institute/logo_1656393055Untitled-design-12-Copy.png?h=40&w=40&mode=stretch
GLOBAL LEARNING AND CAREER COUNSELING (GLCC) ,Jaipur,https://images.collegedunia.com/public/image/institute/logo_1657171049LOGO_GLCC.JPG?h=40&w=40&mode=stretch
SMA Makeup Academy ,Pune,https://images.collegedunia.com/public/image/institute/logo_1658397501logo.jpg?h=40&w=40&mode=stretch
ExamNest ,Jaipur,https://images.collegedunia.com/public/image/institute/logo_1659454365LOGO1.png?h=40&w=40&mode=stretch
Wilwin Education and Immigration ,Chandigarh,https://images.collegedunia.com/public/image/institute/logo_1660805716Logo.jpg?h=40&w=40&mode=stretch
Goyal Classes ,Gurgaon,https://images.collegedunia.com/public/image/institute/logo_166193813010339921-medium190ap.jpg?h=40&w=40&mode=stretch
Siddhu Mathematics Class ,Ghaziabad,https://images.collegedunia.com/public/image/institute/logo_1662123035siddhu.jpeg?h=40&w=40&mode=stretch
Saraswati Chemistry Point ,New Delhi,https://images.collegedunia.com/public/image/institute/logo_166220047688445856_501304737246807_3531264725713158144_n.jpg?h=40&w=40&mode=stretch
IMS ,Vadodara,https://images.collegedunia.com/public/image/institute/logo_1662353354IMS LOGO.webp?h=40&w=40&mode=stretch
GoIreland ,New Delhi,https://images.collegedunia.com/public/image/institute/?h=40&w=40&mode=stretch
Dfly International Aviation Institute ,Indore,https://images.collegedunia.com/public/image/institute/logo_1666075575images.png?h=40&w=40&mode=stretch
Perfect Mathematics Classes (JEE Main),Patna,https://images.collegedunia.com/public/image/institute/logo_1670433670Logo.JPG?h=40&w=40&mode=stretch
Quantum Coaching ,Lucknow,https://images.collegedunia.com/public/image/institute/logo_1670491654Logo.jpg?h=40&w=40&mode=stretch
Sanjeev Rathore Classes ,Kanpur,https://images.collegedunia.com/public/image/institute/logo_1670500691sr-logo.png?h=40&w=40&mode=stretch
Leap Scholar ,Bangalore,https://images.collegedunia.com/public/image/institute/logo_1691387014new-header-logo.svg?h=40&w=40&mode=stretch
University Kart ,Bahadurgarh,https://images.collegedunia.com/public/image/institute/?h=40&w=40&mode=stretch
Scholar's Forum ,Lucknow,https://images.collegedunia.com/public/image/institute/logo_1675506002logo.jpg?h=40&w=40&mode=stretch
Competishun ,Jaipur,https://images.collegedunia.com/public/image/institute/logo_1675936170logo.jpg?h=40&w=40&mode=stretch
Scitech Study ,Chandigarh,https://images.collegedunia.com/public/image/institute/logo_1676273534Logo.png?h=40&w=40&mode=stretch
JD INSTITUTE ,Kanpur,https://images.collegedunia.com/public/image/institute/logo_1676288205Logo.jpg?h=40&w=40&mode=stretch
CTS Academy ,Chandigarh,https://images.collegedunia.com/public/image/institute/logo_1676794797logo.jpg?h=40&w=40&mode=stretch
Doon Toppers ,Dehradun,https://images.collegedunia.com/public/image/institute/logo_1678860964doon-toppers-logo-1024x235.jpeg?h=40&w=40&mode=stretch
Indian School of Image Management [ISIM] ,Mumbai,https://images.collegedunia.com/public/image/institute/logo_1679547500ISIM-Logo.jpeg?h=40&w=40&mode=stretch
Eduone International ,Bangalore,https://images.collegedunia.com/public/image/institute/logo_1679641537eduone-international-logo.jpeg?h=40&w=40&mode=stretch
Xcella Skills ,Durgapur,https://images.collegedunia.com/public/image/institute/logo_1679999587308829375_474375044707991_9159375384088460482_n.png?h=40&w=40&mode=stretch
Dreambird ,Chandigarh,https://images.collegedunia.com/public/image/institute/logo_1680323423284249908_119317884113785_3629233213554874500_n.jpg?h=40&w=40&mode=stretch
MathsGuruDev Classes ,Gwalior,https://images.collegedunia.com/public/image/institute/logo_1681725906mg1.png?h=40&w=40&mode=stretch
GSS Chemistry ,Chandigarh,https://images.collegedunia.com/public/image/institute/logo_1681880672gss logo.jpg?h=40&w=40&mode=stretch
LSKDM ,New Delhi,https://images.collegedunia.com/public/image/institute/logo_1681894499LS logo.webp?h=40&w=40&mode=stretch
Upscore Institute ,Lucknow,https://images.collegedunia.com/public/image/institute/logo_1683098863upscore logo.jpg?h=40&w=40&mode=stretch
Read Academy ,Hapur,https://images.collegedunia.com/public/image/institute/logo_1683194266read logo.png?h=40&w=40&mode=stretch
IIT-Pulse ,Indore,https://images.collegedunia.com/public/image/institute/logo_1683609650pulse logo.png?h=40&w=40&mode=stretch
E4E Maths Academy ,Aurangabad,https://images.collegedunia.com/public/image/institute/logo_1685344009e logo.jpg?h=40&w=40&mode=stretch
Tutorial Point ,Kota,https://images.collegedunia.com/public/image/institute/logo_1685598359tp logo.jpg?h=40&w=40&mode=stretch
Shree Balaji Institute ,Udaipur,https://images.collegedunia.com/public/image/institute/logo_1685705721s1.jpg?h=40&w=40&mode=stretch
Scholar's Forum ,Lucknow,https://images.collegedunia.com/public/image/institute/logo_1685782793s logo.jpg?h=40&w=40&mode=stretch
Frankfinn Institute of Air Hostess Training ,Patna,https://images.collegedunia.com/public/image/institute/logo_1685791354f l.png?h=40&w=40&mode=stretch
FB4I Classes ,Jaipur,https://images.collegedunia.com/public/image/institute/logo_1685964843fl.jpg?h=40&w=40&mode=stretch
Amit Saxena Physics Institute ,Ujjain,https://images.collegedunia.com/public/image/institute/logo_1686218275al.jpg?h=40&w=40&mode=stretch
Green G Institute ,Coimbatore,https://images.collegedunia.com/public/image/institute/logo_1686716611g1.png?h=40&w=40&mode=stretch
Jwalpa Coaching Classes ,Dehradun,https://images.collegedunia.com/public/image/institute/logo_1686720105j1.png?h=40&w=40&mode=stretch
Borade Maths Academy ,Nashik,https://images.collegedunia.com/public/image/institute/logo_1686721062s1.jpg?h=40&w=40&mode=stretch
MAAC ,Vasai,https://images.collegedunia.com/public/image/institute/logo_1697710968111.png?h=40&w=40&mode=stretch
Newton Academy ,Chennai,https://images.collegedunia.com/public/image/institute/logo_1687149970n logo.jpg?h=40&w=40&mode=stretch
AirGo Academy ,Lucknow,https://images.collegedunia.com/public/image/institute/logo_1687177161a1.png?h=40&w=40&mode=stretch
Brainiacs Classes ,Coimbatore,https://images.collegedunia.com/public/image/institute/logo_1687262172b1.jpg?h=40&w=40&mode=stretch
TIME Institute ,Chennai,https://images.collegedunia.com/public/image/institute/logo_1687411904t1.png?h=40&w=40&mode=stretch
Sri Krishna Pragyaan Academy ,Madurai,https://images.collegedunia.com/public/image/institute/logo_1687845080s1.png?h=40&w=40&mode=stretch
Daud's Chemistry Academy ,Nashik,https://images.collegedunia.com/public/image/institute/logo_16881016063.jpg?h=40&w=40&mode=stretch
LTS Vision Academy ,Lucknow,https://images.collegedunia.com/public/image/institute/logo_16881021275.jpg?h=40&w=40&mode=stretch
Tripathi IIT Classes ,Ghaziabad,https://images.collegedunia.com/public/image/institute/logo_16881892317.jpg?h=40&w=40&mode=stretch
Learning Ant ,Kolkata,https://images.collegedunia.com/public/image/institute/logo_16886347363.jpg?h=40&w=40&mode=stretch
Krishna Coaching Classes ,Nashik,https://images.collegedunia.com/public/image/institute/logo_16887224892021-03-12.jpg?h=40&w=40&mode=stretch
Olive Academy ,Changanacherry,https://images.collegedunia.com/public/image/institute/logo_16890718801.png?h=40&w=40&mode=stretch
NB Coachings ,Chandigarh,https://images.collegedunia.com/public/image/institute/logo_16892279941.jpg?h=40&w=40&mode=stretch
Padho Leekho ,Bangalore,https://images.collegedunia.com/public/image/institute/logo_1689311798logo-450x160.png?h=40&w=40&mode=stretch
The CAT Coaching ,Kolkata,https://images.collegedunia.com/public/image/institute/logo_16893210161.jpg?h=40&w=40&mode=stretch
Anand Tutorials ,Jabalpur,https://images.collegedunia.com/public/image/institute/logo_168933159233.jpg?h=40&w=40&mode=stretch
MMS Coaching Classes ,Pune,https://images.collegedunia.com/public/image/institute/logo_16903576632022-09-28.png?h=40&w=40&mode=stretch
Legallight ,Patna,https://images.collegedunia.com/public/image/institute/logo_16907968175.png?h=40&w=40&mode=stretch
FINXL ,Pune,https://images.collegedunia.com/public/image/institute/logo_16908042537.jpg?h=40&w=40&mode=stretch
LegalEdge ,Jodhpur,https://images.collegedunia.com/public/image/institute/logo_1691565222logo_1598338551legal logo.webp?h=40&w=40&mode=stretch
Pharma Educare ,Nagpur,https://images.collegedunia.com/public/image/institute/logo_1694001364logo-25.webp?h=40&w=40&mode=stretch
MAAC Panvel ,Navi Mumbai,https://images.collegedunia.com/public/image/institute/logo_16971784582.png?h=40&w=40&mode=stretch
Top Rankers ,New Delhi,https://images.collegedunia.com/public/image/institute/logo_169743138411.jpg?h=40&w=40&mode=stretch
Nucleus Education ,Kolkata,https://images.collegedunia.com/public/image/institute/logo_1698238188999999.png?h=40&w=40&mode=stretch
Toppers Academy ,New Delhi,https://images.collegedunia.com/public/image/institute/logo_169943760611.png?h=40&w=40&mode=stretch
Unacademy ,Bangalore,https://images.collegedunia.com/public/image/institute/logo_16995106771.jpg?h=40&w=40&mode=stretch
Vidyarjan Science Academy ,Pune,https://images.collegedunia.com/public/image/institute/logo_1700136766logo.jpg?h=40&w=40&mode=stretch
Educove ,Chandigarh,https://images.collegedunia.com/public/image/institute/logo_1700551786ss.jpg?h=40&w=40&mode=stretch
Wolke Career Counselling ,Mumbai,https://images.collegedunia.com/public/image/institute/logo_1701235669Logo.jpg?h=40&w=40&mode=stretch
Chitra Study Point ,Jaipur,https://images.collegedunia.com/public/image/institute/logo_1701410072111.jpg?h=40&w=40&mode=stretch
Score High Institute ,Patna,https://images.collegedunia.com/public/image/institute/logo_1701414146555.jpg?h=40&w=40&mode=stretch
Career Success Academy ,Chennai,https://images.collegedunia.com/public/image/institute/logo_1701414545bbb.jpg?h=40&w=40&mode=stretch
Zenith Tutorials ,Chandigarh,https://images.collegedunia.com/public/image/institute/logo_17028757773.jpg?h=40&w=40&mode=stretch
SWOT Institute ,Chandigarh,https://images.collegedunia.com/public/image/institute/logo_1701416093unnamed.jpg?h=40&w=40&mode=stretch
Rankridge ,Hyderabad,https://images.collegedunia.com/public/image/institute/logo_17014243381.jpg?h=40&w=40&mode=stretch
SV Reddy ,Hyderabad,https://images.collegedunia.com/public/image/institute/logo_170142460355.png?h=40&w=40&mode=stretch
RD Classes ,Bhopal,https://images.collegedunia.com/public/image/institute/logo_17014918053.jpg?h=40&w=40&mode=stretch
Gravity Classes ,Bhopal,https://images.collegedunia.com/public/image/institute/logo_17014922195.svg?h=40&w=40&mode=stretch
Invictus ,Bhopal,https://images.collegedunia.com/public/image/institute/logo_1701496619111.jpg?h=40&w=40&mode=stretch
Infinity Group of Science ,Ahmedabad,https://images.collegedunia.com/public/image/institute/logo_170149728877.jpg?h=40&w=40&mode=stretch
OM Coaching ,Ahmedabad,https://images.collegedunia.com/public/image/institute/logo_17015021131111.jpg?h=40&w=40&mode=stretch
Vigyas ,Indore,https://images.collegedunia.com/public/image/institute/logo_1701511501222.png?h=40&w=40&mode=stretch
Eduniti ,Surat,https://images.collegedunia.com/public/image/institute/logo_17032201353.jpg?h=40&w=40&mode=stretch
Magnetic Science Institute ,Surat,https://images.collegedunia.com/public/image/institute/logo_1701671401asas.jpg?h=40&w=40&mode=stretch
Beyond Limits Academy ,Surat,https://images.collegedunia.com/public/image/institute/logo_17016774992.jpg?h=40&w=40&mode=stretch
Aim Entrance Institute ,Ranchi,https://images.collegedunia.com/public/image/institute/logo_1702375783dasd.jpg?h=40&w=40&mode=stretch
Purnima Classes ,Ranchi,https://images.collegedunia.com/public/image/institute/logo_17023780373.jpg?h=40&w=40&mode=stretch
Galvanizing Potential ,Ranchi,https://images.collegedunia.com/public/image/institute/logo_1702378230asdasd.jpg?h=40&w=40&mode=stretch
SR Physics ,Bhubaneswar,https://images.collegedunia.com/public/image/institute/logo_1702447158ddd.jpg?h=40&w=40&mode=stretch
Acadedge ,Bhubaneswar,https://images.collegedunia.com/public/image/institute/logo_1702447705fsdasa.jpg?h=40&w=40&mode=stretch
Alvas ,Moodbidri,https://images.collegedunia.com/public/image/institute/logo_1702465793logo.png?h=40&w=40&mode=stretch
WB Institution ,Chennai,https://images.collegedunia.com/public/image/institute/logo_1702472481wb logo.jpg?h=40&w=40&mode=stretch
Mathur's Home Tutor Service ,Agra,https://images.collegedunia.com/public/image/institute/logo_1702529995mathur logo.png?h=40&w=40&mode=stretch
SVG Centre of Excellence ,Mysore,https://images.collegedunia.com/public/image/institute/logo_17025410003.jpg?h=40&w=40&mode=stretch
Brain Hub Academy ,Zira,https://images.collegedunia.com/public/image/institute/logo_1703140096brain hub logo.jpg?h=40&w=40&mode=stretch
BB Classes ,Kolkata,https://images.collegedunia.com/public/image/institute/logo_17031421583.jpg?h=40&w=40&mode=stretch
PCBM Career Institute ,New Delhi,https://images.collegedunia.com/public/image/institute/logo_1703145396PCBM logo.jpg?h=40&w=40&mode=stretch
Tuition World ,Hyderabad,https://images.collegedunia.com/public/image/institute/logo_1703589975tw1.png?h=40&w=40&mode=stretch
Career Launcher ,New Delhi,https://images.collegedunia.com/public/image/institute/logo_1627996214download.png?h=40&w=40&mode=stretch
Embisyslabs ,Bangalore,https://images.collegedunia.com/public/image/institute/logo_1611410659LOGO.jpeg?h=40&w=40&mode=stretch
Sharma Tutor Bureau ,New Delhi,https://images.collegedunia.com/public/image/institute/logo_1616765932Sharma Tutor Bureau Logo.png?h=40&w=40&mode=stretch
VEDANTI COMPETITIVE CLASSES (SSC),Badnapur,https://images.collegedunia.com/public/image/institute/logo_1617192662LOGO (4).png?h=40&w=40&mode=stretch
Ohana Japanese Language School (JAPANESE LANGUAGE),Bangalore,https://images.collegedunia.com/public/image/institute/logo_1617861544LOGO.jpg?h=40&w=40&mode=stretch
Chahal Academy ,New Delhi,https://images.collegedunia.com/public/image/institute/logo_1623156058Main Logo.jpg?h=40&w=40&mode=stretch
Smart Achievers Academy ,Ghaziabad,https://images.collegedunia.com/public/image/institute/logo_1590132198SA.PNG?h=40&w=40&mode=stretch
"Pathfinder Academy (GATE, CSIR COACHING) ",New Delhi,https://images.collegedunia.com/public/image/institute/logo_1592987671path.jpg?h=40&w=40&mode=stretch
Idp Bangalore (Study Abroad),Bangalore,https://images.collegedunia.com/public/image/institute/logo_1620906572Logo.jpg?h=40&w=40&mode=stretch
Santamonica Study Abroad ,Bangalore,https://images.collegedunia.com/public/image/institute/logo_1593518668santa logo.png?h=40&w=40&mode=stretch
Fateh Education ,New Delhi,https://images.collegedunia.com/public/image/institute/logo_1593244550download.jpeg?h=40&w=40&mode=stretch
KC Overseas Education ,Nagpur,https://images.collegedunia.com/public/image/institute/logo_1658836423Logo.jpg?h=40&w=40&mode=stretch
The Prudence Coaching Centre ,Mumbai,https://images.collegedunia.com/public/image/institute/logo_1593429044prudence logo.jpg?h=40&w=40&mode=stretch
