Institutes Names,Institutes Place,Logo Link
Subodh Classes ,Pune,https://images.collegedunia.com/public/image/institute/logo_1596883065Subodh_Logo.jpg?h=40&w=40&mode=stretch
Giraffe Learning (JEE Main),Bangalore,https://images.collegedunia.com/public/image/institute/logo_1596820678giraffelogo.jpg?h=40&w=40&mode=stretch
Speed Institute (NEET),Chennai,https://images.collegedunia.com/public/image/institute/logo_1597127066logo (1).png?h=40&w=40&mode=stretch
VPM Classes (UGC NET),Jaipur,https://images.collegedunia.com/public/image/institute/logo_1597324179logo (1).jpg?h=40&w=40&mode=stretch
Delhi Institute for Advance Medical Studies (NEET),New Delhi,https://images.collegedunia.com/public/image/institute/logo_1598269537DIAMS.PNG?h=40&w=40&mode=stretch
Career Line Coaching ,Jaipur,https://images.collegedunia.com/public/image/institute/logo_1597736440clc-logo-new.png?h=40&w=40&mode=stretch
Dexter Academy ( Bank coaching) (SBI PO),Madurai,https://images.collegedunia.com/public/image/institute/logo_1598581296dex logo.png?h=40&w=40&mode=stretch
AB Tutorials (CLAT),New Delhi,https://images.collegedunia.com/public/image/institute/logo_1598563126ab toto logo.jpg?h=40&w=40&mode=stretch
Hitbullseye (CAT),Pune,https://images.collegedunia.com/public/image/institute/logo_1599824413HB.PNG?h=40&w=40&mode=stretch
Stargate E - Learning ,New Delhi,https://images.collegedunia.com/public/image/institute/logo_1599470915download.png?h=40&w=40&mode=stretch
EduPristine (CFA CERTIFICATION),Mumbai,https://images.collegedunia.com/public/image/institute/logo_1626261314logo.jpg?h=40&w=40&mode=stretch
Institute of analytics ,Chennai,https://images.collegedunia.com/public/image/institute/logo_16056287032505716-medium190ap.jfif?h=40&w=40&mode=stretch
Imarticus Training Institute (Data Analytics Training),Bangalore,https://images.collegedunia.com/public/image/institute/logo_1601821619ima logo.jpg?h=40&w=40&mode=stretch
APLL Academy ,New Delhi,https://images.collegedunia.com/public/image/institute/logo_1602833120logo-1.png?h=40&w=40&mode=stretch
TIME Institute ,Secunderabad,https://images.collegedunia.com/public/image/institute/logo_1603031632logo.png?h=40&w=40&mode=stretch
Hazra Youth Computer Training Center ,Kolkata,https://images.collegedunia.com/public/image/institute/logo_1606205310Hazra youth computer training center 3.jpg?h=40&w=40&mode=stretch
MagDiSoft Web Solutions ,Pune,https://images.collegedunia.com/public/image/institute/logo_1608023900417428_457010137653749_1930555502_n.jpeg?h=40&w=40&mode=stretch
NY Institute ,Chennai,https://images.collegedunia.com/public/image/institute/logo_1607072653nyinst-logo.white_-1.png?h=40&w=40&mode=stretch
WEBCOM Training Institute ,New Delhi,https://images.collegedunia.com/public/image/institute/logo_1607164628Logo.jpg?h=40&w=40&mode=stretch
Digital Technology Institute | Digital Marketing Course Delhi ,New Delhi,https://images.collegedunia.com/public/image/institute/logo_1607188576d1.PNG?h=40&w=40&mode=stretch
GUTTITECH SOLUTIONS ,Hyderabad,https://images.collegedunia.com/public/image/institute/logo_1607272534download (1).jpg?h=40&w=40&mode=stretch
Engineers CADD Centre Pvt Ltd ,Hyderabad,https://images.collegedunia.com/public/image/institute/logo_1607511801ECC3.png?h=40&w=40&mode=stretch
Swamy Design Solutions Pvt.Ltd ,Bangalore,https://images.collegedunia.com/public/image/institute/logo_1607603008Logo.jpg?h=40&w=40&mode=stretch
Study Bliss ,New Delhi,https://images.collegedunia.com/public/image/institute/logo_1607745266SBLOGO.JPG?h=40&w=40&mode=stretch
EDS Technologies Private Limited ,Bangalore,https://images.collegedunia.com/public/image/institute/logo_1607756869eds logo.png?h=40&w=40&mode=stretch
MIT Skills CAD CAM Training ,Pune,https://images.collegedunia.com/public/image/institute/logo_1607763065logo.png?h=40&w=40&mode=stretch
Venus Technology CAD/CAM/CAE Training ,Pune,https://images.collegedunia.com/public/image/institute/logo_1607866803venus.png?h=40&w=40&mode=stretch
MS Academy Andheri (MSA) ,Mumbai,https://images.collegedunia.com/public/image/institute/logo_1609152997ms logo.jpg?h=40&w=40&mode=stretch
The Interface™ - Data Science | Bigdata | Python | Cloud Training and Placement Institution ,Binandapur,https://images.collegedunia.com/public/image/institute/logo_1609393316logo.png?h=40&w=40&mode=stretch
Rao IIT Academy ,Kota,https://images.collegedunia.com/public/image/institute/logo_1628854297Kota logo.jpg?h=40&w=40&mode=stretch
Prime Academy P Ltd. (CPT CERTIFICATION),Chennai,https://images.collegedunia.com/public/image/institute/logo_1610730264l.gif?h=40&w=40&mode=stretch
The Administrator Academy ,Bhopal,https://images.collegedunia.com/public/image/institute/logo_1610784823TA_LOGO.png?h=40&w=40&mode=stretch
Walk in Animation Academy ,Mumbai,https://images.collegedunia.com/public/image/institute/logo_1610785466walk in_logo.jpg?h=40&w=40&mode=stretch
FroggyLeap ,Ichapur,https://images.collegedunia.com/public/image/institute/logo_1611208462ppc-training-kolkata.jpg?h=40&w=40&mode=stretch
Effort Education ,Ghaziabad,https://images.collegedunia.com/public/image/institute/logo_1611496661Effort education Logo.jpg?h=40&w=40&mode=stretch
Apna Course ,Bangalore,https://images.collegedunia.com/public/image/institute/logo_1611586168logo.png?h=40&w=40&mode=stretch
The Institute of Cost Accountants of India ,Hyderabad,https://images.collegedunia.com/public/image/institute/logo_1611717714logo.png?h=40&w=40&mode=stretch
Sai Vidya Education ,Pune,https://images.collegedunia.com/public/image/institute/logo_1611920332logo.jpg?h=40&w=40&mode=stretch
Derick Academy ,Chennai,https://images.collegedunia.com/public/image/institute/logo_1611932853Logo.png?h=40&w=40&mode=stretch
Study Path Consultants ,Hyderabad,https://images.collegedunia.com/public/image/institute/logo_1611985944logo_studypath_z.png?h=40&w=40&mode=stretch
ORLANDO ACADEMY ,Indore,https://images.collegedunia.com/public/image/institute/logo_1612105099download (8).jpeg?h=40&w=40&mode=stretch
ACE Campus ,New Delhi,https://images.collegedunia.com/public/image/institute/logo_1612440172LOGO.jpg?h=40&w=40&mode=stretch
Radian IAS Academy ,Chennai,https://images.collegedunia.com/public/image/institute/logo_1612460813Radian_logo.png?h=40&w=40&mode=stretch
IITT Language Academy ,Kolkata,https://images.collegedunia.com/public/image/institute/logo_1612524000logo (1).webp?h=40&w=40&mode=stretch
Haldar College Of Further Education ,Kolkata,https://images.collegedunia.com/public/image/institute/logo_1612770162Halder logo.png?h=40&w=40&mode=stretch
Shivalaya Classes ,Jaipur,https://images.collegedunia.com/public/image/institute/logo_1612770423images (1).png?h=40&w=40&mode=stretch
Rajasthan Defence Academy ,Jaipur,https://images.collegedunia.com/public/image/institute/logo_1612887003LOGO.JPG?h=40&w=40&mode=stretch
Parth Ashram ,Patna,https://images.collegedunia.com/public/image/institute/logo_1612970563LOGO.jpg?h=40&w=40&mode=stretch
Atlas School of Languages ,New Delhi,https://images.collegedunia.com/public/image/institute/logo_1613213924Altas Logo.jpg?h=40&w=40&mode=stretch
Zaran Tech ,Bangalore,https://images.collegedunia.com/public/image/institute/logo_1613388478images (3).png?h=40&w=40&mode=stretch
Zaran Tech ,Bangalore,https://images.collegedunia.com/public/image/institute/logo_1613456697Zarantech-Logo.png?h=40&w=40&mode=stretch
Arqam English School ,Mumbai,https://images.collegedunia.com/public/image/institute/logo_1613575608arqram_logo.JPG?h=40&w=40&mode=stretch
Sri Venkateshwara C.K Institute of Pharmacy ,Bangalore,https://images.collegedunia.com/public/image/institute/logo_1613638834logo (1) (2).png?h=40&w=40&mode=stretch
Vidhyapeeth academy ,New Delhi,https://images.collegedunia.com/public/image/institute/logo_1613646998LOGO (9).png?h=40&w=40&mode=stretch
MMR INFOTECH ,Bangalore,https://images.collegedunia.com/public/image/institute/logo_1613832702145384368_781657915801935_1836827577774526343_n.png?h=40&w=40&mode=stretch
Rao's Coaching Centre (SSC),Bangalore,https://images.collegedunia.com/public/image/institute/logo_1613921191logo-1.png?h=40&w=40&mode=stretch
Ananya Academy ,Allahabad,https://images.collegedunia.com/public/image/institute/logo_1613963141Logo.jpg?h=40&w=40&mode=stretch
Aptech Learning ,Bangalore,https://images.collegedunia.com/public/image/institute/logo_1631291935Aptech1.jpg?h=40&w=40&mode=stretch
SN Bhat Academy ,Bangalore,https://images.collegedunia.com/public/image/institute/logo_1614178971sn logo.png?h=40&w=40&mode=stretch
FRENCH TUITIONS ,Hyderabad,https://images.collegedunia.com/public/image/institute/logo_1614466957LOGO (6).jpg?h=40&w=40&mode=stretch
Visualpath IT Services Private Limited ,Hyderabad,https://images.collegedunia.com/public/image/institute/logo_1614572947LOGO.jpg?h=40&w=40&mode=stretch
Success Dreams Education ,Gurgaon,https://images.collegedunia.com/public/image/institute/logo_1614583145cropped-cropped-logo3.png?h=40&w=40&mode=stretch
Gurgaon Super Tutors ,Gurgaon,https://images.collegedunia.com/public/image/institute/logo_1614773120gst_logo.JPG?h=40&w=40&mode=stretch
Progressive Education Point ,New Delhi,https://images.collegedunia.com/public/image/institute/logo_1614863761LOGO.JPG?h=40&w=40&mode=stretch
City Innovates Private Limited ,Gurgaon,https://images.collegedunia.com/public/image/institute/logo_1614867210city-innovates-logo-n.jpg?h=40&w=40&mode=stretch
Vivekananda Edu Excel Academy ,Hyderabad,https://images.collegedunia.com/public/image/institute/logo_1614945488logo1.png?h=40&w=40&mode=stretch
Karthik IELTS & PTE Training Academy ,Chennai,https://images.collegedunia.com/public/image/institute/logo_1615394316Karthik IELTS _ PTE training academy LOGO.png?h=40&w=40&mode=stretch
Mayabious Art ,Kolkata,https://images.collegedunia.com/public/image/institute/logo_1615457315Logo.png?h=40&w=40&mode=stretch
Yashaswi Consulting and Tutoring Services ,Bangalore,https://images.collegedunia.com/public/image/institute/logo_1615464460YCTS Logo.jpg?h=40&w=40&mode=stretch
Master Jee (JEE Main),Vellore,https://images.collegedunia.com/public/image/institute/logo_1615472766LOGO (11).jpg?h=40&w=40&mode=stretch
Girona Study Centrum ,Kolkata,https://images.collegedunia.com/public/image/institute/logo_1615616124LOGO (17).jpg?h=40&w=40&mode=stretch
Aislyn Technologies Pvt Ltd ,Bangalore,https://images.collegedunia.com/public/image/institute/logo_1615631279logo.JPG?h=40&w=40&mode=stretch
The Winners' Academy ,Mumbai,https://images.collegedunia.com/public/image/institute/logo_1615988405The Winners_ Academy LOGO.png?h=40&w=40&mode=stretch
ApnaCourse ,Bangalore,https://images.collegedunia.com/public/image/institute/logo_1616048135apna_logo.JPG?h=40&w=40&mode=stretch
Axiom Academy ,Chennai,https://images.collegedunia.com/public/image/institute/logo_1616167057Axiom logo.jpg?h=40&w=40&mode=stretch
Hyderabad Academy ,Hyderabad,https://images.collegedunia.com/public/image/institute/logo_1616175745HYD Logo.png?h=40&w=40&mode=stretch
Digital Marketing Training ,Ghaziabad,https://images.collegedunia.com/public/image/institute/logo_1616240461logo.PNG?h=40&w=40&mode=stretch
Ujwal Academy ,Pune,https://images.collegedunia.com/public/image/institute/logo_1616593285images.png?h=40&w=40&mode=stretch
Bandi Martial Arts ,Hyderabad,https://images.collegedunia.com/public/image/institute/logo_161666932820643427_1055601794576272_1268129805063136594_o.jpg?h=40&w=40&mode=stretch
Future In Australia ,Hyderabad,https://images.collegedunia.com/public/image/institute/logo_1616762085Logo (53).png?h=40&w=40&mode=stretch
National Public School ,Bangalore,https://images.collegedunia.com/public/image/institute/logo_1616953156logo.JPG?h=40&w=40&mode=stretch
SCM INSTITUTE OF ENGINEERING AND TECHNOLOGY ,Kolkata,https://images.collegedunia.com/public/image/institute/logo_1617041505SCM Logo.jpg?h=40&w=40&mode=stretch
PASS4SURE ,Mumbai,https://images.collegedunia.com/public/image/institute/logo_1617099213Logo.png?h=40&w=40&mode=stretch
Zee Institute of Creative Art ,Chennai,https://images.collegedunia.com/public/image/institute/logo_1617601977Logo.jpg?h=40&w=40&mode=stretch
Broadridge (Finance & Accounting),Hyd,https://images.collegedunia.com/public/image/institute/logo_161760282418119150_1717284011631884_6633319073723670222_n.jpg?h=40&w=40&mode=stretch
ACL Digital ,Bangalore,https://images.collegedunia.com/public/image/institute/logo_1617630474ACL Digital Logo.jpg?h=40&w=40&mode=stretch
Zephyrvisa and Immigration Private Limited (Visa consultants),Chennai,https://images.collegedunia.com/public/image/institute/logo_1617778434LOGO (21).png?h=40&w=40&mode=stretch
EDUNEKA ,Mumbai,https://images.collegedunia.com/public/image/institute/logo_1617789852LOGO.jpg?h=40&w=40&mode=stretch
Team Language Services - Best Japanese Language School Training Institute Courses (JAPANESE LANGUAGE),New Delhi,https://images.collegedunia.com/public/image/institute/logo_1617946667logo.png?h=40&w=40&mode=stretch
International Institute of Business Studies ,Bangalore,https://images.collegedunia.com/public/image/institute/logo_1617968718iibs_logo.jpg?h=40&w=40&mode=stretch
Wheelseye Technology ,Gurgaon,https://images.collegedunia.com/public/image/institute/logo_1618144355145212640_1120654158394778_4029729511304196145_o.jpg?h=40&w=40&mode=stretch
Alpha to Omega Learning Center ,Chennai,https://images.collegedunia.com/public/image/institute/logo_1618168408logo.JPG?h=40&w=40&mode=stretch
Belgharia Medical & Educational Training Institute ,Kolkata,https://images.collegedunia.com/public/image/institute/logo_1618400711unnamed.jpg?h=40&w=40&mode=stretch
Zee Institute of Creative Art ,Chennai,https://images.collegedunia.com/public/image/institute/logo_1618743881Logo.jpg?h=40&w=40&mode=stretch
Chopra Consultancy ,Amritsar,https://images.collegedunia.com/public/image/institute/logo_1619769533logo 1.png?h=40&w=40&mode=stretch
Quest Education ,New Delhi,https://images.collegedunia.com/public/image/institute/logo_1619974306logo.jpg?h=40&w=40&mode=stretch
OM consultants ,Chennai,https://images.collegedunia.com/public/image/institute/logo_1620146442OM consultants LOGO.png?h=40&w=40&mode=stretch
Nation's Pride Education Academy ,Jaipur,https://images.collegedunia.com/public/image/institute/logo_1620226785logo.jpg?h=40&w=40&mode=stretch
Maruti Coaching Center ,Chennai,https://images.collegedunia.com/public/image/institute/logo_1620470938LOGO.jpg?h=40&w=40&mode=stretch
CADOpt Technologies Pvt. Ltd. ,Bangalore,https://images.collegedunia.com/public/image/institute/logo_1620561688cadopt Logo.jpg?h=40&w=40&mode=stretch
Ashmeet Singh Law & Audit Classes ,New Delhi,https://images.collegedunia.com/public/image/institute/logo_1620671823logo (2).png?h=40&w=40&mode=stretch
Nikshay Infotech ,Chennai,https://images.collegedunia.com/public/image/institute/logo_1620802740Logo.jpg?h=40&w=40&mode=stretch
Shri Saphtagiri Institute of Mathematics ,Chennai,https://images.collegedunia.com/public/image/institute/logo_1620805522Logo.png?h=40&w=40&mode=stretch
IIHT ,Bangalore,https://images.collegedunia.com/public/image/institute/logo_1633780671LOGO.png?h=40&w=40&mode=stretch
Toppers Academy ,Noida,https://images.collegedunia.com/public/image/institute/logo_1675762022Logo.jpg?h=40&w=40&mode=stretch
ALLEN ,Jodhpur,https://images.collegedunia.com/public/image/institute/logo_1693831121ccc.jpg?h=40&w=40&mode=stretch
PACE Andheri ,Mumbai,https://images.collegedunia.com/public/image/institute/logo_1696932087logo.png?h=40&w=40&mode=stretch
PACE Chembur ,Mumbai,https://images.collegedunia.com/public/image/institute/logo_1696941985logo.png?h=40&w=40&mode=stretch
Toppers Academy ,Noida,https://images.collegedunia.com/public/image/institute/logo_16987396111111.png?h=40&w=40&mode=stretch
Unacademy ,Bangalore,https://images.collegedunia.com/public/image/institute/logo_16987437905555.jpg?h=40&w=40&mode=stretch
Sri Chaitanya ,Jaipur,https://images.collegedunia.com/public/image/institute/logo_1700806515logo.jpg?h=40&w=40&mode=stretch
Deodhar Classes ,Thane,https://images.collegedunia.com/public/image/institute/logo_1703587449d.png?h=40&w=40&mode=stretch
Target IITJEE-PMT Classes ,Kota,https://images.collegedunia.com/public/image/institute/logo_15940362651.jpg?h=40&w=40&mode=stretch
Kalrashukla Classes ,Mumbai,https://images.collegedunia.com/public/image/institute/logo_1595987262kalra logo.jpg?h=40&w=40&mode=stretch
Axent Institute (NEET),Chennai,https://images.collegedunia.com/public/image/institute/logo_1596796453unnamed.jpg?h=40&w=40&mode=stretch
Sigma Institute (State PSC),Bhopal,https://images.collegedunia.com/public/image/institute/logo_1635092686Logo.jpeg?h=40&w=40&mode=stretch
CSIR IIT (CSIR NET),Bangalore,https://images.collegedunia.com/public/image/institute/logo_1598350470clogo.PNG?h=40&w=40&mode=stretch
BSC Academy (SSC),New Delhi,https://images.collegedunia.com/public/image/institute/logo_1598268509download (1).jpg?h=40&w=40&mode=stretch
StudyBUZZ  Institute (CAT),New Delhi,https://images.collegedunia.com/public/image/institute/logo_1598607775slogo.png?h=40&w=40&mode=stretch
Edu Mentor  Educational Services ( CLAT COACHING) (CLAT),New Delhi,https://images.collegedunia.com/public/image/institute/logo_1598693468edumentor logo.jpg?h=40&w=40&mode=stretch
ixamBee (Banking),Noida,https://images.collegedunia.com/public/image/institute/logo_159885792217103652_1872050303052070_3953278845555644922_n.png?h=40&w=40&mode=stretch
AKN Kailash Thakur Institute (CA) (CA),New Delhi,https://images.collegedunia.com/public/image/institute/logo_16037917602.jpg?h=40&w=40&mode=stretch
Noble Coaching Classes ,Mumbai,https://images.collegedunia.com/public/image/institute/logo_1599316274logo1.png?h=40&w=40&mode=stretch
Finstructor ,New Delhi,https://images.collegedunia.com/public/image/institute/logo_159954437013393979_1721622951445803_6820298786037329955_n.jpg?h=40&w=40&mode=stretch
Shikhar ICS Academy ,Bhopal,https://images.collegedunia.com/public/image/institute/logo_1600433373si.PNG?h=40&w=40&mode=stretch
Manhattan Review (Study Abroad),Bangalore,https://images.collegedunia.com/public/image/institute/logo_1601538802Manhattan review logo.png?h=40&w=40&mode=stretch
Aptron (Computer Science and Information Technology),Noida,https://images.collegedunia.com/public/image/institute/logo_1620985995Apt0.PNG?h=40&w=40&mode=stretch
Factual AI ,Bangalore,https://images.collegedunia.com/public/image/institute/logo_1601920651Logo (1).png?h=40&w=40&mode=stretch
Digital Transformation Management Governance ,Hyderabad,https://images.collegedunia.com/public/image/institute/logo_1602236128logo.webp?h=40&w=40&mode=stretch
Revanth Technologies ,Hyderabad,https://images.collegedunia.com/public/image/institute/logo_1605002520Logo.jpg?h=40&w=40&mode=stretch
Cyber Trident Technologies ,Pune,https://images.collegedunia.com/public/image/institute/logo_1605731921logo6 (2).jpg?h=40&w=40&mode=stretch
"Kossine, a Neebal initiative (Computer Science and Information Technology)",Mumbai,https://images.collegedunia.com/public/image/institute/logo_1605958632logo (1).png?h=40&w=40&mode=stretch
PHP Training Institute ,New Delhi,https://images.collegedunia.com/public/image/institute/logo_1606570056chahar logo.png?h=40&w=40&mode=stretch
Internet Academy ,Bangalore,https://images.collegedunia.com/public/image/institute/logo_1606552335IOT.JPG?h=40&w=40&mode=stretch
JPM Edu Solutions ,Chennai,https://images.collegedunia.com/public/image/institute/logo_1607355179JPM L.jpg?h=40&w=40&mode=stretch
"Chase4Net-CCNA,CCNP,JAVA Training Bangalore ",Bangalore,https://images.collegedunia.com/public/image/institute/logo_1607511595x.png?h=40&w=40&mode=stretch
GeniusPort - Mobility Training Experts ,Bangalore,https://images.collegedunia.com/public/image/institute/logo_1607513380h.png?h=40&w=40&mode=stretch
EXIT TechGrads ,Bangalore,https://images.collegedunia.com/public/image/institute/logo_1607771337download (1).jpg?h=40&w=40&mode=stretch
IQ Online Training ,Hyderabad,https://images.collegedunia.com/public/image/institute/logo_1614784051download.png?h=40&w=40&mode=stretch
Pravahya Consulting Pvt.Ltd. ,Bangalore,https://images.collegedunia.com/public/image/institute/logo_1607909266logo-2.png?h=40&w=40&mode=stretch
Thakur Institute of Career Advancement ,Mumbai,https://images.collegedunia.com/public/image/institute/logo_1607947436thakur logo.jpg?h=40&w=40&mode=stretch
Dynamic Engineering Solution ,Chennai,https://images.collegedunia.com/public/image/institute/logo_1609045373logo1 (1).png?h=40&w=40&mode=stretch
AutoCad Training Institute Delhi | Cad Courses ,New Delhi,https://images.collegedunia.com/public/image/institute/logo_1609319147cad-training-institute-logo.png?h=40&w=40&mode=stretch
Digiperform ,Bangalore,https://images.collegedunia.com/public/image/institute/logo_1609694938DIGIPERFORM_LOGO.JPG?h=40&w=40&mode=stretch
I Turn Institute ,Noida,https://images.collegedunia.com/public/image/institute/logo_1609703295l.png?h=40&w=40&mode=stretch
Digital Web Masters ,Bangalore,https://images.collegedunia.com/public/image/institute/logo_1609916892Logo.jpg?h=40&w=40&mode=stretch
"FIITJEE, Kalu Sarai ",New Delhi,https://images.collegedunia.com/public/image/institute/logo_1691415162fJ-SD.jpg?h=40&w=40&mode=stretch
KALYANI INSTITUTE OF LINGUSTICS ,Nadia,https://images.collegedunia.com/public/image/institute/logo_1610548378LOGO kalyan.png?h=40&w=40&mode=stretch
Ranks Digital Media ,Noida,https://images.collegedunia.com/public/image/institute/logo_1610934080ll.png?h=40&w=40&mode=stretch
Turning Point Defence Academy ,Jaipur,https://images.collegedunia.com/public/image/institute/logo_1611066066Logo.jpeg?h=40&w=40&mode=stretch
Lucid Tech Systems ,Hyderabad,https://images.collegedunia.com/public/image/institute/logo_1611109237lucidtech-systems-1.png?h=40&w=40&mode=stretch
Geographia Ias Institute ,New Delhi,https://images.collegedunia.com/public/image/institute/logo_1611201175logo.png?h=40&w=40&mode=stretch
SilverPeak Global Pvt. Ltd. (Language Training),Bangalore,https://images.collegedunia.com/public/image/institute/logo_1611221241Logo.jpg?h=40&w=40&mode=stretch
Engineers Institute of India ,New Delhi,https://images.collegedunia.com/public/image/institute/logo_1611411776LOGO.png?h=40&w=40&mode=stretch
Grey Matter Academics (P) Ltd ,Chennai,https://images.collegedunia.com/public/image/institute/logo_1611816321Logo (2).jpg?h=40&w=40&mode=stretch
Geographia Ias Institute ,New Delhi,https://images.collegedunia.com/public/image/institute/logo_1611935007logo-black.png?h=40&w=40&mode=stretch
"Vision IAS Academy, Pune ",Pune,https://images.collegedunia.com/public/image/institute/logo_1612350649Logo.jpg?h=40&w=40&mode=stretch
Complete Coaching Centre ,Kolkata,https://images.collegedunia.com/public/image/institute/logo_1612528411c1.png?h=40&w=40&mode=stretch
Career Makers ,Mumbai,https://images.collegedunia.com/public/image/institute/logo_1612684335LOGO (30).jpg?h=40&w=40&mode=stretch
Banking Services Chronicle ,New Delhi,https://images.collegedunia.com/public/image/institute/logo_1612944404logo.png?h=40&w=40&mode=stretch
Pearson India Education Services Pvt. Ltd. ,Bangalore,https://images.collegedunia.com/public/image/institute/logo_1612946190LOGO.jpg?h=40&w=40&mode=stretch
Indian Institute of Banking  And Finance Eastern Zonal Office ,New Delhi,https://images.collegedunia.com/public/image/institute/logo_1612954544unnamed.jpg?h=40&w=40&mode=stretch
ArthaYantra - The World's Most Comprehensive Online Financial Planner ,Hyderabad,https://images.collegedunia.com/public/image/institute/logo_1612976938LOGO.png?h=40&w=40&mode=stretch
Rishabh academy for career enhancement ,Bhopal,https://images.collegedunia.com/public/image/institute/logo_1613045737RACE Logo.png?h=40&w=40&mode=stretch
Hidayah Junior College ,Hyderabad,https://images.collegedunia.com/public/image/institute/logo_1613376408logo.png?h=40&w=40&mode=stretch
Gate Academy ,Bhopal,https://images.collegedunia.com/public/image/institute/logo_1613733555logo.png?h=40&w=40&mode=stretch
Delhi Networkers Academy ,Noida,https://images.collegedunia.com/public/image/institute/logo_1613737919Logo.jpg?h=40&w=40&mode=stretch
Vivek Tutorials ,Mumbai,https://images.collegedunia.com/public/image/institute/logo_1613738872AnyConv.com__LOGO.jpg?h=40&w=40&mode=stretch
Elite Academy ,Mumbai,https://images.collegedunia.com/public/image/institute/logo_1613811527logo.jpg?h=40&w=40&mode=stretch
Kanchan Classes Educational Services ,New Delhi,https://images.collegedunia.com/public/image/institute/logo_1614311119Logo.jpg?h=40&w=40&mode=stretch
Agri Coaching ,New Delhi,https://images.collegedunia.com/public/image/institute/logo_1614840863logo.jpg?h=40&w=40&mode=stretch
GS World ,New Delhi,https://images.collegedunia.com/public/image/institute/logo_1614843022logo.png?h=40&w=40&mode=stretch
Genius Gems ,Mumbai,https://images.collegedunia.com/public/image/institute/logo_1615002951logo.jpg?h=40&w=40&mode=stretch
ICS COACHING CENTRE ,Bahadurgarh,https://images.collegedunia.com/public/image/institute/logo_1615146039logo.jpg?h=40&w=40&mode=stretch
Government Flying Training School ,New Delhi,https://images.collegedunia.com/public/image/institute/logo_1615169206gati_logo0.JPG?h=40&w=40&mode=stretch
Trainings24x7 ,New Delhi,https://images.collegedunia.com/public/image/institute/logo_1615175885logo.png?h=40&w=40&mode=stretch
Brilliant Study Centre ,Kochi,https://images.collegedunia.com/public/image/institute/logo_1615203138cropped-Brilliant-Logo_3.png?h=40&w=40&mode=stretch
SBP Institute Pvt. Ltd. ,New Delhi,https://images.collegedunia.com/public/image/institute/logo_1615262918LOGO (24).PNG?h=40&w=40&mode=stretch
Academy of Commerce ,New Delhi,https://images.collegedunia.com/public/image/institute/logo_1615355468Logo.png?h=40&w=40&mode=stretch
Mumbai Maritime Training Institute ,Mumbai,https://images.collegedunia.com/public/image/institute/logo_1615429908LOGO (29).png?h=40&w=40&mode=stretch
Path Finder Classes ,New Delhi,https://images.collegedunia.com/public/image/institute/logo_1615441336Logo.png?h=40&w=40&mode=stretch
Picasso Animation College ,Bangalore,https://images.collegedunia.com/public/image/institute/logo_1615459040Cover.jpeg?h=40&w=40&mode=stretch
IIT Jam Coaching Institute (IIT JAM),New Delhi,https://images.collegedunia.com/public/image/institute/logo_1615468198LOGO (39).png?h=40&w=40&mode=stretch
Softgen Infotech ,Bangalore,https://images.collegedunia.com/public/image/institute/logo_1615799357logo.jpg?h=40&w=40&mode=stretch
Hello Class Institute ,Bangalore,https://images.collegedunia.com/public/image/institute/logo_1615899726Logo.png?h=40&w=40&mode=stretch
KKM SOFT ,Chennai,https://images.collegedunia.com/public/image/institute/logo_1615955951LOGO (48).png?h=40&w=40&mode=stretch
Cnc Training Centre ,New Delhi,https://images.collegedunia.com/public/image/institute/logo_1616079295LOGO.PNG?h=40&w=40&mode=stretch
Baba Haridass Institute of Nursing education ,New Delhi,https://images.collegedunia.com/public/image/institute/logo_1616239118LOGO.png?h=40&w=40&mode=stretch
Kalyani Institute Of Lingustics ,Kalyani,https://images.collegedunia.com/public/image/institute/logo_1616636643kilindia.png?h=40&w=40&mode=stretch
CMS College of Engineering and Technology ,Thirumangalam,https://images.collegedunia.com/public/image/institute/logo_1616724572Logo (44).png?h=40&w=40&mode=stretch
Eyeopen Technologies ,Chennai,https://images.collegedunia.com/public/image/institute/logo_1616893973AnyConv.com__coverpage (11).jpg?h=40&w=40&mode=stretch
Adda247 ,Gurgaon,https://images.collegedunia.com/public/image/institute/logo_1625478078logo.jpg?h=40&w=40&mode=stretch
Academy of Engineering Competence ,New Delhi,https://images.collegedunia.com/public/image/institute/logo_1617292213logo.jpg?h=40&w=40&mode=stretch
Gemini Kalvi Nilayam ,Chennai,https://images.collegedunia.com/public/image/institute/logo_1617610987logo.jpg?h=40&w=40&mode=stretch
B.S.C. Academy ,New Delhi,https://images.collegedunia.com/public/image/institute/logo_1617777661logo.jpg?h=40&w=40&mode=stretch
Zamstars Management Services (Social Media Marketing (SMM)),Bangalore,https://images.collegedunia.com/public/image/institute/logo_161815984267802299_2760021870692553_4084803525320638464_o.jpg?h=40&w=40&mode=stretch
Study Ideas ,Hyderabad,https://images.collegedunia.com/public/image/institute/logo_1618607108LOGO.png?h=40&w=40&mode=stretch
Uniq Technologies ,Chennai,https://images.collegedunia.com/public/image/institute/logo_1618764689Logo.jpg?h=40&w=40&mode=stretch
Eduncle ,Kota,https://images.collegedunia.com/public/image/institute/logo_1619367919Logo.jpeg?h=40&w=40&mode=stretch
PBI Coaching Center (Education consultants),Kapurthala,https://images.collegedunia.com/public/image/institute/logo_1619383073LOGO.jpg?h=40&w=40&mode=stretch
Visas and Permits.com ,Bangalore,https://images.collegedunia.com/public/image/institute/logo_1619605488COVERR.JPG?h=40&w=40&mode=stretch
Jha Coaching Classes ,Kolkata,https://images.collegedunia.com/public/image/institute/logo_1619976980LOGO-1.jpg?h=40&w=40&mode=stretch
B R College ,Kolkata,https://images.collegedunia.com/public/image/institute/logo_1620093664LOGO.JPG?h=40&w=40&mode=stretch
IIJT Infotech ,Bangalore,https://images.collegedunia.com/public/image/institute/logo_1620305506LOGO.jpg?h=40&w=40&mode=stretch
Lithan Academy ,Mumbai,https://images.collegedunia.com/public/image/institute/logo_1620410205Lithan Mumbai 1.jpg?h=40&w=40&mode=stretch
Vision IAS ,Aliganj,https://images.collegedunia.com/public/image/institute/logo_1622114348logo (1).jpg?h=40&w=40&mode=stretch
CMA CGM ,New Delhi,https://images.collegedunia.com/public/image/institute/logo_1625133650logo.png?h=40&w=40&mode=stretch
Mahesh Tutorials ,Thane,https://images.collegedunia.com/public/image/institute/logo_1625670933Logo.png?h=40&w=40&mode=stretch
Pearl Academy ,Mumbai,https://images.collegedunia.com/public/image/institute/logo_1628855993Logo.png?h=40&w=40&mode=stretch
SSC ADDA ,Gurgaon,https://images.collegedunia.com/public/image/institute/logo_1630162818SSCL.PNG?h=40&w=40&mode=stretch
Study Point ,New Delhi,https://images.collegedunia.com/public/image/institute/logo_1633516870Logo.jpg?h=40&w=40&mode=stretch
Rao IIT Academy ,Pune,https://images.collegedunia.com/public/image/institute/logo_1657818642Logo1.jpg?h=40&w=40&mode=stretch
JRS Tutorials ,Varanasi,https://images.collegedunia.com/public/image/institute/logo_1675400187logo.png?h=40&w=40&mode=stretch
Arunand's Aviation Academy ,Bangalore,https://images.collegedunia.com/public/image/institute/logo_1676539568Logo.jpg?h=40&w=40&mode=stretch
Nano IIT Academy ,Hyderabad,https://images.collegedunia.com/public/image/institute/logo_1686032231n c.png?h=40&w=40&mode=stretch
Wankhede Madam's Academy ,Nagpur,https://images.collegedunia.com/public/image/institute/logo_16877819481.png?h=40&w=40&mode=stretch
Sri Chaitanya (Infinity Learn) ,Hyderabad,https://images.collegedunia.com/public/image/institute/logo_169873587177.jpg?h=40&w=40&mode=stretch
Sri Chaitanya ,Bangalore,https://images.collegedunia.com/public/image/institute/logo_1700808863logo.jpg?h=40&w=40&mode=stretch
Masters PU College ,Hassan,https://images.collegedunia.com/public/image/institute/logo_17024719423.jpg?h=40&w=40&mode=stretch
STAT Institute (Data Science Course),Mumbai,https://images.collegedunia.com/public/image/institute/logo_1602438285Capture.PNG?h=40&w=40&mode=stretch
OECC ,Chennai,https://images.collegedunia.com/public/image/institute/logo_1615143109o1.png?h=40&w=40&mode=stretch
Sri Sri Academy ,Hyderabad,https://images.collegedunia.com/public/image/institute/logo_1596113026sri logo.jpg?h=40&w=40&mode=stretch
Templeton Education ,Chennai,https://images.collegedunia.com/public/image/institute/logo_1605005744maxresdefault.jpg?h=40&w=40&mode=stretch
VVR IAS ,New Delhi,https://images.collegedunia.com/public/image/institute/logo_159722618123843458_1732227396840112_6756413768924942589_n.jpg?h=40&w=40&mode=stretch
Chronicles IAS Academy ,New Delhi,https://images.collegedunia.com/public/image/institute/logo_1597240282chronicle lgo.jpg?h=40&w=40&mode=stretch
"Catalyser Bhopal (JEE,NEET) (JEE Main)",Bhopal,https://images.collegedunia.com/public/image/institute/logo_1597405100l-color.png?h=40&w=40&mode=stretch
Pinnacle Learning Destination ,Noida,https://images.collegedunia.com/public/image/institute/logo_1597988783P Logo.png?h=40&w=40&mode=stretch
CLAT Possible (CLAT),Lucknow,https://images.collegedunia.com/public/image/institute/logo_1623402031clat possible logo.png?h=40&w=40&mode=stretch
Design Keeda Academy ,Mumbai,https://images.collegedunia.com/public/image/institute/logo_1599667484download.png?h=40&w=40&mode=stretch
Programink.com ,Bangalore,https://images.collegedunia.com/public/image/institute/logo_1602162402logo.png?h=40&w=40&mode=stretch
TIMTS (Artificial Intelligence Course In Delhi) ,New Delhi,https://images.collegedunia.com/public/image/institute/logo_16031333533D logo.png?h=40&w=40&mode=stretch
eKnowledge Infotech ,Pune,https://images.collegedunia.com/public/image/institute/logo_1603522963logo.png?h=40&w=40&mode=stretch
Chandra Institute ,Allahabad,https://images.collegedunia.com/public/image/institute/logo_1604219827logo_2.png?h=40&w=40&mode=stretch
Clover Infotech ,Mumbai,https://images.collegedunia.com/public/image/institute/logo_1626708586Logo.jpg?h=40&w=40&mode=stretch
Toppr ,Mumbai,https://images.collegedunia.com/public/image/institute/logo_1605949421Capture.PNG?h=40&w=40&mode=stretch
Levana Technologies (Computer Science and Information Technology),Mumbai,https://images.collegedunia.com/public/image/institute/logo_1606463181llgog.jpg?h=40&w=40&mode=stretch
Techno Exper Solution ,New Delhi,https://images.collegedunia.com/public/image/institute/logo_1606563466logo.jpg?h=40&w=40&mode=stretch
Akshara Software Solutions (Computer Science and Information Technology),Bangalore,https://images.collegedunia.com/public/image/institute/logo_1606656371Screenshot 2020-11-29 183548.png?h=40&w=40&mode=stretch
TVS Training and Services Ltd ,Chennai,https://images.collegedunia.com/public/image/institute/logo_1607082464logo (1).png?h=40&w=40&mode=stretch
Mindset IT Solution ,Bangalore,https://images.collegedunia.com/public/image/institute/logo_1607278135ef0d0d7e28a76350224cde070f7fe006.webp?h=40&w=40&mode=stretch
CATIA Training Online ,Hyderabad,https://images.collegedunia.com/public/image/institute/logo_1618486710CATIA Training Online ALBUM.png?h=40&w=40&mode=stretch
Sutra Infotech ,Thane,https://images.collegedunia.com/public/image/institute/logo_1607611057logosutraCo.png?h=40&w=40&mode=stretch
Interlabz Technologies ,Bangalore,https://images.collegedunia.com/public/image/institute/logo_1607872344download (1).png?h=40&w=40&mode=stretch
iRankdigi - Best Digital Marketing Agency in Hyderabad ,Hyderabad,https://images.collegedunia.com/public/image/institute/logo_1609759514LOGO (11).jpg?h=40&w=40&mode=stretch
Desinelabs ,Bangalore,https://images.collegedunia.com/public/image/institute/logo_1609933128desinelab-logo.png?h=40&w=40&mode=stretch
GuruSkool Institute of Digital Marketing ,New Delhi,https://images.collegedunia.com/public/image/institute/logo_1610305755logo.png?h=40&w=40&mode=stretch
Narayana ,Hyderabad,https://images.collegedunia.com/public/image/institute/logo_1626265000logo.jpg?h=40&w=40&mode=stretch
TimesPro ,Mumbai,https://images.collegedunia.com/public/image/institute/logo_1668589867logoooo.png?h=40&w=40&mode=stretch
Zee Institute of Creative Art ,Mumbai,https://images.collegedunia.com/public/image/institute/logo_1610849175zica_logo.png?h=40&w=40&mode=stretch
ANUJJINDAL.IN ,New Delhi,https://images.collegedunia.com/public/image/institute/logo_1611309337Anujjindel Logo.jpg?h=40&w=40&mode=stretch
iLeap ,Kolkata,https://images.collegedunia.com/public/image/institute/logo_1611328222iLeap Logo.jpg?h=40&w=40&mode=stretch
Chandra Institute ,Pratapgarh,https://images.collegedunia.com/public/image/institute/logo_1611367892Logo.jpg?h=40&w=40&mode=stretch
STUDY KHAZANA ,New Delhi,https://images.collegedunia.com/public/image/institute/logo_1611399937STUDY KHAZANA logo.jpg?h=40&w=40&mode=stretch
HEAVEN9 CLASSES ,Pune,https://images.collegedunia.com/public/image/institute/logo_1611757237LOGO.JPG?h=40&w=40&mode=stretch
Shivvidya Prabodhini IAS Academy ,Mumbai,https://images.collegedunia.com/public/image/institute/logo_1611764488logo.jpg?h=40&w=40&mode=stretch
D.C. Tutorial ,Kolkata,https://images.collegedunia.com/public/image/institute/logo_1611825985logo.png?h=40&w=40&mode=stretch
WBCS Coaching Institute ,Kolkata,https://images.collegedunia.com/public/image/institute/logo_1611903290AnyConv.com__LOGO.jpg?h=40&w=40&mode=stretch
Discovery IAS ,New Delhi,https://images.collegedunia.com/public/image/institute/logo_1611982170Discovery IAS LOGO.png?h=40&w=40&mode=stretch
BYJU's IAS Coaching in Bangalore ,Bangalore,https://images.collegedunia.com/public/image/institute/logo_1612073092images (20).jpeg?h=40&w=40&mode=stretch
DigiOn ,Bangalore,https://images.collegedunia.com/public/image/institute/logo_1626182332logo.jpg?h=40&w=40&mode=stretch
Try My Tutor ,New Delhi,https://images.collegedunia.com/public/image/institute/logo_1612518903logo.png?h=40&w=40&mode=stretch
"SunMarg Academy for CA, CS & CMA ",Secunderabad,https://images.collegedunia.com/public/image/institute/logo_1612537894LOGO.jpg?h=40&w=40&mode=stretch
S.MONK School Of Actuaries ,New Delhi,https://images.collegedunia.com/public/image/institute/logo_1612973442LOGO.png?h=40&w=40&mode=stretch
Bombay Teachers' Training College Colaba ,Mumbai,https://images.collegedunia.com/public/image/institute/logo_1613028803LOGO (32).png?h=40&w=40&mode=stretch
codefrux technologies ,Bangalore,https://images.collegedunia.com/public/image/institute/logo_1613216101Codefrux Logo.jpg?h=40&w=40&mode=stretch
AGNI IAS Academy ,Chennai,https://images.collegedunia.com/public/image/institute/logo_1613475476logo.jpg?h=40&w=40&mode=stretch
Vidya Kendra ,New Delhi,https://images.collegedunia.com/public/image/institute/logo_1613630587VIDYA_LOGO.JPG?h=40&w=40&mode=stretch
Kautilya Academy (UPSC),Bhopal,https://images.collegedunia.com/public/image/institute/logo_1613758264ka-logo.png?h=40&w=40&mode=stretch
ITMI ,Kolkata,https://images.collegedunia.com/public/image/institute/logo_1613919310i1.png?h=40&w=40&mode=stretch
Aptech Visa Global ,New Delhi,https://images.collegedunia.com/public/image/institute/?h=40&w=40&mode=stretch
Project Station ,Mumbai,https://images.collegedunia.com/public/image/institute/logo_1614320583logo-color.png?h=40&w=40&mode=stretch
PACE Training - Corporate Training Company in Hyderabad ,Hyderabad,https://images.collegedunia.com/public/image/institute/logo_1614836668pace_logo.JPG?h=40&w=40&mode=stretch
UNIQUE FOUNDATION ,New Delhi,https://images.collegedunia.com/public/image/institute/logo_1614865536LOGO.JPG?h=40&w=40&mode=stretch
Global Course (Study Abroad),Mumbai,https://images.collegedunia.com/public/image/institute/logo_1614868255LOGO (16).png?h=40&w=40&mode=stretch
Saluja Tuition Centre ,New Delhi,https://images.collegedunia.com/public/image/institute/logo_1615026358Saluja Tuition _logo.JPG?h=40&w=40&mode=stretch
KCR Consultants Training and Education ,Chennai,https://images.collegedunia.com/public/image/institute/logo_1615395319KCR Consultants Training and Education LOGO.jpg?h=40&w=40&mode=stretch
Bombay Teachers' Training College Colaba ,Mumbai,https://images.collegedunia.com/public/image/institute/logo_1615640576bombay_logo.JPG?h=40&w=40&mode=stretch
Quest Immigration Services ,Mumbai,https://images.collegedunia.com/public/image/institute/logo_1615732646QUEST Logo.jpg?h=40&w=40&mode=stretch
iPhone Development Guide (Nimap Infotech) ,Mumbai,https://images.collegedunia.com/public/image/institute/logo_1615806529iphone logo.png?h=40&w=40&mode=stretch
Aastha Tuitions ,Mumbai,https://images.collegedunia.com/public/image/institute/logo_1615864483Logo.png?h=40&w=40&mode=stretch
Baldwin Methodist College ,Bangalore,https://images.collegedunia.com/public/image/institute/logo_1616050558bal_logo.png?h=40&w=40&mode=stretch
Selenium Online Training ,Hyderabad,https://images.collegedunia.com/public/image/institute/logo_1616349228selinium_logo.JPG?h=40&w=40&mode=stretch
Examometer ,Hyderabad,https://images.collegedunia.com/public/image/institute/logo_1616397162logo.jpg?h=40&w=40&mode=stretch
TVK Accountancy Coaching ,Chennai,https://images.collegedunia.com/public/image/institute/logo_1616431152TVK Accountancy Coaching LOGO.jpg?h=40&w=40&mode=stretch
Gyan Ganga Coaching ,Greater Noida,https://images.collegedunia.com/public/image/institute/logo_1617116264logo.PNG?h=40&w=40&mode=stretch
Medical Representative Training Institute ,Kolkata,https://images.collegedunia.com/public/image/institute/logo_1617197898logo.jpg?h=40&w=40&mode=stretch
Techno Expert Solutions ,New Delhi,https://images.collegedunia.com/public/image/institute/logo_1617203160logo.png?h=40&w=40&mode=stretch
George College ,Kolkata,https://images.collegedunia.com/public/image/institute/logo_1617258089george_logo.JPG?h=40&w=40&mode=stretch
Victory Institute of Technology ,Chennai,https://images.collegedunia.com/public/image/institute/logo_1617356267logo.JPG?h=40&w=40&mode=stretch
Take off Educational Consultants ,Ahmedabad,https://images.collegedunia.com/public/image/institute/logo_1617524792K1.png?h=40&w=40&mode=stretch
AP Teacher Training Institute (ENGLISH LANGUAGE),Kolkata,https://images.collegedunia.com/public/image/institute/logo_1617559418AP TTI logo.png?h=40&w=40&mode=stretch
BIM Design & Technology ,Kolkata,https://images.collegedunia.com/public/image/institute/logo_1617776045BIM DESIGN Logo.png?h=40&w=40&mode=stretch
WonderBiz Technologies Private Limited (IT Management),Thane,https://images.collegedunia.com/public/image/institute/logo_161812988179224067_2756727651016392_6711559180857114624_n.jpg?h=40&w=40&mode=stretch
Traininglobe ,Noida,https://images.collegedunia.com/public/image/institute/logo_1618206187Traininglobe logo.png?h=40&w=40&mode=stretch
Behala Institute of Allied Health Sciences ,Kolkata,https://images.collegedunia.com/public/image/institute/logo_1618398959Behala Institute of Allied Health Sciences LOGO.jpg?h=40&w=40&mode=stretch
Vestel Telecom Services ,Chennai,https://images.collegedunia.com/public/image/institute/logo_1618497198vestel logo.jpg?h=40&w=40&mode=stretch
Arvind Classes ,Mumbai,https://images.collegedunia.com/public/image/institute/logo_1619117191Logo.png?h=40&w=40&mode=stretch
OAASA Technologys ,Kolkata,https://images.collegedunia.com/public/image/institute/logo_1619298306LOGO.JPG?h=40&w=40&mode=stretch
361 Degree Minds ,Chennai,https://images.collegedunia.com/public/image/institute/logo_1619364971logo.png?h=40&w=40&mode=stretch
Visaways ,Chennai,https://images.collegedunia.com/public/image/institute/logo_1619637513logo.JPG?h=40&w=40&mode=stretch
361 minds ,Chennai,https://images.collegedunia.com/public/image/institute/logo_1619978450LOGO.jpg?h=40&w=40&mode=stretch
TIF Labs - Robocraze ,Hyderabad,https://images.collegedunia.com/public/image/institute/logo_1620217876LOGO.PNG?h=40&w=40&mode=stretch
Aryan Institute ,New Delhi,https://images.collegedunia.com/public/image/institute/logo_1620225941logo AI.png?h=40&w=40&mode=stretch
The Institute of Chartered Accountants of India Western Region ,Mumbai,https://images.collegedunia.com/public/image/institute/logo_1620329931LOGO.jpg?h=40&w=40&mode=stretch
Sam Institute Of Personality Development ,Mumbai,https://images.collegedunia.com/public/image/institute/logo_1620393138Logo (61).PNG?h=40&w=40&mode=stretch
British English Academy ,New Delhi,https://images.collegedunia.com/public/image/institute/logo_1620500398LOGO.jpg?h=40&w=40&mode=stretch
Atulya Ghosh Institute of Languages ,Kolkata,https://images.collegedunia.com/public/image/institute/logo_1620751635Logo.png?h=40&w=40&mode=stretch
KD Campus Mukherjee Nagar ,New Delhi,https://images.collegedunia.com/public/image/institute/logo_1623436896logo (7).png?h=40&w=40&mode=stretch
Vedantu ,Bangalore,https://images.collegedunia.com/public/image/institute/logo_1623650485ve.PNG?h=40&w=40&mode=stretch
PaGaLGuY ,Mumbai,https://images.collegedunia.com/public/image/institute/logo_1628943529Logo 1.jpg?h=40&w=40&mode=stretch
"TIME, Andheri ",Mumbai,https://images.collegedunia.com/public/image/institute/?h=40&w=40&mode=stretch
"Vision IAS, Guwahati ",Guwahati,https://images.collegedunia.com/public/image/institute/logo_1655900345logo_1592499414vision ias logo.webp?h=40&w=40&mode=stretch
Skyblue Institute of Design ,Rajkot,https://images.collegedunia.com/public/image/institute/logo_1661426199Screenshot 2022-08-25 132542.png?h=40&w=40&mode=stretch
Goal Institute ,Patna,https://images.collegedunia.com/public/image/institute/logo_1672402257logo1_256.jpeg?h=40&w=40&mode=stretch
L1 Coaching ,Varanasi,https://images.collegedunia.com/public/image/institute/logo_1675350338Logo.jpg?h=40&w=40&mode=stretch
Zee Institute of Creative Art Borivali ,Mumbai,https://images.collegedunia.com/public/image/institute/logo_1676555100zica_logo.png?h=40&w=40&mode=stretch
Sankalp Tutorials ,Varanasi,https://images.collegedunia.com/public/image/institute/logo_1677049603logo.png?h=40&w=40&mode=stretch
Sri Bhavishya Educational Academy ,Vijayawada,https://images.collegedunia.com/public/image/institute/logo_1686560919s1.png?h=40&w=40&mode=stretch
"IMS, Bandra ",Mumbai,https://images.collegedunia.com/public/image/institute/logo_1691056012logo_1662636188IMS LOGO.webp?h=40&w=40&mode=stretch
Chanakya Clat Classes ,Patna,https://images.collegedunia.com/public/image/institute/logo_1691411215logo-ccc.png?h=40&w=40&mode=stretch
The Gurukulam Academy ,New Delhi,https://images.collegedunia.com/public/image/institute/logo_1612035018logo (8).png?h=40&w=40&mode=stretch
Erudite Coaching Centre ,Hyderabad,https://images.collegedunia.com/public/image/institute/logo_1592972720default-logo.png?h=40&w=40&mode=stretch
IBOP Academy (CLAT),Mumbai,https://images.collegedunia.com/public/image/institute/logo_1598337443A.png?h=40&w=40&mode=stretch
The Edge (IIT JAM/NET/SET) (IIT JAM),Kolkata,https://images.collegedunia.com/public/image/institute/logo_1599050280edge logo.jpg?h=40&w=40&mode=stretch
Maria Academy - Dot net training institute in chennai3 ,Chennai,https://images.collegedunia.com/public/image/institute/logo_1606416184logo.png?h=40&w=40&mode=stretch
MAHAN INSTITUTE OF TECHNOLOGIES ,New Delhi,https://images.collegedunia.com/public/image/institute/logo_1606971318maha.png?h=40&w=40&mode=stretch
Nth Dimension ,New Delhi,https://images.collegedunia.com/public/image/institute/logo_1609500945Nth Dimension-logo and cover page.png?h=40&w=40&mode=stretch
"WebHawks- Best Digital Marketing | Web Development | SEO Company in Bangalore, India ",Bangalore,https://images.collegedunia.com/public/image/institute/logo_1609502707download.png?h=40&w=40&mode=stretch
Brainware ,Kolkata,https://images.collegedunia.com/public/image/institute/logo_1609685332logo 4 (1).jpg?h=40&w=40&mode=stretch
ALDINE CA ,Kanpur,https://images.collegedunia.com/public/image/institute/logo_1622198325al2.png?h=40&w=40&mode=stretch
Career Avenues ,New Delhi,https://images.collegedunia.com/public/image/institute/logo_1622558137Logo.png?h=40&w=40&mode=stretch
Global Teachers Academy ,New Delhi,https://images.collegedunia.com/public/image/institute/logo_1611203735GTA Logo.jpg?h=40&w=40&mode=stretch
SRM Systems ,Bangalore,https://images.collegedunia.com/public/image/institute/logo_1616161177SRM Systems LOGO.png?h=40&w=40&mode=stretch
Graduate Guru ,Mumbai,https://images.collegedunia.com/public/image/institute/logo_1611371277Logo.png?h=40&w=40&mode=stretch
AFTE Institute Pvt Ltd ,New Delhi,https://images.collegedunia.com/public/image/institute/logo_1611998716aftelogo.png?h=40&w=40&mode=stretch
Chaitanya's Academy ,Pune,https://images.collegedunia.com/public/image/institute/logo_1612249413Chaitanyas academy - logo.png?h=40&w=40&mode=stretch
Infortecor Solutions Pvt. Ltd. ,Bangalore,https://images.collegedunia.com/public/image/institute/logo_1612517781Inforte-logo-e1472989246504.png?h=40&w=40&mode=stretch
Jawahar Lal Nehru Academy Of Language ,New Delhi,https://images.collegedunia.com/public/image/institute/logo_1612545508logo.gif?h=40&w=40&mode=stretch
International College of Financial Planning ,Mumbai,"https://images.collegedunia.com/public/image/institute/logo_1612693325International College of Financial Planning, Mumbai LOGO (1).png?h=40&w=40&mode=stretch"
Chanakya Academy ,New Delhi,https://images.collegedunia.com/public/image/institute/logo_1612941521Logo-.png?h=40&w=40&mode=stretch
Bips Computer Education ,Bhopal,https://images.collegedunia.com/public/image/institute/logo_1613044383microsoft-office-365-logo-microsoft-office-specialist-png-favpng-J2Uh2fdSSuN6zkrL7yGTVWSqr.jpg?h=40&w=40&mode=stretch
AFTE Institute Pvt Ltd ,New Delhi,https://images.collegedunia.com/public/image/institute/logo_1614232346LOGO.png?h=40&w=40&mode=stretch
SAG Academy ,Jaipur,https://images.collegedunia.com/public/image/institute/logo_1614540475SAG Academy Logo.png?h=40&w=40&mode=stretch
Visas Simply ,New Delhi,https://images.collegedunia.com/public/image/institute/logo_1614704343996057_504747912955731_426958420_n.jpg?h=40&w=40&mode=stretch
Isaac Pitman Shorthand College (UPSC),New Delhi,https://images.collegedunia.com/public/image/institute/logo_1614855931LOGO.jpeg?h=40&w=40&mode=stretch
Study Circle ,Hyderabad,https://images.collegedunia.com/public/image/institute/logo_1615143848logo.jpg?h=40&w=40&mode=stretch
Action Dogs Services Pvt. Ltd. ,Thane,https://images.collegedunia.com/public/image/institute/logo_1615349801Action dog logo.jpg?h=40&w=40&mode=stretch
Sambhram Groups of Institutions ,Bangalore,https://images.collegedunia.com/public/image/institute/logo_1616075247Sambhram Groups of Institutions LOGO.jpg?h=40&w=40&mode=stretch
Global Teachers Academy ,New Delhi,https://images.collegedunia.com/public/image/institute/logo_1617070287Logo.png?h=40&w=40&mode=stretch
JR INSTITUTIONS ,Coimbatore,https://images.collegedunia.com/public/image/institute/logo_1617194114logo.PNG?h=40&w=40&mode=stretch
SSC Tube (SSC),New Delhi,https://images.collegedunia.com/public/image/institute/logo_1630593487ssc logo.jpg?h=40&w=40&mode=stretch
CCNP Voice ,Hyderabad,https://images.collegedunia.com/public/image/institute/logo_1617452266CCNP Voice LOGO.jpg?h=40&w=40&mode=stretch
The PUC Academy ,Bangalore,https://images.collegedunia.com/public/image/institute/logo_1617455177Logo.jpg?h=40&w=40&mode=stretch
Amal Infosystems Private Limited ,Mumbai,https://images.collegedunia.com/public/image/institute/logo_1618299185LOGO..png?h=40&w=40&mode=stretch
PERI Institute of Technology ,Chennai,https://images.collegedunia.com/public/image/institute/logo_1618402910download (5).png?h=40&w=40&mode=stretch
Global Teachers Academy ,New Delhi,https://images.collegedunia.com/public/image/institute/logo_1618747972Logo.png?h=40&w=40&mode=stretch
Shova Rani Nursing College ,Kolkata,https://images.collegedunia.com/public/image/institute/logo_1619373536logo.JPG?h=40&w=40&mode=stretch
SmartPrep Education Pvt Ltd ,New Delhi,https://images.collegedunia.com/public/image/institute/logo_1620459099SmartPrep Logo.jpg?h=40&w=40&mode=stretch
Sunstone Select ,Gurgaon,https://images.collegedunia.com/public/image/institute/logo_1685599726s log.jpg?h=40&w=40&mode=stretch
Sri Chaitanya ,Bellary,https://images.collegedunia.com/public/image/institute/logo_1700816018logo.jpg?h=40&w=40&mode=stretch
Sri Chaitanya ,Hyderabad,https://images.collegedunia.com/public/image/institute/logo_17010605391.webp?h=40&w=40&mode=stretch
Momentum Institute ,Bhopal,https://images.collegedunia.com/public/image/institute/logo_17014914741.jpg?h=40&w=40&mode=stretch
Vision 40 Gyanavapi Institute (JEE Main),Hyderabad,https://images.collegedunia.com/public/image/institute/logo_1596007857vision logo.png?h=40&w=40&mode=stretch
Jayam Academy (JEE Main),Chennai,https://images.collegedunia.com/public/image/institute/logo_1597729955JA Logo.png?h=40&w=40&mode=stretch
Roots Education (10th Exam CBSE),Bangalore,https://images.collegedunia.com/public/image/institute/logo_1601450421ROOTS-FINAL-LOGO-ORANGE-NEW-300x75.png?h=40&w=40&mode=stretch
Khateeb Engineering Classes ,Mumbai,https://images.collegedunia.com/public/image/institute/logo_1605777521Screenshot 2020-11-19 142324.png?h=40&w=40&mode=stretch
Eduvance (Computer Science and Information Technology),Mumbai,https://images.collegedunia.com/public/image/institute/logo_1606463699logo.png?h=40&w=40&mode=stretch
The Python Tree (Python Training),Mumbai,https://images.collegedunia.com/public/image/institute/logo_1606553973cropped-LOGO-small.png?h=40&w=40&mode=stretch
Linux World Informatics Pvt Ltd ,Bangalore,https://images.collegedunia.com/public/image/institute/logo_1608789416189941_207522565940130_1560894_n.jpg?h=40&w=40&mode=stretch
Techno Struct Academy ,Hyderabad,https://images.collegedunia.com/public/image/institute/logo_1607783833logo (1).png?h=40&w=40&mode=stretch
LMiit Computer Education ,Kolkata,https://images.collegedunia.com/public/image/institute/logo_1609299902logo.png?h=40&w=40&mode=stretch
SEO Training in Navi Mumbai ,Navi Mumbai,https://images.collegedunia.com/public/image/institute/logo_1609518830Logo (8).jpg?h=40&w=40&mode=stretch
Technobotics ,Mumbai,https://images.collegedunia.com/public/image/institute/logo_1609574449l.png?h=40&w=40&mode=stretch
VG Learning ,Mumbai,https://images.collegedunia.com/public/image/institute/logo_1628507569Logo.jpg?h=40&w=40&mode=stretch
JK Shah Classes ,Mumbai,https://images.collegedunia.com/public/image/institute/logo_1623848860logo.jpg?h=40&w=40&mode=stretch
Gnanadhare IAS KAS academy ,Bangalore,https://images.collegedunia.com/public/image/institute/logo_1610712011Gnanadhare IAS KAS academy LOGO1.jpg?h=40&w=40&mode=stretch
KKAR Technologies Pvt. Ltd. ,Bangalore,https://images.collegedunia.com/public/image/institute/logo_1611128682l.jpg?h=40&w=40&mode=stretch
Brilliant Career Institute ,Jaipur,https://images.collegedunia.com/public/image/institute/logo_1611234009Logo.jpg?h=40&w=40&mode=stretch
Camellia College of Competitive Exams ,Kolkata,https://images.collegedunia.com/public/image/institute/logo_1612331958logo-cg1 (1).gif?h=40&w=40&mode=stretch
Khateeb Engineering Classes ,Mumbai,https://images.collegedunia.com/public/image/institute/logo_1612503823logo (3).png?h=40&w=40&mode=stretch
Vision Infinity Ltd. ,Bhopal,https://images.collegedunia.com/public/image/institute/logo_1612514842vilogog2.png?h=40&w=40&mode=stretch
Bilingual Academy ,Kolkata,https://images.collegedunia.com/public/image/institute/logo_1612850805ba_logo.jpg?h=40&w=40&mode=stretch
Brainy Brats ,Mumbai,https://images.collegedunia.com/public/image/institute/logo_1612858111brainy-brats-logo.jpg?h=40&w=40&mode=stretch
ITFunda ,Hyderabad,https://images.collegedunia.com/public/image/institute/logo_1612952522itfunda_logo.png?h=40&w=40&mode=stretch
INSTITUTE OF BAKERY and PASTRY ARTS - IBPA ,New Delhi,https://images.collegedunia.com/public/image/institute/logo_1613216068IB1.png?h=40&w=40&mode=stretch
Camellia College of Competitive Exams ,Kolkata,https://images.collegedunia.com/public/image/institute/logo_1613809520logo.gif?h=40&w=40&mode=stretch
AKRA Education ,Kolkata,https://images.collegedunia.com/public/image/institute/logo_1613843390Logo.jpg?h=40&w=40&mode=stretch
CADD Centre Thane ,Thane,https://images.collegedunia.com/public/image/institute/logo_1618236350CADD Centre  logo.png?h=40&w=40&mode=stretch
Visa Master ,Bangalore,https://images.collegedunia.com/public/image/institute/logo_1614681014Screenshot_20210302-154515_2.png?h=40&w=40&mode=stretch
Jupiter Classes And Home Tuition (Computer Science and Information Technology),Jaipur,https://images.collegedunia.com/public/image/institute/logo_1614756486LOGO (9).png?h=40&w=40&mode=stretch
Vpj Classes ,New Delhi,https://images.collegedunia.com/public/image/institute/logo_1614840167Logo.png?h=40&w=40&mode=stretch
Aarnell Education and Training Services Pvt. Ltd. ,Pune,https://images.collegedunia.com/public/image/institute/logo_1651486411Aarnell Logo TP.png?h=40&w=40&mode=stretch
Gandhi Institute of Management&Technology ,Kolkata,https://images.collegedunia.com/public/image/institute/logo_1614961576Gandhi Institute of Management_Technology LOGO.png?h=40&w=40&mode=stretch
Academy of ENGiNEER ,Noida,https://images.collegedunia.com/public/image/institute/logo_1615114297a3.PNG?h=40&w=40&mode=stretch
Best Cyber Security Training Institute ,Gurgaon,https://images.collegedunia.com/public/image/institute/logo_1615632651logo.JPG?h=40&w=40&mode=stretch
ACESYS ,Mumbai,https://images.collegedunia.com/public/image/institute/logo_1615740749Acesys logo.jpg?h=40&w=40&mode=stretch
Indo Sino Bridge ,Mumbai,https://images.collegedunia.com/public/image/institute/logo_1615977408Indo Sino Bridge (ISB) Opera House LOGO.jpg?h=40&w=40&mode=stretch
Reliance Aims ,New Delhi,https://images.collegedunia.com/public/image/institute/logo_1616823760logo.jpg?h=40&w=40&mode=stretch
Tara Institute Andheri ,Mumbai,https://images.collegedunia.com/public/image/institute/logo_1617117107logo.jpg?h=40&w=40&mode=stretch
TechnoStruct Academy ,Hyderabad,https://images.collegedunia.com/public/image/institute/logo_1617244234logo.png?h=40&w=40&mode=stretch
Wheelseye Technology India Private Limited ,Gurgaon,https://images.collegedunia.com/public/image/institute/logo_1617256606unnamed.jpg?h=40&w=40&mode=stretch
Sri Chaitanya EAMCET Coaching Center ,Hyderabad,https://images.collegedunia.com/public/image/institute/logo_1617642694LOGO (20).JPG?h=40&w=40&mode=stretch
Dr. Lakshmaiah IAS Study Circle ,Hyderabad,https://images.collegedunia.com/public/image/institute/logo_1617817504logo.jpg?h=40&w=40&mode=stretch
Pooja Infotech ,Mumbai,https://images.collegedunia.com/public/image/institute/logo_161807633311283_690009014406695_1328472048674153677_n.jpg?h=40&w=40&mode=stretch
Wisen IT Solutions (JAVA Training),Chennai,https://images.collegedunia.com/public/image/institute/logo_161814364142458909_1273326529475671_3431811343475277824_o.jpg?h=40&w=40&mode=stretch
MS in Germany ,Hyderabad,https://images.collegedunia.com/public/image/institute/logo_1619016694logo.png?h=40&w=40&mode=stretch
Arrowsol Technologies ,Hyderabad,https://images.collegedunia.com/public/image/institute/logo_1619202827logo.jpeg?h=40&w=40&mode=stretch
KKAR Technologies Pvt. Ltd. ,Bangalore,https://images.collegedunia.com/public/image/institute/logo_1619377439Logo.jpeg?h=40&w=40&mode=stretch
Cuion Technologies ,Bangalore,https://images.collegedunia.com/public/image/institute/logo_1619635786AnyConv.com__LOGO.jpg?h=40&w=40&mode=stretch
Universal Overseas Consultants ,Hyderabad,https://images.collegedunia.com/public/image/institute/logo_1619786796logo.jpg?h=40&w=40&mode=stretch
Indian Institute of Export Mangement ,Bangalore,https://images.collegedunia.com/public/image/institute/logo_1620225357logo7.jpg?h=40&w=40&mode=stretch
Virtual Infocom ,Kolkata,https://images.collegedunia.com/public/image/institute/logo_1620561302Virtual Infocom Logo.jpg?h=40&w=40&mode=stretch
M K International ,New Delhi,https://images.collegedunia.com/public/image/institute/logo_1620622632MK Logo.jpg?h=40&w=40&mode=stretch
Rus Education ,New Delhi,https://images.collegedunia.com/public/image/institute/logo_1634900757Logo.jpg?h=40&w=40&mode=stretch
Baluni Classes ,Dehradun,https://images.collegedunia.com/public/image/institute/logo_1685690413b logo.png?h=40&w=40&mode=stretch
New India Assurance Company Ltd ,Mumbai,https://images.collegedunia.com/public/image/institute/logo_1618766352logo.JPG?h=40&w=40&mode=stretch
Chanakya IAS Academy ,New Delhi,https://images.collegedunia.com/public/image/institute/logo_1592565631chankya logo.png?h=40&w=40&mode=stretch
KD Campus (SSC),Hisar,https://images.collegedunia.com/public/image/institute/logo_1592997439download (1).png?h=40&w=40&mode=stretch
Y-Axis ,Bangalore,https://images.collegedunia.com/public/image/institute/logo_1593242279y.png?h=40&w=40&mode=stretch
Atlanta Group Of Institutions (NEET),Bangalore,https://images.collegedunia.com/public/image/institute/logo_1596600029Pu NEET Logo New.jpg?h=40&w=40&mode=stretch
Techavera Solutions Pvt Ltd ,Noida,https://images.collegedunia.com/public/image/institute/logo_1604662303logo.jpg?h=40&w=40&mode=stretch
Jiva Ayurveda ,Mumbai,https://images.collegedunia.com/public/image/institute/logo_1605885767Logo.jpg?h=40&w=40&mode=stretch
Apzle Infotech ,New Delhi,https://images.collegedunia.com/public/image/institute/logo_1606128658Logo.jpg?h=40&w=40&mode=stretch
Online Training From India (JAVA Training),Hyderabad,https://images.collegedunia.com/public/image/institute/logo_1606906918Capture.PNG?h=40&w=40&mode=stretch
Techvibz ,Bangalore,https://images.collegedunia.com/public/image/institute/logo_1607172671TechVibz_Final-Compressed_gfz5nq.png?h=40&w=40&mode=stretch
EDULIFE INDIA ,Bangalore,https://images.collegedunia.com/public/image/institute/logo_1615548709Edulife India LOGO.png?h=40&w=40&mode=stretch
Arizona Infotech ,Pune,https://images.collegedunia.com/public/image/institute/logo_1607681318download.jpg?h=40&w=40&mode=stretch
VedLabs ,Bangalore,https://images.collegedunia.com/public/image/institute/logo_1607785571download.jpg?h=40&w=40&mode=stretch
Digital Marketing Trainer ,Hyderabad,https://images.collegedunia.com/public/image/institute/logo_1608402423logo-1.png?h=40&w=40&mode=stretch
CGS Coaching ,New Delhi,https://images.collegedunia.com/public/image/institute/logo_1608804162CGS Logo.png?h=40&w=40&mode=stretch
Web Infomatrix Pvt Ltd ,New Delhi,https://images.collegedunia.com/public/image/institute/logo_160982274111.png?h=40&w=40&mode=stretch
Dimensional Academy of Engineering ,Chennai,https://images.collegedunia.com/public/image/institute/logo_1610622749Dimensional -Logo.jpg?h=40&w=40&mode=stretch
ASTUTE Academy ,Mumbai,https://images.collegedunia.com/public/image/institute/logo_1611054716Logo.jpg?h=40&w=40&mode=stretch
BANSAL LEARNING PRIVATE LIMITED ,New Delhi,https://images.collegedunia.com/public/image/institute/logo_1611401320AnyConv.com__logo.jpg?h=40&w=40&mode=stretch
Royale IAS Academy ,Mumbai,https://images.collegedunia.com/public/image/institute/logo_1612677133LOGO (29).jpg?h=40&w=40&mode=stretch
BASE - Rajajinagar ,Bangalore,https://images.collegedunia.com/public/image/institute/logo_1613717364logo5.png?h=40&w=40&mode=stretch
The Personality School ,Mumbai,https://images.collegedunia.com/public/image/institute/logo_1614585007LOGO.PNG?h=40&w=40&mode=stretch
Visas9.com ,Bangalore,https://images.collegedunia.com/public/image/institute/logo_1634983464Logo.jpg?h=40&w=40&mode=stretch
SURABHI COLLEGE OF ENGINEERING AND TECHNOLOGY ,Bhopal,https://images.collegedunia.com/public/image/institute/logo_1614968274Logo.png?h=40&w=40&mode=stretch
Venthan All Pass Tutorial ,Chennai,https://images.collegedunia.com/public/image/institute/logo_1615349634logo.png?h=40&w=40&mode=stretch
AKD Institute of Media Science and Technology ,Kolkata,https://images.collegedunia.com/public/image/institute/logo_1616131679LOGO.jpg?h=40&w=40&mode=stretch
Deshwal Education ,Jaipur,https://images.collegedunia.com/public/image/institute/logo_1616385290deshwal_logo.JPG?h=40&w=40&mode=stretch
Toppers Civils Academy ,Hyderabad,https://images.collegedunia.com/public/image/institute/logo_1616941741logo.jpg?h=40&w=40&mode=stretch
Ekya School ITPL ,Bangalore,https://images.collegedunia.com/public/image/institute/logo_1616948556logo.JPG?h=40&w=40&mode=stretch
Sri Ram Tutorials ,Bangalore,https://images.collegedunia.com/public/image/institute/logo_1617629230Sri Ram Tutorials LOGO.png?h=40&w=40&mode=stretch
Zivanta Analytics ,Kolkata,https://images.collegedunia.com/public/image/institute/logo_1617636782Logo.png?h=40&w=40&mode=stretch
Tree House Ballygunge ,Kolkata,https://images.collegedunia.com/public/image/institute/logo_1617874380Treehouseplaygroup logo.png?h=40&w=40&mode=stretch
Learn Japanese Language - Akal Japanese Academy (JAPANESE LANGUAGE),New Delhi,https://images.collegedunia.com/public/image/institute/logo_1618298395logo (1).png?h=40&w=40&mode=stretch
Chinar Education Private Limited ,New Delhi,https://images.collegedunia.com/public/image/institute/logo_1618579278Logo.jpg?h=40&w=40&mode=stretch
Confidence IAS Academy ,Thiruvananthapuram,https://images.collegedunia.com/public/image/institute/logo_1618639262images (26).jpeg?h=40&w=40&mode=stretch
Zivanta Analytics ,Kolkata,https://images.collegedunia.com/public/image/institute/logo_1618747481Logo.png?h=40&w=40&mode=stretch
THE PUC ACADEMY ,Bangalore,https://images.collegedunia.com/public/image/institute/logo_1619378490logo.JPG?h=40&w=40&mode=stretch
Texceed Technologies ,Thane,https://images.collegedunia.com/public/image/institute/logo_1620470781Logo (43).jpg?h=40&w=40&mode=stretch
British Council ,Mumbai,https://images.collegedunia.com/public/image/institute/logo_1667286817british counsil logo.png?h=40&w=40&mode=stretch
Target IITJEE-PMT Classes ,New Delhi,https://images.collegedunia.com/public/image/institute/logo_1689670471logoa.png?h=40&w=40&mode=stretch
PACE ,Bokaro,https://images.collegedunia.com/public/image/institute/logo_1696940439logo.png?h=40&w=40&mode=stretch
Sri Chaitanya ,Eluru,https://images.collegedunia.com/public/image/institute/logo_1700827309logo.jpg?h=40&w=40&mode=stretch
VIP International Training Institute (IELTS),Chennai,https://images.collegedunia.com/public/image/institute/logo_1600782396freesnippingtool.com_capture_20200922191523.png?h=40&w=40&mode=stretch
Radiant TCO ,Bangalore,https://images.collegedunia.com/public/image/institute/logo_1605557782logo.jpg?h=40&w=40&mode=stretch
Institute of Advance Network Technology (php training),Chennai,https://images.collegedunia.com/public/image/institute/logo_1606978701Capture.PNG?h=40&w=40&mode=stretch
IIJT Professional training Centre ,New Delhi,https://images.collegedunia.com/public/image/institute/logo_1607771036iijt logo.jpg?h=40&w=40&mode=stretch
Extensive Ideas ,Kolkata,https://images.collegedunia.com/public/image/institute/logo_1608802754Logo.png?h=40&w=40&mode=stretch
Mantra Institute ,Bangalore,https://images.collegedunia.com/public/image/institute/logo_1609389997mantra-institute logo.png?h=40&w=40&mode=stretch
Tally Academy ,Kolkata,https://images.collegedunia.com/public/image/institute/logo_1609707044logo2 (1).png?h=40&w=40&mode=stretch
Virtualinfocom ,Kolkata,https://images.collegedunia.com/public/image/institute/logo_1610898294Logo.png?h=40&w=40&mode=stretch
NIC Institute ,New Delhi,https://images.collegedunia.com/public/image/institute/logo_1610965028logo nic.jpg?h=40&w=40&mode=stretch
Avon Academy ,Mumbai,https://images.collegedunia.com/public/image/institute/logo_1611301730logo-avon.jpg?h=40&w=40&mode=stretch
EduBridge Learning Pvt. Ltd. ,Mumbai,https://images.collegedunia.com/public/image/institute/logo_1612243921logo (12).png?h=40&w=40&mode=stretch
N P Academy ,Pune,https://images.collegedunia.com/public/image/institute/logo_1612974819LOGO.jpg?h=40&w=40&mode=stretch
Merit Institute (Banking),Hyderabad,https://images.collegedunia.com/public/image/institute/logo_1613575824logo (1) (1).png?h=40&w=40&mode=stretch
Engineers Pride ,Jaipur,https://images.collegedunia.com/public/image/institute/logo_1613733008logo3.jpg?h=40&w=40&mode=stretch
Institute for Civil Service Aspirants ,Kolkata,https://images.collegedunia.com/public/image/institute/logo_1613971618logo (3) (2).png?h=40&w=40&mode=stretch
Velammal IIT & NEET Academy ,Chennai,https://images.collegedunia.com/public/image/institute/logo_1614091560Logo.jpg?h=40&w=40&mode=stretch
Ranker's Classes ,New Delhi,https://images.collegedunia.com/public/image/institute/logo_1614261111LOGO.JPG?h=40&w=40&mode=stretch
Smartmove2 Canada ,Mumbai,https://images.collegedunia.com/public/image/institute/logo_1614657889Logo.png?h=40&w=40&mode=stretch
Marrow (NH Pvt Ltd) ,Bangalore,https://images.collegedunia.com/public/image/institute/logo_1614951272LOGO.png?h=40&w=40&mode=stretch
IgniteMindz ,Chennai,https://images.collegedunia.com/public/image/institute/logo_1615882249LOGO.jpeg?h=40&w=40&mode=stretch
IgniteMindZ ,Chennai,https://images.collegedunia.com/public/image/institute/logo_1615901696LOGO.PNG?h=40&w=40&mode=stretch
JMD Tutor ,New Delhi,"https://images.collegedunia.com/public/image/institute/logo_1615902701Computer tutor,MCA,BCA,12,10th,C,C++,BBA,DBMS,DOEACC,0-level,A-level,B-level LOGO.png?h=40&w=40&mode=stretch"
Career Matrix ,New Delhi,https://images.collegedunia.com/public/image/institute/logo_1617542434logo.jpg?h=40&w=40&mode=stretch
GMAT Mantra ,Gurgaon,https://images.collegedunia.com/public/image/institute/logo_1617725337GMAT Mantra Logo.jpg?h=40&w=40&mode=stretch
Edusol Institute of Science and Mathematics ,Chennai,https://images.collegedunia.com/public/image/institute/logo_1617948953Logo.jpg?h=40&w=40&mode=stretch
Varun Dhaka Institute of Technology ,New Delhi,https://images.collegedunia.com/public/image/institute/logo_1618123915logo (5).jpg?h=40&w=40&mode=stretch
India China Chamber of Commerce & Industry ,Mumbai,https://images.collegedunia.com/public/image/institute/logo_1618166389iccci Logo.jpg?h=40&w=40&mode=stretch
Trump and Gates Coaching ,New Delhi,https://images.collegedunia.com/public/image/institute/logo_1618914840Logo.jpg?h=40&w=40&mode=stretch
Ace Tutorials ,Mumbai,https://images.collegedunia.com/public/image/institute/logo_1619243217logo.png?h=40&w=40&mode=stretch
GMAT Mantra ,New Delhi,https://images.collegedunia.com/public/image/institute/logo_1619271089Logo.png?h=40&w=40&mode=stretch
Infant Jesus Educational Consultants ,Secunderabad,https://images.collegedunia.com/public/image/institute/logo_1619767244COVER.jpg?h=40&w=40&mode=stretch
Professors Academy ,Thrissur,https://images.collegedunia.com/public/image/institute/logo_1620730308Logo.png?h=40&w=40&mode=stretch
ASSAYER ,Noida,https://images.collegedunia.com/public/image/institute/logo_1620737031assayer Logo.png?h=40&w=40&mode=stretch
Zephyr Entrance coaching ,Thiruvananthapuram,https://images.collegedunia.com/public/image/institute/logo_1686650090z1.jpg?h=40&w=40&mode=stretch
LEAP GEEBEE EDUCATION ,New Delhi,https://images.collegedunia.com/public/image/institute/logo_17030660243e6efb70-f543-447f-bba3-eb7602ffa086.jpg?h=40&w=40&mode=stretch
Delhi Institute of Digital Marketing ,New Delhi,https://images.collegedunia.com/public/image/institute/logo_1614439430didm-logo-reg.png?h=40&w=40&mode=stretch
Education First Classes ,Bangalore,https://images.collegedunia.com/public/image/institute/logo_1593160255ef.png?h=40&w=40&mode=stretch
Ideal Classes Education (Board Exam),Mumbai,https://images.collegedunia.com/public/image/institute/logo_1598010072id logo.png?h=40&w=40&mode=stretch
Chetan Malik Classes ,New Delhi,https://images.collegedunia.com/public/image/institute/logo_1598879486logo_new.png?h=40&w=40&mode=stretch
Real Time Experts ,Bangalore,https://images.collegedunia.com/public/image/institute/logo_1601860509download.jpg?h=40&w=40&mode=stretch
SLZinfotech Pvt. Ltd. ,Pune,https://images.collegedunia.com/public/image/institute/logo_16052027141.PNG?h=40&w=40&mode=stretch
Extramarks Smart Coaching Centre ,Jaipur,https://images.collegedunia.com/public/image/institute/logo_1623332156logo-extramarks.png?h=40&w=40&mode=stretch
CADD CENTRE ,Bangalore,https://images.collegedunia.com/public/image/institute/logo_1607857749logo1.png?h=40&w=40&mode=stretch
NCP Technologies ,Kolkata,https://images.collegedunia.com/public/image/institute/logo_1609302318logo.jpg?h=40&w=40&mode=stretch
Vijatiya Training Solutions LLP ,Bangalore,https://images.collegedunia.com/public/image/institute/logo_1609596550logo.png?h=40&w=40&mode=stretch
slz infotech ,Pune,https://images.collegedunia.com/public/image/institute/logo_1611130558slz training_logo.JPG?h=40&w=40&mode=stretch
The Digital Education ,New Delhi,https://images.collegedunia.com/public/image/institute/logo_1612271775logo.png?h=40&w=40&mode=stretch
PHP2Ranjan ,Hyderabad,https://images.collegedunia.com/public/image/institute/logo_1612863429php2rajan_logo.png?h=40&w=40&mode=stretch
Guru Tegh Bahadur Polytechnic Institute ,New Delhi,https://images.collegedunia.com/public/image/institute/logo_1614417786logo-gtpbi-3.png?h=40&w=40&mode=stretch
Next World Immigration ,New Delhi,https://images.collegedunia.com/public/image/institute/logo_16146648038770_306590679446144_1111271958_n.jpg?h=40&w=40&mode=stretch
Skill Pro Immigration Consultants ,Kolkata,https://images.collegedunia.com/public/image/institute/logo_1614762056logo (2).png?h=40&w=40&mode=stretch
Guru Tegh Bahadur Polytechnic Institute ,New Delhi,https://images.collegedunia.com/public/image/institute/logo_1616306980Logo.png?h=40&w=40&mode=stretch
Excellent Home Tuitions ,Hyderabad,https://images.collegedunia.com/public/image/institute/logo_1617292407logo.JPG?h=40&w=40&mode=stretch
Sky Education (Education consultants),New Delhi,https://images.collegedunia.com/public/image/institute/logo_1619383237Logo.jpg?h=40&w=40&mode=stretch
Al- Miraaz International ,Chennai,https://images.collegedunia.com/public/image/institute/logo_1619599939LOGO.JPG?h=40&w=40&mode=stretch
K Singh Vision Classes ,Patna,https://images.collegedunia.com/public/image/institute/logo_1687154709v1.jpg?h=40&w=40&mode=stretch
Sri Chaitanya Marathahalli ,Bangalore,https://images.collegedunia.com/public/image/institute/logo_1700810469logo.jpg?h=40&w=40&mode=stretch
"Kautilya career catalyst ( CTET, UPSC COACHING) (CTET)",Hyderabad,https://images.collegedunia.com/public/image/institute/logo_1597776375kautilya logo.png?h=40&w=40&mode=stretch
Sambhav Academy ,Jaipur,https://images.collegedunia.com/public/image/institute/logo_1597852176sambhav logo.png?h=40&w=40&mode=stretch
Altitude Classes ,Hyderabad,https://images.collegedunia.com/public/image/institute/logo_1611132513Logo.jpg?h=40&w=40&mode=stretch
Mentor Classes ,Jaipur,https://images.collegedunia.com/public/image/institute/logo_1611238186Logo.jpg?h=40&w=40&mode=stretch
C-Cat ,Chennai,https://images.collegedunia.com/public/image/institute/logo_1612005871logo.png?h=40&w=40&mode=stretch
Kangaroo Wings Digital Marketing Institute ,New Delhi,https://images.collegedunia.com/public/image/institute/logo_1612367794logo.png?h=40&w=40&mode=stretch
SRI VIVEKANANDA INSTITUTE ,Hyderabad,https://images.collegedunia.com/public/image/institute/logo_1612978778LOGO.png?h=40&w=40&mode=stretch
Welcome Technical Institute ,Chennai,https://images.collegedunia.com/public/image/institute/logo_1613649462LOGO (10).png?h=40&w=40&mode=stretch
C Cat ,Chennai,https://images.collegedunia.com/public/image/institute/logo_1614237089LOGO.png?h=40&w=40&mode=stretch
Netexperts India ,New Delhi,https://images.collegedunia.com/public/image/institute/logo_1614400905gooo.jpg?h=40&w=40&mode=stretch
Easy Classes (Banking),New Delhi,https://images.collegedunia.com/public/image/institute/logo_1617122919logo (2).jpg?h=40&w=40&mode=stretch
Velammal Bodhi Campus ,Pandalur,https://images.collegedunia.com/public/image/institute/logo_1617342816logo.JPG?h=40&w=40&mode=stretch
Visa House ,New Delhi,https://images.collegedunia.com/public/image/institute/logo_1617457813LOGO.JPG?h=40&w=40&mode=stretch
Velammal Bodhi Campus ,Ponneri,https://images.collegedunia.com/public/image/institute/logo_1618468733VBC Logo.jpg?h=40&w=40&mode=stretch
Niral Business Institute ,Mumbai,https://images.collegedunia.com/public/image/institute/logo_1620803524Logo.jpg?h=40&w=40&mode=stretch
Agarwal Classes ,Mumbai,https://images.collegedunia.com/public/image/institute/logo_1690437530333.png?h=40&w=40&mode=stretch
Cloud net inspire your life ,Kolkata,https://images.collegedunia.com/public/image/institute/logo_1612522136logo-new.png?h=40&w=40&mode=stretch
Ratiram Academy of Higher Education (RAHE) ,New Delhi,https://images.collegedunia.com/public/image/institute/logo_1598655718rahe logo.jpg?h=40&w=40&mode=stretch
Locus Academy (SSC COACHING) (SSC),New Delhi,https://images.collegedunia.com/public/image/institute/logo_1598639625download (5).jpg?h=40&w=40&mode=stretch
TechTrunk Ventures ,Hyderabad,https://images.collegedunia.com/public/image/institute/logo_1602420204tlogo.png?h=40&w=40&mode=stretch
Durga Software Solutions ,Ameerpet,https://images.collegedunia.com/public/image/institute/logo_1603344302s1600-w1600-3157-1024x576.jpeg?h=40&w=40&mode=stretch
TexCode Solution ,Pune,https://images.collegedunia.com/public/image/institute/logo_1605455286download.png?h=40&w=40&mode=stretch
SIJO INFOTECH ,Hyderabad,https://images.collegedunia.com/public/image/institute/logo_1606223709images (2).jpg?h=40&w=40&mode=stretch
TECHPRO TECHNOLOGIES ,Bangalore,https://images.collegedunia.com/public/image/institute/logo_1606278345logo-1.jpg?h=40&w=40&mode=stretch
Sijo Infotech ,Hyderabad,https://images.collegedunia.com/public/image/institute/logo_1608799979Sijo-Computer-Courses-Software-Training-Centre-logo.png?h=40&w=40&mode=stretch
Excel Next ,Mumbai,https://images.collegedunia.com/public/image/institute/logo_1608280951ExcelNextLogo.png?h=40&w=40&mode=stretch
Dyce Technologies ,Hyderabad,https://images.collegedunia.com/public/image/institute/logo_1608958210DYCE_TECHNOLOGIES_LOGO.JPG?h=40&w=40&mode=stretch
EMBEDDED GYAN TECHNOLOGIES ,Bangalore,https://images.collegedunia.com/public/image/institute/logo_1610265707download (1).jpg?h=40&w=40&mode=stretch
Orion edutech ,Kolkata,https://images.collegedunia.com/public/image/institute/logo_1610526609logo orion.png?h=40&w=40&mode=stretch
Delhi Career Group ,Jaipur,https://images.collegedunia.com/public/image/institute/logo_1610716686delhi-career-group-logo.png?h=40&w=40&mode=stretch
rudri pictures ,Mumbai,https://images.collegedunia.com/public/image/institute/logo_1610720436rudri_logo.jpg?h=40&w=40&mode=stretch
Logic Academy (GMAT),New Delhi,https://images.collegedunia.com/public/image/institute/logo_1611039287logo.png?h=40&w=40&mode=stretch
MPCC Computer Centre ,Kolkata,https://images.collegedunia.com/public/image/institute/logo_1616590509LOGO.jpg?h=40&w=40&mode=stretch
Career Makers Academy ,New Delhi,https://images.collegedunia.com/public/image/institute/logo_1611313561CMA Logo.jpg?h=40&w=40&mode=stretch
Commerce Coaching Center ,Noida,https://images.collegedunia.com/public/image/institute/logo_1611316759Commerce Coaching Center noida LOGO.png?h=40&w=40&mode=stretch
Bsc Nursing Jenpauh Jenparh Coaching ,Kolkata,https://images.collegedunia.com/public/image/institute/logo_1611406873LOGO.jpg?h=40&w=40&mode=stretch
Royal Classes ,Mumbai,https://images.collegedunia.com/public/image/institute/logo_1611673877logo.png?h=40&w=40&mode=stretch
BSc Maths Coaching Class ,Kolkata,https://images.collegedunia.com/public/image/institute/logo_1611826866BSc-Maths-Coaching.jpg?h=40&w=40&mode=stretch
PHP Training in Chennai ,Chennai,https://images.collegedunia.com/public/image/institute/logo_1611844839LOGO.png?h=40&w=40&mode=stretch
Aptech - English Express ,Bangalore,https://images.collegedunia.com/public/image/institute/logo_1611929320aptech_logo.png?h=40&w=40&mode=stretch
International English Academy ,Bangalore,https://images.collegedunia.com/public/image/institute/logo_1611986965international english academy_logo.JPG?h=40&w=40&mode=stretch
WebTek Digital Marketing Institute ,Kolkata,https://images.collegedunia.com/public/image/institute/logo_1612024773cropped-Webtek-Digital-big-logo.png?h=40&w=40&mode=stretch
Valmiki Foreign Education Services ,Bangalore,https://images.collegedunia.com/public/image/institute/logo_1612278266logo.png?h=40&w=40&mode=stretch
Techelium Info Systems Pvt Ltd ,Bangalore,https://images.collegedunia.com/public/image/institute/logo_1612318601logo.png?h=40&w=40&mode=stretch
Campus UK Study Abroad ,Chennai,https://images.collegedunia.com/public/image/institute/logo_1612512606logo (18).png?h=40&w=40&mode=stretch
One Hour Translation ,New Delhi,https://images.collegedunia.com/public/image/institute/logo_1612696155logo.png?h=40&w=40&mode=stretch
St.Angelo's Computer Education ,Mumbai,https://images.collegedunia.com/public/image/institute/logo_1612978984LOGO (35).jpg?h=40&w=40&mode=stretch
Prithvi Academy ,Pune,https://images.collegedunia.com/public/image/institute/logo_1635086803Logo.jpg?h=40&w=40&mode=stretch
ITAdvanceGuru ,Bangalore,https://images.collegedunia.com/public/image/institute/logo_1613624917LOGO.jpg?h=40&w=40&mode=stretch
Jagriti Classes ,Jaipur,https://images.collegedunia.com/public/image/institute/logo_1613652443logo.jpg?h=40&w=40&mode=stretch
Intranet Computer Institute ,Mumbai,https://images.collegedunia.com/public/image/institute/logo_1614223725logo (2).png?h=40&w=40&mode=stretch
CA Purushottam Sir ,New Delhi,https://images.collegedunia.com/public/image/institute/logo_1614338054Logo.jpg?h=40&w=40&mode=stretch
Kshitize Balaji Classes ,Kolkata,https://images.collegedunia.com/public/image/institute/logo_1614342161LOGO.jpg?h=40&w=40&mode=stretch
IPT Excel School ,New Delhi,https://images.collegedunia.com/public/image/institute/logo_1614352734Logo.jpg?h=40&w=40&mode=stretch
Indian Institute of Medical Transcription ,Mumbai,https://images.collegedunia.com/public/image/institute/logo_1614432790download (2).jpg?h=40&w=40&mode=stretch
BSC Academy Bhopal ,Bhopal,https://images.collegedunia.com/public/image/institute/logo_1614439253Screenshot 2021-02-13 212634.png?h=40&w=40&mode=stretch
iTask Technologies ,Hyderabad,https://images.collegedunia.com/public/image/institute/logo_1614853774Logo.png?h=40&w=40&mode=stretch
Java Training Institute ,Mumbai,https://images.collegedunia.com/public/image/institute/logo_1614856725LOGO.PNG?h=40&w=40&mode=stretch
Galagali Multimedia ,Thane,https://images.collegedunia.com/public/image/institute/logo_1614870368Logo (12).PNG?h=40&w=40&mode=stretch
Soft Solution New Delhi ,New Delhi,https://images.collegedunia.com/public/image/institute/logo_1614958595Logo (10).jpg?h=40&w=40&mode=stretch
BEST IELTS COACHING (Study Abroad),Mumbai,https://images.collegedunia.com/public/image/institute/logo_1615138707LOGO (24).png?h=40&w=40&mode=stretch
The Maths Mastery ,New Delhi,https://images.collegedunia.com/public/image/institute/logo_1615144230m1.png?h=40&w=40&mode=stretch
Avimantra IT Academy ,Pune,https://images.collegedunia.com/public/image/institute/logo_1615360371Logo.png?h=40&w=40&mode=stretch
IPT Excel Training ,New Delhi,https://images.collegedunia.com/public/image/institute/logo_1615381357Logo.jpg?h=40&w=40&mode=stretch
Bureau Of Overseas Studies ,,https://images.collegedunia.com/public/image/institute/logo_1615389701Bureau Of Overseas Studies logo.png?h=40&w=40&mode=stretch
CA Purushottam Sir ,New Delhi,https://images.collegedunia.com/public/image/institute/logo_1615442943Logo.jpg?h=40&w=40&mode=stretch
Vibaava Academy ,Chennai,https://images.collegedunia.com/public/image/institute/logo_1615549990center143978867610093.png?h=40&w=40&mode=stretch
Robosapiens India ,Noida,https://images.collegedunia.com/public/image/institute/logo_1615798169logoo.JPG?h=40&w=40&mode=stretch
CAFE MS Office ,New Delhi,https://images.collegedunia.com/public/image/institute/logo_1615974870logo.png?h=40&w=40&mode=stretch
Microsoft Training Institute ,Chennai,https://images.collegedunia.com/public/image/institute/logo_1616061358ITBMS-LOGO.jpg?h=40&w=40&mode=stretch
Tecmax ,Bangalore,https://images.collegedunia.com/public/image/institute/logo_1616122024Tecmax- Logo.png?h=40&w=40&mode=stretch
The Wave Classes ,Mumbai,https://images.collegedunia.com/public/image/institute/logo_1616167411LOGO (26).jpg?h=40&w=40&mode=stretch
Bodhee Academy Of Sciences ,Pune,https://images.collegedunia.com/public/image/institute/logo_1616310971LOGO (32).jpg?h=40&w=40&mode=stretch
SCIMS Academy LLP ,Bangalore,https://images.collegedunia.com/public/image/institute/logo_1616311898LOGO (58).png?h=40&w=40&mode=stretch
KRISHNA SAI BANKING ACADEMY ,Hyderabad,https://images.collegedunia.com/public/image/institute/logo_1616930648logo.png?h=40&w=40&mode=stretch
Techpro Technologies ,Bangalore,https://images.collegedunia.com/public/image/institute/logo_1617246179logo-1.jpg?h=40&w=40&mode=stretch
Eduzphere ,New Delhi,https://images.collegedunia.com/public/image/institute/logo_1617609814logo.jpg?h=40&w=40&mode=stretch
The CFP Aspirant Club India ,Mumbai,https://images.collegedunia.com/public/image/institute/logo_1618416615images (9).jpeg?h=40&w=40&mode=stretch
Evan Multimedia ,Noida,https://images.collegedunia.com/public/image/institute/logo_1618582489logo.png?h=40&w=40&mode=stretch
Bodkes Classes ,Mumbai,https://images.collegedunia.com/public/image/institute/logo_1618576448Logo (48).PNG?h=40&w=40&mode=stretch
Women's Montessori Teacher Training College ,Kolkata,https://images.collegedunia.com/public/image/institute/logo_1618643789logo (5).png?h=40&w=40&mode=stretch
IHT Computers Hardware and Networking institute ,New Delhi,https://images.collegedunia.com/public/image/institute/logo_1619204601logo.jpg?h=40&w=40&mode=stretch
VIVO Healthcare (Social Media Marketing (SMM)),Kolkata,https://images.collegedunia.com/public/image/institute/logo_1619293699LOGO.JPG?h=40&w=40&mode=stretch
Excel VBA Macros Training Center ,Faridabad,https://images.collegedunia.com/public/image/institute/logo_1619374794Logo.jpeg?h=40&w=40&mode=stretch
ABC Studyv Links Study Abroad Consultant ,Bangalore,https://images.collegedunia.com/public/image/institute/logo_1619552758AnyConv.com__LOGO.jpg?h=40&w=40&mode=stretch
Capt Sehgal ICS Defence Institute ,Kolkata,https://images.collegedunia.com/public/image/institute/logo_1619975981logo.png?h=40&w=40&mode=stretch
