Institutes Names,Institutes Place,Logo Link
Kapoor Coaching Academy ,New Delhi,https://images.collegedunia.com/public/image/institute/logo_161383169664919798_2457399570982050_231430301245505536_n.jpg?h=40&w=40&mode=stretch
Nihonkai Japanese Language Institute ,New Delhi,https://images.collegedunia.com/public/image/institute/logo_1613842770n1.png?h=40&w=40&mode=stretch
IKLAS Trust ,Chennai,https://images.collegedunia.com/public/image/institute/logo_1613846457Logo.jpg?h=40&w=40&mode=stretch
IASBYHEART Academy ,Chennai,https://images.collegedunia.com/public/image/institute/logo_1613847436Logo.jpg?h=40&w=40&mode=stretch
Sgraph Infotech ,Bangalore,https://images.collegedunia.com/public/image/institute/logo_1613886316LOGO-SGRAP (1).jpg?h=40&w=40&mode=stretch
Cavalier India (SSC),Bangalore,https://images.collegedunia.com/public/image/institute/logo_1613888257cropped-cavalier_india_logo.jpg?h=40&w=40&mode=stretch
International College of English Language ,New Delhi,https://images.collegedunia.com/public/image/institute/logo_1613915737s.jpg?h=40&w=40&mode=stretch
Excellent Tutorial ,Kolkata,https://images.collegedunia.com/public/image/institute/logo_1614159690Excellent Tutorial Logo.png?h=40&w=40&mode=stretch
ISA Global ,Noida,https://images.collegedunia.com/public/image/institute/logo_1614156009logo.png?h=40&w=40&mode=stretch
Root Computer Academy ,Kolkata,https://images.collegedunia.com/public/image/institute/logo_1614264246Logo.jpg?h=40&w=40&mode=stretch
Times Coaching (SSC),New Delhi,https://images.collegedunia.com/public/image/institute/logo_1614315816LOGO.jpg?h=40&w=40&mode=stretch
VG Learning Destination ,New Delhi,https://images.collegedunia.com/public/image/institute/logo_1614339253Logo.jpg?h=40&w=40&mode=stretch
INetSolv Technologies ,Hyderabad,https://images.collegedunia.com/public/image/institute/logo_1614340463LOGO.jpg?h=40&w=40&mode=stretch
Maersk Training India Pvt. Ltd. ,Chennai,https://images.collegedunia.com/public/image/institute/logo_1614352410logo.PNG?h=40&w=40&mode=stretch
Linguarena Language Academy ,Hyderabad,https://images.collegedunia.com/public/image/institute/logo_1614530710l1.jpg?h=40&w=40&mode=stretch
Avs Immigration ,New Delhi,https://images.collegedunia.com/public/image/institute/logo_1614706052download.png?h=40&w=40&mode=stretch
Lets Talk academy of Foreign Language ,Pune,https://images.collegedunia.com/public/image/institute/logo_1614749170LOGO.jpg?h=40&w=40&mode=stretch
Choudhary Classes ,Jaipur,https://images.collegedunia.com/public/image/institute/logo_1614765919chadhaury_logo2.JPG?h=40&w=40&mode=stretch
Logic School Of International Studies ,Bangalore,https://images.collegedunia.com/public/image/institute/logo_1614843888LOGO (13).png?h=40&w=40&mode=stretch
Badruka Institute Of Professional Studies ,Hyderabad,https://images.collegedunia.com/public/image/institute/logo_1614847812logo (1).png?h=40&w=40&mode=stretch
NURSING EXPERT'S JAIPUR ,Jaipur,https://images.collegedunia.com/public/image/institute/logo_1614858048LOGO.jpg?h=40&w=40&mode=stretch
NGS Professional Academy ,Hyderabad,https://images.collegedunia.com/public/image/institute/logo_1614915925logo.jpg?h=40&w=40&mode=stretch
Ramanasri Ias Institute ,New Delhi,https://images.collegedunia.com/public/image/institute/logo_1614942478logo.png?h=40&w=40&mode=stretch
Creative Art Academy ,Mumbai,https://images.collegedunia.com/public/image/institute/logo_1614999202logo (22).png?h=40&w=40&mode=stretch
Successedge Academy ,Bangalore,https://images.collegedunia.com/public/image/institute/logo_1615050833LOGO (14).png?h=40&w=40&mode=stretch
Deepak Commerce Classes ,Mumbai,https://images.collegedunia.com/public/image/institute/logo_1615200647logo-white.png?h=40&w=40&mode=stretch
Lakshay 90 Plus Classes ,New Delhi,https://images.collegedunia.com/public/image/institute/logo_1654161756unnamed.webp?h=40&w=40&mode=stretch
The Valley Bootcamp ,Bangalore,https://images.collegedunia.com/public/image/institute/logo_1615211402The Valley Bootcamp LOGO.png?h=40&w=40&mode=stretch
Anu Agrawal Classes ,Mumbai,https://images.collegedunia.com/public/image/institute/logo_1615222304logo-wide.png?h=40&w=40&mode=stretch
Mitcon E-School ,Pune,https://images.collegedunia.com/public/image/institute/logo_1615391006Logo.jpg?h=40&w=40&mode=stretch
Networkers Guru ,Gurgaon,https://images.collegedunia.com/public/image/institute/logo_1615434075Logo.png?h=40&w=40&mode=stretch
Lancet Classes ,Mumbai,https://images.collegedunia.com/public/image/institute/logo_1615441165Lancet Logo.jpg?h=40&w=40&mode=stretch
Career Endeavour IIT-JAM Coaching (IIT JAM),New Delhi,https://images.collegedunia.com/public/image/institute/logo_1615449605LOGO (9).jpg?h=40&w=40&mode=stretch
Daniels Cricket Academy ,Hyderabad,https://images.collegedunia.com/public/image/institute/logo_1615458403Logo.jpg?h=40&w=40&mode=stretch
Pragna Classes LLP (IIT JAM),Chennai,https://images.collegedunia.com/public/image/institute/logo_1615474349LOGO (12).jpg?h=40&w=40&mode=stretch
Strong Basics (IIT JAM),Mumbai,https://images.collegedunia.com/public/image/institute/logo_1615484863LOGO (13).jpg?h=40&w=40&mode=stretch
Bakliwal Tutorials ,Pune,https://images.collegedunia.com/public/image/institute/logo_1615485855LOGO (14).jpg?h=40&w=40&mode=stretch
VISASKART ,New Delhi,https://images.collegedunia.com/public/image/institute/logo_1615536187visacart_logo.JPG?h=40&w=40&mode=stretch
Webchimps Online Training Services ,Mumbai,https://images.collegedunia.com/public/image/institute/logo_1615536719web_logo.JPG?h=40&w=40&mode=stretch
Patanjali IAS Classes ,New Delhi,https://images.collegedunia.com/public/image/institute/logo_1615555667PATANJALI_LOGO.JPG?h=40&w=40&mode=stretch
Spoken English Classes ,Kolkata,https://images.collegedunia.com/public/image/institute/logo_1615569516LOGO (16).jpg?h=40&w=40&mode=stretch
FX School ,Mumbai,https://images.collegedunia.com/public/image/institute/logo_1615630082images (17).jpeg?h=40&w=40&mode=stretch
Amit Bachhawat Training Forum ,Kolkata,https://images.collegedunia.com/public/image/institute/logo_1615633135amit_logo.JPG?h=40&w=40&mode=stretch
JMoon Technologies Private Limited ,New Delhi,https://images.collegedunia.com/public/image/institute/logo_1615635533LOGO.png?h=40&w=40&mode=stretch
CADD SCHOOL (CAD  Training),Chennai,https://images.collegedunia.com/public/image/institute/logo_1615702839LOGO (47).png?h=40&w=40&mode=stretch
Excellent Tutorials Bureau - Home Tuition ,New Delhi,https://images.collegedunia.com/public/image/institute/logo_1615719981LOGO.png?h=40&w=40&mode=stretch
Symbiosis Institute of Business Management ,Bangalore,https://images.collegedunia.com/public/image/institute/logo_1615730173symbiosis_logo.JPG?h=40&w=40&mode=stretch
Friends Tuition Centre ,New Delhi,https://images.collegedunia.com/public/image/institute/logo_1615733647LOGO.png?h=40&w=40&mode=stretch
Ambition Classes ,Bangalore,https://images.collegedunia.com/public/image/institute/logo_1615745496Ambition logo.jpg?h=40&w=40&mode=stretch
BOSE INSTITUTE OF ENGINEERS ,Kolkata,https://images.collegedunia.com/public/image/institute/logo_1615786815bose logo.png?h=40&w=40&mode=stretch
Adept Consultants ,Hyderabad,https://images.collegedunia.com/public/image/institute/logo_1615813824logo_new_hoc.png?h=40&w=40&mode=stretch
Click Perfect - Digital Marketing Institute ,New Delhi,https://images.collegedunia.com/public/image/institute/logo_161582325715871804_938193762981955_4456305367908891814_n.jpg?h=40&w=40&mode=stretch
ASSK Institute ,New Delhi,https://images.collegedunia.com/public/image/institute/logo_1615972618logo.png?h=40&w=40&mode=stretch
Post Production Institute ,New Delhi,https://images.collegedunia.com/public/image/institute/logo_1615981561Post Production Institute LOGO.png?h=40&w=40&mode=stretch
Priyanka Saxena Classes ,New Delhi,https://images.collegedunia.com/public/image/institute/logo_1616078114priyanka_logo.JPG?h=40&w=40&mode=stretch
Nisha Tutorials ,Mumbai,https://images.collegedunia.com/public/image/institute/logo_1616079960AnyConv.com__logo.jpg?h=40&w=40&mode=stretch
Crisp Digital ,Gurgaon,https://images.collegedunia.com/public/image/institute/logo_1616133986logo.png?h=40&w=40&mode=stretch
Tally Training & Autodesk (CADD) Training Centre - Recruitment Firm - eStaarMax Technologies PVT LTD (CAD  Training),Chennai,https://images.collegedunia.com/public/image/institute/logo_1616136610LOGO (52).png?h=40&w=40&mode=stretch
Gyanville Academy ,Hyderabad,https://images.collegedunia.com/public/image/institute/logo_1616173160gyanville logo.png?h=40&w=40&mode=stretch
3Edge Solutions ,Chennai,https://images.collegedunia.com/public/image/institute/logo_16162432733 EDGE_LOGO.JPG?h=40&w=40&mode=stretch
Rao's Tutorial Institute ,Bangalore,https://images.collegedunia.com/public/image/institute/logo_1616259383LOGO (57).png?h=40&w=40&mode=stretch
Moohambikai Maths Tution Centre ,Chennai,https://images.collegedunia.com/public/image/institute/logo_1616260260LOGO (31).jpg?h=40&w=40&mode=stretch
Multisoft Systems ,Noida,https://images.collegedunia.com/public/image/institute/logo_1616300125multisoft_logo.JPG?h=40&w=40&mode=stretch
Tridentechnology ,Noida,https://images.collegedunia.com/public/image/institute/logo_1616312075LOGO.jpg?h=40&w=40&mode=stretch
Inspirus Education ,Mumbai,https://images.collegedunia.com/public/image/institute/logo_1616387054inspirus_logo.JPG?h=40&w=40&mode=stretch
Kalam Academy ,Ranchi,https://images.collegedunia.com/public/image/institute/logo_1625738664Logo.png?h=40&w=40&mode=stretch
Baluja Institute of Technology & Management ,New Delhi,https://images.collegedunia.com/public/image/institute/logo_1616586494logo.jpg?h=40&w=40&mode=stretch
Harshitha Technologies ,Hyderabad,https://images.collegedunia.com/public/image/institute/logo_1616590505LOGO.jpg?h=40&w=40&mode=stretch
AltSense ,Chennai,https://images.collegedunia.com/public/image/institute/logo_1616667381logo (42).PNG?h=40&w=40&mode=stretch
Rangvat Academy ,Chennai,https://images.collegedunia.com/public/image/institute/logo_1616769211logo_copy.png?h=40&w=40&mode=stretch
SpellBee International ,Chennai,https://images.collegedunia.com/public/image/institute/logo_1616780319logo-1.png?h=40&w=40&mode=stretch
St Ann's High School ,Secunderabad,https://images.collegedunia.com/public/image/institute/logo_1616785132images (6).jpeg?h=40&w=40&mode=stretch
Amie Coaching ,Mohali,https://images.collegedunia.com/public/image/institute/logo_1616862946logo.jpg?h=40&w=40&mode=stretch
Dreams IAS Study Circle ,Hyderabad,https://images.collegedunia.com/public/image/institute/logo_1616864713logo.png?h=40&w=40&mode=stretch
Kapoor Coaching Academy ,New Delhi,https://images.collegedunia.com/public/image/institute/logo_1616890426kc_logo1.JPG?h=40&w=40&mode=stretch
Tectura ,Noida,https://images.collegedunia.com/public/image/institute/logo_1616954302logo.JPG?h=40&w=40&mode=stretch
"The Valley School, KFI ",Bangalore,https://images.collegedunia.com/public/image/institute/logo_1616955565logo.JPG?h=40&w=40&mode=stretch
Indian Institute of Robotics ,Noida,https://images.collegedunia.com/public/image/institute/logo_1617084498Logo.png?h=40&w=40&mode=stretch
Tectura ,Noida,https://images.collegedunia.com/public/image/institute/logo_161725115314344275_1809018532662142_4808848966253729114_n.png?h=40&w=40&mode=stretch
Focus Academy For Career Enhancement ,Coimbatore,https://images.collegedunia.com/public/image/institute/logo_1617257294face_logo2.JPG?h=40&w=40&mode=stretch
Eureka Academy ,Thane,https://images.collegedunia.com/public/image/institute/logo_1617276351Logo.png?h=40&w=40&mode=stretch
Geetanjali IAS Academy ,Jaipur,https://images.collegedunia.com/public/image/institute/logo_1617280375logo (11).jpg?h=40&w=40&mode=stretch
Indian Institute of Surveying and Mapping ,Hyderabad,https://images.collegedunia.com/public/image/institute/logo_1617434565logo.jpg?h=40&w=40&mode=stretch
German Language Academy (GERMAN LANGUAGE),Bangalore,https://images.collegedunia.com/public/image/institute/logo_1617456034logo (17).png?h=40&w=40&mode=stretch
ADI GURU ACADEMY ,New Delhi,https://images.collegedunia.com/public/image/institute/logo_1617472004logo.jpg?h=40&w=40&mode=stretch
Bidyasagar Classes ,Bhubaneswar,https://images.collegedunia.com/public/image/institute/logo_1617539446logo.jpg?h=40&w=40&mode=stretch
3Edge Solutions ,Chennai,https://images.collegedunia.com/public/image/institute/logo_16176376663edge_logo.JPG?h=40&w=40&mode=stretch
The Institute of English grammar ,Kolkata,https://images.collegedunia.com/public/image/institute/logo_1617644091LOGO (21).JPG?h=40&w=40&mode=stretch
Intebril Solutions ,Thane,https://images.collegedunia.com/public/image/institute/logo_1617714790LOGO_.jpg?h=40&w=40&mode=stretch
TechnoLearn ,Pune,https://images.collegedunia.com/public/image/institute/logo_1617723571LOGO.png?h=40&w=40&mode=stretch
Sparks Academy (SSC),Chennai,https://images.collegedunia.com/public/image/institute/logo_1617735091LOGO (24).JPG?h=40&w=40&mode=stretch
Genius Bridge ,Thane,https://images.collegedunia.com/public/image/institute/logo_1617800484LOGO.png?h=40&w=40&mode=stretch
CLIMAX IAS RAS Academy ,Jaipur,https://images.collegedunia.com/public/image/institute/logo_1617808085logo.jpg?h=40&w=40&mode=stretch
My Bee Club ,Chennai,https://images.collegedunia.com/public/image/institute/logo_1617814520My Bee Club logo.png?h=40&w=40&mode=stretch
QA-Masters ,Hyderabad,https://images.collegedunia.com/public/image/institute/logo_1617871677qa-masters-Logo.png?h=40&w=40&mode=stretch
Eguroo ,Gurgaon,https://images.collegedunia.com/public/image/institute/logo_1617882615Logo.jpg?h=40&w=40&mode=stretch
SEICCO Institute of Special Education ,Pune,https://images.collegedunia.com/public/image/institute/logo_161793397958d11bc3cdeff90510f28594.jpg?h=40&w=40&mode=stretch
RHEIN KONSULTANT ,New Delhi,https://images.collegedunia.com/public/image/institute/logo_1618050678Logo (42).PNG?h=40&w=40&mode=stretch
Shikshalaya Coaching ,Mumbai,https://images.collegedunia.com/public/image/institute/logo_1618234433Shikshalaya Coaching LOGO.png?h=40&w=40&mode=stretch
Sage Software Solutions Pvt Ltd ,Bangalore,https://images.collegedunia.com/public/image/institute/logo_1618300058logo (7).jpg?h=40&w=40&mode=stretch
Indglobal Digital Private Limited ,Bangalore,https://images.collegedunia.com/public/image/institute/logo_1618304315Inglobe Logo.jpg?h=40&w=40&mode=stretch
Quoin Academy ,Thane,https://images.collegedunia.com/public/image/institute/logo_1618580456logo.jpg?h=40&w=40&mode=stretch
Educaro India ,Bangalore,https://images.collegedunia.com/public/image/institute/logo_1618581618logo.png?h=40&w=40&mode=stretch
Phoenix Global Resettlement Services ,Bangalore,https://images.collegedunia.com/public/image/institute/logo_1618413539logo-img.png?h=40&w=40&mode=stretch
ARCON TechSolutions (Finance & Accounting),Mumbai,https://images.collegedunia.com/public/image/institute/logo_1618674252logo.JPG?h=40&w=40&mode=stretch
MicroChem Silliker Pvt.Ltd ,Navi Mumbai,https://images.collegedunia.com/public/image/institute/logo_1618680985logo.JPG?h=40&w=40&mode=stretch
Indian Institute of Robotics ,Noida,https://images.collegedunia.com/public/image/institute/logo_1618750122Logo.png?h=40&w=40&mode=stretch
Vignan  Academy (CAT),Hyderabad,https://images.collegedunia.com/public/image/institute/logo_1618772070logo.JPG?h=40&w=40&mode=stretch
Rao' Tutorials ,Bangalore,https://images.collegedunia.com/public/image/institute/logo_1618772338Logo.png?h=40&w=40&mode=stretch
Ramnarain Ruia Autonomous College (Computer Science and Information Technology),Mumbai,https://images.collegedunia.com/public/image/institute/logo_1618782624logo.JPG?h=40&w=40&mode=stretch
Arena Animation Preet Vihar ,New Delhi,https://images.collegedunia.com/public/image/institute/logo_1619243863logo.jpeg?h=40&w=40&mode=stretch
Chanakya IAS Academy ,Jaipur,https://images.collegedunia.com/public/image/institute/logo_1619201174Logo.jpeg?h=40&w=40&mode=stretch
Patanjali IAS Classes ,Jaipur,https://images.collegedunia.com/public/image/institute/logo_1619274036Logo.jpeg?h=40&w=40&mode=stretch
O3M Directional Marketing (P) Ltd (Social Media Marketing (SMM)),Chennai,https://images.collegedunia.com/public/image/institute/logo_1619297204logo.JPG?h=40&w=40&mode=stretch
Skyblue Institute of Design ,Ahmedabad,https://images.collegedunia.com/public/image/institute/logo_1619363523images - 2021-04-05T223050.633.jpeg?h=40&w=40&mode=stretch
Skyfi Labs Summer Training Program Center ,Kolkata,https://images.collegedunia.com/public/image/institute/logo_1619383669LOGO.png?h=40&w=40&mode=stretch
P R Digital Marketing Institute (Social Media Marketing (SMM)),New Delhi,https://images.collegedunia.com/public/image/institute/logo_1619395265logo.JPG?h=40&w=40&mode=stretch
Ntech Global Solutions ,Mumbai,https://images.collegedunia.com/public/image/institute/logo_1619767490logo.PNG?h=40&w=40&mode=stretch
Admission Times ,New Delhi,https://images.collegedunia.com/public/image/institute/logo_1619780728Logo (39).jpg?h=40&w=40&mode=stretch
Engineers Career Group ,Mumbai,https://images.collegedunia.com/public/image/institute/logo_1619965324logo (4).png?h=40&w=40&mode=stretch
JRL Academy ,Chennai,https://images.collegedunia.com/public/image/institute/logo_1619967440logo (2).jpg?h=40&w=40&mode=stretch
ST Xavier’s Technical Institute ,Mumbai,https://images.collegedunia.com/public/image/institute/logo_1620129917LOGO.JPG?h=40&w=40&mode=stretch
STDC Pvt Ltd ,Pune,https://images.collegedunia.com/public/image/institute/logo_1620179140LOGO.JPG?h=40&w=40&mode=stretch
Indian Overseas Education Services ,Bangalore,https://images.collegedunia.com/public/image/institute/logo_1620227206ioes-logo.png?h=40&w=40&mode=stretch
Western Overseas ,Gurgaon,https://images.collegedunia.com/public/image/institute/logo_1620303101LOGO.JPG?h=40&w=40&mode=stretch
JMJ Abroad Educational Consultants ,Hyderabad,https://images.collegedunia.com/public/image/institute/logo_1620329207LOGO.png?h=40&w=40&mode=stretch
Accord IT Training ,Chennai,https://images.collegedunia.com/public/image/institute/logo_1620378703Logo (55).PNG?h=40&w=40&mode=stretch
Indian Institute of Surveying & Mapping ,Hyderabad,https://images.collegedunia.com/public/image/institute/logo_1620677634LOGO.jpg?h=40&w=40&mode=stretch
Megamind Consultants ,New Delhi,https://images.collegedunia.com/public/image/institute/logo_1620678218mm-logo.png?h=40&w=40&mode=stretch
Spark Academy ,Hyderabad,https://images.collegedunia.com/public/image/institute/logo_1622868852image.png?h=40&w=40&mode=stretch
MAAC Dilsukhnagar ,Hyderabad,https://images.collegedunia.com/public/image/institute/logo_1624610260maac-logo-about-us.png?h=40&w=40&mode=stretch
IIHT ,Chennai,https://images.collegedunia.com/public/image/institute/logo_1633785738logo.jpg?h=40&w=40&mode=stretch
Samundra Institute of Maritime Studies ,Pune,https://images.collegedunia.com/public/image/institute/logo_1634460713logo.jpg?h=40&w=40&mode=stretch
Pace Academy (SSC),Gurgaon,https://images.collegedunia.com/public/image/institute/logo_1635080228logo (2).jpg?h=40&w=40&mode=stretch
Lavonne Academy of Baking Science and Pastry Arts ,Bangalore,https://images.collegedunia.com/public/image/institute/logo_1643802496Screenshot 2022-02-02 170922.png?h=40&w=40&mode=stretch
The Rise Institute Of Digital Sciences - [TRIDS] ,Chennai,https://images.collegedunia.com/public/image/institute/logo_1653136993logo.png?h=40&w=40&mode=stretch
Arena Animation ,New Delhi,https://images.collegedunia.com/public/image/institute/logo_1653140568company logo.png?h=40&w=40&mode=stretch
"JUNAID’S Tutorial, Hyderabad ",Hyderabad,https://images.collegedunia.com/public/image/institute/?h=40&w=40&mode=stretch
T.I.M.E ,Gurgaon,https://images.collegedunia.com/public/image/institute/logo_1658729482logo.png?h=40&w=40&mode=stretch
IMS Vashi ,Mumbai,https://images.collegedunia.com/public/image/institute/logo_1662121087IMS LOGO.webp?h=40&w=40&mode=stretch
Imarticus Learning ,Pune,https://images.collegedunia.com/public/image/institute/logo_1662376272logo_1650870135logo_1639567147Screenshot 2021-12-15 162407 (1).jpeg?h=40&w=40&mode=stretch
IMS Borivali ,Mumbai,https://images.collegedunia.com/public/image/institute/logo_1662636188IMS LOGO.webp?h=40&w=40&mode=stretch
Nucleus Education ,Kota,https://images.collegedunia.com/public/image/institute/logo_1672723993310767325_427804106203354_69204094594329574_n.jpg?h=40&w=40&mode=stretch
IIT Gurukulam ,Indore,https://images.collegedunia.com/public/image/institute/logo_1677045422logo.jpg?h=40&w=40&mode=stretch
TalentSprint ,Hyderabad,https://images.collegedunia.com/public/image/institute/logo_1684225524t1.jpg?h=40&w=40&mode=stretch
Alroz Aviation ,Dehradun,https://images.collegedunia.com/public/image/institute/logo_1682333017aa logo.png?h=40&w=40&mode=stretch
Kalpavriksha Institute ,Indore,https://images.collegedunia.com/public/image/institute/logo_1683108206kalp logo.jpg?h=40&w=40&mode=stretch
Infinity Science Academy ,Solan,https://images.collegedunia.com/public/image/institute/logo_1683198256if logo.webp?h=40&w=40&mode=stretch
Aviral Classes ,Dehradun,https://images.collegedunia.com/public/image/institute/logo_1683789273a logo.jpg?h=40&w=40&mode=stretch
AVGCI ,Hyderabad,https://images.collegedunia.com/public/image/institute/logo_1684217375av logo.jpg?h=40&w=40&mode=stretch
KiBord Animation ,Kolkata,https://images.collegedunia.com/public/image/institute/logo_1684574671k logo.jpg?h=40&w=40&mode=stretch
Zensciences ,Bangalore,https://images.collegedunia.com/public/image/institute/logo_1684583155zes logo.png?h=40&w=40&mode=stretch
International Gemological Institute ,Kolkata,https://images.collegedunia.com/public/image/institute/logo_1686113940IGI SCHOOL logo_final_page-0001.jpg?h=40&w=40&mode=stretch
RVS Study Point ,New Delhi,https://images.collegedunia.com/public/image/institute/logo_1686638791r1.jpg?h=40&w=40&mode=stretch
Focus Chemistry ,Indore,https://images.collegedunia.com/public/image/institute/logo_16884686361.jpg?h=40&w=40&mode=stretch
ATP STAR ,Kota,https://images.collegedunia.com/public/image/institute/logo_168913940011.jpg?h=40&w=40&mode=stretch
Swastik Classes ,New Delhi,https://images.collegedunia.com/public/image/institute/logo_1689658216logo_166193046698221421_1071089186668331_7004995216285368320_n.webp?h=40&w=40&mode=stretch
XIIT Academy ,New Delhi,https://images.collegedunia.com/public/image/institute/logo_1689668518xi.png?h=40&w=40&mode=stretch
The Hind Guru Academy ,New Delhi,https://images.collegedunia.com/public/image/institute/logo_1689852148logo (2).png?h=40&w=40&mode=stretch
Resonance ,Kota,https://images.collegedunia.com/public/image/institute/logo_1689932602sml-logo.png?h=40&w=40&mode=stretch
Manya- The Princeton Review ,Bangalore,https://images.collegedunia.com/public/image/institute/logo_1690546894logo_1600592368melogo.webp?h=40&w=40&mode=stretch
PACE ,Jalgaon,https://images.collegedunia.com/public/image/institute/logo_1696943075logo.png?h=40&w=40&mode=stretch
Avanti Learning Centre ,Dharwad,https://images.collegedunia.com/public/image/institute/logo_169952489311.png?h=40&w=40&mode=stretch
Sri Chaitanya ,Pune,https://images.collegedunia.com/public/image/institute/logo_1700808285logo.jpg?h=40&w=40&mode=stretch
Elite Institute ,Patna,https://images.collegedunia.com/public/image/institute/logo_1702296988logo.jpg?h=40&w=40&mode=stretch
Brothers Academy ,Ranchi,https://images.collegedunia.com/public/image/institute/logo_1702443411sds.jpg?h=40&w=40&mode=stretch
Vertex Educations ,Patna,https://images.collegedunia.com/public/image/institute/logo_17030072533.jpg?h=40&w=40&mode=stretch
Sanjay Ghodawat Sangli Academy ,Sangli,https://images.collegedunia.com/public/image/institute/logo_1703055794sanjay logo.jpg?h=40&w=40&mode=stretch
Best Solution Coaching ,Indore,https://images.collegedunia.com/public/image/institute/logo_1703065448best logo.jpg?h=40&w=40&mode=stretch
IFAS ,Jodhpur,https://images.collegedunia.com/public/image/institute/logo_1703588375das.png?h=40&w=40&mode=stretch
Endeavor Careers Pvt. Ltd. (CAT),Ahmedabad,https://images.collegedunia.com/public/image/institute/logo_1572613250logo 1.png?h=40&w=40&mode=stretch
Chanakya Mandal Academy ,Pune,https://images.collegedunia.com/public/image/institute/logo_1592378883Chanakya LOgo.png?h=40&w=40&mode=stretch
Iflux Academy ,Mumbai,https://images.collegedunia.com/public/image/institute/logo_1592647630iflux logo.png?h=40&w=40&mode=stretch
IES Master ,New Delhi,https://images.collegedunia.com/public/image/institute/logo_1624444775Logo.png?h=40&w=40&mode=stretch
Vibrant Academy (JEE Main),Kota,https://images.collegedunia.com/public/image/institute/logo_1622716975Logo.png?h=40&w=40&mode=stretch
CAREER ENDEAVOUR ,New Delhi,https://images.collegedunia.com/public/image/institute/logo_1593053011download.jpg?h=40&w=40&mode=stretch
Classic IAS Academy ,New Delhi,https://images.collegedunia.com/public/image/institute/logo_1593069449download (1).jpeg?h=40&w=40&mode=stretch
Net Crackers (UGC NET),New Delhi,https://images.collegedunia.com/public/image/institute/logo_1600862584unnamed.jpg?h=40&w=40&mode=stretch
Kelvin Institute ,New Delhi,https://images.collegedunia.com/public/image/institute/logo_1593859125logo KELVIN.png?h=40&w=40&mode=stretch
Prerna Education (NEET),New Delhi,https://images.collegedunia.com/public/image/institute/logo_1594016190prerna logo.jpg?h=40&w=40&mode=stretch
Beacon Classes ,Noida,https://images.collegedunia.com/public/image/institute/logo_1594195130Screenshot (144).png?h=40&w=40&mode=stretch
Next IAS ,New Delhi,https://images.collegedunia.com/public/image/institute/logo_1622899019Logo.jpg?h=40&w=40&mode=stretch
Samudra IAS Academy ,New Delhi,https://images.collegedunia.com/public/image/institute/logo_1594787854Samudra logo.png?h=40&w=40&mode=stretch
Vaids ICS ,New Delhi,https://images.collegedunia.com/public/image/institute/logo_159479633229572488_230424340859175_7181604626383404830_n.png?h=40&w=40&mode=stretch
Himalai IAS ,Bangalore,https://images.collegedunia.com/public/image/institute/logo_1594798841Himalai_Logo_Red-03.png?h=40&w=40&mode=stretch
Delhi Institute for Administrative Services ,New Delhi,https://images.collegedunia.com/public/image/institute/logo_16038852928db71eb2eade7250477ebf8aa64a299f.png?h=40&w=40&mode=stretch
Dr Rajkumar Academy ,Bangalore,https://images.collegedunia.com/public/image/institute/logo_1594879131DR.RAJKUMAR.jpg?h=40&w=40&mode=stretch
GS Score ,New Delhi,https://images.collegedunia.com/public/image/institute/logo_1594880800download.png?h=40&w=40&mode=stretch
Nirvana IAS Academy ,New Delhi,https://images.collegedunia.com/public/image/institute/logo_1595046211NIR LO.jpg?h=40&w=40&mode=stretch
A. A. Shah’s IAS Institute ,Mumbai,https://images.collegedunia.com/public/image/institute/logo_1595067952A-A-SHAH-LOGO@2x.png?h=40&w=40&mode=stretch
Vedanga Institute ,New Delhi,https://images.collegedunia.com/public/image/institute/logo_1595074077vedanga logo.png?h=40&w=40&mode=stretch
Ekalavya IAS Academy ,Vijayawada,https://images.collegedunia.com/public/image/institute/logo_1595092414ekalayvya cover.png?h=40&w=40&mode=stretch
Vijay Shekhar Academy ,Mumbai,https://images.collegedunia.com/public/image/institute/logo_1595921038vijay shekar log.png?h=40&w=40&mode=stretch
CB Classes ,Kolkata,https://images.collegedunia.com/public/image/institute/logo_1596181534images.jpg?h=40&w=40&mode=stretch
Conceptree Learning ,Chennai,https://images.collegedunia.com/public/image/institute/logo_1702275128305090377_508237067971925_6633102571940104741_n.jpg?h=40&w=40&mode=stretch
Curie Foundation (NEET),Chennai,https://images.collegedunia.com/public/image/institute/logo_1596196031cfmee.png?h=40&w=40&mode=stretch
Nivedita Classes (NEET),New Delhi,https://images.collegedunia.com/public/image/institute/logo_1596366622nivedita Logo.png?h=40&w=40&mode=stretch
SRIGAYATRI NEET LONGTERM ACADEMY ,Hyderabad,https://images.collegedunia.com/public/image/institute/logo_1596703823images (2).jpg?h=40&w=40&mode=stretch
Jha Science Academy (NEET),Mumbai,https://images.collegedunia.com/public/image/institute/logo_1635089551Logo.jpg?h=40&w=40&mode=stretch
Eduempire  Pvt. Ltd. ,Pune,https://images.collegedunia.com/public/image/institute/logo_1596987269edumpire logo.png?h=40&w=40&mode=stretch
Mudassir Academy Engineering Tution (Mechanical Engineering),Bangalore,https://images.collegedunia.com/public/image/institute/logo_1597091998mame logo.jpeg?h=40&w=40&mode=stretch
Ensemble IAS Academy ,New Delhi,https://images.collegedunia.com/public/image/institute/logo_1597228166elogo.jpg?h=40&w=40&mode=stretch
BrainStorm Achiever ,New Delhi,https://images.collegedunia.com/public/image/institute/logo_1597654475freesnippingtool.com_capture_20200817140841.png?h=40&w=40&mode=stretch
Dental Pulse Academy (NEET),Hyderabad,https://images.collegedunia.com/public/image/institute/logo_1597644540dpa_logo2.png?h=40&w=40&mode=stretch
iRise Academy ,New Delhi,https://images.collegedunia.com/public/image/institute/logo_1597981574irise logo.png?h=40&w=40&mode=stretch
Maansarovar Law Centre (CLAT),New Delhi,https://images.collegedunia.com/public/image/institute/logo_1598515039download (6).jpg?h=40&w=40&mode=stretch
Stalwart Career Institute (CAT/CMAT/IPM/CET) (CAT),Indore,https://images.collegedunia.com/public/image/institute/logo_1653463416STALWART CAREER INSTITUTE.png?h=40&w=40&mode=stretch
Gyankunj Classes (NEET),New Delhi,https://images.collegedunia.com/public/image/institute/logo_1598645627gyan logo.jpg?h=40&w=40&mode=stretch
Alfa Metis Pvt Ltd ( DEFENCE COACHING) (CDS),New Delhi,https://images.collegedunia.com/public/image/institute/logo_159869782552999950_2290807491166638_7259532707871326208_n.png?h=40&w=40&mode=stretch
Centurion Defence Academy (DEFENCE COACHING) (CDS),Lucknow,https://images.collegedunia.com/public/image/institute/logo_1598933797cdlogo.jpg?h=40&w=40&mode=stretch
Samyak IT solutions (Computer Science and Information Technology),Jaipur,https://images.collegedunia.com/public/image/institute/logo_1598962880download.png?h=40&w=40&mode=stretch
Sanmacs India (MCA) (MCA),New Delhi,https://images.collegedunia.com/public/image/institute/logo_1599107150sanmacs logo.gif?h=40&w=40&mode=stretch
Sudarshan Agrawal Classes (CA),Kolkata,https://images.collegedunia.com/public/image/institute/logo_1599134184sudarshan logo.jpg?h=40&w=40&mode=stretch
Iyer Commerce Classes ,Mumbai,https://images.collegedunia.com/public/image/institute/logo_1599200993l.png?h=40&w=40&mode=stretch
Egytim Academy ,Chennai,https://images.collegedunia.com/public/image/institute/logo_1599293409egytim logo.png?h=40&w=40&mode=stretch
Mittal Commerce Classes ,Jaipur,https://images.collegedunia.com/public/image/institute/logo_1627126866Logo.jpg?h=40&w=40&mode=stretch
Bharadwaj Institute ,Chennai,https://images.collegedunia.com/public/image/institute/logo_1599295179bharad-inst.png?h=40&w=40&mode=stretch
IRS coaching for CA ,New Delhi,https://images.collegedunia.com/public/image/institute/logo_1599811444irs logo.png?h=40&w=40&mode=stretch
GuruVidya Academy ,New Delhi,https://images.collegedunia.com/public/image/institute/logo_1599848271gs l.jpg?h=40&w=40&mode=stretch
Gurgaon Academy ,Gurgaon,https://images.collegedunia.com/public/image/institute/logo_1599900832download (4).jpg?h=40&w=40&mode=stretch
"Dilip Oak's Academy for GRE, IELTS, TOEFL,SAT (Study Abroad)",Pune,https://images.collegedunia.com/public/image/institute/logo_1600497793dilip logo.png?h=40&w=40&mode=stretch
Pragati Academy ,New Delhi,https://images.collegedunia.com/public/image/institute/logo_1600803540logo (1).png?h=40&w=40&mode=stretch
WM Spoken English Classes ,Mumbai,https://images.collegedunia.com/public/image/institute/logo_1608022100download (6).jfif?h=40&w=40&mode=stretch
Big data and Hadoop developer certification training (big data),Bangalore,https://images.collegedunia.com/public/image/institute/logo_1601444032download.jpg?h=40&w=40&mode=stretch
BEPEC Solutions ,Bangalore,https://images.collegedunia.com/public/image/institute/logo_160145661541a598_26e125ce2fc640babfcbae7037e93f87_mv2.png?h=40&w=40&mode=stretch
Deepak Classes ,Mumbai,https://images.collegedunia.com/public/image/institute/logo_1601555587logo.png?h=40&w=40&mode=stretch
Antrix Academy (Data Analytics Training),Noida,https://images.collegedunia.com/public/image/institute/logo_1601886315LOGO.png?h=40&w=40&mode=stretch
Ecare Technologies-Best AWS/Devops/Salesforce/Sap Training In Bangalore (Computer Science and Information Technology),Bangalore,https://images.collegedunia.com/public/image/institute/logo_1601921241ecare-technologies-logo.png?h=40&w=40&mode=stretch
SLA Consultants ,New Delhi,https://images.collegedunia.com/public/image/institute/logo_1617380077SLA Gurgaon LOGO.jpg?h=40&w=40&mode=stretch
RR ITEC Datascience training ,Hyderabad,https://images.collegedunia.com/public/image/institute/logo_1602010966logo2.PNG?h=40&w=40&mode=stretch
QuickXpert Infotech ,Badnapur,https://images.collegedunia.com/public/image/institute/logo_1602004541logo.png  quickxpert.png?h=40&w=40&mode=stretch
Complete Java Classes ,Pune,https://images.collegedunia.com/public/image/institute/logo_1602393368cjc logo.png?h=40&w=40&mode=stretch
Asterix Solution (Data Science Course),Mumbai,https://images.collegedunia.com/public/image/institute/logo_1602446018as logo.jpg?h=40&w=40&mode=stretch
PRIMUS SAP Academy - Authorised Training Institute ,Mumbai,https://images.collegedunia.com/public/image/institute/logo_1608016239primus111.jpg?h=40&w=40&mode=stretch
CloudLearn ERP (Data Science Course),Mumbai,https://images.collegedunia.com/public/image/institute/logo_16026699747280582-large.jpg?h=40&w=40&mode=stretch
Inovi Technologies ,Noida,https://images.collegedunia.com/public/image/institute/logo_1602834870logo.png?h=40&w=40&mode=stretch
IndiaFIRST Robotics ,Pune,https://images.collegedunia.com/public/image/institute/logo_1603007017Ifr-Logo-Common.png?h=40&w=40&mode=stretch
Amitysoft Technologies Pvt Ltd ,Chennai,https://images.collegedunia.com/public/image/institute/logo_1603115064logo.jpg?h=40&w=40&mode=stretch
SMEClabs ,Mumbai,https://images.collegedunia.com/public/image/institute/logo_1634909072Logo.jpg?h=40&w=40&mode=stretch
Acadgild ,Bangalore,https://images.collegedunia.com/public/image/institute/logo_1603363879download.png?h=40&w=40&mode=stretch
RPS Consulting (Data Science Course),Gurgaon,https://images.collegedunia.com/public/image/institute/logo_1603369206unnamed.jpg?h=40&w=40&mode=stretch
Trulabz Technologies ,New Delhi,https://images.collegedunia.com/public/image/institute/logo_1603545210logo.png?h=40&w=40&mode=stretch
Vepsun Technologies ,Bangalore,https://images.collegedunia.com/public/image/institute/logo_1603569044logo.png vepsun.png?h=40&w=40&mode=stretch
Lemonoids ,Hyderabad,https://images.collegedunia.com/public/image/institute/logo_1603571358lemonoids-logo-150x150.png?h=40&w=40&mode=stretch
Focus Training Services ,Hyderabad,https://images.collegedunia.com/public/image/institute/logo_1604326527logo.jpg?h=40&w=40&mode=stretch
Oxford Software Institute ,New Delhi,https://images.collegedunia.com/public/image/institute/logo_1605008739logo (1).png?h=40&w=40&mode=stretch
Web Design Training Ruchi ,Hyderabad,https://images.collegedunia.com/public/image/institute/logo_1605012165webdesigningtrainingruchi.com.png?h=40&w=40&mode=stretch
Syspro Technologies ,Hyderabad,https://images.collegedunia.com/public/image/institute/logo_1605112987stlogo.png?h=40&w=40&mode=stretch
Advanto Software (Computer Science and Information Technology),Pune,https://images.collegedunia.com/public/image/institute/logo_1605189873advanto-logo.png?h=40&w=40&mode=stretch
3RI Technologies ,Pune,https://images.collegedunia.com/public/image/institute/logo_1605194570logo.png?h=40&w=40&mode=stretch
CPD Technologies ,New Delhi,https://images.collegedunia.com/public/image/institute/logo_1605452714download.png?h=40&w=40&mode=stretch
HzronTech ,Pune,https://images.collegedunia.com/public/image/institute/logo_1605670481logo.jpg?h=40&w=40&mode=stretch
CNC Web World ,Pune,https://images.collegedunia.com/public/image/institute/logo_1605696441logo.jpg?h=40&w=40&mode=stretch
Yesdo Softindia ,Pune,https://images.collegedunia.com/public/image/institute/logo_1605716644Logo.jpg?h=40&w=40&mode=stretch
Qriyo - Best Home Tuitions And Home Tutors ,Jaipur,https://images.collegedunia.com/public/image/institute/logo_1605720081Edtech-Industry-What-is-the-Next-Big-Thing_-4-1.png?h=40&w=40&mode=stretch
eduCBA ,Mumbai,https://images.collegedunia.com/public/image/institute/logo_1615282605117073888_3449672528417021_2942715405526906402_n.png?h=40&w=40&mode=stretch
Dcodetech IT Industrial Training ,Thane,https://images.collegedunia.com/public/image/institute/logo_1605968465dlogo.jpg?h=40&w=40&mode=stretch
Real Time Signals Technologies ,New Delhi,https://images.collegedunia.com/public/image/institute/logo_1606115326download.jpg?h=40&w=40&mode=stretch
FreshersIndia ,Kolkata,https://images.collegedunia.com/public/image/institute/logo_1606203302Picture1.png?h=40&w=40&mode=stretch
INDUS NET ACADEMY ,Kolkata,https://images.collegedunia.com/public/image/institute/logo_1606220244download (15).jpg?h=40&w=40&mode=stretch
Coursecube Pvt Ltd ,Bangalore,https://images.collegedunia.com/public/image/institute/logo_1606223665Logo.jpg?h=40&w=40&mode=stretch
Bytecode Cyber Security (P) Limited ,New Delhi,https://images.collegedunia.com/public/image/institute/logo_1606293254bytecode-logo.png?h=40&w=40&mode=stretch
Globesoft IT Academy - Android | Flutter | Java | Python | Web Development ,Bangalore,https://images.collegedunia.com/public/image/institute/logo_1606304108Capture.PNG?h=40&w=40&mode=stretch
MYSQL DBA Online Training ,Bangalore,https://images.collegedunia.com/public/image/institute/logo_1606480607Logo.jpg?h=40&w=40&mode=stretch
Optimus Research Labs ,New Delhi,https://images.collegedunia.com/public/image/institute/logo_1606491436logo_1495861223.jpg?h=40&w=40&mode=stretch
Php training in Delhi KVCH ,New Delhi,https://images.collegedunia.com/public/image/institute/logo_1606664310logo (1).png?h=40&w=40&mode=stretch
Skynet Secure Solutions ,Mumbai,https://images.collegedunia.com/public/image/institute/logo_16067985209876543.JPG?h=40&w=40&mode=stretch
Spoken English Classes in Chennai - EnglishLabs ,Chennai,https://images.collegedunia.com/public/image/institute/logo_1607027772logo.jpg?h=40&w=40&mode=stretch
Spirit for oracle training institute ,Bangalore,https://images.collegedunia.com/public/image/institute/logo_1607058006Screenshot (4).png?h=40&w=40&mode=stretch
2018 IEEE PROJECTS CHENNAI ,Chennai,https://images.collegedunia.com/public/image/institute/logo_1607165114download (3).png?h=40&w=40&mode=stretch
AIDM (Asian Institute of Digital Marketing) (JAVA Training),New Delhi,https://images.collegedunia.com/public/image/institute/logo_1607190489logo (1).png?h=40&w=40&mode=stretch
SAP Testing Training ,Hyderabad,https://images.collegedunia.com/public/image/institute/logo_1607344596Logo.jpg?h=40&w=40&mode=stretch
EdYoda (zekeLabs Technologies Private Limited) ,Bangalore,https://images.collegedunia.com/public/image/institute/logo_1607412771images (8).jpg?h=40&w=40&mode=stretch
Nikhil Analytics (Data Analytics Training),Bangalore,https://images.collegedunia.com/public/image/institute/logo_1608539698nik logo.jpg?h=40&w=40&mode=stretch
Ethical Hacking Institute Delhi (DICC Kamla Nagar) ,New Delhi,https://images.collegedunia.com/public/image/institute/logo_16074420091.JPG?h=40&w=40&mode=stretch
Troy Infotech ,Chennai,https://images.collegedunia.com/public/image/institute/logo_1607443588troy l.png?h=40&w=40&mode=stretch
Sap Training ,Chennai,https://images.collegedunia.com/public/image/institute/logo_1607681815cropped-sap-training-logo.png?h=40&w=40&mode=stretch
InteliGenes Technologies ,New Delhi,https://images.collegedunia.com/public/image/institute/logo_1607498556SAMPLE_IMG (1).png?h=40&w=40&mode=stretch
IOT - Arsenal Soccer Schools ,Bangalore,https://images.collegedunia.com/public/image/institute/logo_1607515450dgads.jpg?h=40&w=40&mode=stretch
Best Ethical Hacking Institute in Delhi [ CEHv11 | ECSA | LPT ]- ICSS (Ethical Hacking Online Training),New Delhi,https://images.collegedunia.com/public/image/institute/logo_1608551617icss-logo.webp?h=40&w=40&mode=stretch
Innovative Technology Solutions ,Gurgaon,https://images.collegedunia.com/public/image/institute/logo_1607601844ITS-LOGO-Final-full-size-Copy-e1501072590805.png?h=40&w=40&mode=stretch
RN Technologies (CCNA),Bangalore,https://images.collegedunia.com/public/image/institute/logo_1607605791rn-logo-big.png?h=40&w=40&mode=stretch
Mas Robotics ,Udayarpalayam,https://images.collegedunia.com/public/image/institute/logo_1607614400MAS L.jpg?h=40&w=40&mode=stretch
IPEG Solutions ,Kolkata,https://images.collegedunia.com/public/image/institute/logo_1614767697images.png?h=40&w=40&mode=stretch
The Hackers Institute- Cyber Security Training Institute ,Bangalore,https://images.collegedunia.com/public/image/institute/logo_1607696910download.png?h=40&w=40&mode=stretch
NSIC Technical Services Centre ,Hyderabad,https://images.collegedunia.com/public/image/institute/logo_1607718190LOGO.png?h=40&w=40&mode=stretch
SETWIN TRAINING INSTITUTE ,Hyderabad,https://images.collegedunia.com/public/image/institute/logo_1607784822logo (2).png?h=40&w=40&mode=stretch
Canada Education Consultants ,New Delhi,https://images.collegedunia.com/public/image/institute/logo_1608661156CANADA EDUCATION CONSULTANT LOGO.jpg?h=40&w=40&mode=stretch
Digital Marketing Profs ,New Delhi,https://images.collegedunia.com/public/image/institute/logo_1609240610logo-dmp-rohini.jpg?h=40&w=40&mode=stretch
International Learning Warehouse Education Consultants ,Mumbai,https://images.collegedunia.com/public/image/institute/logo_1608901103ILW Education Consultants LOGO.png?h=40&w=40&mode=stretch
Spark Software Solutions ,Hyderabad,https://images.collegedunia.com/public/image/institute/logo_1608902957logooooo.png?h=40&w=40&mode=stretch
I Tech Computer Education ,Mumbai,https://images.collegedunia.com/public/image/institute/logo_1609238389Logo.jpg?h=40&w=40&mode=stretch
Rajesh Academy ,Bangalore,https://images.collegedunia.com/public/image/institute/logo_1609565183Rajesh Academy-logo.png?h=40&w=40&mode=stretch
SQUAD Digital - Digital Marketing Training Institute in Mumbai ,Mumbai,https://images.collegedunia.com/public/image/institute/logo_1609403803SQUAD LOGO.webp?h=40&w=40&mode=stretch
PSP Technologies Private Limited ,Chennai,https://images.collegedunia.com/public/image/institute/logo_1609415319l.png?h=40&w=40&mode=stretch
Fortune Digital India ,Mumbai,https://images.collegedunia.com/public/image/institute/logo_1609500794Logo (5).jpg?h=40&w=40&mode=stretch
Marg Business Transformation Pvt Ltd ,Bangalore,https://images.collegedunia.com/public/image/institute/logo_1609582533logo.png?h=40&w=40&mode=stretch
Golden Advertising and Publicity (GAP) ,Chennai,https://images.collegedunia.com/public/image/institute/logo_1609597804logo.png?h=40&w=40&mode=stretch
Simply Digital ,New Delhi,https://images.collegedunia.com/public/image/institute/logo_1609617258Logo.. (1).png?h=40&w=40&mode=stretch
moPharma ,Mumbai,https://images.collegedunia.com/public/image/institute/logo_1609624172logo (5).jpg?h=40&w=40&mode=stretch
Digimark Agency - Best Digital Marketing and SEO Company in Bangalore ,Bangalore,https://images.collegedunia.com/public/image/institute/logo_1609671654logo (1).png?h=40&w=40&mode=stretch
Workbench Projects ,Bangalore,https://images.collegedunia.com/public/image/institute/logo_1609710254l.png?h=40&w=40&mode=stretch
Site Galleria - Web Design and Website Development Company ,Bangalore,https://images.collegedunia.com/public/image/institute/logo_1609712561SITE_GALLERIA_LOGO.JPG?h=40&w=40&mode=stretch
ERP PRO™ ,Kolkata,https://images.collegedunia.com/public/image/institute/logo_1609843519logo.png?h=40&w=40&mode=stretch
National School of Internet Marketing ,New Delhi,https://images.collegedunia.com/public/image/institute/logo_1609924450Logo.jpg?h=40&w=40&mode=stretch
Itaa Education Pvt. Ltd. ,Thane,https://images.collegedunia.com/public/image/institute/logo_1609995525Itaa logo.jpg?h=40&w=40&mode=stretch
Rays Education ,Kozhikode,https://images.collegedunia.com/public/image/institute/logo_16994450184444.svg?h=40&w=40&mode=stretch
Allen ,Kota,https://images.collegedunia.com/public/image/institute/logo_1624019241Logo.jpg?h=40&w=40&mode=stretch
ACTE Velachery Java AWS Oracle Selenium Web Design PHP Python SAP SEO Training in Chennai ,Chennai,https://images.collegedunia.com/public/image/institute/logo_1610453174ACTE_LOGO.JPG?h=40&w=40&mode=stretch
Centre for Development of Advanced Computing ,Noida,https://images.collegedunia.com/public/image/institute/logo_1610530669L.png?h=40&w=40&mode=stretch
Lets Learn Global ,Hyderabad,https://images.collegedunia.com/public/image/institute/logo_1610547078logo.jpg?h=40&w=40&mode=stretch
Lalji Mehrotra Technical Institute ,Mumbai,https://images.collegedunia.com/public/image/institute/logo_1610571148logo Lalji.jpg?h=40&w=40&mode=stretch
DLK Career Development Centre ,Chennai,https://images.collegedunia.com/public/image/institute/logo_1610709154l.png?h=40&w=40&mode=stretch
ITSAD Technologies ,Bangalore,https://images.collegedunia.com/public/image/institute/logo_1610721146download.jpeg?h=40&w=40&mode=stretch
Sharma Computer Academy ,Bhopal,https://images.collegedunia.com/public/image/institute/logo_1610798145logo.png?h=40&w=40&mode=stretch
Ascent Education ,Chennai,https://images.collegedunia.com/public/image/institute/logo_1610820895Logo (6).jpg?h=40&w=40&mode=stretch
Ambitions Academy ,Bhopal,https://images.collegedunia.com/public/image/institute/logo_1610851122Logo (1).jpg?h=40&w=40&mode=stretch
J C Digital Marketing Agency ,New Delhi,https://images.collegedunia.com/public/image/institute/logo_1610887939logo (1).png?h=40&w=40&mode=stretch
Advertising Club Madras ,Chennai,https://images.collegedunia.com/public/image/institute/logo_1610914868Logo.png?h=40&w=40&mode=stretch
Muley Classes ,Mumbai,https://images.collegedunia.com/public/image/institute/logo_1611298605ll.png?h=40&w=40&mode=stretch
Lemonoids ,Hyderabad,https://images.collegedunia.com/public/image/institute/logo_1610940850Logo.png?h=40&w=40&mode=stretch
OpenDG ,Hyderabad,https://images.collegedunia.com/public/image/institute/logo_1611040245logo-amp.png?h=40&w=40&mode=stretch
CPC Academy Pune (Java Patil) ,Pune,https://images.collegedunia.com/public/image/institute/logo_1611072085javapatil-logo.png?h=40&w=40&mode=stretch
SADHNA ACADEMY ,Noida,https://images.collegedunia.com/public/image/institute/logo_1611126446sadhana_logo.png?h=40&w=40&mode=stretch
Java Learning Center (JLC) - Corporate Office ,Bangalore,https://images.collegedunia.com/public/image/institute/logo_1611164242logo (7).jpg?h=40&w=40&mode=stretch
M.K.Gupta CA Classes-Registration ,New Delhi,https://images.collegedunia.com/public/image/institute/logo_1611217122unnamed.jpg?h=40&w=40&mode=stretch
Parmar Coaching Institute ,Jaipur,https://images.collegedunia.com/public/image/institute/logo_1611234837Logo.jpg?h=40&w=40&mode=stretch
Success IAS Academy ,Chennai,https://images.collegedunia.com/public/image/institute/logo_1611293340logo.jpg?h=40&w=40&mode=stretch
Spoken English Cafe ,Chennai,https://images.collegedunia.com/public/image/institute/logo_1611330974LOGO.png?h=40&w=40&mode=stretch
IBC Academy ,Bangalore,https://images.collegedunia.com/public/image/institute/logo_1611335919IBC Logo.png?h=40&w=40&mode=stretch
Pace Career Academy ,Mumbai,https://images.collegedunia.com/public/image/institute/logo_1611380955Logo.png?h=40&w=40&mode=stretch
Simply Digital ,New Delhi,https://images.collegedunia.com/public/image/institute/logo_1611409245Simply Digital_Logo.png?h=40&w=40&mode=stretch
Get Success Point ,New Delhi,https://images.collegedunia.com/public/image/institute/logo_1611499665e255f6cf-1a9f-4c97-be29-d3c0ea613968.tmp?h=40&w=40&mode=stretch
Jain Classes ,Jaipur,https://images.collegedunia.com/public/image/institute/logo_1611501912Jain Classes Logo.png?h=40&w=40&mode=stretch
Guru Vidya Pvt Ltd ,New Delhi,https://images.collegedunia.com/public/image/institute/logo_1611715929logo.png?h=40&w=40&mode=stretch
Emagic Animation Company and Academy ,Chennai,https://images.collegedunia.com/public/image/institute/logo_1611740208Logo (1).jpg?h=40&w=40&mode=stretch
Vivekananda Coaching Center ,Bangalore,https://images.collegedunia.com/public/image/institute/logo_1611758792LOGO.jpg?h=40&w=40&mode=stretch
Ti Software Training Institute ,New Delhi,https://images.collegedunia.com/public/image/institute/logo_1611829849Logo (5).jpg?h=40&w=40&mode=stretch
APSA Overseas Education ,New Delhi,https://images.collegedunia.com/public/image/institute/logo_1612023593s1.PNG?h=40&w=40&mode=stretch
Kalp Faculty of Education ,New Delhi,https://images.collegedunia.com/public/image/institute/logo_1612030803logo (6).png?h=40&w=40&mode=stretch
Mission IAS Academy ,New Delhi,https://images.collegedunia.com/public/image/institute/logo_1612110820logo (10).jpg?h=40&w=40&mode=stretch
Vipm English Academy ,Jaipur,https://images.collegedunia.com/public/image/institute/logo_1612111076logo-vipm.png?h=40&w=40&mode=stretch
Lions Computer Education Centre ,Kolkata,https://images.collegedunia.com/public/image/institute/logo_1612121747logo (11).png?h=40&w=40&mode=stretch
Misostudy ,New Delhi,https://images.collegedunia.com/public/image/institute/logo_1612250787logo-desktop.png?h=40&w=40&mode=stretch
BHARAT SOFTWARE SOLUTIONS ,New Delhi,https://images.collegedunia.com/public/image/institute/logo_1612276854logo.jpg?h=40&w=40&mode=stretch
Expressway PR Visa Consultancy ,Chennai,https://images.collegedunia.com/public/image/institute/logo_1612338936logo (18).jpg?h=40&w=40&mode=stretch
Gyan Mantra ,Ghaziabad,https://images.collegedunia.com/public/image/institute/logo_1612347404logo.jpg?h=40&w=40&mode=stretch
Jrs Coaching Center ,New Delhi,https://images.collegedunia.com/public/image/institute/logo_1612351864Logo.png?h=40&w=40&mode=stretch
Reach Academy ,Chennai,https://images.collegedunia.com/public/image/institute/logo_1612463035download (1).png?h=40&w=40&mode=stretch
Mind Links IT Consulting ,Hyderabad,https://images.collegedunia.com/public/image/institute/logo_1612463155Logo.jpg?h=40&w=40&mode=stretch
EITM ,Kolkata,https://images.collegedunia.com/public/image/institute/logo_1612498974logo.jpg?h=40&w=40&mode=stretch
State Agricultural Management and Extension Training Institute ,Kolkata,https://images.collegedunia.com/public/image/institute/logo_1612548109Logo.jpg?h=40&w=40&mode=stretch
Synergetics Learning ,Mumbai,https://images.collegedunia.com/public/image/institute/logo_1612549465Logo.jpg?h=40&w=40&mode=stretch
Instituto Hispania ,New Delhi,https://images.collegedunia.com/public/image/institute/logo_1614391874Logo (3).png?h=40&w=40&mode=stretch
Indus Net Technologies ,Kolkata,https://images.collegedunia.com/public/image/institute/logo_1612849832LOGO (2) (1).jpg?h=40&w=40&mode=stretch
Defence Academy ,Chennai,https://images.collegedunia.com/public/image/institute/logo_1612859503Logo.png?h=40&w=40&mode=stretch
Civil Services Study Centre ,Kolkata,https://images.collegedunia.com/public/image/institute/logo_1612860288CSS_LOGO.JPG?h=40&w=40&mode=stretch
Natraj Institute Of Tnpsc ,Chennai,https://images.collegedunia.com/public/image/institute/logo_1612963167logo3.png?h=40&w=40&mode=stretch
Arirang Korean Academy ,New Delhi,https://images.collegedunia.com/public/image/institute/logo_1613022182LOGO.jpg?h=40&w=40&mode=stretch
Premanand Yoga ,New Delhi,https://images.collegedunia.com/public/image/institute/logo_1613033521images (8).jpeg?h=40&w=40&mode=stretch
Whizlabs Software Pvt Ltd ,New Delhi,https://images.collegedunia.com/public/image/institute/logo_161319568649759170_10155719248805124_8369514031395897344_n.jpg?h=40&w=40&mode=stretch
VSIT Vikaspuri ,New Delhi,https://images.collegedunia.com/public/image/institute/logo_1613217312V1.png?h=40&w=40&mode=stretch
IIHT Ultadanga ,Kolkata,https://images.collegedunia.com/public/image/institute/logo_1613218026iiht logo.jpg?h=40&w=40&mode=stretch
Unnatisoft ,Hyderabad,https://images.collegedunia.com/public/image/institute/logo_1613464023Unnatisoft Logo.png?h=40&w=40&mode=stretch
IITopper ,Kolkata,https://images.collegedunia.com/public/image/institute/logo_1613487643IITOPPER Logo.png?h=40&w=40&mode=stretch
Success IAS Academy ,Chennai,https://images.collegedunia.com/public/image/institute/logo_1613555078AnyConv.com__logo.jpg?h=40&w=40&mode=stretch
TBIPI ,Ramachandrapuram,https://images.collegedunia.com/public/image/institute/logo_1613619484logo.png?h=40&w=40&mode=stretch
Lakshya coaching Classes ,Thiruvananthapuram,https://images.collegedunia.com/public/image/institute/logo_1613623047lakashay_logo.JPG?h=40&w=40&mode=stretch
course cube ,Bangalore,https://images.collegedunia.com/public/image/institute/logo_1613626378GALLERY1.jpg?h=40&w=40&mode=stretch
Minal Parekh's English Academy ,Mumbai,https://images.collegedunia.com/public/image/institute/logo_1613626555Copy of MINAL_LOGO.JPG?h=40&w=40&mode=stretch
The Stenographers' Guild ,Chennai,https://images.collegedunia.com/public/image/institute/logo_1613643147LOGO (7).png?h=40&w=40&mode=stretch
Mathuriya Classes ,Jaipur,https://images.collegedunia.com/public/image/institute/logo_1613655195logo.jpg?h=40&w=40&mode=stretch
Professional Training Academy ,Jaipur,https://images.collegedunia.com/public/image/institute/logo_1613708296logo.jpg?h=40&w=40&mode=stretch
MMT Institute ,Bhopal,https://images.collegedunia.com/public/image/institute/logo_1613711627Logo.jpg?h=40&w=40&mode=stretch
QUEST IAS Academy ,Pune,https://images.collegedunia.com/public/image/institute/logo_1613711935logo.png?h=40&w=40&mode=stretch
Amulett Educational Services Pvt Ltd ,Bhopal,https://images.collegedunia.com/public/image/institute/logo_1613716334logo4.png?h=40&w=40&mode=stretch
Success IAS Academy ,Chennai,https://images.collegedunia.com/public/image/institute/logo_1613819000logo.png?h=40&w=40&mode=stretch
JSS Training Institute for Competitive Examinations (SSC),Bangalore,https://images.collegedunia.com/public/image/institute/logo_1613908072logo-retern_00bc00811_3082.png?h=40&w=40&mode=stretch
Accurate Coaching Center ,Bangalore,https://images.collegedunia.com/public/image/institute/logo_1613960789182accurate_coaching_center.jpeg?h=40&w=40&mode=stretch
Ravi Sonkhiya Classes ,Jaipur,https://images.collegedunia.com/public/image/institute/logo_1614047107Logo.png?h=40&w=40&mode=stretch
Shesh Classes ,Mumbai,https://images.collegedunia.com/public/image/institute/logo_1614177365Sh Logo.png?h=40&w=40&mode=stretch
GetSuccessPoint (Banking),New Delhi,https://images.collegedunia.com/public/image/institute/logo_1614239975Logo1.png?h=40&w=40&mode=stretch
language academy ,Mumbai,https://images.collegedunia.com/public/image/institute/logo_1614256494LOGO.JPG?h=40&w=40&mode=stretch
Project Ideas ,Mumbai,https://images.collegedunia.com/public/image/institute/logo_1614319729LOGO (4).png?h=40&w=40&mode=stretch
CAREER GUIDE ,Bidurpur,https://images.collegedunia.com/public/image/institute/logo_1614348470LOGO.webp?h=40&w=40&mode=stretch
Foreign Academic Consultancy & Training ,Thane,https://images.collegedunia.com/public/image/institute/logo_1614350566Logo.jpg?h=40&w=40&mode=stretch
Deutsch Center ,Bangalore,https://images.collegedunia.com/public/image/institute/logo_1614389529Logo.PNG?h=40&w=40&mode=stretch
Atos - Authorized SAP Training Center ,Mumbai,https://images.collegedunia.com/public/image/institute/logo_1632491522logo.jpg?h=40&w=40&mode=stretch
CANADA IMMIGRATION CONSULTANTS ,New Delhi,https://images.collegedunia.com/public/image/institute/logo_1614589030LOGO.PNG?h=40&w=40&mode=stretch
Kansas Overseas Careers ,Bangalore,https://images.collegedunia.com/public/image/institute/logo_1614611470k-r-logo.png?h=40&w=40&mode=stretch
My Immigration Help ,New Delhi,https://images.collegedunia.com/public/image/institute/logo_1614688246download (3).jpg?h=40&w=40&mode=stretch
TICS IAS ,Kolkata,https://images.collegedunia.com/public/image/institute/logo_1614840472tics_logo.JPG?h=40&w=40&mode=stretch
Jasudben M L School ,Mumbai,https://images.collegedunia.com/public/image/institute/logo_1614930749Logo (8).jpg?h=40&w=40&mode=stretch
CAREER PLUS ,,https://images.collegedunia.com/public/image/institute/logo_1614954720CAREER PLUS- No.1 Inst.for NTA-NET LOGO.jpg?h=40&w=40&mode=stretch
Utkarsh Classes ,Jodhpur,https://images.collegedunia.com/public/image/institute/logo_1633443895logo.jpg?h=40&w=40&mode=stretch
Dr.Abhang Prabhu's Tutorials ,Mumbai,https://images.collegedunia.com/public/image/institute/logo_1615030012Logo.png?h=40&w=40&mode=stretch
Indirapuram Education Centre ,Ghaziabad,https://images.collegedunia.com/public/image/institute/logo_1615041232LOGO (10).jpg?h=40&w=40&mode=stretch
Landmark Institute ,New Delhi,https://images.collegedunia.com/public/image/institute/logo_1615274135LOGO (30).png?h=40&w=40&mode=stretch
ISBR Business School ,New Delhi,https://images.collegedunia.com/public/image/institute/logo_1615445488ISBR_LOGO.JPG?h=40&w=40&mode=stretch
ITSAD Technologies ,Bangalore,https://images.collegedunia.com/public/image/institute/logo_1615447790itsad_logo1.JPG?h=40&w=40&mode=stretch
REPUBLIC SCHOOL OF LANGUAGES ,Mumbai,https://images.collegedunia.com/public/image/institute/logo_1615452227REPUBLIC SCHOOL OF LANGUAGES logo.png?h=40&w=40&mode=stretch
Concorde Academics Mumbai ,Mumbai,https://images.collegedunia.com/public/image/institute/logo_1615523337LOGO.jpg?h=40&w=40&mode=stretch
Muley Classes ,Mumbai,https://images.collegedunia.com/public/image/institute/logo_1615524618logo.png?h=40&w=40&mode=stretch
Globesoft IT Academy ,Bangalore,https://images.collegedunia.com/public/image/institute/logo_1615548333GLOBESOFT_LOGO.JPG?h=40&w=40&mode=stretch
Niharika institute of computational engineering ,Bangalore,https://images.collegedunia.com/public/image/institute/logo_1615561652niharika_logo.JPG?h=40&w=40&mode=stretch
Best Digital Marketing Institute ,New Delhi,https://images.collegedunia.com/public/image/institute/logo_1615633498logoo.JPG?h=40&w=40&mode=stretch
Globule Overseas Consultants ,New Delhi,https://images.collegedunia.com/public/image/institute/logo_1615644393LOGO (21).png?h=40&w=40&mode=stretch
Talentedge ,Gurgaon,https://images.collegedunia.com/public/image/institute/logo_1625386311TEL.jpg?h=40&w=40&mode=stretch
IAEC Consultants ,Hyderabad,https://images.collegedunia.com/public/image/institute/logo_1615803369iaec-logo-immigration.jpg?h=40&w=40&mode=stretch
Kuberan Global Edu Solutions ,Gandarvakottai,https://images.collegedunia.com/public/image/institute/logo_1615899779LOGO.JPG?h=40&w=40&mode=stretch
Mr Service Academy ,Chennai,https://images.collegedunia.com/public/image/institute/logo_1615971638LOGO.png?h=40&w=40&mode=stretch
The Institute Of Professional Accountants (Govt Regd.) ,New Delhi,https://images.collegedunia.com/public/image/institute/logo_1616043192ipa_logo.JPG?h=40&w=40&mode=stretch
Vani Tuition ,Kolkata,https://images.collegedunia.com/public/image/institute/logo_1616127464AnyConv.com__coverpage (2) (3).jpg?h=40&w=40&mode=stretch
SoftElixir InfoTech (P) Ltd ,New Delhi,https://images.collegedunia.com/public/image/institute/logo_1616152783Softflix  Cover.jpg?h=40&w=40&mode=stretch
Pace Career Academy ,Mumbai,https://images.collegedunia.com/public/image/institute/logo_1616220896AnyConv.com__logo (5).jpg?h=40&w=40&mode=stretch
Ajay Verma Classes ,New Delhi,https://images.collegedunia.com/public/image/institute/logo_1616244804AJAY VERMA CLASS_LOGO.JPG?h=40&w=40&mode=stretch
Major HS Kalsi's Baalnoi Academy ,Jaipur,https://images.collegedunia.com/public/image/institute/logo_1616312577logo6.JPG?h=40&w=40&mode=stretch
National Institute Of Personnel Management ,Kolkata,https://images.collegedunia.com/public/image/institute/logo_1616335277LOGO (60).png?h=40&w=40&mode=stretch
NIIM ,New Delhi,https://images.collegedunia.com/public/image/institute/logo_1616342721niim-logo.JPG?h=40&w=40&mode=stretch
White Hat Academy ,Kolkata,https://images.collegedunia.com/public/image/institute/logo_1616465933logo.jpg?h=40&w=40&mode=stretch
Hemtor Learning ,Hyderabad,https://images.collegedunia.com/public/image/institute/logo_1616595934LOGO.png?h=40&w=40&mode=stretch
BSNL Rajiv Gandhi Memorial Telecom Training Centre (Telecom and Datacom Training),Chennai,https://images.collegedunia.com/public/image/institute/logo_1616670111LOGO (43).PNG?h=40&w=40&mode=stretch
Australia Consultancy ,Hyderabad,https://images.collegedunia.com/public/image/institute/logo_1616749325LOGO (52).PNG?h=40&w=40&mode=stretch
Mahatma Gandhi Institute of Technology ,Hyderabad,https://images.collegedunia.com/public/image/institute/logo_1616773375logo.PNG?h=40&w=40&mode=stretch
Aadhya Academy ,Jaipur,https://images.collegedunia.com/public/image/institute/logo_1616908645logo (62).png?h=40&w=40&mode=stretch
DeccanSoft Software Services ,Secunderabad,https://images.collegedunia.com/public/image/institute/logo_1617068495Logo.png?h=40&w=40&mode=stretch
Sri Narayana College ,Secunderabad,https://images.collegedunia.com/public/image/institute/logo_1617100930Logo.png?h=40&w=40&mode=stretch
Shraddha Childrens Academy ,Chennai,https://images.collegedunia.com/public/image/institute/logo_1617110386Logo.png?h=40&w=40&mode=stretch
Focus Group of Institutions ,Bangalore,https://images.collegedunia.com/public/image/institute/logo_1617115084logo.PNG?h=40&w=40&mode=stretch
ASTS Global Education ,Chennai,https://images.collegedunia.com/public/image/institute/logo_1617186519Logo.png?h=40&w=40&mode=stretch
Anugraham Classes ,Chennai,https://images.collegedunia.com/public/image/institute/logo_1617250686anu_logo.png?h=40&w=40&mode=stretch
Goethe-Institut Max Mueller Bhavan ,Bangalore,https://images.collegedunia.com/public/image/institute/logo_1617271255logo (10).jpg?h=40&w=40&mode=stretch
Kalhana Academy ,Bhopal,https://images.collegedunia.com/public/image/institute/logo_1617272320logo (9).png?h=40&w=40&mode=stretch
Alliance Française de Bangalore ,Bangalore,https://images.collegedunia.com/public/image/institute/logo_1617343735logo (12).png?h=40&w=40&mode=stretch
Shubham Classes (UPSC),Pune,https://images.collegedunia.com/public/image/institute/logo_1617368365logo (14).jpg?h=40&w=40&mode=stretch
Classmate Academy ,Hyderabad,https://images.collegedunia.com/public/image/institute/logo_1617368754logo.png?h=40&w=40&mode=stretch
Dr.Vishwa Medical Coaching ,Mumbai,https://images.collegedunia.com/public/image/institute/logo_1617457166logo (18).jpg?h=40&w=40&mode=stretch
Aachi Institute of Management and Entrepreneurial Development ,Chennai,https://images.collegedunia.com/public/image/institute/logo_161755143318815412_630632447130691_2034197656291465793_o.jpg?h=40&w=40&mode=stretch
IT Software Guru ,Bangalore,https://images.collegedunia.com/public/image/institute/logo_1617631671LOGO (19).png?h=40&w=40&mode=stretch
The GATE Coach ,New Delhi,https://images.collegedunia.com/public/image/institute/logo_1617634096logo.png?h=40&w=40&mode=stretch
Chembiosis Coaching Center ,Hyderabad,https://images.collegedunia.com/public/image/institute/logo_1617635947Chembiosis Coaching Center Logo.png?h=40&w=40&mode=stretch
Guruvidya Academy Pvt. Ltd. ,New Delhi,https://images.collegedunia.com/public/image/institute/logo_1617643712Guruvidya Academy _logo.JPG?h=40&w=40&mode=stretch
EDVIL Academy ,Hyderabad,https://images.collegedunia.com/public/image/institute/logo_1617789085EDVIL logo.jpg?h=40&w=40&mode=stretch
Winners Academy (NEET),Chennai,https://images.collegedunia.com/public/image/institute/logo_1618144127download.png?h=40&w=40&mode=stretch
Advertising Club Madras (Social Media Marketing (SMM)),Chennai,https://images.collegedunia.com/public/image/institute/logo_1618166148logo.JPG?h=40&w=40&mode=stretch
AP Edusoft Software Solutions ,Gurgaon,https://images.collegedunia.com/public/image/institute/logo_1618173801LOGO.jpg?h=40&w=40&mode=stretch
ASTS Global Education ,Chennai,https://images.collegedunia.com/public/image/institute/logo_1618175535Logo.png?h=40&w=40&mode=stretch
GUVI Geek Network Private Limited ,Chennai,https://images.collegedunia.com/public/image/institute/logo_1618218709GUVI Logo.png?h=40&w=40&mode=stretch
HYDERABAD DEFENCE ACADEMY ,Hyderabad,https://images.collegedunia.com/public/image/institute/logo_1618231333HYDERABAD DEFENCE ACADEMY LOOGO.jpg?h=40&w=40&mode=stretch
CodingCub ,Chennai,https://images.collegedunia.com/public/image/institute/logo_1618238253Coding cub logo.jpg?h=40&w=40&mode=stretch
Vibgyor360 Animation Studio ,Bangalore,https://images.collegedunia.com/public/image/institute/logo_1618497770Vidya Cover 1.jpg?h=40&w=40&mode=stretch
Unique Step Career Institute (12th Exam CBSE),Kolkata,https://images.collegedunia.com/public/image/institute/logo_1618693482logo.JPG?h=40&w=40&mode=stretch
DeccanSoft Software Services ,Secunderabad,https://images.collegedunia.com/public/image/institute/logo_1618742022Logo.png?h=40&w=40&mode=stretch
Shraddha Childrens Academy ,Chennai,https://images.collegedunia.com/public/image/institute/logo_1618759134Logo.png?h=40&w=40&mode=stretch
Quest For Success ,Bangalore,https://images.collegedunia.com/public/image/institute/logo_1618764085Logo.png?h=40&w=40&mode=stretch
Datta Meghe World Academy (12th Exam CBSE),Navi Mumbai,https://images.collegedunia.com/public/image/institute/logo_1618776476logo.JPG?h=40&w=40&mode=stretch
Language Nest (Language Training),Mumbai,https://images.collegedunia.com/public/image/institute/logo_1618780909logo.JPG?h=40&w=40&mode=stretch
DZone (Computer Science and Information Technology),Jaipur,https://images.collegedunia.com/public/image/institute/logo_1618792143logo.JPG?h=40&w=40&mode=stretch
E-Connect ,Mumbai,https://images.collegedunia.com/public/image/institute/logo_1618793187logo.JPG?h=40&w=40&mode=stretch
Bangalore Education Consultancy ,Bangalore,https://images.collegedunia.com/public/image/institute/logo_1619242244logo.jpg?h=40&w=40&mode=stretch
"Arena Animation, Malviya Nagar ",Jaipur,https://images.collegedunia.com/public/image/institute/logo_1619244076logo.png?h=40&w=40&mode=stretch
Kanths Consultants (Study Abroad),Hyderabad,https://images.collegedunia.com/public/image/institute/logo_1619159326LOGO (7).png?h=40&w=40&mode=stretch
Avanti Learning Centre ,Mumbai,https://images.collegedunia.com/public/image/institute/logo_1619164738Logo.jpg?h=40&w=40&mode=stretch
Communiqua Language Training Centre ,Chennai,https://images.collegedunia.com/public/image/institute/logo_1619367343Logo.jpeg?h=40&w=40&mode=stretch
United Visa Services (Visa consultants),Bangalore,https://images.collegedunia.com/public/image/institute/logo_1619389704LOGO.png?h=40&w=40&mode=stretch
Niv Educational Institute ,Kolkata,https://images.collegedunia.com/public/image/institute/logo_1619426272logo.jpg?h=40&w=40&mode=stretch
Visas Avenue Pvt. Ltd. ,New Delhi,https://images.collegedunia.com/public/image/institute/logo_1619606055LOGO.JPG?h=40&w=40&mode=stretch
Searce Logistics Analytics LLP ,Pune,https://images.collegedunia.com/public/image/institute/logo_1619889611Logo.jpeg?h=40&w=40&mode=stretch
Sir Theagaraya College ,Chennai,https://images.collegedunia.com/public/image/institute/logo_1619965088logo.jpg?h=40&w=40&mode=stretch
Baccalaureate Classes ,Gurgaon,https://images.collegedunia.com/public/image/institute/logo_1620095322LOGO.JPG?h=40&w=40&mode=stretch
Bank Coaching Centers ,Hyderabad,https://images.collegedunia.com/public/image/institute/logo_1620098075LOGO.JPG?h=40&w=40&mode=stretch
Best Home Tutor ,Bhopal,https://images.collegedunia.com/public/image/institute/logo_1620115150LOGO.JPG?h=40&w=40&mode=stretch
MSME Tool Room ,Kolkata,https://images.collegedunia.com/public/image/institute/logo_1620414623msme Logo.jpg?h=40&w=40&mode=stretch
The English Lingua ,New Delhi,https://images.collegedunia.com/public/image/institute/logo_1620417611LOGO.jpg?h=40&w=40&mode=stretch
Virtus Academy ,Chennai,https://images.collegedunia.com/public/image/institute/logo_1620562725VA Logo.jpg?h=40&w=40&mode=stretch
Calcutta Chess Academy ,Kolkata,https://images.collegedunia.com/public/image/institute/logo_1620563076calcutta chess Logo.jpg?h=40&w=40&mode=stretch
RJs ACADEMY ,Chennai,https://images.collegedunia.com/public/image/institute/logo_1620579186logo (1).PNG?h=40&w=40&mode=stretch
M.V.S. Institute of Spoken English ,Chennai,https://images.collegedunia.com/public/image/institute/logo_1620623528MVS Logo.png?h=40&w=40&mode=stretch
Doon Defence Academy ,Dehradun,https://images.collegedunia.com/public/image/institute/logo_1623574879DD.PNG?h=40&w=40&mode=stretch
TIME Institute (CAT),Hyderabad,https://images.collegedunia.com/public/image/institute/logo_1624022259TIMELO.png?h=40&w=40&mode=stretch
Verzeo Institute ,Bangalore,https://images.collegedunia.com/public/image/institute/logo_1624461616ver.jpg?h=40&w=40&mode=stretch
ACE Engineering Academy ,New Delhi,https://images.collegedunia.com/public/image/institute/logo_1625053764Logo.jpg?h=40&w=40&mode=stretch
IAS Academy ,Kolkata,https://images.collegedunia.com/public/image/institute/logo_1629372423Logo.jpg?h=40&w=40&mode=stretch
Academy For British English Learning ,Bangalore,https://images.collegedunia.com/public/image/institute/logo_1629376823Logo_Abel.png?h=40&w=40&mode=stretch
Scaler By InterviewBit ,Bangalore,https://images.collegedunia.com/public/image/institute/logo_163177873274797539_118431542933200_2322441253926469632_o.png?h=40&w=40&mode=stretch
Infinity Learn ,Hyderabad,https://images.collegedunia.com/public/image/institute/logo_1632818759infy logo 2.png?h=40&w=40&mode=stretch
IAS Academy ,Kolkata,https://images.collegedunia.com/public/image/institute/logo_1634462752logo.jpg?h=40&w=40&mode=stretch
NELTAS (MCAT),Mumbai,https://images.collegedunia.com/public/image/institute/logo_1635004446Logooo.png?h=40&w=40&mode=stretch
"Vision IAS, Jaipur ",Jaipur,https://images.collegedunia.com/public/image/institute/logo_1655906117logo_1592499414vision ias logo.webp?h=40&w=40&mode=stretch
Altus knowledge ,Bangalore,https://images.collegedunia.com/public/image/institute/logo_1657021888LOGO.jpg?h=40&w=40&mode=stretch
"Arena Animation, Andheri ",Mumbai,https://images.collegedunia.com/public/image/institute/logo_1657793629Logo.png?h=40&w=40&mode=stretch
R & R Education Foundation ,New Delhi,https://images.collegedunia.com/public/image/institute/logo_1657801675logo.png?h=40&w=40&mode=stretch
Defence Dreamers ,Lucknow,https://images.collegedunia.com/public/image/institute/logo_1660057028Logo.jpg?h=40&w=40&mode=stretch
IBT ,New Delhi,https://images.collegedunia.com/public/image/institute/logo_1661960166logo_IBT.webp?h=40&w=40&mode=stretch
Manya - The Princeton Review (IELTS),New Delhi,https://images.collegedunia.com/public/image/institute/logo_1668508699Manya Princeton review logo.jpg?h=40&w=40&mode=stretch
S- Orbit Institute ,Lucknow,https://images.collegedunia.com/public/image/institute/logo_1670503367Logo.png?h=40&w=40&mode=stretch
Reliable Institute ,Kota,https://images.collegedunia.com/public/image/institute/logo_1675505058logo.jpg?h=40&w=40&mode=stretch
RG Academy ,Ajmer,https://images.collegedunia.com/public/image/institute/logo_1676701886logo.jpg?h=40&w=40&mode=stretch
Liberty Career Academy ,Ahmedabad,https://images.collegedunia.com/public/image/institute/logo_1677116581logo.png?h=40&w=40&mode=stretch
Mentors Eduserv ,Patna,https://images.collegedunia.com/public/image/institute/logo_1682321724me logo.jpg?h=40&w=40&mode=stretch
International Gemological Institute ,Surat,https://images.collegedunia.com/public/image/institute/logo_1686112703IGI SCHOOL logo_final_page-0001.jpg?h=40&w=40&mode=stretch
VproV ,Bangalore,https://images.collegedunia.com/public/image/institute/logo_1689574720a.png.crdownload?h=40&w=40&mode=stretch
iBooks Institute ,New Delhi,https://images.collegedunia.com/public/image/institute/logo_1689751637iBook-logo.09b6a1098720f72b97a7.png?h=40&w=40&mode=stretch
Rice IAS ,Kolkata,https://images.collegedunia.com/public/image/institute/logo_1690547714cropped-FRESH.png?h=40&w=40&mode=stretch
Motion ,Kota,https://images.collegedunia.com/public/image/institute/logo_169873513755.webp?h=40&w=40&mode=stretch
Etoos India ,Kota,https://images.collegedunia.com/public/image/institute/logo_1698738381333.png?h=40&w=40&mode=stretch
"Takshila Institute, Janakpuri ",New Delhi,https://images.collegedunia.com/public/image/institute/logo_1699522930TI.logo.png?h=40&w=40&mode=stretch
Sri Chaitanya ,Mumbai,https://images.collegedunia.com/public/image/institute/logo_1700807115logo.jpg?h=40&w=40&mode=stretch
New Light Institute ,Kanpur,https://images.collegedunia.com/public/image/institute/logo_1701667306dsdsdas.png?h=40&w=40&mode=stretch
Rahmani 30 ,Patna,https://images.collegedunia.com/public/image/institute/logo_17025352873.jpg?h=40&w=40&mode=stretch
Saimedha Hyderabad ,Hyderabad,https://images.collegedunia.com/public/image/institute/logo_1702543903saimedha logo.jpg?h=40&w=40&mode=stretch
MCI-IIT-JEE ,Dehradun,https://images.collegedunia.com/public/image/institute/logo_1703587807ddd.png?h=40&w=40&mode=stretch
NIST Institute (Finance & Accounting),Mumbai,https://images.collegedunia.com/public/image/institute/logo_1618681812logo.JPG?h=40&w=40&mode=stretch
Vajirao & Reddy Institute ,New Delhi,https://images.collegedunia.com/public/image/institute/logo_1622295751vrl.PNG?h=40&w=40&mode=stretch
Drishti IAS ,New Delhi,https://images.collegedunia.com/public/image/institute/logo_1592914648logo-horizontal.png?h=40&w=40&mode=stretch
Elite IIT ,Bangalore,https://images.collegedunia.com/public/image/institute/logo_1592981893elite-iit-10301993-34a033e5.jpeg?h=40&w=40&mode=stretch
OPULENTUS – THE VISA COMPANY ,Hyderabad,https://images.collegedunia.com/public/image/institute/logo_1593659685download.png?h=40&w=40&mode=stretch
The GATE Academy ,Bangalore,https://images.collegedunia.com/public/image/institute/logo_163695123368679573_2652626424769469_2715394967253024768_n.jpg?h=40&w=40&mode=stretch
Whizdom Educare ,New Delhi,https://images.collegedunia.com/public/image/institute/logo_15940154631505021350.png?h=40&w=40&mode=stretch
Bhagirath IAS Academy ,Pune,https://images.collegedunia.com/public/image/institute/logo_1595191308101.png?h=40&w=40&mode=stretch
Vedanta IAS Academy ,New Delhi,https://images.collegedunia.com/public/image/institute/logo_1595248352vedanta ias logo.jpg?h=40&w=40&mode=stretch
VVT Coaching ,Chennai,https://images.collegedunia.com/public/image/institute/logo_1596527241VVT-LOGO-01.png?h=40&w=40&mode=stretch
Spectrum (JEE Main),Chennai,https://images.collegedunia.com/public/image/institute/logo_1596616296freesnippingtool.com_capture_20200805135943.png?h=40&w=40&mode=stretch
Meritto Educare ,Jaipur,https://images.collegedunia.com/public/image/institute/logo_1596628387logo.png?h=40&w=40&mode=stretch
Nice IAS ,New Delhi,https://images.collegedunia.com/public/image/institute/logo_1597315715Nicw ias logo.png?h=40&w=40&mode=stretch
Rajat Academy (JEE Main),Pune,https://images.collegedunia.com/public/image/institute/logo_16041391272708213-large.jpg?h=40&w=40&mode=stretch
Mitesh Rathi Classes (JEE Main),Bhopal,https://images.collegedunia.com/public/image/institute/logo_1597358921155589_271706482950332_1793339733_n.png?h=40&w=40&mode=stretch
JICE IAS Academy ,Bangalore,https://images.collegedunia.com/public/image/institute/logo_159764145561488924_2241113049310019_8306661458511396864_o.jpg?h=40&w=40&mode=stretch
Evolution Educare ,New Delhi,https://images.collegedunia.com/public/image/institute/logo_1597647469Evolution Educare.jpg?h=40&w=40&mode=stretch
IASB ,New Delhi,https://images.collegedunia.com/public/image/institute/logo_1598026126ugcnet-coaching-delhi.png?h=40&w=40&mode=stretch
"Cetking CAT , CET classes (CET)",Pune,https://images.collegedunia.com/public/image/institute/logo_1598523338freesnippingtool.com_capture_20200827152907.png?h=40&w=40&mode=stretch
Learn4exam ,New Delhi,https://images.collegedunia.com/public/image/institute/logo_1598432295L4E_logo_2bal1l.jpg?h=40&w=40&mode=stretch
Quest Academy (JEE Main),Bangalore,https://images.collegedunia.com/public/image/institute/logo_1598499247quest logo.png?h=40&w=40&mode=stretch
Singhal Law Classes (CLAT),Jaipur,https://images.collegedunia.com/public/image/institute/logo_1598549437logo.png?h=40&w=40&mode=stretch
Tides Academy ( CDSE COACHING) (CDS),Chandigarh,https://images.collegedunia.com/public/image/institute/logo_1598814547h.png?h=40&w=40&mode=stretch
Eduservex (SSC),New Delhi,https://images.collegedunia.com/public/image/institute/logo_1598868063elogo.jpg?h=40&w=40&mode=stretch
Paradygm Law CLAT Coaching Center (CLAT),Bangalore,https://images.collegedunia.com/public/image/institute/logo_1598875267freesnippingtool.com_capture_20200831170109.png?h=40&w=40&mode=stretch
Manabadi ,Hyderabad,https://images.collegedunia.com/public/image/institute/logo_1599068651logo.gif?h=40&w=40&mode=stretch
MRD Academy | Coaching for CA| CMA | CS ,Kolkata,https://images.collegedunia.com/public/image/institute/logo_1599209582logo (1).png?h=40&w=40&mode=stretch
Madhi Academy ,Chennai,https://images.collegedunia.com/public/image/institute/logo_1599337924mlogo.jpg?h=40&w=40&mode=stretch
Vidhyoday ,Bhopal,https://images.collegedunia.com/public/image/institute/logo_1599280657VIDYODAY LOGO.jpg?h=40&w=40&mode=stretch
Institute for Grooming Professionals - Ashish Kalra classes ,New Delhi,https://images.collegedunia.com/public/image/institute/logo_1599311486download (8).jpg?h=40&w=40&mode=stretch
UV Physics Academy ,Hyderabad,https://images.collegedunia.com/public/image/institute/logo_1599418165uv logo.jpg?h=40&w=40&mode=stretch
Swayam Art Academy (NATA),Mumbai,https://images.collegedunia.com/public/image/institute/logo_160068682876.jpg?h=40&w=40&mode=stretch
Stanley Infotech Academy ,Kolkata,https://images.collegedunia.com/public/image/institute/logo_1600850292stanley_infotech.jpg?h=40&w=40&mode=stretch
British Academy-School of Languages ,New Delhi,https://images.collegedunia.com/public/image/institute/logo_1601404989ba logo.jpg?h=40&w=40&mode=stretch
6Benches ,Bangalore,https://images.collegedunia.com/public/image/institute/logo_1601759237blogo.jpg?h=40&w=40&mode=stretch
Prwatech ,Bangalore,https://images.collegedunia.com/public/image/institute/logo_1601802905plogoi.jpg?h=40&w=40&mode=stretch
Analytixpro (Data Science Course),Hyderabad,https://images.collegedunia.com/public/image/institute/logo_1601981178cropped-Abouts-us-logo.png?h=40&w=40&mode=stretch
TechieNest ,Hyderabad,https://images.collegedunia.com/public/image/institute/logo_1602154650tlogo.png?h=40&w=40&mode=stretch
PHP Training Kolkata ,Kolkata,https://images.collegedunia.com/public/image/institute/logo_1602434841524955_237001489744220_1187746125_n.jpg LOGO.jpg?h=40&w=40&mode=stretch
Ducat Institute ,Noida,https://images.collegedunia.com/public/image/institute/logo_160258404710004066_364277450377795_2116502279_n.jpg?h=40&w=40&mode=stretch
Yoloshy Technologies ,Chennai,https://images.collegedunia.com/public/image/institute/logo_1602608595Yoloshy-Training-Institute-in-Chennai-1.png?h=40&w=40&mode=stretch
Aptech Learning (Data Science Course),Thane,https://images.collegedunia.com/public/image/institute/logo_1603377212download (9).jpg?h=40&w=40&mode=stretch
Svasetu ,Bangalore,https://images.collegedunia.com/public/image/institute/logo_1606476091logo.png?h=40&w=40&mode=stretch
Mind Q Systems ,Hyderabad,https://images.collegedunia.com/public/image/institute/logo_1604560727logo.jpg?h=40&w=40&mode=stretch
Tec Factory ,Bangalore,https://images.collegedunia.com/public/image/institute/logo_1604836148Screenshot (6).png?h=40&w=40&mode=stretch
Ascent Software Training Institute ,Bangalore,https://images.collegedunia.com/public/image/institute/logo_1604836021logo.jpg?h=40&w=40&mode=stretch
"Jetking, Rajajinagar (Computer Science and Information Technology)",Bangalore,https://images.collegedunia.com/public/image/institute/logo_16051743660 (1).png?h=40&w=40&mode=stretch
Goal 2 Learn ,Mumbai,https://images.collegedunia.com/public/image/institute/logo_1605847254Screenshot 2020-11-20 093729.png?h=40&w=40&mode=stretch
S-TEK IT EDUCATION ,Mumbai,https://images.collegedunia.com/public/image/institute/logo_16059050493f11a8693c145e5a604633a3b592266c-s.jpg?h=40&w=40&mode=stretch
Wings Academy ,Mumbai,https://images.collegedunia.com/public/image/institute/logo_1606106310download.jpg?h=40&w=40&mode=stretch
RIT infotech solutions ,Chennai,https://images.collegedunia.com/public/image/institute/logo_1611130131Logo.jpg?h=40&w=40&mode=stretch
Zybeak Technologies ,Chennai,https://images.collegedunia.com/public/image/institute/logo_1607503454logo2.png?h=40&w=40&mode=stretch
Technoglobe ,Jaipur,https://images.collegedunia.com/public/image/institute/logo_1606384301logo.png?h=40&w=40&mode=stretch
IOT Training In Hyderabad- Kelly Technologies ,Hyderabad,https://images.collegedunia.com/public/image/institute/logo_1607008170Logo.gif?h=40&w=40&mode=stretch
Shiv Science Classes ,Mumbai,https://images.collegedunia.com/public/image/institute/logo_1607135610sceienc1.png?h=40&w=40&mode=stretch
AES Lab ,Bangalore,https://images.collegedunia.com/public/image/institute/logo_1607157172Logo.jpg?h=40&w=40&mode=stretch
Syslog Technologies ,Bangalore,https://images.collegedunia.com/public/image/institute/logo_1607274571Capture1.PNG?h=40&w=40&mode=stretch
AvekSkills Learning Solution ,Bangalore,https://images.collegedunia.com/public/image/institute/logo_1607451129images.jpg?h=40&w=40&mode=stretch
Kelly Technologies ,Hyderabad,https://images.collegedunia.com/public/image/institute/logo_1607581949cropped-logo-1-150x53.png?h=40&w=40&mode=stretch
DesignTech CAD Academy ,Pune,https://images.collegedunia.com/public/image/institute/logo_1607614412download.png?h=40&w=40&mode=stretch
Teleman Institute of Wireless Technologies Pvt. Ltd. ,Pune,https://images.collegedunia.com/public/image/institute/logo_1607699170teleman-logo3.png?h=40&w=40&mode=stretch
IICS- Indian Institute of Computer Science Nirman Vihar ,New Delhi,https://images.collegedunia.com/public/image/institute/logo_1607684243Screenshot 2020-12-11 161312.png?h=40&w=40&mode=stretch
KGTTI - Bengaluru (RHCE),Bangalore,https://images.collegedunia.com/public/image/institute/logo_1607690581New_Logo-100x108.png?h=40&w=40&mode=stretch
Global Institute ,Pune,https://images.collegedunia.com/public/image/institute/logo_1607691699Global-Institute_Logo-1.png?h=40&w=40&mode=stretch
QCS DC LABS ,Bangalore,https://images.collegedunia.com/public/image/institute/logo_1607752781Logo-Sml.png?h=40&w=40&mode=stretch
iMEQ Technologies Pvt Ltd ,Hyderabad,https://images.collegedunia.com/public/image/institute/logo_1607785474imeq.png?h=40&w=40&mode=stretch
MADE EASY ,New Delhi,https://images.collegedunia.com/public/image/institute/logo_1608638877logo.jpg?h=40&w=40&mode=stretch
Innovate Engineering Solutions ,Chennai,https://images.collegedunia.com/public/image/institute/logo_1609342612Logo_final.png?h=40&w=40&mode=stretch
Yaal Tech IT Solution ,Hyderabad,https://images.collegedunia.com/public/image/institute/logo_1609228690Logo.jpg?h=40&w=40&mode=stretch
AFS Academy ,Hyderabad,https://images.collegedunia.com/public/image/institute/logo_1609232050Logo.jpg?h=40&w=40&mode=stretch
I-Self Academy ,Chennai,https://images.collegedunia.com/public/image/institute/logo_1609397723l.png?h=40&w=40&mode=stretch
Microinch Hub Pvt Ltd ,Mumbai,https://images.collegedunia.com/public/image/institute/logo_1609677196logo.jpg?h=40&w=40&mode=stretch
PROJUKTI ,Kolkata,https://images.collegedunia.com/public/image/institute/logo_1609704824l.png?h=40&w=40&mode=stretch
Micro-Pro ,Kolkata,https://images.collegedunia.com/public/image/institute/logo_1609768167LOGO.png?h=40&w=40&mode=stretch
Ace Academy ,Hyderabad,https://images.collegedunia.com/public/image/institute/logo_1621962385Logo.jpg?h=40&w=40&mode=stretch
Super 30 ,Patna,https://images.collegedunia.com/public/image/institute/logo_1622007321super 30 logo.png?h=40&w=40&mode=stretch
Digi Midas ,Thane,https://images.collegedunia.com/public/image/institute/logo_1610439088Digimidas-logo.png?h=40&w=40&mode=stretch
Digital Vidya ,New Delhi,https://images.collegedunia.com/public/image/institute/logo_1610541988Digital Vidya logo.jpg?h=40&w=40&mode=stretch
Ameti Academy ,Hyderabad,https://images.collegedunia.com/public/image/institute/logo_1610787039AA_LOGO.png?h=40&w=40&mode=stretch
BSI Group India Pvt. Ltd. Mumbai ,New Delhi,https://images.collegedunia.com/public/image/institute/logo_1610802058logo.png?h=40&w=40&mode=stretch
MBA ESG India ,Bangalore,https://images.collegedunia.com/public/image/institute/logo_1610942612logo.png?h=40&w=40&mode=stretch
Net Mantra UGC Net Institute ,New Delhi,https://images.collegedunia.com/public/image/institute/logo_1611036605new1.png?h=40&w=40&mode=stretch
Creativesoft Academic Projects ,Hyderabad,https://images.collegedunia.com/public/image/institute/logo_1611056969logo.png?h=40&w=40&mode=stretch
Synthesis Learning ,Mumbai,https://images.collegedunia.com/public/image/institute/logo_1611128198Logo.jpg?h=40&w=40&mode=stretch
GNS Technologies ,Pune,https://images.collegedunia.com/public/image/institute/logo_1611224988Logo.png?h=40&w=40&mode=stretch
Innovate Engineering Solutions ,Chennai,https://images.collegedunia.com/public/image/institute/logo_1611239687Logo_final.png?h=40&w=40&mode=stretch
Training Ship Rahman ,Mumbai,https://images.collegedunia.com/public/image/institute/logo_1611244994TS Rahaman Logo.jpg?h=40&w=40&mode=stretch
Eglogics Softech Pvt Ltd ,Noida,https://images.collegedunia.com/public/image/institute/logo_1611281585Logo.jpg?h=40&w=40&mode=stretch
