Institutes Names,Institutes Place,Logo Link
United Global Soft ,Hyderabad,https://images.collegedunia.com/public/image/institute/logo_1603024571logo.png?h=40&w=40&mode=stretch
Qedge Technologies (Data Science Course),Hyderabad,https://images.collegedunia.com/public/image/institute/logo_1603094257download.jpg?h=40&w=40&mode=stretch
OneRupeeST ,Pune,https://images.collegedunia.com/public/image/institute/logo_16031852771.jpg?h=40&w=40&mode=stretch
Cognixia (Data Science Course),Pune,https://images.collegedunia.com/public/image/institute/logo_1603210236download (6).jpg?h=40&w=40&mode=stretch
Grras Solutions Pvt. Ltd. (Data Science Course),Pune,https://images.collegedunia.com/public/image/institute/logo_1603706542lgo.png?h=40&w=40&mode=stretch
Felix-ITs Academy ,Pune,https://images.collegedunia.com/public/image/institute/logo_1603297441logo.png?h=40&w=40&mode=stretch
Digital Lync Technologies Pvt Ltd ,Hyderabad,https://images.collegedunia.com/public/image/institute/logo_1603352183digital-lyncs-devops-python-digital-marketing-training-hyderabad.png?h=40&w=40&mode=stretch
TechGeest Solutions ,Bangalore,https://images.collegedunia.com/public/image/institute/logo_1603352808download.png?h=40&w=40&mode=stretch
IGuru learning ,Pune,https://images.collegedunia.com/public/image/institute/logo_160342542716112958_1938507646369383_6773884319043345479_o.png?h=40&w=40&mode=stretch
Willsys Sap Hadoop Training ,Bangalore,https://images.collegedunia.com/public/image/institute/logo_1603647421logo.jpg?h=40&w=40&mode=stretch
Kosmik Technologies Pvt Ltd ,Hyderabad,https://images.collegedunia.com/public/image/institute/logo_1603869597logo.png?h=40&w=40&mode=stretch
Career Mudhra ,Chennai,https://images.collegedunia.com/public/image/institute/logo_1603899954CM-logo-v2-1.png?h=40&w=40&mode=stretch
SKETO Infotech Pvt Ltd ,Mumbai,https://images.collegedunia.com/public/image/institute/logo_1603988059logo.png?h=40&w=40&mode=stretch
Academy of Web Technologies & Information Management Web Design ,Kolkata,https://images.collegedunia.com/public/image/institute/logo_160431918470.jpg?h=40&w=40&mode=stretch
Coding Sastra ,Hyderabad,https://images.collegedunia.com/public/image/institute/logo_1604317811cs1.jpg?h=40&w=40&mode=stretch
Jeevanopadhi Best Training Institute ,Hyderabad,https://images.collegedunia.com/public/image/institute/logo_1604567897Logo.png?h=40&w=40&mode=stretch
APSMIND ,New Delhi,https://images.collegedunia.com/public/image/institute/logo_1604591927Logo.png?h=40&w=40&mode=stretch
SAP FICO Training Institute ,Noida,https://images.collegedunia.com/public/image/institute/logo_1604592350th (1).jpg?h=40&w=40&mode=stretch
Goodrich IT Solution ,Hyderabad,https://images.collegedunia.com/public/image/institute/logo_1604644106logo.jpg?h=40&w=40&mode=stretch
SDLC Training (Computer Science and Information Technology),Bangalore,https://images.collegedunia.com/public/image/institute/logo_1604825952sdlc-logo1.png?h=40&w=40&mode=stretch
Be Practical ,Bangalore,https://images.collegedunia.com/public/image/institute/logo_1604888778logo.png?h=40&w=40&mode=stretch
Innovative Academy ,Bangalore,https://images.collegedunia.com/public/image/institute/logo_1604890969logo.jpg?h=40&w=40&mode=stretch
Uttara Computers ,Bangalore,https://images.collegedunia.com/public/image/institute/logo_1604893412logo.png?h=40&w=40&mode=stretch
Arcus Infotech ,Bangalore,https://images.collegedunia.com/public/image/institute/logo_1604905045Arcus_infotech_logo_1.png?h=40&w=40&mode=stretch
Arth Institute ,New Delhi,https://images.collegedunia.com/public/image/institute/logo_1604947874arth_new_logo.png?h=40&w=40&mode=stretch
Apex Online IT Training ,Hyderabad,https://images.collegedunia.com/public/image/institute/logo_1605089700download (1).jpg?h=40&w=40&mode=stretch
Skillogic Technologies (Computer Science and Information Technology),Hyderabad,https://images.collegedunia.com/public/image/institute/logo_1605170940logo s.png?h=40&w=40&mode=stretch
MAME Engineering Tuitions ,Bangalore,https://images.collegedunia.com/public/image/institute/logo_1605279167logo.jpg?h=40&w=40&mode=stretch
Poonia Pharmacy Coaching ,Jaipur,https://images.collegedunia.com/public/image/institute/logo_1605294956logo.jpg?h=40&w=40&mode=stretch
"Java By Kiran - Java Classes in Pune, Selenium Classes, Python Classes in Pune (Computer Science and Information Technology)",Pune,https://images.collegedunia.com/public/image/institute/logo_1605475000logojbk.png?h=40&w=40&mode=stretch
ITPRENEUR DATA SYSTEM PVT. LTD. (Computer Science and Information Technology),Pune,https://images.collegedunia.com/public/image/institute/logo_1605556858il.png?h=40&w=40&mode=stretch
DQ Labs ,Bangalore,https://images.collegedunia.com/public/image/institute/logo_160559151510709618-15671480275403516.jpg?h=40&w=40&mode=stretch
krystalsoftsolutions ,Hyderabad,https://images.collegedunia.com/public/image/institute/logo_1605723166krystal logo.png?h=40&w=40&mode=stretch
IMPACT COMPUTER TRAINING INSTITUTE ,Mumbai,https://images.collegedunia.com/public/image/institute/logo_1605800785download.png?h=40&w=40&mode=stretch
JSpiders BTM ,Bangalore,https://images.collegedunia.com/public/image/institute/logo_1605865680jlogo.png?h=40&w=40&mode=stretch
Anoop tech ,Bangalore,https://images.collegedunia.com/public/image/institute/logo_1605971291anL.jpg?h=40&w=40&mode=stretch
JTC India ,Noida,https://images.collegedunia.com/public/image/institute/logo_1605976063jtc logo.png?h=40&w=40&mode=stretch
Begin Skills ,Bangalore,https://images.collegedunia.com/public/image/institute/logo_1607339163download.png?h=40&w=40&mode=stretch
MYWBUT ,Kolkata,https://images.collegedunia.com/public/image/institute/logo_1606175122logo (7).png?h=40&w=40&mode=stretch
Caddgild Learning Academy ,Bangalore,https://images.collegedunia.com/public/image/institute/logo_1606218025logo.jpg?h=40&w=40&mode=stretch
Devu - Python and Data Science Training ,Bangalore,https://images.collegedunia.com/public/image/institute/logo_1606300787download.png?h=40&w=40&mode=stretch
NINT ,Chennai,https://images.collegedunia.com/public/image/institute/logo_1606323537nint-web-logo.png?h=40&w=40&mode=stretch
Gloedge Technologies ,Bangalore Rural,https://images.collegedunia.com/public/image/institute/logo_1606391339glodge logo.jpg?h=40&w=40&mode=stretch
"SAS Training in Delhi - Python, Data Science, Tableau  And Analytics Training Institute ",New Delhi,https://images.collegedunia.com/public/image/institute/logo_1606468990analytics-training-in-delhi-ncr.png?h=40&w=40&mode=stretch
SEO Training Institute ,New Delhi,https://images.collegedunia.com/public/image/institute/logo_1611396273SEO Training Institute LOGO.jpg?h=40&w=40&mode=stretch
Optimize SQL Technologies ,Hyderabad,https://images.collegedunia.com/public/image/institute/logo_1606558336Logo.png?h=40&w=40&mode=stretch
Envision Computer Training Institute ,Pune,https://images.collegedunia.com/public/image/institute/logo_1606654793download.png?h=40&w=40&mode=stretch
scripting school ,Hyderabad,https://images.collegedunia.com/public/image/institute/logo_1614590530logo.jpg?h=40&w=40&mode=stretch
JNtech Network ,Greater Noida,https://images.collegedunia.com/public/image/institute/logo_1607009536jntech-networks-logo-final-f-2.png?h=40&w=40&mode=stretch
SIGNETSOFT Clinical SAS training ,Bangalore,https://images.collegedunia.com/public/image/institute/logo_1607048961CLI8NICAL SAS 2.jpg?h=40&w=40&mode=stretch
SS Technovation ,Coimbatore,https://images.collegedunia.com/public/image/institute/logo_1607143831logo1.png?h=40&w=40&mode=stretch
Digitech Academy ,Bangalore,https://images.collegedunia.com/public/image/institute/logo_1607095260digitech-1.jpg?h=40&w=40&mode=stretch
Rexton It Solution ,Noida,https://images.collegedunia.com/public/image/institute/logo_1607155209logo.png?h=40&w=40&mode=stretch
Emerald Global Automation India | PLC Training in Chennai | Embedded Training in Chennai ,Chennai,https://images.collegedunia.com/public/image/institute/logo_1607165677Emerald-PNG.png?h=40&w=40&mode=stretch
CloudThat Technologies ,Bangalore,https://images.collegedunia.com/public/image/institute/logo_1607172273Screenshot 2020-12-05 180250.png?h=40&w=40&mode=stretch
Tecsacon Technologies ,Bangalore,https://images.collegedunia.com/public/image/institute/logo_1607173747tecs.png?h=40&w=40&mode=stretch
Webstack Academy ,Bangalore,https://images.collegedunia.com/public/image/institute/logo_1607185436OIP (5).jfif?h=40&w=40&mode=stretch
Prolific Training Centre ,Thane,https://images.collegedunia.com/public/image/institute/logo_1607270285pousse-logo.png?h=40&w=40&mode=stretch
Elegant IT Service ,Bangalore,https://images.collegedunia.com/public/image/institute/logo_1607343177Logo.jpg?h=40&w=40&mode=stretch
TGC India ,New Delhi,https://images.collegedunia.com/public/image/institute/logo_1607418261tgc.PNG?h=40&w=40&mode=stretch
EDGE School of Construction Management ,Hyderabad,https://images.collegedunia.com/public/image/institute/logo_1607429322edge3.png?h=40&w=40&mode=stretch
iPap Academy ,Hyderabad,https://images.collegedunia.com/public/image/institute/logo_1607453852LOGO.png?h=40&w=40&mode=stretch
"Sage Automation - PLC, SCADA, Automation Training Centre (Autocad Training)",Mumbai,https://images.collegedunia.com/public/image/institute/logo_1607498021sage-automation-naupada-thane-west-thane-plc-training-institutes-ecj0mfedxx.jpg?h=40&w=40&mode=stretch
EDIT Institute - Dadar | UI UX Design Course | UX Design course | Graphic Design Courses ,Mumbai,https://images.collegedunia.com/public/image/institute/logo_1607506024edit-institute-logo.png?h=40&w=40&mode=stretch
CADD CENTRE Skills Driven. Job Led ,New Delhi,https://images.collegedunia.com/public/image/institute/logo_1607576035logo.png?h=40&w=40&mode=stretch
Kagira Drawing Solution ,Chennai,https://images.collegedunia.com/public/image/institute/logo_1607582336logo KAgira.png?h=40&w=40&mode=stretch
Arena Animation Saket ,New Delhi,https://images.collegedunia.com/public/image/institute/logo_1607625524Arena-Registered-Logo-2.png?h=40&w=40&mode=stretch
Central Footwear Training Institute ,Chennai,https://images.collegedunia.com/public/image/institute/logo_1607760977clogo.png?h=40&w=40&mode=stretch
Medini ,Bangalore,https://images.collegedunia.com/public/image/institute/logo_1607763691new-logo-medini-colour-2.png?h=40&w=40&mode=stretch
TOP IT ACADEMY ,Pune,https://images.collegedunia.com/public/image/institute/logo_1607764332topit.jpg?h=40&w=40&mode=stretch
iVERTEX Technologies ,Pune,https://images.collegedunia.com/public/image/institute/logo_1607774120logo-app.jpg?h=40&w=40&mode=stretch
Ghatge's Academy of Technology and Science ,New Delhi,https://images.collegedunia.com/public/image/institute/logo_1607791786unnamed (2).jpg?h=40&w=40&mode=stretch
ACIT Education Pvt Ltd ,Mumbai,https://images.collegedunia.com/public/image/institute/logo_1607866407ACITlogo.png?h=40&w=40&mode=stretch
Network IE InfoSystems Pvt Ltd ,Bhopal,https://images.collegedunia.com/public/image/institute/logo_160878716624232145_850025288501940_7121273291248644723_n.png?h=40&w=40&mode=stretch
Innovic India Private Limited - PLC SCADA TRAINING ,New Delhi,https://images.collegedunia.com/public/image/institute/logo_1607923909innovic-logo.png?h=40&w=40&mode=stretch
RCP Technologies ,Hyderabad,https://images.collegedunia.com/public/image/institute/logo_1607948793rcptec-logo.png?h=40&w=40&mode=stretch
Quality Thought ,Hyderabad,https://images.collegedunia.com/public/image/institute/logo_1627381415Logo.jpg?h=40&w=40&mode=stretch
Geetika Infotech ,Hyderabad,https://images.collegedunia.com/public/image/institute/logo_1607962644ee.png?h=40&w=40&mode=stretch
TECH VEDA ,Hyderabad,https://images.collegedunia.com/public/image/institute/logo_1608814599logo (5).png?h=40&w=40&mode=stretch
DMTI SOFTPRO - Digital Marketing Course Matunga Dadar ,Mumbai,https://images.collegedunia.com/public/image/institute/logo_1609740540images.png?h=40&w=40&mode=stretch
"DMTI Softpro-Digital Marketing Courses in Andheri,Mumbai ",Mumbai,https://images.collegedunia.com/public/image/institute/logo_1609144063download.png?h=40&w=40&mode=stretch
Ediify - Digital Marketing Courses ,Mumbai,https://images.collegedunia.com/public/image/institute/logo_1609009997LOGO (7).png?h=40&w=40&mode=stretch
Lite Mentors ,Chennai,https://images.collegedunia.com/public/image/institute/logo_16090557531519922046738.png?h=40&w=40&mode=stretch
Avision Institute ,Kolkata,https://images.collegedunia.com/public/image/institute/logo_1609221342Logo.png?h=40&w=40&mode=stretch
Digital PR World ,Kolkata,https://images.collegedunia.com/public/image/institute/logo_1609242976Logo.jpg?h=40&w=40&mode=stretch
Aryan Technologies ,Pune,https://images.collegedunia.com/public/image/institute/logo_1609333527logo (1).png?h=40&w=40&mode=stretch
ProShiksha Digital Marketing Courses Training Institute ,Mumbai,https://images.collegedunia.com/public/image/institute/logo_1609168898LOGO (9).png?h=40&w=40&mode=stretch
System and Network Technologies ,Pune,https://images.collegedunia.com/public/image/institute/logo_1609334007Logo 1.png?h=40&w=40&mode=stretch
Kandra Digital ,Bangalore,https://images.collegedunia.com/public/image/institute/logo_1609214343Kandra Digital logo.jpg?h=40&w=40&mode=stretch
SEO Training And Consultancy ,Thane,https://images.collegedunia.com/public/image/institute/logo_1609306293unnamed.jpg?h=40&w=40&mode=stretch
Taiba Engineering Consultants ,Hyderabad,https://images.collegedunia.com/public/image/institute/logo_1609226778Taiba-Logo.png?h=40&w=40&mode=stretch
RJP Infotek Pvt Ltd ,Chennai,https://images.collegedunia.com/public/image/institute/logo_1609226847logo-new.png?h=40&w=40&mode=stretch
Excel Spark ,Chennai,https://images.collegedunia.com/public/image/institute/logo_1609243594L.jpg?h=40&w=40&mode=stretch
Techtree Technologies ,Kolkata,https://images.collegedunia.com/public/image/institute/logo_1609251806Techtree Technologies logo.png?h=40&w=40&mode=stretch
DIGITAL DECK ,Bangalore,https://images.collegedunia.com/public/image/institute/logo_1609313345digital deck logo.png?h=40&w=40&mode=stretch
Dynamics Square ,Gurgaon,https://images.collegedunia.com/public/image/institute/logo_1609570916dynamic logo.jpg?h=40&w=40&mode=stretch
Talenteye Academy- Bangalore ,Bangalore,https://images.collegedunia.com/public/image/institute/logo_1609571219Logo (9).jpg?h=40&w=40&mode=stretch
Biva Animation And VFX Academy ,Kolkata,https://images.collegedunia.com/public/image/institute/logo_1617990911biva-animation-jadavpur-university-kolkata-computer-training-institutes-9ap3qg84nu.jpg?h=40&w=40&mode=stretch
Talenteye- Data Science Training ,Bangalore,https://images.collegedunia.com/public/image/institute/logo_1609708308download (1).png?h=40&w=40&mode=stretch
GrowthWell Consulting Pvt. Ltd ,Mumbai,https://images.collegedunia.com/public/image/institute/logo_1609757513logo (5).jpeg?h=40&w=40&mode=stretch
99 Digital Academy ,Gurgaon,https://images.collegedunia.com/public/image/institute/logo_1609768892Logo.jpeg?h=40&w=40&mode=stretch
Transglobal Overseas Education Consultants ,New Delhi,https://images.collegedunia.com/public/image/institute/logo_1609841249LOGO.jpg?h=40&w=40&mode=stretch
Digital Web Academy - Best Digital Marketing Training in Bangalore ,Bangalore,https://images.collegedunia.com/public/image/institute/logo_1610219046digital web logo.jpg?h=40&w=40&mode=stretch
NIILE SOLUTION ,Chennai,https://images.collegedunia.com/public/image/institute/logo_1609913095logo.png?h=40&w=40&mode=stretch
CS CAD Technologies ,Hyderabad,https://images.collegedunia.com/public/image/institute/logo_1610007400Logo.jpg?h=40&w=40&mode=stretch
Coding Blocks ,New Delhi,https://images.collegedunia.com/public/image/institute/logo_1622555357Cb.png?h=40&w=40&mode=stretch
Cranberry Overseas Education Consultant ,Mumbai,https://images.collegedunia.com/public/image/institute/logo_1610303676b.png?h=40&w=40&mode=stretch
Online Idea Lab ,Bangalore,https://images.collegedunia.com/public/image/institute/logo_1610360192logo (11).png?h=40&w=40&mode=stretch
Aussizz Group ,Chennai,https://images.collegedunia.com/public/image/institute/logo_1610524018Logo23.jpg?h=40&w=40&mode=stretch
ARIHANT CA ,New Delhi,https://images.collegedunia.com/public/image/institute/logo_1610537571LOGO.png?h=40&w=40&mode=stretch
Expert Academy ,Saharanpur,"https://images.collegedunia.com/public/image/institute/logo_1610543681logo,.,.,.,..jpg?h=40&w=40&mode=stretch"
Ranker’s Learning ,Hyderabad,https://images.collegedunia.com/public/image/institute/logo_1610589962Rankers Learning LOGO1.jpg?h=40&w=40&mode=stretch
Atharv Overseas Education Consultancy Pvt. Ltd. ,Mumbai,https://images.collegedunia.com/public/image/institute/logo_1610592888logo_image.png?h=40&w=40&mode=stretch
Srihari GATE Academy ,Rajahmundhry,https://images.collegedunia.com/public/image/institute/logo_1610601831Srihari GATE Academy  logo.jpg?h=40&w=40&mode=stretch
VYOM Academy ,Ghaziabad,https://images.collegedunia.com/public/image/institute/logo_1610606224logo vyom.jpg?h=40&w=40&mode=stretch
Institute of Digital and Content Marketing (IDCM) | Kolkata ,Kolkata,https://images.collegedunia.com/public/image/institute/logo_1610619998logo.jpg?h=40&w=40&mode=stretch
NevonProjects ,Mumbai,https://images.collegedunia.com/public/image/institute/logo_1610685783nevonprojects-logo.png?h=40&w=40&mode=stretch
Bluebird academy ,Chennai,https://images.collegedunia.com/public/image/institute/logo_1615576050logo (4) (1).png?h=40&w=40&mode=stretch
DGA Professional Institute ,New Delhi,https://images.collegedunia.com/public/image/institute/logo_1610706073DGA Professional Institute logo.jpg?h=40&w=40&mode=stretch
International Montessori Teacher Training Institute ,Chennai,https://images.collegedunia.com/public/image/institute/logo_1610707002l.png?h=40&w=40&mode=stretch
MAYA ACADEMY OF ADVANCED CINEMATICS ,Mumbai,https://images.collegedunia.com/public/image/institute/logo_1610727603logo-maac-powai.png?h=40&w=40&mode=stretch
Financial Planning Academy ,Mumbai,https://images.collegedunia.com/public/image/institute/logo_1610788146logo (3).png?h=40&w=40&mode=stretch
DoTheDigital ,Hyderabad,https://images.collegedunia.com/public/image/institute/logo_1616585523LOGO.png?h=40&w=40&mode=stretch
System And Network Technologies Training Institute ,Pune,https://images.collegedunia.com/public/image/institute/logo_1610811416ll.png?h=40&w=40&mode=stretch
Avina Technologies ,Hyderabad,https://images.collegedunia.com/public/image/institute/logo_1610854543Logo.png?h=40&w=40&mode=stretch
ANEXPERTISE ,Pune,https://images.collegedunia.com/public/image/institute/logo_1610870098ll.png?h=40&w=40&mode=stretch
Introduction Computer Centre ,Kolkata,https://images.collegedunia.com/public/image/institute/logo_1610876641logo.png?h=40&w=40&mode=stretch
Arihant Webtech - Web Design and SEO Company - Delhi ,New Delhi,https://images.collegedunia.com/public/image/institute/logo_1610913265ll.png?h=40&w=40&mode=stretch
Pointer Soft Technologies ,New Delhi,https://images.collegedunia.com/public/image/institute/logo_1634984809Logo.png?h=40&w=40&mode=stretch
Colorbox Art Academy ,Jaipur,https://images.collegedunia.com/public/image/institute/logo_1611068390colorbox_logo.jpg?h=40&w=40&mode=stretch
"JP Institute: MPPSC |Best IAS, SSC | UPSC coaching in Bhopal ",Bhopal,https://images.collegedunia.com/public/image/institute/logo_1611130721l.jpeg?h=40&w=40&mode=stretch
Bond Classes ,Bhopal,https://images.collegedunia.com/public/image/institute/logo_1611151908Logo.jpeg?h=40&w=40&mode=stretch
Excel SSC Coaching ,New Delhi,https://images.collegedunia.com/public/image/institute/logo_1611152856unnamed.jpg?h=40&w=40&mode=stretch
DPIT Systems Automotive Embedded Training ,Bangalore,https://images.collegedunia.com/public/image/institute/logo_1611211201unnamed.png?h=40&w=40&mode=stretch
QuantInsti Quantitative Learning Pvt Ltd ,Mumbai,https://images.collegedunia.com/public/image/institute/logo_1611208312logo.png?h=40&w=40&mode=stretch
NIIT Pune ,Pune,https://images.collegedunia.com/public/image/institute/logo_1611287686Logo.jpeg?h=40&w=40&mode=stretch
Pranob Biology Tutorial ,Kolkata,https://images.collegedunia.com/public/image/institute/logo_1611306341Logo.jpg?h=40&w=40&mode=stretch
Anvistar IT Training Services ,Pune,https://images.collegedunia.com/public/image/institute/logo_1611327249Logo.jpg?h=40&w=40&mode=stretch
Gurusiksha - Learn To Achieve ,Kolkata,https://images.collegedunia.com/public/image/institute/logo_1611331269Gurusikha Logo.jpg?h=40&w=40&mode=stretch
Dalcomp Technologies P Ltd ,Pune,https://images.collegedunia.com/public/image/institute/logo_1611369624Logo.jpg?h=40&w=40&mode=stretch
DT's Classes ,New Delhi,https://images.collegedunia.com/public/image/institute/logo_1662018309logo_16619489132021-09-14.jpeg?h=40&w=40&mode=stretch
Harvin Academy ,New Delhi,https://images.collegedunia.com/public/image/institute/logo_1611413031LOGO.jpeg?h=40&w=40&mode=stretch
Edumindz Training Solutions ,Mumbai,https://images.collegedunia.com/public/image/institute/logo_1611493736Edumindz Logo.png?h=40&w=40&mode=stretch
Arrow Multimedia ,Hyderabad,https://images.collegedunia.com/public/image/institute/logo_1611554921logo899.png?h=40&w=40&mode=stretch
Maurya Competition Classes ,Jaipur,https://images.collegedunia.com/public/image/institute/logo_161157315581442366_751552335328341_8470477906387140608_n.jpg?h=40&w=40&mode=stretch
Architecture MasterClass ,Mumbai,https://images.collegedunia.com/public/image/institute/logo_1611730286Logo.png?h=40&w=40&mode=stretch
Lotus Education ,New Delhi,https://images.collegedunia.com/public/image/institute/logo_1611812189AnyConv.com__LOGO.jpg?h=40&w=40&mode=stretch
DDigitalTree ,Mumbai,https://images.collegedunia.com/public/image/institute/logo_1611827481LOGO.png?h=40&w=40&mode=stretch
Extel Academy ,Chennai,https://images.collegedunia.com/public/image/institute/logo_1611827703extellogo.png?h=40&w=40&mode=stretch
Kaushalya Technical Training and Consutancy ,Bangalore,https://images.collegedunia.com/public/image/institute/logo_1611832244logo.png?h=40&w=40&mode=stretch
Varistor Technologies Pvt. Ltd. ,Bangalore,https://images.collegedunia.com/public/image/institute/logo_1611838958logo.png?h=40&w=40&mode=stretch
Dronacharya Education Academy ,Pune,https://images.collegedunia.com/public/image/institute/logo_1611840073logo1.png?h=40&w=40&mode=stretch
Success Ibt Institute ,Pune,https://images.collegedunia.com/public/image/institute/logo_1611987568logo.png?h=40&w=40&mode=stretch
Mindchangers Academy Pvt. Ltd. ,Pune,https://images.collegedunia.com/public/image/institute/logo_161193359922105.jpg?h=40&w=40&mode=stretch
P2P OVERSEAS CONSULTANTS PVT.LTD ,Hyderabad,https://images.collegedunia.com/public/image/institute/logo_1611954425p2plogo.jpg?h=40&w=40&mode=stretch
Badlani Classes ,New Delhi,https://images.collegedunia.com/public/image/institute/logo_1611982217Logo.png?h=40&w=40&mode=stretch
Good To Excellence ,Bangalore,https://images.collegedunia.com/public/image/institute/logo_1611982382Logo512.png?h=40&w=40&mode=stretch
Big Ben The Language School ,Noida,https://images.collegedunia.com/public/image/institute/logo_1611988843logo.jpg?h=40&w=40&mode=stretch
Shivaami Academy ,Mumbai,https://images.collegedunia.com/public/image/institute/logo_1611989755shivaamiacademy_logo.png?h=40&w=40&mode=stretch
Macsofy Technologies (Ethical Hacking Online Training),Mumbai,https://images.collegedunia.com/public/image/institute/logo_1611995008logo (5).png?h=40&w=40&mode=stretch
Ias Brains ,Hyderabad,https://images.collegedunia.com/public/image/institute/logo_161200249675242289_1567875673382303_8788809012873707684_o.png?h=40&w=40&mode=stretch
Learn IT Hub ,Hyderabad,https://images.collegedunia.com/public/image/institute/logo_1612008040logo.png?h=40&w=40&mode=stretch
JSP NEET ACADEMY ,Chennai,https://images.collegedunia.com/public/image/institute/logo_1612015386LOGO.jpg?h=40&w=40&mode=stretch
SV Soft Solutions ,Hyderabad,https://images.collegedunia.com/public/image/institute/logo_1612032804logo (7).png?h=40&w=40&mode=stretch
Sanjay Commerce Classes ,Jaipur,https://images.collegedunia.com/public/image/institute/logo_1612039257sanjay-c-c (1).png?h=40&w=40&mode=stretch
Appolo Academy ,Chennai,https://images.collegedunia.com/public/image/institute/logo_1612061202images (1).png?h=40&w=40&mode=stretch
Samskar IAS Academy ,Chennai,https://images.collegedunia.com/public/image/institute/logo_1612062968Logo.png?h=40&w=40&mode=stretch
Shivaami Academy ,Mumbai,https://images.collegedunia.com/public/image/institute/logo_1612078412LOGO.PNG?h=40&w=40&mode=stretch
I Tech Computer Education ,Thane,https://images.collegedunia.com/public/image/institute/logo_1612081905LOGO.png?h=40&w=40&mode=stretch
SG Study Circle ,New Delhi,https://images.collegedunia.com/public/image/institute/logo_1612155995logo (2).png?h=40&w=40&mode=stretch
Eiglewings Educational Institute ,New Delhi,https://images.collegedunia.com/public/image/institute/logo_1612192013cropped-Eiglewings-1.png?h=40&w=40&mode=stretch
N.N.Sharma & Associates Cost Accountants ,New Delhi,https://images.collegedunia.com/public/image/institute/logo_1612277831logo6.png?h=40&w=40&mode=stretch
ACES IAS Academy ,Pune,https://images.collegedunia.com/public/image/institute/logo_1612279140logo.jpg?h=40&w=40&mode=stretch
IITian's Prashikshan Kendra Pvt. Ltd ,Pune,https://images.collegedunia.com/public/image/institute/logo_1612356160iitpk Logo.jpg?h=40&w=40&mode=stretch
Rahul IAS ,New Delhi,https://images.collegedunia.com/public/image/institute/logo_1612342233rahul_logo.jpg?h=40&w=40&mode=stretch
Riya Education Pvt Ltd ,Mumbai,https://images.collegedunia.com/public/image/institute/logo_1612344662Logo (13).png?h=40&w=40&mode=stretch
Samarpan Career Institute ,Jaipur,https://images.collegedunia.com/public/image/institute/logo_1612346865Logo (11).jpg?h=40&w=40&mode=stretch
Designient School of Masterminds ,Bangalore,https://images.collegedunia.com/public/image/institute/logo_1612353778Logo.jpg?h=40&w=40&mode=stretch
IBS SSC Coaching And Bank PO ,Agra,https://images.collegedunia.com/public/image/institute/logo_1612361287logo (14).png?h=40&w=40&mode=stretch
Greenbox Digital Institute ,New Delhi,https://images.collegedunia.com/public/image/institute/logo_1612364591logo.jpg?h=40&w=40&mode=stretch
Selenium Labs ,Bangalore,https://images.collegedunia.com/public/image/institute/logo_1612364872Logo.png?h=40&w=40&mode=stretch
W3 Training School ,Guraora,https://images.collegedunia.com/public/image/institute/logo_1612446299brochure.png?h=40&w=40&mode=stretch
Nordic Academy ,Kolkata,https://images.collegedunia.com/public/image/institute/logo_1612465331Logo.jpg?h=40&w=40&mode=stretch
Green World Group ,Kolkata,https://images.collegedunia.com/public/image/institute/logo_1612466675Logo.jpg?h=40&w=40&mode=stretch
Takshshila ,Hyderabad,https://images.collegedunia.com/public/image/institute/logo_1612508495takshshilalogo (1).png?h=40&w=40&mode=stretch
Everwin Education ,Chennai,https://images.collegedunia.com/public/image/institute/logo_1612514024Everwin Logo.png?h=40&w=40&mode=stretch
Spanish Study Centre ,Kolkata,https://images.collegedunia.com/public/image/institute/logo_1612519671cropped-logo_name.jpg?h=40&w=40&mode=stretch
Wiztoonz Academy Of Media And Design ,Bangalore,https://images.collegedunia.com/public/image/institute/logo_1612523117images (1).png?h=40&w=40&mode=stretch
Collaboration Technologies ,Bangalore,https://images.collegedunia.com/public/image/institute/logo_1612528506download.png?h=40&w=40&mode=stretch
CSIR SQUARE ,Indore,https://images.collegedunia.com/public/image/institute/logo_1612614981LOGO.jpg?h=40&w=40&mode=stretch
Professor Academy ,Chennai,https://images.collegedunia.com/public/image/institute/logo_1612616036Professor academy logo.png?h=40&w=40&mode=stretch
Institute Of Professional Studies ,Kanchrapara,https://images.collegedunia.com/public/image/institute/logo_1612675052logo.png?h=40&w=40&mode=stretch
Sharp Minds GMAT Prep (GMAT),Mumbai,https://images.collegedunia.com/public/image/institute/logo_1612678515LOGO (1) (1).png?h=40&w=40&mode=stretch
BEWAL CLASSES ,Jaipur,https://images.collegedunia.com/public/image/institute/logo_1612687720Add-Feb-2020web.jpg?h=40&w=40&mode=stretch
Oasis Technologies ,Hyderabad,https://images.collegedunia.com/public/image/institute/logo_1612697687Oasis Technologies - SAP Training Institute Ameerpet LOGO.png?h=40&w=40&mode=stretch
Tech Marshals Academy ,Hyderabad,https://images.collegedunia.com/public/image/institute/logo_1612723517Tech Marshals Academy LOGO.png?h=40&w=40&mode=stretch
Global Study Abroad and Immigration ,Noida,https://images.collegedunia.com/public/image/institute/logo_1612761768global_logo.JPG?h=40&w=40&mode=stretch
Harvard Street ,New Delhi,https://images.collegedunia.com/public/image/institute/logo_1612767027HARVARD_LOGO.JPG?h=40&w=40&mode=stretch
Ias Brains ,Hyderabad,https://images.collegedunia.com/public/image/institute/logo_1612767865Ias Brains_LOGO.JPG?h=40&w=40&mode=stretch
IELTS COACHING ,New Delhi,https://images.collegedunia.com/public/image/institute/logo_1612769508IELT_LOGO.JPG?h=40&w=40&mode=stretch
BHARGAV TUTORIALS ,New Delhi,https://images.collegedunia.com/public/image/institute/logo_1612848757Logo (18).PNG?h=40&w=40&mode=stretch
NET SOFT GYAN ,Bangalore,https://images.collegedunia.com/public/image/institute/logo_1612852219LOGO (25).png?h=40&w=40&mode=stretch
Imperial Institute of Excellence ,Pune,https://images.collegedunia.com/public/image/institute/logo_1612856429I2E logo.png?h=40&w=40&mode=stretch
JavaSpice ,Pune,https://images.collegedunia.com/public/image/institute/logo_1612858112Logo (1).jpg?h=40&w=40&mode=stretch
Dhrona’s Academy ,Chennai,https://images.collegedunia.com/public/image/institute/logo_1612942984logo5.png?h=40&w=40&mode=stretch
Tech Marshals Academy ,Hyderabad,https://images.collegedunia.com/public/image/institute/logo_1612974956tech_logo.png?h=40&w=40&mode=stretch
Academia English ,Kolkata,https://images.collegedunia.com/public/image/institute/logo_1613019313logo.jpg?h=40&w=40&mode=stretch
OGLEY ,Bhopal,https://images.collegedunia.com/public/image/institute/logo_1613044210ogley Logo.png?h=40&w=40&mode=stretch
Digital Marketing Business School ,Bangalore,https://images.collegedunia.com/public/image/institute/logo_1613062316LOGO (35).png?h=40&w=40&mode=stretch
TC Global ,Kolkata,https://images.collegedunia.com/public/image/institute/logo_1613104255logo-1 (1).jpg?h=40&w=40&mode=stretch
The Oxford Academy ,Kolkata,https://images.collegedunia.com/public/image/institute/logo_1613108441logo.jpg?h=40&w=40&mode=stretch
Study Innovations ,New Delhi,https://images.collegedunia.com/public/image/institute/logo_1613111840Logo.gif?h=40&w=40&mode=stretch
CS Institute Of Defense And Management ,Bhopal,https://images.collegedunia.com/public/image/institute/logo_1613114540logo1.png?h=40&w=40&mode=stretch
BUFF Institute of Design ,Chennai,https://images.collegedunia.com/public/image/institute/logo_1613203185Logo (38).png?h=40&w=40&mode=stretch
Bridge TechnoSoft ,New Delhi,https://images.collegedunia.com/public/image/institute/logo_1613301823images (8).png?h=40&w=40&mode=stretch
Anil Sharma's Classes ,Jaipur,https://images.collegedunia.com/public/image/institute/logo_1613468166ASC Logo.jpg?h=40&w=40&mode=stretch
GST Training ,Bangalore,https://images.collegedunia.com/public/image/institute/logo_1613475113Logo.png?h=40&w=40&mode=stretch
HR Software Solutions ,New Delhi,https://images.collegedunia.com/public/image/institute/logo_1613476479logo.png?h=40&w=40&mode=stretch
"Learnpract, Practical Training Institute ",,https://images.collegedunia.com/public/image/institute/logo_1613547466logo (3).png?h=40&w=40&mode=stretch
Dehradun Defence Academy ,Dehradun,https://images.collegedunia.com/public/image/institute/logo_1613619231dda_logo.JPG?h=40&w=40&mode=stretch
The English Advantage ,Mumbai,https://images.collegedunia.com/public/image/institute/logo_1613629811THE_ENGLISH_LOGO.png?h=40&w=40&mode=stretch
Saraswat Steno & Typing Classes ,Jaipur,https://images.collegedunia.com/public/image/institute/?h=40&w=40&mode=stretch
Sriram Institute ,New Delhi,https://images.collegedunia.com/public/image/institute/logo_1613640878LOGO (6).png?h=40&w=40&mode=stretch
JKILS ,Jaipur,https://images.collegedunia.com/public/image/institute/logo_1613653304logo.png?h=40&w=40&mode=stretch
Anand Institute Of Mathematics ,New Delhi,https://images.collegedunia.com/public/image/institute/logo_1613662365logo (3) (1).png?h=40&w=40&mode=stretch
KUMAR MATHEMATICS CLASSES ,New Delhi,https://images.collegedunia.com/public/image/institute/logo_1613721387logo.png?h=40&w=40&mode=stretch
BalaJee Academy ,New Delhi,https://images.collegedunia.com/public/image/institute/logo_1613803147Logo.jpg?h=40&w=40&mode=stretch
ThinkC ,Kolkata,https://images.collegedunia.com/public/image/institute/logo_1613806679thinkC logo.jpg?h=40&w=40&mode=stretch
CLUEBOTS ,Panvel,https://images.collegedunia.com/public/image/institute/logo_1613810289logo.png?h=40&w=40&mode=stretch
Jaya language Academy ,Chennai,https://images.collegedunia.com/public/image/institute/logo_1613887759logo.png?h=40&w=40&mode=stretch
DR.PRAMILA’S COACHING CLASSES ,Bangalore,https://images.collegedunia.com/public/image/institute/logo_1613911289D1.PNG?h=40&w=40&mode=stretch
THE MEXICAN INSTITUTE OF ENGLISH LANGUAGE ,New Delhi,https://images.collegedunia.com/public/image/institute/logo_1613913454M6.PNG?h=40&w=40&mode=stretch
Road Ahead Technologies ,Jaipur,https://images.collegedunia.com/public/image/institute/logo_1614048130Logo.png?h=40&w=40&mode=stretch
Thulirr Academy ,Chennai,https://images.collegedunia.com/public/image/institute/logo_1614050648Logo.jpg?h=40&w=40&mode=stretch
Access Academy of Computer Education ,Chennai,https://images.collegedunia.com/public/image/institute/logo_1614092336access-logo-2017.png?h=40&w=40&mode=stretch
CMC COMPUTER EDUCATION ,Kolkata,https://images.collegedunia.com/public/image/institute/logo_1614135094logo.png?h=40&w=40&mode=stretch
Dreamz Abroad ,Bangalore,https://images.collegedunia.com/public/image/institute/logo_1614153488Webp.net-resizeimage.png?h=40&w=40&mode=stretch
Rathore Design ,New Delhi,https://images.collegedunia.com/public/image/institute/logo_1614170360logo-2.jpg?h=40&w=40&mode=stretch
Walia's Academy LLP ,New Delhi,https://images.collegedunia.com/public/image/institute/logo_1614223381logo (5).png?h=40&w=40&mode=stretch
Benevolent IAS Academy ,Coimbatore,https://images.collegedunia.com/public/image/institute/logo_1614234507LOGO.png?h=40&w=40&mode=stretch
BHARTI CONCEPT ,New Delhi,https://images.collegedunia.com/public/image/institute/logo_1614235672LOGO.png?h=40&w=40&mode=stretch
Big Ben The Language School ,Noida,https://images.collegedunia.com/public/image/institute/logo_1614236329LOGO.jpg?h=40&w=40&mode=stretch
TT Enterprises Pvt. Ltd ,Bangalore,https://images.collegedunia.com/public/image/institute/logo_1614241556tt-enterprises-pvt-ltd-bangalore-visa-assistance-06s36ylpbm.jpg?h=40&w=40&mode=stretch
Arena Animation Dadar ,Mumbai,https://images.collegedunia.com/public/image/institute/logo_1614251708Screenshot 2021-02-25 163412.png?h=40&w=40&mode=stretch
Acme Education ,Thane,https://images.collegedunia.com/public/image/institute/logo_1614255611LOGO.png?h=40&w=40&mode=stretch
Data Brio Academy ,Kolkata,https://images.collegedunia.com/public/image/institute/logo_1614256021Logo.jpg?h=40&w=40&mode=stretch
TRS IIT Classes (JEE Main),Chennai,https://images.collegedunia.com/public/image/institute/logo_1614270607LOGO-TRS.jpg?h=40&w=40&mode=stretch
Infomatica Classes ,Mumbai,https://images.collegedunia.com/public/image/institute/logo_1614306254Screenshot 2021-02-26 074004.png?h=40&w=40&mode=stretch
Straight Shot Ca ,Gurgaon,https://images.collegedunia.com/public/image/institute/logo_1614323195straight shot ca Logo.png?h=40&w=40&mode=stretch
SV Soft Solutions ,Hyderabad,https://images.collegedunia.com/public/image/institute/logo_1614352256LOGO.png?h=40&w=40&mode=stretch
Aj Education Next ,Mumbai,https://images.collegedunia.com/public/image/institute/logo_1614353508ajnext_logo.jpg?h=40&w=40&mode=stretch
BalaJi Typing College ,New Delhi,https://images.collegedunia.com/public/image/institute/logo_1614360588LOGO.png?h=40&w=40&mode=stretch
Edurays Tutorials ,Jaipur,https://images.collegedunia.com/public/image/institute/logo_1614426793LOGO.png?h=40&w=40&mode=stretch
Dream Institute ,Chennai,https://images.collegedunia.com/public/image/institute/logo_1614525911Dream Institute Logo.png?h=40&w=40&mode=stretch
EDUCATION STREET ,Mumbai,https://images.collegedunia.com/public/image/institute/logo_1614519942logo.svg?h=40&w=40&mode=stretch
SPS medical academy ,Hyderabad,https://images.collegedunia.com/public/image/institute/logo_1614524422S1.png?h=40&w=40&mode=stretch
Medonix Education ,Kolkata,https://images.collegedunia.com/public/image/institute/logo_1614527575m1.PNG?h=40&w=40&mode=stretch
Nandi Coaching Center ,Bangalore,https://images.collegedunia.com/public/image/institute/logo_1614538589logo.png?h=40&w=40&mode=stretch
Success Point ,,https://images.collegedunia.com/public/image/institute/logo_1614572635Screenshot 2021-03-01 094221.png?h=40&w=40&mode=stretch
Bengaluru Education Consultancy ,Bangalore,https://images.collegedunia.com/public/image/institute/logo_1614573728Logo.png?h=40&w=40&mode=stretch
ZEE INSTITUTE OF MEDIA ARTS - ZIMA ,Jaipur,https://images.collegedunia.com/public/image/institute/logo_1614578798ZIMA Logo.png?h=40&w=40&mode=stretch
BReT Solutions ,Bangalore,https://images.collegedunia.com/public/image/institute/logo_1617456417LOGO.jpg?h=40&w=40&mode=stretch
AK Coaching Centre ,New Delhi,https://images.collegedunia.com/public/image/institute/logo_1614666893logo.png?h=40&w=40&mode=stretch
Stampvisa ,New Delhi,https://images.collegedunia.com/public/image/institute/logo_1614667710download.png?h=40&w=40&mode=stretch
Aim Institute ,New Delhi,https://images.collegedunia.com/public/image/institute/logo_1614700988Logo.png?h=40&w=40&mode=stretch
BRN Infotech ,Mallapur,https://images.collegedunia.com/public/image/institute/logo_1614709777download.png?h=40&w=40&mode=stretch
Expert Coaching Academy ,New Delhi,https://images.collegedunia.com/public/image/institute/logo_1614747652Logo.jpg?h=40&w=40&mode=stretch
Capital Info Solutions ,Hyderabad,https://images.collegedunia.com/public/image/institute/logo_1614772656capital_logo.png?h=40&w=40&mode=stretch
AMIT KHANDAL CLASSES TAX GURU ,Jaipur,https://images.collegedunia.com/public/image/institute/logo_1614785987LOGO (11).png?h=40&w=40&mode=stretch
BIMNCAD ,Gurgaon,https://images.collegedunia.com/public/image/institute/logo_1614854827logo1.png?h=40&w=40&mode=stretch
Vtech Academy of Computers ,New Delhi,https://images.collegedunia.com/public/image/institute/logo_1614866125LOGO.png?h=40&w=40&mode=stretch
iPromise English Speaking (IELTS),Mumbai,https://images.collegedunia.com/public/image/institute/logo_1614870214LOGO (19).png?h=40&w=40&mode=stretch
Aster HR IT Training ,Chennai,https://images.collegedunia.com/public/image/institute/logo_1614910717Logo (13).PNG?h=40&w=40&mode=stretch
"Kreatryx, Kalu Sarai Centre ",New Delhi,https://images.collegedunia.com/public/image/institute/logo_1614940081COVER (6).jpg?h=40&w=40&mode=stretch
Impart Art Coaching ,Kolkata,https://images.collegedunia.com/public/image/institute/logo_1614965548Impart Art Coaching - Salt Lake LOGO.png?h=40&w=40&mode=stretch
Panacea ,New Delhi,https://images.collegedunia.com/public/image/institute/logo_1615013176logo-panacea.gif?h=40&w=40&mode=stretch
Bright Commerce Classes ,Gurgaon,https://images.collegedunia.com/public/image/institute/logo_1615017664LOGO.png?h=40&w=40&mode=stretch
Digital Marketing Company Palwal ,Palwal,https://images.collegedunia.com/public/image/institute/logo_1615027368logo.JPG?h=40&w=40&mode=stretch
Samskrita Samskriti ,Howrah,https://images.collegedunia.com/public/image/institute/logo_1615027987Samskrita Samskriti (BSSEI) Coaching LOGO.png?h=40&w=40&mode=stretch
Paul's ICSE Tutorials ,Bangalore,https://images.collegedunia.com/public/image/institute/logo_1615047794logo (1) (1).png?h=40&w=40&mode=stretch
ACME Entrance Expert ,New Delhi,https://images.collegedunia.com/public/image/institute/logo_1615055683LOGO (21).png?h=40&w=40&mode=stretch
Goel Classes For Ca ,Faridabad,https://images.collegedunia.com/public/image/institute/logo_1615096571goel class_logo.JPG?h=40&w=40&mode=stretch
SCHOOL OF ANIMATION ,Noida,https://images.collegedunia.com/public/image/institute/logo_1615143557a1.jpg?h=40&w=40&mode=stretch
Vijaya Classes ,Mumbai,https://images.collegedunia.com/public/image/institute/logo_1615145744V2.png?h=40&w=40&mode=stretch
SPOORTHY ,Hyderabad,https://images.collegedunia.com/public/image/institute/logo_1615148096logo.png?h=40&w=40&mode=stretch
The IAS Mentors ,Hyderabad,https://images.collegedunia.com/public/image/institute/logo_1615151122logo.png?h=40&w=40&mode=stretch
A P E C ,Hyderabad,https://images.collegedunia.com/public/image/institute/logo_1615200173A P E C LOGO.png?h=40&w=40&mode=stretch
Selenium Labs ,Bangalore,https://images.collegedunia.com/public/image/institute/logo_1615207900Selenium Labs  LOGO.png?h=40&w=40&mode=stretch
SkillRary ,Bangalore,"https://images.collegedunia.com/public/image/institute/logo_1615209731SkillRary - Learn Anywhere, Learn Any Skill LOGO.png?h=40&w=40&mode=stretch"
Maths Vidya Institute ,Chandigarh,https://images.collegedunia.com/public/image/institute/logo_1615214220LOGO (7).jpg?h=40&w=40&mode=stretch
Concept Commerce Classes' ,Mumbai,https://images.collegedunia.com/public/image/institute/logo_1615224939logo (1) (1).jpg?h=40&w=40&mode=stretch
Direct Taxes Regional Training Institute ,Bangalore,https://images.collegedunia.com/public/image/institute/logo_1615281868logo-lft.png?h=40&w=40&mode=stretch
Academy of Commerce ,Gurgaon,https://images.collegedunia.com/public/image/institute/logo_1615353669Logo.png?h=40&w=40&mode=stretch
Eduonix Learning Solutions ,Mumbai,https://images.collegedunia.com/public/image/institute/logo_1615364015eduonix Logo.jpg?h=40&w=40&mode=stretch
Technomas Solutions ,,https://images.collegedunia.com/public/image/institute/logo_161538764933471876_546738902388997_1278054616566595584_n.jpg?h=40&w=40&mode=stretch
Oneclick Visas ,Noida,https://images.collegedunia.com/public/image/institute/logo_1615399497CANADIAN_LOGO1.JPG?h=40&w=40&mode=stretch
Rankers Learning ,Hyderabad,https://images.collegedunia.com/public/image/institute/logo_1615434288LOGO (15).jpg?h=40&w=40&mode=stretch
IPC-International Placewell Consultants Private Limited ,New Delhi,https://images.collegedunia.com/public/image/institute/logo_1615444209ipc_logo.JPG?h=40&w=40&mode=stretch
Ashoka Scientific Forum (ASF) (Electronics and Communication Engineering),New Delhi,https://images.collegedunia.com/public/image/institute/logo_1615447177LOGO (36).png?h=40&w=40&mode=stretch
THE SS INTERNATIONAL. ,New Delhi,https://images.collegedunia.com/public/image/institute/logo_1615464921ss_logo.JPG?h=40&w=40&mode=stretch
IOM Academy ,Hyderabad,https://images.collegedunia.com/public/image/institute/logo_1615473666logo (1).jpg?h=40&w=40&mode=stretch
LevelApp ,Hyderabad,https://images.collegedunia.com/public/image/institute/logo_1615518554LOGO.png?h=40&w=40&mode=stretch
Diginet Infosystems ,Bangalore,https://images.collegedunia.com/public/image/institute/logo_1615530542DIGI_LOGO.JPG?h=40&w=40&mode=stretch
George Animatrix ,Kolkata,https://images.collegedunia.com/public/image/institute/logo_161563140911357164_378880168977853_1522424114328475248_o.jpg?h=40&w=40&mode=stretch
ASPIRATIONS Institute ,New Delhi,https://images.collegedunia.com/public/image/institute/logo_1615639726OGO.png?h=40&w=40&mode=stretch
EROTECH Solutions ,Hyderabad,https://images.collegedunia.com/public/image/institute/logo_1615653224erotech_logo.JPG?h=40&w=40&mode=stretch
ABK - AOTS DOSOKAI ,Chennai,https://images.collegedunia.com/public/image/institute/logo_1615711014LOGO.jpg?h=40&w=40&mode=stretch
Elite Academy ,Bhopal,https://images.collegedunia.com/public/image/institute/logo_1615793701elite logo.jpg?h=40&w=40&mode=stretch
Suyash Computer Training And Services ,Thane,https://images.collegedunia.com/public/image/institute/logo_1615819396LOGO.jpg?h=40&w=40&mode=stretch
Commerce Eduworld ,Thane,https://images.collegedunia.com/public/image/institute/logo_1615901232Commerce Eduworld LOGO.png?h=40&w=40&mode=stretch
CAD CAM CAE Training - CIPET (CAD  Training),Chennai,https://images.collegedunia.com/public/image/institute/logo_1615958309LOGO (20).jpg?h=40&w=40&mode=stretch
Kaushalya Technical Training and Consutancy ,Bangalore,https://images.collegedunia.com/public/image/institute/logo_1615971310Kaushalya_logo.JPG?h=40&w=40&mode=stretch
Cranes varsity ,Bangalore,https://images.collegedunia.com/public/image/institute/logo_1616004894Logo.png?h=40&w=40&mode=stretch
I Turn Institute ,Noida,https://images.collegedunia.com/public/image/institute/logo_1616035194logo.png?h=40&w=40&mode=stretch
Tech Marshals ,Hyderabad,https://images.collegedunia.com/public/image/institute/logo_1616064731tech-marshals-logo-1.png?h=40&w=40&mode=stretch
Genext Students ,Mumbai,https://images.collegedunia.com/public/image/institute/logo_1616067120Genext Students LOGO.png?h=40&w=40&mode=stretch
Sishu Griha High School ,Bangalore,https://images.collegedunia.com/public/image/institute/logo_1616076764Sishu Griha High School LOGO.png?h=40&w=40&mode=stretch
FLEDGE INSTITUTE OF AVIATION AND HOSPITALITY ,Mumbai,https://images.collegedunia.com/public/image/institute/logo_1616080576Logo.png?h=40&w=40&mode=stretch
SEO Training in Delhi ,New Delhi,https://images.collegedunia.com/public/image/institute/logo_1616082235Cover.png?h=40&w=40&mode=stretch
VIDYAKUL ,Gurgaon,https://images.collegedunia.com/public/image/institute/logo_1616129983coverpage.png?h=40&w=40&mode=stretch
VD Academics (CET),Mumbai,https://images.collegedunia.com/public/image/institute/logo_1616157523LOGO (24).jpg?h=40&w=40&mode=stretch
Tgc Animation And Multimedia ,Jaipur,https://images.collegedunia.com/public/image/institute/logo_1616236919tgc_logo.JPG?h=40&w=40&mode=stretch
Edmappers ,Hyderabad,https://images.collegedunia.com/public/image/institute/logo_1616321736LOGO (33).png?h=40&w=40&mode=stretch
NAVIS Human Resources Pvt Ltd ,Bangalore,https://images.collegedunia.com/public/image/institute/logo_1616492001NAVIS Human Resources Pvt Ltd LOGO.png?h=40&w=40&mode=stretch
Sri Balaji Educare Centre ,Pune,https://images.collegedunia.com/public/image/institute/logo_1616572205images (3).png?h=40&w=40&mode=stretch
M Prakash Academy ,Pune,https://images.collegedunia.com/public/image/institute/logo_1616584120images (18).jpeg?h=40&w=40&mode=stretch
Swapnil Patni's Classes ,Pune,https://images.collegedunia.com/public/image/institute/logo_1657528234Logo2.png?h=40&w=40&mode=stretch
Learn IT Hub ,Hyderabad,https://images.collegedunia.com/public/image/institute/logo_1616647311LOGO.PNG?h=40&w=40&mode=stretch
FIELDS Institution Of Engineers ,Chandigarh,https://images.collegedunia.com/public/image/institute/logo_1616727926Screenshot 2021-03-26 082638.png?h=40&w=40&mode=stretch
Iplan Education ,New Delhi,https://images.collegedunia.com/public/image/institute/logo_1616753751iplan-education-logo-gray.png?h=40&w=40&mode=stretch
Badlani Classes ,New Delhi,https://images.collegedunia.com/public/image/institute/logo_1616757030Screenshot 2021-03-26 144111.png?h=40&w=40&mode=stretch
XIPHIAS Immigration Private Limited ,Bangalore,https://images.collegedunia.com/public/image/institute/logo_1616921740xiphias-immigration-logo.png?h=40&w=40&mode=stretch
Prasanna Prayas Study Center ,Nagpur,https://images.collegedunia.com/public/image/institute/logo_1616934117logo.png?h=40&w=40&mode=stretch
SVR ACADEMY ,Visakhapatnam,https://images.collegedunia.com/public/image/institute/logo_1616940673logo.jpg?h=40&w=40&mode=stretch
GS Development Software Development ,New Delhi,https://images.collegedunia.com/public/image/institute/logo_1617001085gs_logo.JPG?h=40&w=40&mode=stretch
AIM Institute ,New Delhi,https://images.collegedunia.com/public/image/institute/logo_1617003561AIM_LOGO.JPG?h=40&w=40&mode=stretch
Tradin4Living Academy - Share Market Classes ,Mumbai,https://images.collegedunia.com/public/image/institute/logo_1617193560logo (5).png?h=40&w=40&mode=stretch
SVR Academy ,Visakhapatnam,https://images.collegedunia.com/public/image/institute/logo_1617197737logo.jpg?h=40&w=40&mode=stretch
Teaching Academy ,New Delhi,https://images.collegedunia.com/public/image/institute/logo_1617260007logo.png?h=40&w=40&mode=stretch
Aja Commerce Academy ,Hyderabad,https://images.collegedunia.com/public/image/institute/logo_1617275283logo.jpg?h=40&w=40&mode=stretch
Gcc Academy (Gurus Coaching Centre) ,Chennai,https://images.collegedunia.com/public/image/institute/logo_1617277590LOGO.jpg?h=40&w=40&mode=stretch
Cheralathan Associates ,Chennai,https://images.collegedunia.com/public/image/institute/logo_1617290718logo.JPG?h=40&w=40&mode=stretch
Pavani Tutorials ,Hyderabad,https://images.collegedunia.com/public/image/institute/logo_1617337338Screenshot (418).png?h=40&w=40&mode=stretch
SAS Training Center ,Pune,https://images.collegedunia.com/public/image/institute/logo_1617378601SAS training LOGO.png?h=40&w=40&mode=stretch
Gayatri IAS Academy (UPSC),Jaipur,https://images.collegedunia.com/public/image/institute/logo_1617386910logo (17).jpg?h=40&w=40&mode=stretch
Geekschip ,Hyderabad,https://images.collegedunia.com/public/image/institute/logo_1617442414Logo (37).PNG?h=40&w=40&mode=stretch
Impact Tutorial ,New Delhi,https://images.collegedunia.com/public/image/institute/logo_1617443774logo.png?h=40&w=40&mode=stretch
Blue Max Academy ,Bangalore,https://images.collegedunia.com/public/image/institute/logo_161755875542990409_1908769289211134_1791993590071689216_n.jpg?h=40&w=40&mode=stretch
A P Tutors ,Faridabad,https://images.collegedunia.com/public/image/institute/logo_1617642113ap_logo.JPG?h=40&w=40&mode=stretch
Mission for Excellence ,Noida,https://images.collegedunia.com/public/image/institute/logo_1617690501mission_logo.JPG?h=40&w=40&mode=stretch
Babu Sir's Tutions ,Mumbai,https://images.collegedunia.com/public/image/institute/logo_1617778468logo.jpg?h=40&w=40&mode=stretch
GPTDC Institute of Hotel Management ,Kolkata,https://images.collegedunia.com/public/image/institute/logo_1617810977GPTDC Logo.png?h=40&w=40&mode=stretch
Shreeji Hindi & English Steno and Typing Classes ,Jaipur,https://images.collegedunia.com/public/image/institute/logo_1617819661logo.png?h=40&w=40&mode=stretch
IGNITE Technologies ,New Delhi,https://images.collegedunia.com/public/image/institute/logo_1617883709LOGO.png?h=40&w=40&mode=stretch
The Shri Ram Coaching Classes ,New Delhi,https://images.collegedunia.com/public/image/institute/logo_1617887299LOGO.jpg?h=40&w=40&mode=stretch
S K Academy ,Bangalore,https://images.collegedunia.com/public/image/institute/logo_1617976371LOGO.jpeg?h=40&w=40&mode=stretch
Foresight Edutech Private Limited ,New Delhi,https://images.collegedunia.com/public/image/institute/logo_16181318941528533_478980102210816_1082564015_n.png?h=40&w=40&mode=stretch
XIPHIAS Immigration (Visa consultants),Bangalore,https://images.collegedunia.com/public/image/institute/logo_161815296467751307_2334189633327529_429405607573848064_n.png?h=40&w=40&mode=stretch
Anthelion School of Art ,Kolkata,https://images.collegedunia.com/public/image/institute/logo_1618169733LOGO.JPG?h=40&w=40&mode=stretch
FrankWorld Consultancy Services LLP (CCNA),Mumbai,https://images.collegedunia.com/public/image/institute/logo_1618180638LOGO.jpg?h=40&w=40&mode=stretch
IPCS Automation ,Kochi,https://images.collegedunia.com/public/image/institute/logo_1618181939Logo.png?h=40&w=40&mode=stretch
Disciples India Group ,Bangalore,https://images.collegedunia.com/public/image/institute/logo_1618239079DIG Logo.jpg?h=40&w=40&mode=stretch
Institute of Career In Financial Market ,Pune,https://images.collegedunia.com/public/image/institute/logo_1618420258LOGO.png?h=40&w=40&mode=stretch
Indian Institute of Foreign Languages ,Bangalore,https://images.collegedunia.com/public/image/institute/logo_1618421459LOGO.jpg?h=40&w=40&mode=stretch
CDR Writers India ,Hyderabad,https://images.collegedunia.com/public/image/institute/logo_1618467067logo.png?h=40&w=40&mode=stretch
The Heritage Academy ,Mysore,https://images.collegedunia.com/public/image/institute/logo_1618319775Logo.png?h=40&w=40&mode=stretch
Math Enhancement ,Chennai,https://images.collegedunia.com/public/image/institute/logo_1618581104logo.png?h=40&w=40&mode=stretch
Talent Resourze ,Hyderabad,https://images.collegedunia.com/public/image/institute/logo_1618415864images (10).jpeg?h=40&w=40&mode=stretch
7NetworkServices ,Noida,https://images.collegedunia.com/public/image/institute/logo_1618452330Logo-header.png?h=40&w=40&mode=stretch
Erudite (CAT),Kolkata,https://images.collegedunia.com/public/image/institute/logo_1622728545Logo 1.jpg?h=40&w=40&mode=stretch
Center For Investment Education and Learning ,Mumbai,https://images.collegedunia.com/public/image/institute/logo_1618462631ciel_logo.JPG?h=40&w=40&mode=stretch
365 digital marketing ,Mumbai,https://images.collegedunia.com/public/image/institute/logo_1618755742logo.jpg?h=40&w=40&mode=stretch
Samarpan Career Institute (NEET),Jaipur,https://images.collegedunia.com/public/image/institute/logo_1618692577logo.JPG?h=40&w=40&mode=stretch
Dronaa International Educon Pvt Ltd (IELTS),Noida,https://images.collegedunia.com/public/image/institute/logo_1618759269logo.JPG?h=40&w=40&mode=stretch
Bright Commerce Classes ,Gurgaon,https://images.collegedunia.com/public/image/institute/logo_1618766904Logo.jpg?h=40&w=40&mode=stretch
ZUVS Halls of Ivy (Language Training),Gurgaon,https://images.collegedunia.com/public/image/institute/logo_1618770846logo.JPG?h=40&w=40&mode=stretch
Disciples India ,Bangalore,https://images.collegedunia.com/public/image/institute/logo_1618771327Logo.png?h=40&w=40&mode=stretch
English Nation (ENGLISH LANGUAGE),Mumbai,https://images.collegedunia.com/public/image/institute/logo_1618777001logo.JPG?h=40&w=40&mode=stretch
Gloedge Technologies (Computer Science and Information Technology),Bangalore,https://images.collegedunia.com/public/image/institute/logo_1618797062LOGO.JPG?h=40&w=40&mode=stretch
Arena Animation ,Noida,https://images.collegedunia.com/public/image/institute/logo_1654507955IMG_0906.jpg?h=40&w=40&mode=stretch
Arena Animation HSR Layout ,Bangalore,https://images.collegedunia.com/public/image/institute/logo_1619256491logo (1).png?h=40&w=40&mode=stretch
Adoro Institute Of Multimedia ,Bangalore,https://images.collegedunia.com/public/image/institute/logo_1619262734logo.png?h=40&w=40&mode=stretch
Alliance Française de Bhopal ,Bhopal,https://images.collegedunia.com/public/image/institute/logo_1619263206logo.png?h=40&w=40&mode=stretch
Ventrux Informatics ,Kolkata,https://images.collegedunia.com/public/image/institute/logo_1619113222Logo.png?h=40&w=40&mode=stretch
Career Mudhra ,Chennai,https://images.collegedunia.com/public/image/institute/logo_1619179941Logo.png?h=40&w=40&mode=stretch
Bridge UX Design Studios ,Bangalore,https://images.collegedunia.com/public/image/institute/logo_1619200587Logo.png?h=40&w=40&mode=stretch
Let's Speak Language Training Academy ,Chennai,https://images.collegedunia.com/public/image/institute/logo_1619364921Logo.png?h=40&w=40&mode=stretch
BRDS Drive in ,Ahmedabad,https://images.collegedunia.com/public/image/institute/logo_1619365676Cover.jpg?h=40&w=40&mode=stretch
Pahal Classes (NIFT),Patna,https://images.collegedunia.com/public/image/institute/logo_1619398210logo.JPG?h=40&w=40&mode=stretch
Administrative Training Institute ,Kolkata,https://images.collegedunia.com/public/image/institute/logo_1619425379logo.jpg?h=40&w=40&mode=stretch
Nritarutya Dance Studio ,Bangalore,https://images.collegedunia.com/public/image/institute/logo_1619682241logo.png?h=40&w=40&mode=stretch
UCEED and NID COACHING CLASSES ,New Delhi,https://images.collegedunia.com/public/image/institute/logo_1619890715Logo (1).jpeg?h=40&w=40&mode=stretch
Tolani Maritime Institute ,Pune,https://images.collegedunia.com/public/image/institute/logo_1620116667LOGO.jpg?h=40&w=40&mode=stretch
Ignite Overseas ,New Delhi,https://images.collegedunia.com/public/image/institute/logo_1620146825logo.PNG?h=40&w=40&mode=stretch
Western Wings ,Hyderabad,https://images.collegedunia.com/public/image/institute/logo_1620303562LOGO.JPG?h=40&w=40&mode=stretch
Indian Public Career Institute ,Mumbai,https://images.collegedunia.com/public/image/institute/logo_1620306299LOGO.jpg?h=40&w=40&mode=stretch
Karnavat Classes ,Thane,https://images.collegedunia.com/public/image/institute/logo_1620397717karnavat-logo.png?h=40&w=40&mode=stretch
Indian Institute of Foreign Languages ,Bangalore,https://images.collegedunia.com/public/image/institute/logo_1620488490Logo (47).jpg?h=40&w=40&mode=stretch
Zonal Tech Solution ,Bangalore,https://images.collegedunia.com/public/image/institute/logo_1620498206LOGOI.jpg?h=40&w=40&mode=stretch
CADD GRAFIX ,Hyderabad,https://images.collegedunia.com/public/image/institute/logo_1620559270Cadd grafix logo 1.png?h=40&w=40&mode=stretch
IRA Immigration Consultancy ,New Delhi,https://images.collegedunia.com/public/image/institute/logo_1620576548IRA Logo.png?h=40&w=40&mode=stretch
Indian Institute of Foreign Languages ,Bangalore,https://images.collegedunia.com/public/image/institute/logo_1626009735IIFL.PNG?h=40&w=40&mode=stretch
Goel Classes ,Noida,https://images.collegedunia.com/public/image/institute/logo_1620666814LOGO.png?h=40&w=40&mode=stretch
Hi Skill ,Pune,https://images.collegedunia.com/public/image/institute/logo_1620675132logo (2).jpg?h=40&w=40&mode=stretch
IPsolutions ,Mumbai,https://images.collegedunia.com/public/image/institute/logo_1620727828Logo.jpeg?h=40&w=40&mode=stretch
PERIDOT SYSTEMS ,Chennai,https://images.collegedunia.com/public/image/institute/logo_1620729430Logo.jpeg?h=40&w=40&mode=stretch
Aswath Classes ,Hyderabad,https://images.collegedunia.com/public/image/institute/logo_1620738830Logo.png?h=40&w=40&mode=stretch
IFX ANIMATION TRAINING CENTRE ,Chennai,https://images.collegedunia.com/public/image/institute/logo_1620795147Logo.png?h=40&w=40&mode=stretch
Aaditya Singh Social Services ,New Delhi,https://images.collegedunia.com/public/image/institute/logo_1620801427Logo.jpg?h=40&w=40&mode=stretch
IDP Chennai ,Chennai,https://images.collegedunia.com/public/image/institute/logo_1625130806LOGO.png?h=40&w=40&mode=stretch
WiFi Study (RRB NTPC),New Delhi,https://images.collegedunia.com/public/image/institute/logo_1625230164logo.png?h=40&w=40&mode=stretch
D. education Endeavor ,New Delhi,https://images.collegedunia.com/public/image/institute/logo_1628918980Screenshot 2021-08-14 104932.png?h=40&w=40&mode=stretch
Arena Animation ,Faridabad,https://images.collegedunia.com/public/image/institute/logo_1628935561images (23).jfif?h=40&w=40&mode=stretch
Shankar IAS Academy ,Chennai,https://images.collegedunia.com/public/image/institute/logo_1628939415iasl.PNG?h=40&w=40&mode=stretch
MAAC Powai ,Mumbai,https://images.collegedunia.com/public/image/institute/logo_1628947379MAACLL.png?h=40&w=40&mode=stretch
Study in Germany ,Bangalore,https://images.collegedunia.com/public/image/institute/logo_1634625022logo.jpg?h=40&w=40&mode=stretch
Aptech Aviation Academy ,Bhubaneswar,https://images.collegedunia.com/public/image/institute/logo_1638276217logo_1631622904logo1.png?h=40&w=40&mode=stretch
Arena Animation ,Yelahanka,https://images.collegedunia.com/public/image/institute/logo_164085311660119988_2290476444524478_5733082282692968448_n.png?h=40&w=40&mode=stretch
"Arena Animation, R T Nagar ",Bangalore,https://images.collegedunia.com/public/image/institute/logo_1680871226logo.png?h=40&w=40&mode=stretch
Arena Animation ,Jodhpur,https://images.collegedunia.com/public/image/institute/logo_1652782500Arena Academy.png?h=40&w=40&mode=stretch
Bora Classes ,Pune,https://images.collegedunia.com/public/image/institute/logo_1657126268Logo.jpg?h=40&w=40&mode=stretch
Profcyma Career Solutions ,Pune,https://images.collegedunia.com/public/image/institute/logo_1658987889logo.png?h=40&w=40&mode=stretch
Lakshya Institute ,Mumbai,https://images.collegedunia.com/public/image/institute/logo_1660888897logo.jpg?h=40&w=40&mode=stretch
Dream Chasers (CAT),Chennai,https://images.collegedunia.com/public/image/institute/logo_1660906973Logo.jfif?h=40&w=40&mode=stretch
AKSA International ,Indore,https://images.collegedunia.com/public/image/institute/logo_1661752318Aksa-Logo.jpeg?h=40&w=40&mode=stretch
Endeavor Careers Pvt. ,Mumbai,https://images.collegedunia.com/public/image/institute/logo_1662020526ENDUVER LOGO.webp?h=40&w=40&mode=stretch
F. Future Bright Coaching Centre ,Faridabad,https://images.collegedunia.com/public/image/institute/logo_1662117176178090849_848212762462444_8889814670551220842_n.jpg?h=40&w=40&mode=stretch
D.A.V Shikshanam ,Chennai,https://images.collegedunia.com/public/image/institute/logo_16916700451.png?h=40&w=40&mode=stretch
Career Launcher ,Thiruvananthapuram,https://images.collegedunia.com/public/image/institute/logo_1662546195logo.png?h=40&w=40&mode=stretch
Maya Academy of Advanced Cinematics - [MAAC] Kalkaji ,New Delhi,https://images.collegedunia.com/public/image/institute/logo_1662705201index.png?h=40&w=40&mode=stretch
CLAT Brains ,Hyderabad,https://images.collegedunia.com/public/image/institute/logo_1665483833CLAT Brains LOGO.jpg?h=40&w=40&mode=stretch
The Opus Way ,Kolkata,https://images.collegedunia.com/public/image/institute/logo_1665994213opus_logo.png?h=40&w=40&mode=stretch
Career Launcher (CAT),Kolkata,https://images.collegedunia.com/public/image/institute/logo_1666001694logo_1627996214download.webp?h=40&w=40&mode=stretch
Manya - The Princeton Review (IELTS),Chennai,https://images.collegedunia.com/public/image/institute/logo_1668101023logo.jpg?h=40&w=40&mode=stretch
Veta Academy ,Bangalore,https://images.collegedunia.com/public/image/institute/logo_1668593108veta academy logo.png?h=40&w=40&mode=stretch
Pinnaacle Classes ,Salem,https://images.collegedunia.com/public/image/institute/logo_1672741970311103658_498701748938243_4514962660783834607_n.jpg?h=40&w=40&mode=stretch
Vidya Ashram Career Institute ,Lucknow,https://images.collegedunia.com/public/image/institute/logo_1676285750Logo.jpg?h=40&w=40&mode=stretch
Zee Institute of Creative Art Malad ,Mumbai,https://images.collegedunia.com/public/image/institute/logo_1676626769logo.jpg?h=40&w=40&mode=stretch
Enerjee ,Kota,https://images.collegedunia.com/public/image/institute/logo_1676638892logo.jpg?h=40&w=40&mode=stretch
i30 Learning Centre ,Nashik,https://images.collegedunia.com/public/image/institute/logo_1677147140logo.png?h=40&w=40&mode=stretch
Bothra Classes ,Ahmedabad,https://images.collegedunia.com/public/image/institute/logo_1680776007Bothra classes.jpg?h=40&w=40&mode=stretch
Aurous Academy ,Bhopal,https://images.collegedunia.com/public/image/institute/logo_1681111278Aurous.jpg?h=40&w=40&mode=stretch
Arena Animation Thane ,Thane,https://images.collegedunia.com/public/image/institute/logo_1681733642arena thane.jpg?h=40&w=40&mode=stretch
Arena Animation Vile Parle (W) ,Mumbai,https://images.collegedunia.com/public/image/institute/logo_1681988661vile logo.jpg?h=40&w=40&mode=stretch
Great Learning Career Academy ,Bangalore,https://images.collegedunia.com/public/image/institute/logo_1683778480image8.jpg?h=40&w=40&mode=stretch
White Ray ,Chandigarh,https://images.collegedunia.com/public/image/institute/logo_1684215610w logo.png?h=40&w=40&mode=stretch
Kota Classes ,Haridwar,https://images.collegedunia.com/public/image/institute/logo_1684389179k logo.jpg?h=40&w=40&mode=stretch
Geekster ,Gurgaon,https://images.collegedunia.com/public/image/institute/logo_1685521045g logo.jpg?h=40&w=40&mode=stretch
KDM Academy ,Nagpur,https://images.collegedunia.com/public/image/institute/logo_1685949670kl.jpg?h=40&w=40&mode=stretch
Veron Institute ,Amritsar,https://images.collegedunia.com/public/image/institute/logo_1686034944v logo.jpg?h=40&w=40&mode=stretch
International Gemological Institute ,Mumbai,https://images.collegedunia.com/public/image/institute/logo_1686050449IGI SCHOOL logo_final_page-0001.jpg?h=40&w=40&mode=stretch
Sri Venkateswara Classes ,Visakhapatnam,https://images.collegedunia.com/public/image/institute/logo_1686654801sv3.png?h=40&w=40&mode=stretch
Bedi Classes ,Nagpur,https://images.collegedunia.com/public/image/institute/logo_1686301830b l.jpg?h=40&w=40&mode=stretch
Maxwell Institute ,Kanpur,https://images.collegedunia.com/public/image/institute/logo_16875204881.jpg?h=40&w=40&mode=stretch
Musale Classes ,Pune,https://images.collegedunia.com/public/image/institute/logo_16879359301.png?h=40&w=40&mode=stretch
"Career Launcher, Agra ",Agra,https://images.collegedunia.com/public/image/institute/logo_1687936769c11.png?h=40&w=40&mode=stretch
Forum Of Physics ,Patna,https://images.collegedunia.com/public/image/institute/logo_16881883764.jpg?h=40&w=40&mode=stretch
Spectrum Coaches ,Nashik,https://images.collegedunia.com/public/image/institute/logo_1688621409logo.svg?h=40&w=40&mode=stretch
HEADACHE TUTORIALS ,Indore,https://images.collegedunia.com/public/image/institute/logo_1689085705headache tutorial.png?h=40&w=40&mode=stretch
Global IAS Academy ,Madurai,https://images.collegedunia.com/public/image/institute/logo_16894069571.jpg?h=40&w=40&mode=stretch
Jamboree Education ,Mumbai,https://images.collegedunia.com/public/image/institute/logo_16895798741.jpg?h=40&w=40&mode=stretch
"SIEC Education, Mumbai ",Mumbai,https://images.collegedunia.com/public/image/institute/logo_16896568251.png?h=40&w=40&mode=stretch
KDI TUTORIALS ,Lucknow,https://images.collegedunia.com/public/image/institute/logo_1690178575imgpsh_fullsize_anim1.png?h=40&w=40&mode=stretch
KSG IAS ,Jaipur,https://images.collegedunia.com/public/image/institute/logo_1690369525th (1).jpeg?h=40&w=40&mode=stretch
Drishti IAS ,Jaipur,https://images.collegedunia.com/public/image/institute/logo_1690369954aa.jpg?h=40&w=40&mode=stretch
T.I.M.E ,Hyderabad,https://images.collegedunia.com/public/image/institute/logo_1690962752logo_1658729482logo.webp?h=40&w=40&mode=stretch
TIME ,Patna,https://images.collegedunia.com/public/image/institute/logo_1691052148t1.png?h=40&w=40&mode=stretch
Clat possible ,New Delhi,https://images.collegedunia.com/public/image/institute/logo_1691576365logo_1690966233logo_1623402031clat possible logo.webp?h=40&w=40&mode=stretch
AlmaBetter ,Bangalore,https://images.collegedunia.com/public/image/institute/logo_16921704721.jpg?h=40&w=40&mode=stretch
Great Learning institute ,Bangalore,https://images.collegedunia.com/public/image/institute/logo_16924404171.png?h=40&w=40&mode=stretch
Arena Animation Gurgaon ,Gurgaon,https://images.collegedunia.com/public/image/institute/logo_1693546709Arena Sector 14 Gurgaon logo jpg-01.jpg?h=40&w=40&mode=stretch
Data Brio Academy ,Kolkata,https://images.collegedunia.com/public/image/institute/logo_1693830351logo_160243029210885288_833016316760797_6093908246702797325_n.jpg db.webp?h=40&w=40&mode=stretch
Tsaaro Academy ,Gurgaon,https://images.collegedunia.com/public/image/institute/logo_1694168693output-onlinegiftools.gif?h=40&w=40&mode=stretch
Physics Wallah ,Noida,https://images.collegedunia.com/public/image/institute/logo_16969115041.jpg?h=40&w=40&mode=stretch
Bakliwal Tutorials ,Solapur,https://images.collegedunia.com/public/image/institute/logo_16982355555555.jpg?h=40&w=40&mode=stretch
Bakliwal Tutorials Aundh ,Pune,https://images.collegedunia.com/public/image/institute/logo_1699350135aaa.webp?h=40&w=40&mode=stretch
Nayak's Tutorials ,Thane,https://images.collegedunia.com/public/image/institute/logo_16995268712222.jpg?h=40&w=40&mode=stretch
Optimus Medicus ,Patna,https://images.collegedunia.com/public/image/institute/logo_17025323133.jpg?h=40&w=40&mode=stretch
Excel PU College ,Belthangady,https://images.collegedunia.com/public/image/institute/logo_1702534074excel logo.jpg?h=40&w=40&mode=stretch
Rajmudra Design Academy ,Pune,https://images.collegedunia.com/public/image/institute/logo_16119344351.jpg?h=40&w=40&mode=stretch
Swasti Yoga Centre ,Pune,https://images.collegedunia.com/public/image/institute/logo_1681806424s1.jpg?h=40&w=40&mode=stretch
La excellence ,Hyderabad,https://images.collegedunia.com/public/image/institute/logo_1592553293laex_logo.png?h=40&w=40&mode=stretch
The Prayas India ,Mumbai,https://images.collegedunia.com/public/image/institute/logo_1593164962prayas.png?h=40&w=40&mode=stretch
ALS IAS ,New Delhi,https://images.collegedunia.com/public/image/institute/logo_1600943035b.jpg?h=40&w=40&mode=stretch
Rau's IAS Study Circle ,New Delhi,https://images.collegedunia.com/public/image/institute/logo_1620988077ra0.PNG?h=40&w=40&mode=stretch
GATE FORUM ,Hyderabad,https://images.collegedunia.com/public/image/institute/logo_1603893905r.jpg?h=40&w=40&mode=stretch
Edwise overseas Education Consultants ,Bangalore,https://images.collegedunia.com/public/image/institute/logo_1593609672edwise logo.png?h=40&w=40&mode=stretch
Videsh Consultz ,Bangalore,https://images.collegedunia.com/public/image/institute/logo_1593164771videsh logo.jpg?h=40&w=40&mode=stretch
SMART LEADERS IAS ACADEMY ,Chennai,https://images.collegedunia.com/public/image/institute/logo_1594730694smart ias 2.png?h=40&w=40&mode=stretch
Baliyan's IAS ,New Delhi,https://images.collegedunia.com/public/image/institute/logo_1595001772insight2.PNG?h=40&w=40&mode=stretch
Saraswati IAS ,New Delhi,https://images.collegedunia.com/public/image/institute/logo_1594965255images (5).jpg?h=40&w=40&mode=stretch
Step Up IAS ,New Delhi,https://images.collegedunia.com/public/image/institute/logo_1594987117STEP-UP-IAS-Coaching logo.png?h=40&w=40&mode=stretch
TOPPERS25 ,Jaipur,https://images.collegedunia.com/public/image/institute/logo_1595067366download (4).jpg?h=40&w=40&mode=stretch
Maluka IAS ,New Delhi,https://images.collegedunia.com/public/image/institute/logo_1595305631maluka1.PNG?h=40&w=40&mode=stretch
Tutor Jar ,Mumbai,https://images.collegedunia.com/public/image/institute/logo_1595919335Tutor Jar.png?h=40&w=40&mode=stretch
Lukmaan IAS ,New Delhi,https://images.collegedunia.com/public/image/institute/logo_1596491503download.jpg?h=40&w=40&mode=stretch
Rajeev Classes (NEET),Kolkata,https://images.collegedunia.com/public/image/institute/logo_1596181789rajeev logo.png?h=40&w=40&mode=stretch
MRF's NEET Coaching ,Bangalore,https://images.collegedunia.com/public/image/institute/logo_1596543969add_a_heading_NB4_icon.ico?h=40&w=40&mode=stretch
Arms Academy (JEE Main),Pune,https://images.collegedunia.com/public/image/institute/logo_1596696541armslogooo111-scaled-e1578049844875.png?h=40&w=40&mode=stretch
Greeks Classes (JEE Main),Pune,https://images.collegedunia.com/public/image/institute/logo_1596788487freesnippingtool.com_capture_20200806143828.png?h=40&w=40&mode=stretch
Altus Institute (JEE Main),Calicut,https://images.collegedunia.com/public/image/institute/logo_1611901594logo (5).png?h=40&w=40&mode=stretch
Universal Tutorials (JEE Main),Mumbai,https://images.collegedunia.com/public/image/institute/logo_159679010121558561_1631777666867504_1065248973541670507_n.jpg?h=40&w=40&mode=stretch
KGMECH IAS Academy ,Hyderabad,https://images.collegedunia.com/public/image/institute/logo_1597347362kg mec logo.png?h=40&w=40&mode=stretch
GATE ESE MASTERS ,Bhopal,https://images.collegedunia.com/public/image/institute/logo_1597399342gemlogo-1.png?h=40&w=40&mode=stretch
The Gate Coach ,Ghaziabad,https://images.collegedunia.com/public/image/institute/logo_1597425088logo.png?h=40&w=40&mode=stretch
Singh Study Circle (JEE Main),New Delhi,https://images.collegedunia.com/public/image/institute/logo_1597678247ss logo.png?h=40&w=40&mode=stretch
Kites Academy ,Chennai,https://images.collegedunia.com/public/image/institute/logo_1597811654kites logo.png?h=40&w=40&mode=stretch
Sathya IAS Academy ,Chennai,https://images.collegedunia.com/public/image/institute/logo_1633514267Logo.jpg?h=40&w=40&mode=stretch
Higher Education Institute (MBA),New Delhi,https://images.collegedunia.com/public/image/institute/logo_1598001346Add a heading.png?h=40&w=40&mode=stretch
Impulse JEE ,Rajendrapur,https://images.collegedunia.com/public/image/institute/logo_1598082125logo.png?h=40&w=40&mode=stretch
Winning Streak Educare ,Kolkata,https://images.collegedunia.com/public/image/institute/logo_1617888454winning-streak-educare-full-logo.png?h=40&w=40&mode=stretch
CATKing (CAT COACHING) (CAT),Mumbai,https://images.collegedunia.com/public/image/institute/logo_1598268335logo.jpg?h=40&w=40&mode=stretch
Roy Education (SSC COACHING) (SSC JE),New Delhi,https://images.collegedunia.com/public/image/institute/logo_1598347105freesnippingtool.com_capture_20200825143516.png?h=40&w=40&mode=stretch
IBT Coaching Institute (Banking),Gurgaon,https://images.collegedunia.com/public/image/institute/logo_1598351096logo.png?h=40&w=40&mode=stretch
"Gravity SSC, CLAT Coaching Institute (CLAT)",New Delhi,https://images.collegedunia.com/public/image/institute/logo_1598384654gravity logo.jpg?h=40&w=40&mode=stretch
Prime tutor (CLAT/IPM) (CLAT),Hyderabad,https://images.collegedunia.com/public/image/institute/logo_1598417404prime logo.png?h=40&w=40&mode=stretch
Plutus Academy (SSC),Noida,https://images.collegedunia.com/public/image/institute/logo_1598612353plutus logo.png?h=40&w=40&mode=stretch
Best Learning Center (Banking),Chennai,https://images.collegedunia.com/public/image/institute/logo_1598611349logo.jpg?h=40&w=40&mode=stretch
Associate Member Institution Of Engineers ( SSC JE COACHING) (SSC JE),Chandigarh,https://images.collegedunia.com/public/image/institute/logo_1598689767logo.jpg?h=40&w=40&mode=stretch
Sinhal Classes (JEE Main),Mumbai,https://images.collegedunia.com/public/image/institute/logo_1598732479Sinhal-Logo.webp?h=40&w=40&mode=stretch
Siddharth Agarwal Classes (CA),Kolkata,https://images.collegedunia.com/public/image/institute/logo_1599151503SAC-Logo.jpg?h=40&w=40&mode=stretch
Kumar Academy for CS CA CMA B.Com XI XII (A Venture of Kumar Law Classes) ,Kolkata,https://images.collegedunia.com/public/image/institute/logo_1599098420klc logo.jpg?h=40&w=40&mode=stretch
Vivek Soni Classes (CA),Kolkata,https://images.collegedunia.com/public/image/institute/logo_1599124357VSIEPL.jpg?h=40&w=40&mode=stretch
CAPS Education to Profess (CPT CERTIFICATION),Bangalore,https://images.collegedunia.com/public/image/institute/logo_1605886386148857_173913525952638_3267225_n.jpg?h=40&w=40&mode=stretch
DeepGyan Classes ,New Delhi,https://images.collegedunia.com/public/image/institute/logo_1599157518download (1).png?h=40&w=40&mode=stretch
KingMakers IAS Academy ,Chennai,https://images.collegedunia.com/public/image/institute/logo_1627047639logo.png?h=40&w=40&mode=stretch
"GLOBALFTI (ACCA, CA, CMA, IFRS) (ACCA Certification)",Bangalore,https://images.collegedunia.com/public/image/institute/logo_1599287555globalfti.png?h=40&w=40&mode=stretch
RS Defence select Academy (NDA),Bhopal,https://images.collegedunia.com/public/image/institute/logo_1599343850rlogo.jpg?h=40&w=40&mode=stretch
RR Academy ,Chennai,https://images.collegedunia.com/public/image/institute/logo_1599447161logorr.png?h=40&w=40&mode=stretch
Olive Greens Institute ,Chandigarh,https://images.collegedunia.com/public/image/institute/logo_1599471377olive logo.png?h=40&w=40&mode=stretch
Trendz Academy ,New Delhi,https://images.collegedunia.com/public/image/institute/logo_1599684365talogo.jpg?h=40&w=40&mode=stretch
MathOratory Cat coaching (CAT),New Delhi,https://images.collegedunia.com/public/image/institute/logo_1599732631math logo.jpg?h=40&w=40&mode=stretch
Devalya Institute ,Gurgaon,https://images.collegedunia.com/public/image/institute/logo_1600428216dev.PNG?h=40&w=40&mode=stretch
Mensa Commerce Classes ,Mumbai,https://images.collegedunia.com/public/image/institute/logo_1599755776mensa logo.png?h=40&w=40&mode=stretch
The Design Venue ,Bangalore,https://images.collegedunia.com/public/image/institute/logo_1599816652design logo.png?h=40&w=40&mode=stretch
Score Getter (GRE),Chennai,https://images.collegedunia.com/public/image/institute/logo_160004935169312750_2900110646669757_8445297827390685184_o.jpg?h=40&w=40&mode=stretch
Reknown edu services (GMAT),Bangalore,https://images.collegedunia.com/public/image/institute/logo_1600013910images.png?h=40&w=40&mode=stretch
Glion Overseas Education Consultant (Study Abroad),New Delhi,https://images.collegedunia.com/public/image/institute/logo_1600172074glion-overseas-rohini-delhi-overseas-education-consultants-33469l1.jpg?h=40&w=40&mode=stretch
Masters IELTS training (IELTS),Bangalore,https://images.collegedunia.com/public/image/institute/logo_1600279988download (7).jpg?h=40&w=40&mode=stretch
Western Academy (Study Abroad),Pune,https://images.collegedunia.com/public/image/institute/logo_1600501160download (8).jpg?h=40&w=40&mode=stretch
Tagore English Institute ,Bangalore,https://images.collegedunia.com/public/image/institute/logo_1600774429fy.jpg?h=40&w=40&mode=stretch
Kompass Immigration ,Mumbai,https://images.collegedunia.com/public/image/institute/logo_1600687755unnamed.jpg?h=40&w=40&mode=stretch
UmacX Edge Overseas ,Hyderabad,https://images.collegedunia.com/public/image/institute/logo_1600784473unnamed (2).jpg?h=40&w=40&mode=stretch
PW Education ,New Delhi,https://images.collegedunia.com/public/image/institute/logo_1600970271name-w.png?h=40&w=40&mode=stretch
Anamika's English Academy ,Mumbai,https://images.collegedunia.com/public/image/institute/logo_1600959936alogo.png?h=40&w=40&mode=stretch
Career Crafters ,Mumbai,https://images.collegedunia.com/public/image/institute/logo_1601035134download.jpg?h=40&w=40&mode=stretch
CVR Physics ,Hyderabad,https://images.collegedunia.com/public/image/institute/logo_1601100469CVR LOGO.webp?h=40&w=40&mode=stretch
TIB ACADEMY ,Bangalore,https://images.collegedunia.com/public/image/institute/logo_1601575091z5.jpg?h=40&w=40&mode=stretch
BM English Speaking (ENGLISH LANGUAGE),Thane,https://images.collegedunia.com/public/image/institute/logo_1601549376bm logo.png?h=40&w=40&mode=stretch
Ziel Foreign Language Academy ,Mumbai,https://images.collegedunia.com/public/image/institute/logo_1601621715zeal logo.png?h=40&w=40&mode=stretch
CETPA Infotech pvt ltd (Computer Science and Information Technology),Noida,https://images.collegedunia.com/public/image/institute/logo_1605609790s1600-w591-1.jpeg?h=40&w=40&mode=stretch
The Interface coaching institute ,Bangalore,https://images.collegedunia.com/public/image/institute/logo_1601742548unnamed (5).jpg?h=40&w=40&mode=stretch
NI Analytics (big data),Bangalore,https://images.collegedunia.com/public/image/institute/logo_16018658370.png?h=40&w=40&mode=stretch
IMS Proschool ,Navi Mumbai,https://images.collegedunia.com/public/image/institute/logo_16018642220.png?h=40&w=40&mode=stretch
Softlogic Systems (Computer Science and Information Technology),Chennai,https://images.collegedunia.com/public/image/institute/logo_1601835560softlogic-systems-logo.png?h=40&w=40&mode=stretch
ACTE training Institute Porur ,Chennai,https://images.collegedunia.com/public/image/institute/logo_1601846735acte anna logo.png?h=40&w=40&mode=stretch
ACIL ,Gurgaon,https://images.collegedunia.com/public/image/institute/logo_1601875149logo-acil-institute.png?h=40&w=40&mode=stretch
Study Analytics ,Bangalore,https://images.collegedunia.com/public/image/institute/logo_1601920344logo.png?h=40&w=40&mode=stretch
DexLab Analytics ,Gurgaon,https://images.collegedunia.com/public/image/institute/logo_16059517271271290_1549222025326487_9074513260021026480_o.jpg?h=40&w=40&mode=stretch
Lucid IT Training ,Hyderabad,https://images.collegedunia.com/public/image/institute/logo_1602156805unnamed.jpg?h=40&w=40&mode=stretch
Livewire ,Chennai,https://images.collegedunia.com/public/image/institute/logo_1602195183livewirelogo.png?h=40&w=40&mode=stretch
Marketing Courses Training Academy (Email Marketing),Mumbai,https://images.collegedunia.com/public/image/institute/logo_1602249071mcta logo.png?h=40&w=40&mode=stretch
Defour Analytics Pvt. Ltd. (Data Analytics Training),Mumbai,https://images.collegedunia.com/public/image/institute/logo_1602434744logo (1).png?h=40&w=40&mode=stretch
Training Basket Pvt Ltd ,Noida,https://images.collegedunia.com/public/image/institute/logo_1602589531download (1).png?h=40&w=40&mode=stretch
MTAIND - Microsoft Internship training ,Noida,https://images.collegedunia.com/public/image/institute/logo_1602605485l.png?h=40&w=40&mode=stretch
STLabs India ,Noida,https://images.collegedunia.com/public/image/institute/logo_1602653791logo.png?h=40&w=40&mode=stretch
Hope Tutors ,Chennai,https://images.collegedunia.com/public/image/institute/logo_1602665994Hope-Tutors-final-logo.png?h=40&w=40&mode=stretch
S-IT Computer Software Training Institute ,Navi Mumbai,https://images.collegedunia.com/public/image/institute/logo_1602754764sitlogo.png?h=40&w=40&mode=stretch
Learning Catalyst (Data Science Course),Mumbai,https://images.collegedunia.com/public/image/institute/logo_1602769810Tech-Library-Logo.png?h=40&w=40&mode=stretch
Simplilearn Academy ,Bangalore,https://images.collegedunia.com/public/image/institute/logo_1602841589OIP.jpg?h=40&w=40&mode=stretch
Jamboree Education - Jayanagar Center ,Bangalore,https://images.collegedunia.com/public/image/institute/logo_1602930908logo.png?h=40&w=40&mode=stretch
SoftLogic Academy (Data Science Course),Chennai,https://images.collegedunia.com/public/image/institute/logo_1603218116logo.jpg?h=40&w=40&mode=stretch
Squad Infotech Pvt. Ltd ,Mumbai,https://images.collegedunia.com/public/image/institute/logo_1603258983logo.png?h=40&w=40&mode=stretch
SourceKode Training Institute for Web Design ,Pune,https://images.collegedunia.com/public/image/institute/logo_1603298522logo.jpg?h=40&w=40&mode=stretch
Data Resonance ,Thane,https://images.collegedunia.com/public/image/institute/logo_16033567510.png?h=40&w=40&mode=stretch
Digital Marketing Academy (Social Media Marketing (SMM)),Hyderabad,https://images.collegedunia.com/public/image/institute/logo_1603721064d logo.png?h=40&w=40&mode=stretch
Zuan education ,Chennai,https://images.collegedunia.com/public/image/institute/logo_1603450557207253-large.jpg?h=40&w=40&mode=stretch
AllTechZ Solutions Pvt Ltd ,Chennai,https://images.collegedunia.com/public/image/institute/logo_1606142996logo.jpg?h=40&w=40&mode=stretch
Crampete ,Chennai,https://images.collegedunia.com/public/image/institute/logo_1603706300download.png?h=40&w=40&mode=stretch
Advanced Institute of Digital Marketing (Ethical Hacking Online Training),Kolkata,https://images.collegedunia.com/public/image/institute/logo_1603895412logo-AIDM.png?h=40&w=40&mode=stretch
Ace Web Academy (Data Science Course),Hyderabad,https://images.collegedunia.com/public/image/institute/logo_1603982995logo.png?h=40&w=40&mode=stretch
TBS Digital Marketing institute ,Mumbai,https://images.collegedunia.com/public/image/institute/logo_1604062909tbslogo.png?h=40&w=40&mode=stretch
Ejobindia ,Kolkata,https://images.collegedunia.com/public/image/institute/logo_1604069290el1.jpg?h=40&w=40&mode=stretch
Tarah AI ,Bangalore,https://images.collegedunia.com/public/image/institute/logo_1604246875t2.jpg?h=40&w=40&mode=stretch
Aiuto Consulting (Data Science Course),Kolkata,https://images.collegedunia.com/public/image/institute/logo_1604288205Aiuto_Consulting_Logo_Web.png?h=40&w=40&mode=stretch
Bicard ,Pune,https://images.collegedunia.com/public/image/institute/logo_1604294574bicard-logo-headder.png?h=40&w=40&mode=stretch
Peers Technologies Pvt. Ltd. ,Hyderabad,https://images.collegedunia.com/public/image/institute/logo_1604331140logo.jpg?h=40&w=40&mode=stretch
Rajesh Patkar Institute Of Software Engineering ,Mumbai,https://images.collegedunia.com/public/image/institute/logo_1604404525c1.jpg?h=40&w=40&mode=stretch
Teja Live Tracks ,Hyderabad,https://images.collegedunia.com/public/image/institute/logo_1604431175cropped-TEJA-LIVE-TRACKS-1-1-1024x415.png?h=40&w=40&mode=stretch
KMR Software Services Pvt Ltd ,Hyderabad,https://images.collegedunia.com/public/image/institute/logo_16045823474399647-389480-20092016180936.jpeg?h=40&w=40&mode=stretch
KITS Online Training (JAVA Training),Hyderabad,https://images.collegedunia.com/public/image/institute/logo_1606101398download.png?h=40&w=40&mode=stretch
Dot Net Training Institute - Rebenok Infotech ,Mumbai,https://images.collegedunia.com/public/image/institute/logo_1605095323headerlogo.png?h=40&w=40&mode=stretch
Sandeepani ,Bangalore,https://images.collegedunia.com/public/image/institute/logo_1634902846Logo.jpg?h=40&w=40&mode=stretch
NetRich IT Solutions ,Hyderabad,https://images.collegedunia.com/public/image/institute/logo_1605261542Capture.PNG?h=40&w=40&mode=stretch
"Digiperform - Digital Marketing Course in Delhi, Connaught Place ",New Delhi,https://images.collegedunia.com/public/image/institute/logo_1605537023Logo.png?h=40&w=40&mode=stretch
NicheBytes Technologies (Computer Science and Information Technology),Pune,https://images.collegedunia.com/public/image/institute/logo_160871015813612178_1206076212782444_6320979024570791396_n.png?h=40&w=40&mode=stretch
Computech Info Solutions - KPHB - Kukatpally ,Hyderabad,https://images.collegedunia.com/public/image/institute/logo_1605590428Screenshot 2020-11-17 104133.png?h=40&w=40&mode=stretch
Competition Forum ,Bangalore,https://images.collegedunia.com/public/image/institute/logo_1605604686unnamed-4.jpg?h=40&w=40&mode=stretch
"Profound Edutech, Pune ",Pune,https://images.collegedunia.com/public/image/institute/logo_1605715235plogo.jpg?h=40&w=40&mode=stretch
RIA Institute of Technology - Marathahalli (ENGLISH LANGUAGE),Bangalore,https://images.collegedunia.com/public/image/institute/logo_1605693768logo (1).png?h=40&w=40&mode=stretch
