[{"College_Name":"Dr. B R Ambedkar Institute of Technology, Port Blair","College_Logo":"https:\/\/images.collegedunia.com\/public\/college_data\/images\/logos\/1467193989Header.png?h=80&w=80&mode=stretch","Upper_Section_Details":{"Place":"Port Blair,  Andaman and Nicobar Islands","Approval":"","Establishment":"Estd 1984","University Type":"Private"},"College_Rating":8.2,"College_Summary":"Dr B.R. Ambedkar Institute of Technology is a private Institute which was established in 1984. The Institute is accredited with B+ grade by NAAC with a score of 2.6 on a 4 point scale and has also been affiliated to Indian Maritime University, Chennai.\u00a0","Fees_and_Eligibility":[{"Course":"B.Tech","Fees":"\u20b912,083 (1st Year Fees) ","Eligibility":"Apply Now "},{"Course":"Diploma","Fees":"\u20b94,780 (1st Year Fees) ","Eligibility":"Apply Now "},{"Course":"Polytechnic","Fees":"\u20b94,780 (1st Year Fees) ","Eligibility":"Apply Now "},{"Course":"Lateral Polytechnic","Fees":"\u20b94,780 (1st Year Fees) ","Eligibility":"Apply Now "},{"Course":"B.Tech {Lateral}","Fees":"\u20b912,083 (1st Year Fees) ","Eligibility":"Apply Now "}],"Courses_Details":[{"Course Name":"Bachelor of Technology [B.Tech]","Course Duration":"4 Years","Course Degree":"Degree","Course Graduation":"Graduation","Course Time":"Full Time","Course Rating":"7.7","Course Review":"3 Reviews","Application Fees":"\u20b9 12,0831st Yr Fees"},{"Course Name":"Diploma","Course Duration":"3 Years","Course Degree":"Diploma","Course Graduation":"10+2","Course Time":"Full Time","Course Rating":"","Application Fees":"\u20b9 4,7801st Yr Fees"},{"Course Name":"Diploma in Engineering (Polytechnic)","Course Duration":"3 Years","Course Degree":"Diploma","Course Graduation":"10th","Course Time":"Full Time","Course Rating":"Rated #201-250\n          out of 300\n          by\n        NIRF in Engineering","Application Fees":"\u20b9 4,7801st Yr Fees"},{"Course Name":"Diploma in Engineering (Polytechnic) {Lateral}","Course Duration":"2 Years","Course Degree":"Diploma","Course Graduation":"10+2","Course Time":"Full Time","Course Rating":"Rated #201-250\n          out of 300\n          by\n        NIRF in Engineering","Application Fees":"\u20b9 4,7801st Yr Fees"},{"Course Name":"Bachelor of Technology [B.Tech] {Lateral}","Course Duration":"3 Years","Course Degree":"Degree","Course Graduation":"Graduation","Course Time":"Full Time","Course Rating":"7.7","Course Review":"3 Reviews","Application Fees":"\u20b9 12,0831st Yr Fees"}]},{"College_Name":"Jawaharlal Nehru Rajkeeya Mahavidyalaya - [JNRM], Port Blair","College_Logo":"https:\/\/images.collegedunia.com\/public\/college_data\/images\/logos\/1427971448jawaherlal.jpg?h=80&w=80&mode=stretch","Upper_Section_Details":{"Place":"Port Blair,  Andaman and Nicobar Islands","Approval":"UGC","Establishment":"Estd 1967","University Type":"Government"},"College_Rating":7.1,"College_Summary":"","Fees_and_Eligibility":[{"Course":"B.Sc","Fees":"\u20b9939 (1st Year Fees) ","Eligibility":"10+2"},{"Course":"M.Sc","Fees":"\u20b91,128 (1st Year Fees) ","Eligibility":"Graduation"},{"Course":"BBA","Fees":"\u20b9843 (1st Year Fees) ","Eligibility":"10+2"},{"Course":"BCA","Fees":"\u20b9939 (1st Year Fees) ","Eligibility":"10+2"},{"Course":"MA","Fees":"\u20b91,008 (1st Year Fees) ","Eligibility":"Graduation"},{"Course":"BA","Fees":"\u20b9843 (1st Year Fees) ","Eligibility":"10+2"},{"Course":"M.Com","Fees":"\u20b91,008 (1st Year Fees) ","Eligibility":"Graduation"}],"Courses_Details":[{"Course Name":"Bachelor of Science [B.Sc]","Course Duration":"3 Years","Course Degree":"Degree","Course Graduation":"Graduation","Course Time":"Full Time","Course Rating":"6.7","Course Review":"1 Reviews","Application Fees":"\u20b9 9391st Yr Fees"},{"Course Name":"Master of Science [M.Sc]","Course Duration":"2 Years","Course Degree":"Degree","Course Graduation":"Post Graduation","Course Time":"Full Time","Course Rating":"","Application Fees":"\u20b9 1,1281st Yr Fees"},{"Course Name":"Bachelor of Business Administration [BBA] (Tourism and Travel Management)","Course Duration":"3 Years","Course Degree":"Degree","Course Graduation":"Graduation","Course Time":"Full Time","Course Rating":"","Application Fees":"\u20b9 8431st Yr Fees"},{"Course Name":"Bachelor of Physical Education [B.P.Ed]","Course Duration":"3 Years","Course Degree":"Degree","Course Graduation":"Graduation","Course Time":"Full Time","Course Rating":"","Application Fees":"\u20b9 2761st Yr Fees"},{"Course Name":"Bachelor of Computer Applications [BCA]","Course Duration":"3 Years","Course Degree":"Degree","Course Graduation":"Graduation","Course Time":"Full Time","Course Rating":"1 Reviews","Course Review":"1 Reviews","Application Fees":"\u20b9 9391st Yr Fees"}]},{"College_Name":"Mahatma Gandhi Government College, Mayabander","College_Logo":"https:\/\/images.collegedunia.com\/public\/college_data\/images\/logos\/1395831066Mahatma Gandhi Government College.png?h=80&w=80&mode=stretch","Upper_Section_Details":{"Place":"Mayabander,  Andaman and Nicobar Islands","Approval":"","Establishment":"Estd 1994","University Type":"Private Institute"},"College_Rating":10.0,"College_Summary":"","Fees_and_Eligibility":null,"Courses_Details":[{"Course Name":"Bachelor of Science [B.Sc] (Geography)","Course Duration":"3 Years","Course Degree":"Degree","Course Graduation":"Graduation","Course Time":"Full Time","Course Rating":"1 Reviews","Course Review":"1 Reviews","Application Fees":"\u20b9 1,1551st Yr Fees"},{"Course Name":"Bachelor of Commerce [B.Com]","Course Duration":"3 Years","Course Degree":"Degree","Course Graduation":"Graduation","Course Time":"Full Time","Course Rating":"","Application Fees":"\u20b9 1,1551st Yr Fees"},{"Course Name":"Bachelor of Arts [BA]","Course Duration":"3 Years","Course Degree":"Degree","Course Graduation":"Graduation","Course Time":"Full Time","Course Rating":"","Application Fees":"\u20b9 1,1551st Yr Fees"}]},{"College_Name":"Tagore Government College of Education, Port Blair","College_Logo":"https:\/\/images.collegedunia.com\/public\/college_data\/images\/logos\/1427862168jp.jpg?h=80&w=80&mode=stretch","Upper_Section_Details":{"Place":"Port Blair,  Andaman and Nicobar Islands","Approval":"NCTE, UGC","Establishment":"Estd 1981","University Type":"Private"},"College_Rating":8.5,"College_Summary":"Tagore Government College of Education in Andaman and Nicobar Islands Port Blair has played very vital role in prompting the education in India and from this college we can get better, skilled and competent teachers every year. Due to this reason, most of the students who want to get into teaching line prefer to take admission in this college. This college is affiliated by Punjab University and come into recognition in the year 1981. The history of this college is very interesting. In first attempt they took 50 trainees and then they put all the focus on the 50 students and get better skills. The College is also put as the Centre for various Exams. The exams like Sainik School and SSC, RIMC, Distance Education programmers Madras, Alagappa University, Madurai Kamraj University, Punjab Technical University etc.\u00a0 The new building of this college was made in the year 2004 in April.","Fees_and_Eligibility":null,"Courses_Details":[{"Course Name":"Bachelor of Science [B.Sc] + Bachelor of Education [B.Ed]","Course Duration":"4 Years","Course Degree":"Degree","Course Graduation":"Graduation","Course Time":"Full Time","Course Rating":"9.0","Course Review":"2 Reviews"},{"Course Name":"Bachelor of Education [B.Ed]","Course Duration":"1 Year","Course Degree":"Degree","Course Graduation":"Graduation","Course Time":"Full Time","Course Rating":""},{"Course Name":"Bachelor of Arts [BA] + Bachelor of Education [B.Ed]","Course Duration":"4 Years","Course Degree":"Degree","Course Graduation":"Graduation","Course Time":"Full Time","Course Rating":""}]},{"College_Name":"ANIIMS, Port Blair","College_Logo":"https:\/\/images.collegedunia.com\/public\/college_data\/images\/logos\/1506671152logo.jpg?h=80&w=80&mode=stretch","Upper_Section_Details":{"Place":"Port Blair,  Andaman and Nicobar Islands","Approval":"MCI","Establishment":"Estd 2015","University Type":"Public"},"College_Rating":8.3,"College_Summary":"Some of the important highlights of ANIIMS Port Blair are tabulated below:","Fees_and_Eligibility":null,"Courses_Details":[{"Course Name":"M.B.B.S.","Course Duration":"5 Years 6 Months","Course Degree":"Degree","Course Graduation":"Graduation","Course Time":"Full Time","Course Rating":"8.5","Course Review":"2 Reviews","Exam Accepted":"NEET","Application Date":"9 Feb - 16 Mar 2024","Application Fees":"\u20b9 91,0501st Yr Fees"}]}]