[{"College_Name":"National Research Centre on Yak - [NRCY], West Kameng","College_Logo":"https:\/\/images.collegedunia.com\/public\/college_data\/images\/logos\/col6699.jpg?h=80&w=80&mode=stretch","Upper_Section_Details":{"Place":"West Kameng,  Arunachal Pradesh","Approval":"","Establishment":"Estd 1989","University Type":"Public Institute"},"College_Rating":7.8,"College_Summary":"","Fees_and_Eligibility":null,"Courses_Details":[{"Course Name":"Ph.D. (Agriculture)","Course Duration":"3 Years","Course Degree":"Degree","Course Graduation":"Doctorate\/M.Phil","Course Time":"Full Time","Course Rating":"8.0","Course Review":"1 Reviews"}]},{"College_Name":"NERIST","College_Logo":"https:\/\/images.collegedunia.com\/public\/college_data\/images\/logos\/col29642.png?h=80&w=80&mode=stretch","Upper_Section_Details":{"Place":"Itanagar,  Arunachal Pradesh","Approval":"AICTE, UGC","Establishment":"Estd 1984","University Type":"Deemed to be University"},"College_Rating":7.4,"College_Summary":"North Eastern Regional Institute of Science and Technology (NERIST) is deemed to be a university in Nirjuli Place located in Itanagar, Arunachal Pradesh. The institute is autonomous and funded by MHRD, Govt. of India. NERIST has been ranked 186 among the top NIRF-rated Engineering colleges in 2021. The institute currently has 11 departments of education in science & engineering and 1 center for management studies to offer degree courses across the disciplines of engineering, technology, sciences, and management.\u00a0","Fees_and_Eligibility":[{"Course":"B.Tech","Fees":"\u20b913,750 (1st Year Fees) ","Eligibility":"Pass 10+2 NERIST Entrance Exam"},{"Course":"M.Tech","Fees":"\u20b932,730 (1st Year Fees) ","Eligibility":"Graduation"},{"Course":"MBA","Fees":"\u20b957,560 (1st Year Fees) ","Eligibility":"Graduation"},{"Course":"Ph.D","Fees":"\u20b936,480 (1st Year Fees) ","Eligibility":"Post Graduation"},{"Course":"B.Sc","Fees":"\u20b922,580 (1st Year Fees) ","Eligibility":"10+2"},{"Course":"Polytechnic","Fees":"\u20b912,480 (1st Year Fees) ","Eligibility":"10+2"},{"Course":"B.Tech {Lateral}","Fees":"\u20b922,580 (1st Year Fees) ","Eligibility":"10+3 + NERIST Entrance Exam"}],"Courses_Details":[{"Course Name":"Bachelor of Technology [B.Tech]","Course Duration":"4 Years","Course Degree":"Degree","Course Graduation":"Graduation","Course Time":"Full Time","Course Rating":"7.1","Course Review":"41 Reviews","Exam Accepted":"NERIST Entrance Exam","Application Fees":"\u20b9 13,7501st Yr Fees"},{"Course Name":"Master of Technology [M.Tech]","Course Duration":"2 Years","Course Degree":"Degree","Course Graduation":"Post Graduation","Course Time":"Full Time","Course Rating":"Rated #167\n          out of 238\n          by\n        India Today in Engineering","Application Fees":"\u20b9 32,730*1st Yr Fees"},{"Course Name":"Master of Business Administration [MBA]","Course Duration":"2 Years","Course Degree":"Degree","Course Graduation":"Post Graduation","Course Time":"Full Time","Course Rating":"","Application Fees":"\u20b9 57,5601st Yr Fees"},{"Course Name":"Ph.D","Course Duration":"3 Years","Course Degree":"Degree","Course Graduation":"Doctorate\/M.Phil","Course Time":"Full Time","Course Rating":"","Application Fees":"\u20b9 36,4801st Yr Fees"},{"Course Name":"Bachelor of Science [B.Sc] (Forestry)","Course Duration":"4 Years","Course Degree":"Degree","Course Graduation":"Graduation","Course Time":"Full Time","Course Rating":"9.0","Course Review":"6 Reviews","Application Fees":"\u20b9 22,5801st Yr Fees"}]},{"College_Name":"NIT Arunachal Pradesh","College_Logo":"https:\/\/images.collegedunia.com\/public\/college_data\/images\/logos\/1394864563National Institute of Technology - NIT Arunachal Pradesh.png?h=80&w=80&mode=stretch","Upper_Section_Details":{"Place":"Papum Pare,  Arunachal Pradesh","Approval":"AICTE, UGC","Establishment":"Estd 2010","University Type":"Autonomous University"},"College_Rating":7.5,"College_Summary":"Established in 2010, NIT Arunachal Pradesh is one of top technical institutes located in the state of Arunachal Pradesh. The campus of the NIT Arunachal Pradesh is located at Jote, 30 kms from the Itanagar, the capital town of the state.\u00a0The institute offers courses in the fields of engineering, management and science at UG, PG and PhD levels. NIT Arunachal Pradesh is ranked 101-200\u00a0in the engineering category by NIRF 2023.","Fees_and_Eligibility":null,"Courses_Details":[{"Course Name":"Bachelor of Technology [B.Tech]","Course Duration":"4 Years","Course Degree":"Degree","Course Graduation":"Graduation","Course Time":"Full Time","Course Rating":"7.1","Course Review":"36 Reviews","Exam Accepted":"JEE Main","Application Date":"19 June - 31 Jul 2024","Application Fees":"\u20b9 153,6001st Yr Fees"},{"Course Name":"Ph.D","Course Duration":"3 Years","Course Degree":"Degree","Course Graduation":"Doctorate\/M.Phil","Course Time":"Full Time","Course Rating":"6.7","Course Review":"1 Reviews","Application Fees":"\u20b9 43,6001st Yr Fees"},{"Course Name":"Master of Technology [M.Tech]","Course Duration":"2 Years","Course Degree":"Degree","Course Graduation":"Post Graduation","Course Time":"Full Time","Course Rating":"7.8","Course Review":"2 Reviews","Exam Accepted":"GATE","Application Date":"5 June - 26 Jun 2024","Application Fees":"\u20b9 98,6001st Yr Fees"}]},{"College_Name":"Dera Natung Government College - [DNGC], Itanagar","College_Logo":"https:\/\/images.collegedunia.com\/public\/college_data\/images\/logos\/col1018.jpg?h=80&w=80&mode=stretch","Upper_Section_Details":{"Place":"Itanagar,  Arunachal Pradesh","Approval":"","Establishment":"Estd 1979","University Type":"Government"},"College_Rating":4.7,"College_Summary":"","Fees_and_Eligibility":[{"Course":"BA {Hons.}","Fees":"\u20b914,720 (1st Year Fees) ","Eligibility":"10+2"},{"Course":"B.Sc","Fees":"\u20b914,720 (1st Year Fees) ","Eligibility":"10+2"},{"Course":"BA","Fees":"\u20b914,720 (1st Year Fees) ","Eligibility":"10+2"},{"Course":"B.Com","Fees":"\u20b914,720 (1st Year Fees) ","Eligibility":"10+2"}],"Courses_Details":[{"Course Name":"Bachelor of Arts [BA] {Hons.}","Course Duration":"3 Years","Course Degree":"Degree","Course Graduation":"Graduation","Course Time":"Full Time","Course Rating":"4.7","Course Review":"2 Reviews","Application Fees":"\u20b9 14,7201st Yr Fees"},{"Course Name":"Bachelor of Science [B.Sc]","Course Duration":"3 Years","Course Degree":"Degree","Course Graduation":"Graduation","Course Time":"Full Time","Course Rating":"3.8","Course Review":"2 Reviews","Application Fees":"\u20b9 14,7201st Yr Fees"},{"Course Name":"Bachelor of Arts [BA]","Course Duration":"3 Years","Course Degree":"Degree","Course Graduation":"Graduation","Course Time":"Full Time","Course Rating":"4.7","Course Review":"2 Reviews","Application Fees":"\u20b9 14,7201st Yr Fees"},{"Course Name":"Bachelor of Commerce [B.Com]","Course Duration":"3 Years","Course Degree":"Degree","Course Graduation":"Graduation","Course Time":"Full Time","Course Rating":"","Application Fees":"\u20b9 14,7201st Yr Fees"}]},{"College_Name":"Arunodaya University","College_Logo":"https:\/\/images.collegedunia.com\/public\/college_data\/images\/logos\/1583407480AULogo.jpeg?h=80&w=80&mode=stretch","Upper_Section_Details":{"Place":"Itanagar,  Arunachal Pradesh","Approval":"","Establishment":"Estd 2014","University Type":"Private University"},"College_Rating":8.4,"College_Summary":"Arunodaya University, Arunachal Pradesh was established by The State Legislature and is approved under the UGC Act 1956 vested in 2014, with programs for Degrees, Diplomas, and Certificates ranging from Under graduation, Bachelor\u2019s, Post-graduation, Ph.D., and M.Phil. The Institution has been established to provide the growing needs of higher education in the country.\u00a0","Fees_and_Eligibility":null,"Courses_Details":[{"Course Name":"Master of Business Administration [MBA]","Course Duration":"2 Years","Course Degree":"Degree","Course Graduation":"Post Graduation","Course Time":"Full Time","Course Rating":""},{"Course Name":"Bachelor of Law [L.L.B]","Course Duration":"3 Years","Course Degree":"Degree","Course Graduation":"Graduation","Course Time":"Full Time","Course Rating":""},{"Course Name":"Bachelor of Computer Applications [BCA]","Course Duration":"3 Years","Course Degree":"Degree","Course Graduation":"Graduation","Course Time":"Full Time","Course Rating":""},{"Course Name":"Bachelor of Science [B.Sc]","Course Duration":"3 Years","Course Degree":"Degree","Course Graduation":"Graduation","Course Time":"Full Time","Course Rating":""},{"Course Name":"Master of Arts [MA]","Course Duration":"2 Years","Course Degree":"Degree","Course Graduation":"Post Graduation","Course Time":"Full Time","Course Rating":""}]},{"College_Name":"Himalayan University","College_Logo":"https:\/\/images.collegedunia.com\/public\/college_data\/images\/logos\/1422530635logo.jpg?h=80&w=80&mode=stretch","Upper_Section_Details":{"Place":"Itanagar,  Arunachal Pradesh","Approval":"AICTE, RCI, PCI, BCI, UGC, AIU","Establishment":"Estd 2013","University Type":"Private University"},"College_Rating":7.7,"College_Summary":"Himalayan University\u00a0Itanagar\u00a0is a State Private University, founded by the Jean foundation in 2013, established under Sec 2(F) of UGC Act, 1956, by the Government of Arunachal Pradesh at the Nahalagun in Itanagar, Arunachal Pradesh. The University provides various courses in almost every theme of major disciplines such as B.Sc., M.Sc., BCA, MCA, BBA, MBA, BA, MA, B.Com, M.Com, etc.","Fees_and_Eligibility":[{"Course":"Diploma","Fees":"\u20b98,000 (Total Fees) ","Eligibility":" - "},{"Course":"B.Sc","Fees":"\u20b921,000 (1st Year Fees) ","Eligibility":" - "},{"Course":"Ph.D","Fees":"\u20b985,000 (1st Year Fees) ","Eligibility":" - "},{"Course":"PG Diploma","Fees":"\u20b910,000 (Total Fees) ","Eligibility":"26 Dec - 10 Feb 2024"},{"Course":"Certification","Fees":"\u20b97,000 (Total Fees) ","Eligibility":" - "}],"Courses_Details":[{"Course Name":"Diploma","Course Duration":"1 Year","Course Degree":"Diploma","Course Graduation":"10+2","Course Time":"Full Time","Course Rating":"","Application Fees":"\u20b9 8,0001st Yr Fees"},{"Course Name":"Bachelor of Science [B.Sc]","Course Duration":"3 Years","Course Degree":"Degree","Course Graduation":"Graduation","Course Time":"Full Time","Course Rating":"","Application Fees":"\u20b9 21,0001st Yr Fees"},{"Course Name":"Ph.D","Course Duration":"3 Years","Course Degree":"Degree","Course Graduation":"Doctorate\/M.Phil","Course Time":"Full Time","Course Rating":"","Application Fees":"\u20b9 85,0001st Yr Fees"},{"Course Name":"Post Graduate Diploma","Course Duration":"1 Year","Course Degree":"Diploma","Course Graduation":"Post Graduation","Course Time":"Full Time","Course Rating":"","Exam Accepted":"CUET PG","Application Date":"26 Dec - 10 Feb 2024","Application Fees":"\u20b9 10,0001st Yr Fees"},{"Course Name":"Certification","Course Duration":"6 Months","Course Degree":"Certification","Course Graduation":"10th","Course Time":"Full Time","Course Rating":"","Application Fees":"\u20b9 7,000Total Fees"}]},{"College_Name":"Apex Professional University - [APU], Pasighat","College_Logo":"https:\/\/images.collegedunia.com\/public\/college_data\/images\/logos\/1422440432CaptureFDGBDFGFDGBD.jpg?h=80&w=80&mode=stretch","Upper_Section_Details":{"Place":"Pasighat,  Arunachal Pradesh","Approval":"UGC","Establishment":"Estd 2013","University Type":"Private University"},"College_Rating":7.4,"College_Summary":"Apex Professional University APU is a non-profit, private university, established in 2013, by the Government of Arunachal Pradesh and Apex Foundation, Bangalore, located at the Pasighat in Distt. East Siang, Arunachal Pradesh. The University offers various courses at UG, PG & PhD levels.","Fees_and_Eligibility":[{"Course":"B.Sc {Hons.}","Fees":"\u20b919,000 (1st Year Fees) ","Eligibility":"10+2"},{"Course":"M.Sc","Fees":"\u20b956,000 (1st Year Fees) ","Eligibility":"Graduation"},{"Course":"B.Ed","Fees":"\u20b995,000 (1st Year Fees) ","Eligibility":"Graduation"},{"Course":"MA","Fees":"\u20b946,000 (1st Year Fees) ","Eligibility":"Graduation"},{"Course":"B.Tech","Fees":"\u20b970,000 (1st Year Fees) ","Eligibility":"10+2"},{"Course":"B.Sc","Fees":"\u20b919,000 (1st Year Fees) ","Eligibility":"10+2"},{"Course":"Ph.D","Fees":"\u20b91.15 Lakhs (1st Year Fees) ","Eligibility":"Post Graduation"}],"Courses_Details":[{"Course Name":"Bachelor of Science [B.Sc] {Hons.}","Course Duration":"3 Years","Course Degree":"Degree","Course Graduation":"Graduation","Course Time":"Full Time","Course Rating":"","Application Fees":"\u20b9 19,0001st Yr Fees"},{"Course Name":"Master of Science [M.Sc]","Course Duration":"2 Years","Course Degree":"Degree","Course Graduation":"Post Graduation","Course Time":"Full Time","Course Rating":"","Application Fees":"\u20b9 56,0001st Yr Fees"},{"Course Name":"Bachelor of Education [B.Ed]","Course Duration":"2 Years","Course Degree":"Degree","Course Graduation":"Graduation","Course Time":"Full Time","Course Rating":"","Application Fees":"\u20b9 95,0001st Yr Fees"},{"Course Name":"Master of Arts [MA]","Course Duration":"2 Years","Course Degree":"Degree","Course Graduation":"Post Graduation","Course Time":"Full Time","Course Rating":"","Application Fees":"\u20b9 46,0001st Yr Fees"},{"Course Name":"Bachelor of Technology [B.Tech]","Course Duration":"4 Years","Course Degree":"Degree","Course Graduation":"Graduation","Course Time":"Full Time","Course Rating":"7.0","Course Review":"1 Reviews","Application Fees":"\u20b9 70,0001st Yr Fees"}]},{"College_Name":"Indira Gandhi Government College, Lohit","College_Logo":"https:\/\/images.collegedunia.com\/public\/college_data\/images\/logos\/col1982.jpg?h=80&w=80&mode=stretch","Upper_Section_Details":{"Place":"Lohit,  Arunachal Pradesh","Approval":"","Establishment":"Estd 2001","University Type":"Government"},"College_Rating":"","College_Summary":"","Fees_and_Eligibility":null,"Courses_Details":[{"Course Name":"Bachelor of Arts [BA] {Hons.}","Course Duration":"3 Years","Course Degree":"Degree","Course Graduation":"Graduation","Course Time":"Full Time","Course Rating":""},{"Course Name":"Bachelor of Commerce [B.Com]","Course Duration":"3 Years","Course Degree":"Degree","Course Graduation":"Graduation","Course Time":"Full Time","Course Rating":""},{"Course Name":"Bachelor of Arts [BA]","Course Duration":"3 Years","Course Degree":"Degree","Course Graduation":"Graduation","Course Time":"Full Time","Course Rating":""}]},{"College_Name":"Jawaharlal Nehru College, East Siang","College_Logo":"https:\/\/images.collegedunia.com\/public\/college_data\/images\/logos\/col2154.jpg?h=80&w=80&mode=stretch","Upper_Section_Details":{"Place":"East Siang,  Arunachal Pradesh","Approval":"UGC","Establishment":"Estd 1964","University Type":"Private"},"College_Rating":"","College_Summary":"","Fees_and_Eligibility":[{"Course":"B.Sc","Fees":"\u20b96,740 (1st Year Fees) ","Eligibility":"10+2"},{"Course":"BA","Fees":"\u20b95,940 (1st Year Fees) ","Eligibility":"10+2"},{"Course":"MA","Fees":"\u20b93,030 (1st Year Fees) ","Eligibility":"Graduation"},{"Course":"B.Com","Fees":"\u20b96,340 (1st Year Fees) ","Eligibility":"10+2"}],"Courses_Details":[{"Course Name":"Bachelor of Science [B.Sc]","Course Duration":"3 Years","Course Degree":"Degree","Course Graduation":"Graduation","Course Time":"Full Time","Course Rating":"","Application Fees":"\u20b9 6,7401st Yr Fees"},{"Course Name":"Bachelor of Arts [BA]","Course Duration":"3 Years","Course Degree":"Degree","Course Graduation":"Graduation","Course Time":"Full Time","Course Rating":"","Application Fees":"\u20b9 5,9401st Yr Fees"},{"Course Name":"Master of Arts [MA]","Course Duration":"2 Years","Course Degree":"Degree","Course Graduation":"Post Graduation","Course Time":"Full Time","Course Rating":"","Application Fees":"\u20b9 3,0301st Yr Fees"},{"Course Name":"Bachelor of Commerce [B.Com]","Course Duration":"3 Years","Course Degree":"Degree","Course Graduation":"Graduation","Course Time":"Full Time","Course Rating":"","Application Fees":"\u20b9 6,3401st Yr Fees"}]},{"College_Name":"Saint Claret College, Ziro","College_Logo":"https:\/\/images.collegedunia.com\/public\/college_data\/images\/logos\/1609850750logo200.png?h=80&w=80&mode=stretch","Upper_Section_Details":{"Place":"Ziro,  Arunachal Pradesh","Approval":"UGC","Establishment":"","University Type":""},"College_Rating":"","College_Summary":"","Fees_and_Eligibility":null,"Courses_Details":[{"Course Name":"Bachelor of Arts [BA]","Course Duration":"3 Years","Course Degree":"Degree","Course Graduation":"Graduation","Course Time":"Full Time","Course Rating":"","Application Fees":"\u20b9 40,6001st Yr Fees"},{"Course Name":"Bachelor of Commerce [B.Com]","Course Duration":"3 Years","Course Degree":"Degree","Course Graduation":"Graduation","Course Time":"Full Time","Course Rating":"","Application Fees":"\u20b9 42,6001st Yr Fees"}]},{"College_Name":"St Francis De Sales College, West Siang","College_Logo":"https:\/\/images.collegedunia.com\/public\/college_data\/images\/logos\/1427439791c72a74d633659869e0c4a75ed37c1a0d.png?h=80&w=80&mode=stretch","Upper_Section_Details":{"Place":"West Siang,  Arunachal Pradesh","Approval":"UGC","Establishment":"Estd 2007","University Type":"Private"},"College_Rating":7.5,"College_Summary":"Saint Francis De Sales College (SFSC), established in 2007 is affiliated to Rajiv Gandhi Central University, Itanagar and is recognized by UGC. The college offers undergraduate courses in Arts. Candidates can seek admission to UG courses after appearing in the entrance exam conducted by the college.","Fees_and_Eligibility":null,"Courses_Details":[{"Course Name":"Certification","Course Duration":"6 Months","Course Degree":"Certification","Course Graduation":"10th","Course Time":"Full Time","Course Rating":""},{"Course Name":"Bachelor of Arts [BA]","Course Duration":"3 Years","Course Degree":"Degree","Course Graduation":"Graduation","Course Time":"Full Time","Course Rating":"","Application Fees":"\u20b9 46,3001st Yr Fees"}]},{"College_Name":"Hills College of Teacher Education - [HCTE], Itanagar","College_Logo":"https:\/\/images.collegedunia.com\/public\/college_data\/images\/logos\/1423896388banner.jpg?h=80&w=80&mode=stretch","Upper_Section_Details":{"Place":"Itanagar,  Arunachal Pradesh","Approval":"NCTE","Establishment":"Estd 2003","University Type":"Private"},"College_Rating":"","College_Summary":"","Fees_and_Eligibility":null,"Courses_Details":[{"Course Name":"Bachelor of Education [B.Ed]","Course Duration":"1 Year","Course Degree":"Degree","Course Graduation":"Graduation","Course Time":"Full Time","Course Rating":""}]},{"College_Name":"Rajiv Gandhi University (RGU)","College_Logo":"https:\/\/images.collegedunia.com\/public\/college_data\/images\/logos\/1433243050rajiv 1.jpg?h=80&w=80&mode=stretch","Upper_Section_Details":{"Place":"Itanagar,  Arunachal Pradesh","Approval":"AICTE, UGC","Establishment":"Estd 1984","University Type":"Central University"},"College_Rating":6.8,"College_Summary":"Rajiv Gandhi University (RGU), Itanagar was established in the year of 1984 in the state of Arunachal Pradesh. RJU was formerly known as Arunachal University. The University is located at top Rono Hills and campus is spread in 302 acres in land.\u00a0It is 6.5 km away from the National Highway 52-A and 25 km away from Itanagar, the State capital.\u00a0The campus is linked with the National Highway by a Dikrong bridge. In the year of 2007, the university converted into a central university as per the notification of the Ministry of Human Resource Development, Govt. of India.","Fees_and_Eligibility":[{"Course":"M.Sc","Fees":"\u20b913,950 (1st Year Fees) ","Eligibility":"Graduation"},{"Course":"MA","Fees":"\u20b912,350 (1st Year Fees) ","Eligibility":"Graduation"},{"Course":"Ph.D","Fees":"\u20b914,065 (1st Year Fees) ","Eligibility":"Post Graduation"},{"Course":"B.Ed","Fees":"\u20b916,050 (1st Year Fees) ","Eligibility":"Graduation"},{"Course":"MBA","Fees":"\u20b947,850 (1st Year Fees) ","Eligibility":"Graduation"},{"Course":"BCA","Fees":"\u20b928,650 (1st Year Fees) ","Eligibility":"10+2"},{"Course":"PG Diploma","Fees":"\u20b915,125 (Total Fees) ","Eligibility":"Graduation"}],"Courses_Details":[{"Course Name":"Master of Science [M.Sc]","Course Duration":"2 Years","Course Degree":"Degree","Course Graduation":"Post Graduation","Course Time":"Full Time","Course Rating":"5.3","Course Review":"2 Reviews","Exam Accepted":"CUET PG","Application Date":"26 Dec - 10 Feb 2024","Application Fees":"\u20b9 13,9501st Yr Fees"},{"Course Name":"Master of Arts [MA]","Course Duration":"2 Years","Course Degree":"Degree","Course Graduation":"Post Graduation","Course Time":"Full Time","Course Rating":"","Exam Accepted":"CUET PG","Application Date":"26 Dec - 10 Feb 2024","Application Fees":"\u20b9 12,3501st Yr Fees"},{"Course Name":"Ph.D","Course Duration":"3 Years","Course Degree":"Degree","Course Graduation":"Doctorate\/M.Phil","Course Time":"Full Time","Course Rating":"","Application Fees":"\u20b9 14,0651st Yr Fees"},{"Course Name":"Bachelor of Education [B.Ed]","Course Duration":"2 Years","Course Degree":"Degree","Course Graduation":"Graduation","Course Time":"Full Time","Course Rating":"","Exam Accepted":"CUET PG","Application Date":"26 Dec - 10 Feb 2024","Application Fees":"\u20b9 16,0501st Yr Fees"},{"Course Name":"Master of Business Administration [MBA]","Course Duration":"2 Years","Course Degree":"Degree","Course Graduation":"Post Graduation","Course Time":"Full Time","Course Rating":"","Exam Accepted":"CUET PG","Application Date":"26 Dec - 10 Feb 2024","Application Fees":"\u20b9 47,8501st Yr Fees"}]},{"College_Name":"Arunachal University of Studies [AUS], Lohit","College_Logo":"https:\/\/images.collegedunia.com\/public\/college_data\/images\/logos\/1421920945140430120118_Screenshot_7qdd.png?h=80&w=80&mode=stretch","Upper_Section_Details":{"Place":"Lohit,  Arunachal Pradesh","Approval":"UGC","Establishment":"Estd 2012","University Type":"Private University"},"College_Rating":7.8,"College_Summary":"Arunachal University of Studies (AUS) is a private university situated in Lohit, Arunachal Pradesh. It was established in the year 2012 by Government of Arunachal Pradesh under \u201cArunachal University of Studies\", Act 2012 (Act No. 9 of 2012). The University has been incorporated with an objective of providing quality education supplemented with industrial internship and professional training in the various fields. It is the first self-financing University of the state of Arunachal Pradesh. The university offers the variety of UG, PG, Diploma, Certificate and research courses in multiple streams.","Fees_and_Eligibility":[{"Course":"Diploma","Fees":"\u20b910,000 (Total Fees) ","Eligibility":"10 + 2"},{"Course":"B.Ed","Fees":"\u20b963,000 (1st Year Fees) ","Eligibility":"Graduation"},{"Course":"MBA","Fees":"\u20b963,000 (1st Year Fees) ","Eligibility":"Graduation"},{"Course":"B.Tech","Fees":"\u20b977,000 (1st Year Fees) ","Eligibility":"10+2"},{"Course":"M.Sc","Fees":"\u20b953,000 (1st Year Fees) ","Eligibility":"Graduation"},{"Course":"B.Sc {Hons.}","Fees":"\u20b958,000 (1st Year Fees) ","Eligibility":"10+2"},{"Course":"MA","Fees":"\u20b938,000 (1st Year Fees) ","Eligibility":"Graduation"}],"Courses_Details":[{"Course Name":"Diploma","Course Duration":"1 Year","Course Degree":"Diploma","Course Graduation":"10+2","Course Time":"Full Time","Course Rating":"","Application Fees":"\u20b9 10,0001st Yr Fees"},{"Course Name":"Bachelor of Education [B.Ed]","Course Duration":"2 Years","Course Degree":"Degree","Course Graduation":"Graduation","Course Time":"Full Time","Course Rating":"","Exam Accepted":"CUET PG","Application Date":"26 Dec - 10 Feb 2024","Application Fees":"\u20b9 63,0001st Yr Fees"},{"Course Name":"Master of Business Administration [MBA]","Course Duration":"2 Years","Course Degree":"Degree","Course Graduation":"Post Graduation","Course Time":"Full Time","Course Rating":"8.7","Course Review":"1 Reviews","Exam Accepted":"CUET PG","Application Date":"26 Dec - 10 Feb 2024","Application Fees":"\u20b9 63,0001st Yr Fees"},{"Course Name":"Bachelor of Technology [B.Tech]","Course Duration":"4 Years","Course Degree":"Degree","Course Graduation":"Graduation","Course Time":"Full Time","Course Rating":"8.0","Course Review":"1 Reviews","Application Fees":"\u20b9 77,0001st Yr Fees"},{"Course Name":"Bachelor of Law [L.L.B]","Course Duration":"3 Years","Course Degree":"Degree","Course Graduation":"Graduation","Course Time":"Full Time","Course Rating":"","Application Fees":"\u20b9 48,0001st Yr Fees"}]},{"College_Name":"Institute of Distance Education, Rajiv Gandhi University, Itanagar","College_Logo":"https:\/\/images.collegedunia.com\/public\/college_data\/images\/logos\/1437050846raj.png?h=80&w=80&mode=stretch","Upper_Section_Details":{"Place":"Itanagar,  Arunachal Pradesh","Approval":"DEB","Establishment":"Estd 1984","University Type":"Public"},"College_Rating":"","College_Summary":"","Fees_and_Eligibility":[{"Course":"B.Ed","Fees":"\u20b95,000 (1st Year Fees) ","Eligibility":"Apply Now "},{"Course":"MA","Fees":"\u20b912,100 (1st Year Fees) ","Eligibility":"Apply Now "},{"Course":"BCA","Fees":"\u20b914,150 (1st Year Fees) ","Eligibility":"Apply Now "},{"Course":"BA","Fees":"\u20b95,400 (1st Year Fees) ","Eligibility":"Apply Now "},{"Course":"Certification","Fees":"\u20b97,180 (Total Fees) ","Eligibility":"Apply Now "},{"Course":"B.P.Ed","Fees":"\u20b910,050 (1st Year Fees) ","Eligibility":"Apply Now "}],"Courses_Details":[{"Course Name":"Bachelor of Education [B.Ed]","Course Duration":"2 Years","Course Degree":"Degree","Course Graduation":"Graduation","Course Time":"Part Time","Course Rating":"","Application Fees":"\u20b9 5,0001st Yr Fees"},{"Course Name":"Bachelor of Physical Education [B.P.Ed]","Course Duration":"3 Years","Course Degree":"Degree","Course Graduation":"Graduation","Course Time":"Full Time","Course Rating":"","Application Fees":"\u20b9 10,0501st Yr Fees"},{"Course Name":"Bachelor of Arts [BA] (Music)","Course Duration":"3 Years","Course Degree":"Degree","Course Graduation":"Graduation","Course Time":"Full Time","Course Rating":"","Application Fees":"\u20b9 5,4001st Yr Fees"},{"Course Name":"Bachelor of Computer Applications [BCA]","Course Duration":"3 Years","Course Degree":"Degree","Course Graduation":"Graduation","Course Time":"Full Time","Course Rating":"","Application Fees":"\u20b9 14,1501st Yr Fees"},{"Course Name":"Certification","Course Duration":"1 Year","Course Degree":"Certification","Course Graduation":"10+2","Course Time":"Part Time","Course Rating":"","Application Fees":"\u20b9 7,1801st Yr Fees"}]},{"College_Name":"North East Frontier Technical University - [NEFTU], West Siang","College_Logo":"https:\/\/images.collegedunia.com\/public\/college_data\/images\/logos\/1488360677Logo.jpg?h=80&w=80&mode=stretch","Upper_Section_Details":{"Place":"West Siang,  Arunachal Pradesh","Approval":"AICTE, BCI, UGC, AIU","Establishment":"Estd 2014","University Type":"Deemed University"},"College_Rating":8.2,"College_Summary":"North East Frontier Technical University (NEFTU) is a Private Regular University that is Located in Aalo, Arunachal Pradesh. NEFTU is a state university that was established in 2014 under section 2F of the UGC Act. It is a top educational institution situated in West Siang, Arunachal Pradesh.\u00a0","Fees_and_Eligibility":null,"Courses_Details":[{"Course Name":"Bachelor of Education [B.Ed]","Course Duration":"2 Years","Course Degree":"Degree","Course Graduation":"Graduation","Course Time":"Full Time","Course Rating":""},{"Course Name":"Bachelor of Technology [B.Tech]","Course Duration":"4 Years","Course Degree":"Degree","Course Graduation":"Graduation","Course Time":"Full Time","Course Rating":"1 Reviews","Course Review":"1 Reviews"},{"Course Name":"Bachelor of Science [B.Sc]","Course Duration":"3 Years","Course Degree":"Degree","Course Graduation":"Graduation","Course Time":"Full Time","Course Rating":""},{"Course Name":"Master of Science [M.Sc]","Course Duration":"2 Years","Course Degree":"Degree","Course Graduation":"Post Graduation","Course Time":"Full Time","Course Rating":""},{"Course Name":"Diploma in Pharmacy [D.Pharm]","Course Duration":"2 Years","Course Degree":"Diploma","Course Graduation":"10+2","Course Time":"Full Time","Course Rating":""}]},{"College_Name":"Venkateshwara Open University - [VOU], Naharlagun","College_Logo":"https:\/\/images.collegedunia.com\/public\/college_data\/images\/logos\/1600157814Logo.jpg?h=80&w=80&mode=stretch","Upper_Section_Details":{"Place":"Naharlagun,  Arunachal Pradesh","Approval":"UGC, AIU","Establishment":"Estd 2012","University Type":"Open University"},"College_Rating":8.1,"College_Summary":"Venkateshwara Open University (VOU), Naharlagun is awarded the \"Global Education Skill Summit\" at Indian International Center. It is an open university approved by UGC, New Delhi and located in Naharlagun, Arunachal Pradesh. VOU offers UG, PG, Diploma, Doctoral, PG Diploma, and Certificate Courses in the discipline of Management, Commerce, Social Work and many more.","Fees_and_Eligibility":[{"Course":"MBA","Fees":"\u20b938,000 (1st Year Fees) ","Eligibility":"Graduation"},{"Course":"BA","Fees":"\u20b910,000 (1st Year Fees) ","Eligibility":"10+2"},{"Course":"B.Com","Fees":"\u20b910,000 (1st Year Fees) ","Eligibility":"10+2"},{"Course":"MCA","Fees":"\u20b930,000 (1st Year Fees) ","Eligibility":"Graduation"},{"Course":"BBA","Fees":"\u20b925,000 (1st Year Fees) ","Eligibility":"10+2"},{"Course":"M.Com","Fees":"\u20b912,500 (1st Year Fees) ","Eligibility":"Graduation"}],"Courses_Details":[{"Course Name":"Master of Business Administration [MBA]","Course Duration":"2 Years","Course Degree":"Degree","Course Graduation":"Post Graduation","Course Time":"Part Time","Course Rating":"","Application Fees":"\u20b9 38,0001st Yr Fees"},{"Course Name":"Bachelor of Arts [BA]","Course Duration":"3 Years","Course Degree":"Degree","Course Graduation":"Graduation","Course Time":"Part Time","Course Rating":"","Application Fees":"\u20b9 10,0001st Yr Fees"},{"Course Name":"Bachelor of Commerce [B.Com]","Course Duration":"3 Years","Course Degree":"Degree","Course Graduation":"Graduation","Course Time":"Part Time","Course Rating":"","Application Fees":"\u20b9 10,0001st Yr Fees"},{"Course Name":"Master of Computer Applications [MCA]","Course Duration":"2 Years","Course Degree":"Degree","Course Graduation":"Post Graduation","Course Time":"Part Time","Course Rating":"","Application Fees":"\u20b9 30,0001st Yr Fees"},{"Course Name":"Bachelor of Arts [BA] {Hons.}","Course Duration":"3 Years","Course Degree":"Degree","Course Graduation":"Graduation","Course Time":"Part Time","Course Rating":""}]},{"College_Name":"Indira Gandhi Technological And Medical Sciences University - [IGTAMSU], Ziro","College_Logo":"https:\/\/images.collegedunia.com\/public\/college_data\/images\/logos\/1583575509logo.jpg?h=80&w=80&mode=stretch","Upper_Section_Details":{"Place":"Ziro,  Arunachal Pradesh","Approval":"UGC","Establishment":"Estd 2012","University Type":"Private University"},"College_Rating":"","College_Summary":"","Fees_and_Eligibility":[{"Course":"B.P.T","Fees":"\u20b977,000 (1st Year Fees) ","Eligibility":"10+2"},{"Course":"MA","Fees":"\u20b970,000 (1st Year Fees) ","Eligibility":"Bachelor's degree"},{"Course":"PG Diploma","Fees":"\u20b930,000 (Total Fees) ","Eligibility":"Graduation"},{"Course":"BBA","Fees":"\u20b960,000 (1st Year Fees) ","Eligibility":"10+2"},{"Course":"BA","Fees":"\u20b965,000 (1st Year Fees) ","Eligibility":"10+2"},{"Course":"Certification","Fees":"\u20b923,000 (Total Fees) ","Eligibility":"10+2"},{"Course":"B.Sc {Lateral}","Fees":"\u20b970,000 (1st Year Fees) ","Eligibility":"Diploma"}],"Courses_Details":[{"Course Name":"Bachelor of Physiotherapy [BPT]","Course Duration":"4 Years 6 Months","Course Degree":"Degree","Course Graduation":"Graduation","Course Time":"Full Time","Course Rating":"Rated #99\n          out of 100\n          by\n        IIRF in Medical","Application Fees":"\u20b9 77,0001st Yr Fees"},{"Course Name":"Master of Arts [MA]","Course Duration":"2 Years","Course Degree":"Degree","Course Graduation":"Post Graduation","Course Time":"Full Time","Course Rating":"","Application Fees":"\u20b9 70,0001st Yr Fees"},{"Course Name":"Post Graduate Diploma in Sports Coaching","Course Duration":"1 Year","Course Degree":"Diploma","Course Graduation":"Post Graduation","Course Time":"Full Time","Course Rating":"","Application Fees":"\u20b9 30,0001st Yr Fees"},{"Course Name":"Bachelor of Naturopathy & Yogic Science","Course Duration":"5 Years 6 Months","Course Degree":"Degree","Course Graduation":"Graduation","Course Time":"Full Time","Course Rating":"","Application Fees":"\u20b9 87,0001st Yr Fees"},{"Course Name":"Bachelor of Business Administration [BBA]","Course Duration":"3 Years","Course Degree":"Degree","Course Graduation":"Graduation","Course Time":"Full Time","Course Rating":"","Application Fees":"\u20b9 60,0001st Yr Fees"}]},{"College_Name":"Tomi Polytechnic College, Basar","College_Logo":"https:\/\/images.collegedunia.com\/public\/college_data\/images\/logos\/1599126426LOGI1111.png?h=80&w=80&mode=stretch","Upper_Section_Details":{"Place":"Basar,  Arunachal Pradesh","Approval":"AICTE","Establishment":"Estd 2006","University Type":"Government"},"College_Rating":"","College_Summary":"Tomi Polytechnic College\u00a0is situated at Basar in Arunachal Pradesh. It is approved by AICTE & affiliated under APDHTE. The college offers\u00a0diploma\u00a0courses in three branches of the engineering stream. Admission is entirely online, which is based on 10th-grade marks. While the admission process, 50% of the seats are filled via an entrance exam results and rest 50% via 10th-grade marks only (management quota). APDHTE oversees the counselling and admission process.","Fees_and_Eligibility":null,"Courses_Details":null},{"College_Name":"Government Polytechnic Laying, Itanagar","College_Logo":"https:\/\/images.collegedunia.com\/public\/college_data\/images\/logos\/1599133904gpllogo.png?h=80&w=80&mode=stretch","Upper_Section_Details":{"Place":"Itanagar,  Arunachal Pradesh","Approval":"","Establishment":"Estd 2013","University Type":"Government"},"College_Rating":"","College_Summary":"Government Polytechnic Laying, Itanagar\u00a0is one of the most prominent and significant polytechnic colleges imparting technical education in the district of Kurung Kumey, Arunachal Pradesh. The Government Polytechnic started its working from the academic year 2014- 2015.\u00a0","Fees_and_Eligibility":null,"Courses_Details":null},{"College_Name":"Government Polytechnic Roing, Roing","College_Logo":"https:\/\/images.collegedunia.com\/public\/college_data\/images\/logos\/?h=80&w=80&mode=stretch","Upper_Section_Details":{"Place":"Roing,  Arunachal Pradesh","Approval":"","Establishment":"Estd 2014","University Type":"Government"},"College_Rating":"","College_Summary":"Government Polytechnic Roing\u00a0is a Young Government Polytechnic institution in Arunachal Pradesh, that got established around 6 years ago. It is affiliated to Arunachal Pradesh State Council for Technical Education (APSCTE) and is approved by AICTE. The College offers Technical\u00a0diploma\u00a0Courses in the different branches of Engineering. Admissions to the College are given on the basis of score\/ ranking obtained in APJEE, a State Level Entrance Exam conducted by APSCTE. The college helps students to enhance their skills and help them to get ready for the future competitions of Life.","Fees_and_Eligibility":null,"Courses_Details":null},{"College_Name":"Government Polytechnic - [GP], Namsai","College_Logo":"https:\/\/images.collegedunia.com\/public\/college_data\/images\/logos\/159918157220190410181422.png?h=80&w=80&mode=stretch","Upper_Section_Details":{"Place":"Namsai,  Arunachal Pradesh","Approval":"AICTE","Establishment":"Estd 2014","University Type":"Government"},"College_Rating":"","College_Summary":"","Fees_and_Eligibility":null,"Courses_Details":null},{"College_Name":"Rajiv Gandhi Government Polytechnic - [RGGPT], Itanagar","College_Logo":"https:\/\/images.collegedunia.com\/public\/college_data\/images\/logos\/1599184133RGGPLogo....jpg?h=80&w=80&mode=stretch","Upper_Section_Details":{"Place":"Itanagar,  Arunachal Pradesh","Approval":"AICTE","Establishment":"Estd 2002","University Type":"Government"},"College_Rating":"","College_Summary":"Rajiv Gandhi Government Polytechnic\u00a0(RGGPT)\u00a0has been set up under the Technician Education\u00a0Project-III of Ministry of Human Resource\u00a0Development, Government of India with the financial assistance from World Bank.\u00a0The institute offers 3-year\u00a0diploma\u00a0programme in the fields like Engineering and Management. The college admit students on the basis of merit obtained in APJEE conducted by APSCTE (Arunachal Pradesh State Council for Technical Education), Itanagar. It has a dedicated placement cell that conducts various activities, thus is able to provide an increasing placement record over the years.","Fees_and_Eligibility":null,"Courses_Details":null},{"College_Name":"Don Bosco College, Itanagar","College_Logo":"https:\/\/images.collegedunia.com\/public\/college_data\/images\/logos\/1610623371Logo.png?h=80&w=80&mode=stretch","Upper_Section_Details":{"Place":"Itanagar,  Arunachal Pradesh","Approval":"","Establishment":"Estd 2002","University Type":"Private"},"College_Rating":"","College_Summary":"","Fees_and_Eligibility":null,"Courses_Details":[{"Course Name":"Bachelor of Arts [BA]","Course Duration":"3 Years","Course Degree":"Degree","Course Graduation":"Graduation","Course Time":"Full Time","Course Rating":"","Application Fees":"\u20b9 37,3001st Yr Fees"},{"Course Name":"Bachelor of Commerce [B.Com]","Course Duration":"3 Years","Course Degree":"Degree","Course Graduation":"Graduation","Course Time":"Full Time","Course Rating":"","Application Fees":"\u20b9 37,9001st Yr Fees"},{"Course Name":"Bachelor of Social Work [BSW]","Course Duration":"3 Years","Course Degree":"Degree","Course Graduation":"Graduation","Course Time":"Full Time","Course Rating":"","Application Fees":"\u20b9 40,9001st Yr Fees"}]},{"College_Name":"North East Homoeopathic Medical College And Hospital, Itanagar","College_Logo":"https:\/\/images.collegedunia.com\/public\/college_data\/images\/logos\/1610695181Capture1.png?h=80&w=80&mode=stretch","Upper_Section_Details":{"Place":"Itanagar,  Arunachal Pradesh","Approval":"CCH","Establishment":"","University Type":""},"College_Rating":"","College_Summary":"","Fees_and_Eligibility":null,"Courses_Details":[{"Course Name":"Bachelor of Homeopathic Medicine & Surgery [BHMS]","Course Duration":"5 Years 6 Months","Course Degree":"Degree","Course Graduation":"Graduation","Course Time":"Full Time","Course Rating":"","Application Fees":"\u20b9 250,0001st Yr Fees"}]},{"College_Name":"Sarah Institute of Paramedical Sciences, Itanagar","College_Logo":"https:\/\/images.collegedunia.com\/public\/college_data\/images\/logos\/1615280064Screenshot20210309141616.png?h=80&w=80&mode=stretch","Upper_Section_Details":{"Place":"Itanagar,  Arunachal Pradesh","Approval":"","Establishment":"","University Type":""},"College_Rating":"","College_Summary":"","Fees_and_Eligibility":null,"Courses_Details":[{"Course Name":"Diploma","Course Duration":"2 Years 6 Months","Course Degree":"Diploma","Course Graduation":"10+2","Course Time":"Full Time","Course Rating":"","Application Fees":"\u20b9 85,0001st Yr Fees"}]},{"College_Name":"Siang Royal Academy - [SRA], East Siang","College_Logo":"https:\/\/images.collegedunia.com\/public\/college_data\/images\/logos\/1616414477Logo.png?h=80&w=80&mode=stretch","Upper_Section_Details":{"Place":"East Siang,  Arunachal Pradesh","Approval":"NCTE","Establishment":"Estd 2011","University Type":"Private"},"College_Rating":"","College_Summary":"","Fees_and_Eligibility":null,"Courses_Details":[{"Course Name":"Bachelor of Education [B.Ed]","Course Duration":"2 Years","Course Degree":"Degree","Course Graduation":"Graduation","Course Time":"Part Time","Course Rating":"","Application Fees":"\u20b9 45,0001st Yr Fees"},{"Course Name":"Bachelor of Arts [BA]","Course Duration":"3 Years","Course Degree":"Degree","Course Graduation":"Graduation","Course Time":"Full Time","Course Rating":"","Application Fees":"\u20b9 25,0001st Yr Fees"}]},{"College_Name":"Mahabodhi Lord Buddha College, Namsai","College_Logo":"https:\/\/images.collegedunia.com\/public\/college_data\/images\/logos\/1622029603images.jpg?h=80&w=80&mode=stretch","Upper_Section_Details":{"Place":"Namsai,  Arunachal Pradesh","Approval":"","Establishment":"Estd 2013","University Type":"Private"},"College_Rating":9.0,"College_Summary":"","Fees_and_Eligibility":null,"Courses_Details":[{"Course Name":"Bachelor of Education [B.Ed]","Course Duration":"2 Years","Course Degree":"Degree","Course Graduation":"Graduation","Course Time":"Full Time","Course Rating":"","Application Fees":"\u20b9 80,0001st Yr Fees"},{"Course Name":"Bachelor of Commerce [B.Com]","Course Duration":"3 Years","Course Degree":"Degree","Course Graduation":"Graduation","Course Time":"Full Time","Course Rating":"","Application Fees":"\u20b9 30,0001st Yr Fees"},{"Course Name":"Bachelor of Arts [BA]","Course Duration":"3 Years","Course Degree":"Degree","Course Graduation":"Graduation","Course Time":"Full Time","Course Rating":"","Application Fees":"\u20b9 30,0001st Yr Fees"}]},{"College_Name":"Mudo Tamo Memorial College, Lower Subansiri","College_Logo":"https:\/\/images.collegedunia.com\/public\/college_data\/images\/logos\/1624530674logo.png?h=80&w=80&mode=stretch","Upper_Section_Details":{"Place":"Lower Subansiri,  Arunachal Pradesh","Approval":"NCTE","Establishment":"Estd 2009","University Type":"Private"},"College_Rating":"","College_Summary":"Mudo Tamo Memorial College (MTM), Lower Subansiri,\u00a0established in the year 2009 is recognized by NCTE and affiliated to RGU. The college provides various undergraduate programs such as BA, B.Sc, B.Ed and the admission to the courses is done through offline mode. The faculty of the college is highly qualified and have been awarded with P.h.D degrees.","Fees_and_Eligibility":[{"Course":"B.Ed","Fees":"\u20b91 Lakh (1st Year Fees) ","Eligibility":"Graduation"},{"Course":"BA","Fees":"\u20b930,000 (1st Year Fees) ","Eligibility":"10 +2"},{"Course":"BA +  B.Ed","Fees":"\u20b960,000 (1st Year Fees) ","Eligibility":"10+2"},{"Course":"B.Sc + B.Ed","Fees":"\u20b960,000 (1st Year Fees) ","Eligibility":"10+2"}],"Courses_Details":[{"Course Name":"Bachelor of Education [B.Ed]","Course Duration":"2 Years","Course Degree":"Degree","Course Graduation":"Graduation","Course Time":"Full Time","Course Rating":"","Application Fees":"\u20b9 100,0001st Yr Fees"},{"Course Name":"Bachelor of Arts [BA] + Bachelor of Education [B.Ed]","Course Duration":"4 Years","Course Degree":"Degree","Course Graduation":"Graduation","Course Time":"Full Time","Course Rating":"","Application Fees":"\u20b9 60,0001st Yr Fees"},{"Course Name":"Bachelor of Science [B.Sc] + Bachelor of Education [B.Ed]","Course Duration":"4 Years","Course Degree":"Degree","Course Graduation":"Graduation","Course Time":"Full Time","Course Rating":"","Application Fees":"\u20b9 60,0001st Yr Fees"},{"Course Name":"Bachelor of Arts [BA]","Course Duration":"3 Years","Course Degree":"Degree","Course Graduation":"Graduation","Course Time":"Full Time","Course Rating":"","Application Fees":"\u20b9 30,0001st Yr Fees"}]},{"College_Name":"Daying Ering College of Teacher Education - [DECTE], Pasighat","College_Logo":"https:\/\/images.collegedunia.com\/public\/college_data\/images\/logos\/1625053316686509381022029278076281317185664168493056n.jpg?h=80&w=80&mode=stretch","Upper_Section_Details":{"Place":"Pasighat,  Arunachal Pradesh","Approval":"NCTE","Establishment":"Estd 2007","University Type":"Private"},"College_Rating":"","College_Summary":"","Fees_and_Eligibility":null,"Courses_Details":[{"Course Name":"Bachelor of Education [B.Ed]","Course Duration":"2 Years","Course Degree":"Degree","Course Graduation":"Graduation","Course Time":"Full Time","Course Rating":"","Application Fees":"\u20b9 142,000Total Fees"}]},{"College_Name":"Doying Gumin College, Pasighat","College_Logo":"https:\/\/images.collegedunia.com\/public\/college_data\/images\/logos\/1625748467croppedcollegelogoscaled31465x1536100x100.jpg?h=80&w=80&mode=stretch","Upper_Section_Details":{"Place":"Pasighat,  Arunachal Pradesh","Approval":"UGC","Establishment":"Estd 2004","University Type":"Private"},"College_Rating":"","College_Summary":"Doying Gumin College (DGC), Pasighat was established in 2004. It is a private college affiliated to RGU and approved by UGC. DGC offers Bachelor of Arts degree in Economics, Education, English, Hindi, History and Political Science. The College has been catering to the educational needs of the people inhabiting the area and nearby since its establishment and has a group of dedicated faculty to guide the students. Moreover admission to the DGC bachelor\u2019s program is based on the merit of the student in the previous qualifying examination.","Fees_and_Eligibility":null,"Courses_Details":[{"Course Name":"Bachelor of Arts [BA]","Course Duration":"3 Years","Course Degree":"Degree","Course Graduation":"Graduation","Course Time":"Full Time","Course Rating":"","Application Fees":"\u20b9 22,5001st Yr Fees"}]},{"College_Name":"Tomo Riba Institute Of Health And Medical Sciences, Papum Pare","College_Logo":"https:\/\/images.collegedunia.com\/public\/college_data\/images\/logos\/1640061448logo.png?h=80&w=80&mode=stretch","Upper_Section_Details":{"Place":"Papum Pare,  Arunachal Pradesh","Approval":"","Establishment":"","University Type":"Government"},"College_Rating":8.6,"College_Summary":"","Fees_and_Eligibility":null,"Courses_Details":[{"Course Name":"M.B.B.S.","Course Duration":"5 Years","Course Degree":"Degree","Course Graduation":"Graduation","Course Time":"Full Time","Course Rating":"9.3","Course Review":"3 Reviews","Exam Accepted":"NEET","Application Date":"9 Feb - 16 Mar 2024"},{"Course Name":"Diploma","Course Duration":"2 Years","Course Degree":"Diploma","Course Graduation":"Post Graduation","Course Time":"Full Time","Course Rating":""},{"Course Name":"Diplomate National Board [DNB]","Course Duration":"3 Years","Course Degree":"Degree","Course Graduation":"Post Graduation","Course Time":"Full Time","Course Rating":""}]},{"College_Name":"Rashtriya Raksha University - [RRU], Pasighat","College_Logo":"https:\/\/images.collegedunia.com\/public\/college_data\/images\/logos\/1682486643RRULogo12.png?h=80&w=80&mode=stretch","Upper_Section_Details":{"Place":"Pasighat,  Arunachal Pradesh","Approval":"","Establishment":"","University Type":"Government"},"College_Rating":"","College_Summary":"","Fees_and_Eligibility":null,"Courses_Details":[{"Course Name":"Diploma","Course Duration":"1 Year","Course Degree":"Diploma","Course Graduation":"Graduation","Course Time":"Full Time","Course Rating":"","Application Fees":"\u20b9 50,0001st Yr Fees"},{"Course Name":"Post Graduate Diploma","Course Duration":"1 Year","Course Degree":"Diploma","Course Graduation":"Post Graduation","Course Time":"Full Time","Course Rating":"","Application Fees":"\u20b9 60,0001st Yr Fees"}]}]