[{"College_Name":"RIMS Imphal","College_Logo":"https:\/\/images.collegedunia.com\/public\/college_data\/images\/logos\/1427719636images.jpg?h=80&w=80&mode=stretch","Upper_Section_Details":{"Place":"Imphal,  Manipur","Approval":"MCI","Establishment":"Estd 1972","University Type":"Private"},"College_Rating":7.3,"College_Summary":"Regional Institute of Medical Sciences (RIMS) is a premier medical institute located in Imphal, Manipur. The institute was established in the year 1972 and has since then been providing high-quality medical education to students from all over the country. RIMS Imphal offers UG, PG and Diploma courses in various specializations. Admission to all the courses is based on the merit secured by the candidates in the entrance examination.","Fees_and_Eligibility":[{"Course":"MBBS","Fees":"\u20b920,000 (1st Year Fees) ","Eligibility":"10+2 with 50% + NEET"},{"Course":"B.Sc (Nursing)","Fees":"\u20b911,400 (1st Year Fees) ","Eligibility":"10+2"},{"Course":"M.D","Fees":"\u20b932,300 (1st Year Fees) ","Eligibility":"Post Graduation"},{"Course":"M.S","Fees":"\u20b932,300 (1st Year Fees) ","Eligibility":"Graduation"},{"Course":"M.Phil","Fees":"\u20b922,150 (1st Year Fees) ","Eligibility":"Post Graduation"},{"Course":"M.Ch","Fees":"\u20b932,300 (1st Year Fees) ","Eligibility":"Post Graduation"},{"Course":"M.D","Fees":"\u20b932,300 (1st Year Fees) ","Eligibility":"Post Graduation"}],"Courses_Details":[{"Course Name":"M.B.B.S.","Course Duration":"5 Years","Course Degree":"Degree","Course Graduation":"Graduation","Course Time":"Full Time","Course Rating":"9.2","Course Review":"12 Reviews","Exam Accepted":"NEET","Application Date":"9 Feb - 16 Mar 2024","Application Fees":"\u20b9 20,0001st Yr Fees"},{"Course Name":"Bachelor of Science [B.Sc] (Nursing)","Course Duration":"4 Years","Course Degree":"Degree","Course Graduation":"Graduation","Course Time":"Full Time","Course Rating":"","Application Fees":"\u20b9 11,4001st Yr Fees"},{"Course Name":"Doctorate of Medicine [MD]","Course Duration":"3 Years","Course Degree":"Degree","Course Graduation":"Post Graduation","Course Time":"Full Time","Course Rating":"6.7","Course Review":"1 Reviews","Exam Accepted":"NEET PG","Application Fees":"\u20b9 32,3001st Yr Fees"},{"Course Name":"Bachelor of Dental Surgery [BDS]","Course Duration":"4 Years","Course Degree":"Degree","Course Graduation":"Graduation","Course Time":"Full Time","Course Rating":"","Application Date":"9 Feb - 16 Mar 2024","Application Fees":"\u20b9 20,0001st Yr Fees"},{"Course Name":"Master of Surgery [MS]","Course Duration":"3 Years","Course Degree":"Degree","Course Graduation":"Post Graduation","Course Time":"Full Time","Course Rating":"Rated #46\n          out of 50\n          by\n        NIRF in Medical","Exam Accepted":"NEET PG","Application Fees":"\u20b9 32,3001st Yr Fees"}]},{"College_Name":"NIT Manipur (NITMN)","College_Logo":"https:\/\/images.collegedunia.com\/public\/college_data\/images\/logos\/1412856673logo_trans.png?h=80&w=80&mode=stretch","Upper_Section_Details":{"Place":"Imphal,  Manipur","Approval":"AICTE","Establishment":"Estd 2010","University Type":"Autonomous University"},"College_Rating":7.9,"College_Summary":"NIT Manipur is ranked 95 for BTech by NIRF 2023. NIT Manipur provides undergraduate, postgraduate and doctoral degrees. NIT Manipur offers degrees in engineering, science and humanities. NIT Manipur campus spans 341 acres. NIT Manipur provides hostels to ots students. Moreover, NIT Manipur is one of the 31 National Institutes of Technology in India that started its first session in the year 2010.","Fees_and_Eligibility":[{"Course":"B.Tech","Fees":"\u20b91.48 Lakhs (1st Year Fees) ","Eligibility":"10+2 with 75% + JEE Main"},{"Course":"M.Tech","Fees":"\u20b989,400 (1st Year Fees) ","Eligibility":"Pass in Graduation + GATE"},{"Course":"M.Sc","Fees":"\u20b923,000 (1st Year Fees) ","Eligibility":"Graduation"},{"Course":"Ph.D","Fees":"\u20b931,000 (1st Year Fees) ","Eligibility":"Post graduation"}],"Courses_Details":[{"Course Name":"Bachelor of Technology [B.Tech]","Course Duration":"4 Years","Course Degree":"Degree","Course Graduation":"Graduation","Course Time":"Full Time","Course Rating":"7.9","Course Review":"37 Reviews","Exam Accepted":"JEE Main","Application Date":"19 June - 31 Jul 2024","Application Fees":"\u20b9 147,7001st Yr Fees"},{"Course Name":"Master of Technology [M.Tech]","Course Duration":"2 Years","Course Degree":"Degree","Course Graduation":"Post Graduation","Course Time":"Full Time","Course Rating":"7.9","Course Review":"3 Reviews","Exam Accepted":"GATE","Application Date":"5 June - 26 Jun 2024","Application Fees":"\u20b9 89,4001st Yr Fees"},{"Course Name":"Master of Science [M.Sc]","Course Duration":"2 Years","Course Degree":"Degree","Course Graduation":"Post Graduation","Course Time":"Full Time","Course Rating":"","Exam Accepted":"IIT JAM","Application Date":"5 June - 26 Jun 2024","Application Fees":"\u20b9 23,0001st Yr Fees"},{"Course Name":"Ph.D","Course Duration":"3 Years","Course Degree":"Degree","Course Graduation":"Doctorate\/M.Phil","Course Time":"Full Time","Course Rating":"Rated #95\n          out of 200\n          by\n        NIRF in Engineering","Application Fees":"\u20b9 31,0001st Yr Fees"}]},{"College_Name":"Central Agricultural University","College_Logo":"https:\/\/images.collegedunia.com\/public\/college_data\/images\/logos\/1433933037jp.jpg?h=80&w=80&mode=stretch","Upper_Section_Details":{"Place":"Imphal,  Manipur","Approval":"UGC","Establishment":"Estd 1993","University Type":"Central University"},"College_Rating":7.2,"College_Summary":"Central Agricultural University(CAU) was established on 26th January 1993 by the Department of Agricultural Research and Education (DARE), Government of India. The mission of the University is to be a centre of excellence in teaching, research and extension education in the field of agriculture and allied sectors.","Fees_and_Eligibility":[{"Course":"B.Sc {Hons.}","Fees":"\u20b92,880 (1st Year Fees) ","Eligibility":"10+2"},{"Course":"M.Sc","Fees":"\u20b94,650 (1st Year Fees) ","Eligibility":"Graduation"},{"Course":"B.V.Sc","Fees":"\u20b92,980 (1st Year Fees) ","Eligibility":"10+2"},{"Course":"MBA","Fees":"\u20b96,250 (1st Year Fees) ","Eligibility":"Graduation"},{"Course":"B.Tech","Fees":"\u20b92,980 (1st Year Fees) ","Eligibility":"10+2"},{"Course":"Ph.D","Fees":"\u20b96,250 (1st Year Fees) ","Eligibility":"Post Graduation"},{"Course":"M.V.Sc","Fees":"\u20b95,500 (1st Year Fees) ","Eligibility":"Graduation"}],"Courses_Details":[{"Course Name":"Bachelor of Science [B.Sc] {Hons.}","Course Duration":"4 Years","Course Degree":"Degree","Course Graduation":"Graduation","Course Time":"Full Time","Course Rating":"8.0","Course Review":"5 Reviews","Exam Accepted":"CUET","Application Fees":"\u20b9 2,8801st Yr Fees"},{"Course Name":"Master of Science [M.Sc]","Course Duration":"2 Years","Course Degree":"Degree","Course Graduation":"Post Graduation","Course Time":"Full Time","Course Rating":"Rated #29\n          out of 40\n          by\n        NIRF in Agriculture","Exam Accepted":"CUET PG","Application Date":"26 Dec - 10 Feb 2024","Application Fees":"\u20b9 4,6501st Yr Fees"},{"Course Name":"Bachelor of Veterinary Science [BVSc] & A.H.","Course Duration":"5 Years","Course Degree":"Degree","Course Graduation":"Graduation","Course Time":"Full Time","Course Rating":"","Application Fees":"\u20b9 2,980#1st Yr Fees"},{"Course Name":"Master of Business Administration [MBA] (Agribusiness)","Course Duration":"2 Years","Course Degree":"Degree","Course Graduation":"Post Graduation","Course Time":"Full Time","Course Rating":"","Application Fees":"\u20b9 6,250#1st Yr Fees"},{"Course Name":"Bachelor of Technology [B.Tech]","Course Duration":"4 Years","Course Degree":"Degree","Course Graduation":"Graduation","Course Time":"Full Time","Course Rating":"","Exam Accepted":"CUET","Application Fees":"\u20b9 2,980#1st Yr Fees"}]},{"College_Name":"Sangai International University (SIU Manipur)","College_Logo":"https:\/\/images.collegedunia.com\/public\/college_data\/images\/logos\/1585296061sangaiinternationaluniversity.jpg?h=80&w=80&mode=stretch","Upper_Section_Details":{"Place":"Churachandpur,  Manipur","Approval":"UGC","Establishment":"Estd 2015","University Type":"Private University"},"College_Rating":8.1,"College_Summary":"Sangai International University (SIU), Manipur is the first private university in the state. It is keen to do excellence in teaching, learning, research and developing leaders in many disciplines who make a difference globally. SIUM offers an unparalleled student experience and a generous program internationally\u00a0","Fees_and_Eligibility":[{"Course":"B.Sc","Fees":"\u20b920,000 (1st Year Fees) ","Eligibility":"10+2"},{"Course":"Certification","Fees":"\u20b98,000 (Total Fees) ","Eligibility":"10th"},{"Course":"M.Sc","Fees":"\u20b925,000 (1st Year Fees) ","Eligibility":"Graduation"},{"Course":"M.Tech","Fees":"\u20b950,000 (1st Year Fees) ","Eligibility":"Graduation"},{"Course":"Polytechnic","Fees":"\u20b918,000 (1st Year Fees) ","Eligibility":"10th"},{"Course":"B.Tech","Fees":"\u20b940,000 (1st Year Fees) ","Eligibility":"10+2"},{"Course":"B.Tech {Lateral}","Fees":"\u20b940,000 (1st Year Fees) ","Eligibility":"Diploma"}],"Courses_Details":[{"Course Name":"Bachelor of Science [B.Sc]","Course Duration":"3 Years","Course Degree":"Degree","Course Graduation":"Graduation","Course Time":"Full Time","Course Rating":"","Application Fees":"\u20b9 20,0001st Yr Fees"},{"Course Name":"Master of Science [M.Sc]","Course Duration":"2 Years","Course Degree":"Degree","Course Graduation":"Post Graduation","Course Time":"Full Time","Course Rating":"","Application Fees":"\u20b9 25,000*1st Yr Fees"},{"Course Name":"Bachelor of Naturopathy & Yogic Science","Course Duration":"4 Years","Course Degree":"Degree","Course Graduation":"Graduation","Course Time":"Full Time","Course Rating":"","Application Fees":"\u20b9 20,0001st Yr Fees"},{"Course Name":"Bachelor of Technology [B.Tech]","Course Duration":"4 Years","Course Degree":"Degree","Course Graduation":"Graduation","Course Time":"Full Time","Course Rating":"","Application Fees":"\u20b9 40,000*1st Yr Fees"},{"Course Name":"Bachelor of Technology [B.Tech] {Lateral}","Course Duration":"3 Years","Course Degree":"Degree","Course Graduation":"Graduation","Course Time":"Full Time","Course Rating":"","Application Fees":"\u20b9 40,000*1st Yr Fees"}]},{"College_Name":"IIIT Manipur","College_Logo":"https:\/\/images.collegedunia.com\/public\/college_data\/images\/logos\/1459592436iiitm-logo.png?h=80&w=80&mode=stretch","Upper_Section_Details":{"Place":"Imphal,  Manipur","Approval":"","Establishment":"Estd 2015","University Type":"Autonomous University"},"College_Rating":8.0,"College_Summary":"","Fees_and_Eligibility":null,"Courses_Details":[{"Course Name":"Bachelor of Technology [B.Tech]","Course Duration":"4 Years","Course Degree":"Degree","Course Graduation":"Graduation","Course Time":"Full Time","Course Rating":"7.0","Course Review":"34 Reviews","Exam Accepted":"JEE Main","Application Date":"19 June - 31 Jul 2024","Application Fees":"\u20b9 246,3001st Yr Fees"},{"Course Name":"Ph.D","Course Duration":"3 Years","Course Degree":"Degree","Course Graduation":"Doctorate\/M.Phil","Course Time":"Full Time","Course Rating":"","Application Date":"11 July 2024","Application Fees":"\u20b9 21,7951st Yr Fees"}]},{"College_Name":"Manipur Institute of Technology - [MIT], Imphal","College_Logo":"https:\/\/images.collegedunia.com\/public\/college_data\/images\/logos\/1559388009MIT.png?h=80&w=80&mode=stretch","Upper_Section_Details":{"Place":"Imphal,  Manipur","Approval":"AICTE, NBA","Establishment":"Estd 1998","University Type":"Private"},"College_Rating":7.5,"College_Summary":"","Fees_and_Eligibility":null,"Courses_Details":[{"Course Name":"Bachelor of Engineering [BE]","Course Duration":"4 Years","Course Degree":"Degree","Course Graduation":"Graduation","Course Time":"Full Time","Course Rating":"6.9","Course Review":"6 Reviews","Exam Accepted":"JEE Main","Application Fees":"\u20b9 69,2001st Yr Fees"},{"Course Name":"Master of Technology [M.Tech]","Course Duration":"2 Years","Course Degree":"Degree","Course Graduation":"Post Graduation","Course Time":"Full Time","Course Rating":"","Application Fees":"\u20b9 75,9001st Yr Fees"},{"Course Name":"Ph.D","Course Duration":"2 Years","Course Degree":"Degree","Course Graduation":"Doctorate\/M.Phil","Course Time":"Full Time","Course Rating":""}]},{"College_Name":"Manipur Technical University - [MTU], Imphal","College_Logo":"https:\/\/images.collegedunia.com\/public\/college_data\/images\/logos\/1568110177kkkkk.png?h=80&w=80&mode=stretch","Upper_Section_Details":{"Place":"Imphal,  Manipur","Approval":"AICTE, UGC","Establishment":"Estd 2016","University Type":"State University"},"College_Rating":6.9,"College_Summary":"Manipur Technical University (MTU) is a prestigious university established in 2016 at Imphal, Manipur. It has been accredited by NAAC and NBA and is recognized by AICTE. The university offers B.Tech in five specializations under the guidance of highly qualified faculties. It has a fully decked out campus with state of the sports facilities, good placement opportunities and everything a student requires for a well-rounded education.\u00a0","Fees_and_Eligibility":null,"Courses_Details":[{"Course Name":"Bachelor of Technology [B.Tech]","Course Duration":"4 Years","Course Degree":"Degree","Course Graduation":"Graduation","Course Time":"Full Time","Course Rating":"7.5","Course Review":"2 Reviews","Application Fees":"\u20b9 63,0001st Yr Fees"},{"Course Name":"Bachelor of Technology [B.Tech] {Lateral}","Course Duration":"3 Years","Course Degree":"Degree","Course Graduation":"Graduation","Course Time":"Full Time","Course Rating":"7.5","Course Review":"2 Reviews","Application Fees":"\u20b9 63,0001st Yr Fees"}]},{"College_Name":"DM College of Arts, Imphal","College_Logo":"https:\/\/images.collegedunia.com\/public\/college_data\/images\/logos\/col922.jpg?h=80&w=80&mode=stretch","Upper_Section_Details":{"Place":"Imphal,  Manipur","Approval":"UGC","Establishment":"Estd 1946","University Type":"Private"},"College_Rating":6.5,"College_Summary":"","Fees_and_Eligibility":null,"Courses_Details":[{"Course Name":"Bachelor of Arts [BA]","Course Duration":"3 Years","Course Degree":"Degree","Course Graduation":"Graduation","Course Time":"Full Time","Course Rating":"6.3","Course Review":"6 Reviews"},{"Course Name":"Advanced Diploma in Computer Application","Course Duration":"1 Year","Course Degree":"Diploma","Course Graduation":"10+2","Course Time":"Full Time","Course Rating":"","Application Fees":"\u20b9 3,5001st Yr Fees"},{"Course Name":"Certificate Course in Computer Application [CCA]","Course Duration":"6 Months","Course Degree":"Certification","Course Graduation":"10+2","Course Time":"Full Time","Course Rating":""},{"Course Name":"Diploma in Computer Application [DCA]","Course Duration":"1 Year","Course Degree":"Diploma","Course Graduation":"10+2","Course Time":"Full Time","Course Rating":""}]},{"College_Name":"Grace Bible College, Churachandpur","College_Logo":"https:\/\/images.collegedunia.com\/public\/college_data\/images\/logos\/13957493311753.JPG?h=80&w=80&mode=stretch","Upper_Section_Details":{"Place":"Churachandpur,  Manipur","Approval":"NCTE","Establishment":"Estd 2001","University Type":"Private Institute"},"College_Rating":6.3,"College_Summary":"","Fees_and_Eligibility":null,"Courses_Details":[{"Course Name":"Bachelor of Theology [B.Th]","Course Duration":"3 Years","Course Degree":"Degree","Course Graduation":"Graduation","Course Time":"Full Time","Course Rating":"5.3","Course Review":"1 Reviews","Application Fees":"\u20b9 13,4001st Yr Fees"},{"Course Name":"Master of Divinity [M.Div]","Course Duration":"3 Years","Course Degree":"Degree","Course Graduation":"Post Graduation","Course Time":"Full Time","Course Rating":"","Application Fees":"\u20b9 15,9001st Yr Fees"},{"Course Name":"Diploma in Theology","Course Duration":"2 Years","Course Degree":"Diploma","Course Graduation":"10th","Course Time":"Full Time","Course Rating":"","Application Fees":"\u20b9 10,9001st Yr Fees"}]},{"College_Name":"Kakching Khunou College, Thoubal","College_Logo":"https:\/\/images.collegedunia.com\/public\/college_data\/images\/logos\/13958152072289.JPG?h=80&w=80&mode=stretch","Upper_Section_Details":{"Place":"Thoubal,  Manipur","Approval":"UGC","Establishment":"Estd 1981","University Type":"Private"},"College_Rating":"","College_Summary":"","Fees_and_Eligibility":null,"Courses_Details":[{"Course Name":"Bachelor of Science [B.Sc]","Course Duration":"3 Years","Course Degree":"Degree","Course Graduation":"Graduation","Course Time":"Full Time","Course Rating":""},{"Course Name":"Bachelor of Commerce [B.Com]","Course Duration":"3 Years","Course Degree":"Degree","Course Graduation":"Graduation","Course Time":"Full Time","Course Rating":""},{"Course Name":"Bachelor of Arts [BA]","Course Duration":"3 Years","Course Degree":"Degree","Course Graduation":"Graduation","Course Time":"Full Time","Course Rating":""}]},{"College_Name":"United College, Chandel","College_Logo":"https:\/\/images.collegedunia.com\/public\/college_data\/images\/logos\/1427524820chandel.jpg?h=80&w=80&mode=stretch","Upper_Section_Details":{"Place":"Chandel,  Manipur","Approval":"UGC","Establishment":"Estd 1980","University Type":"Private"},"College_Rating":"","College_Summary":"","Fees_and_Eligibility":null,"Courses_Details":[{"Course Name":"Bachelor of Science [B.Sc]","Course Duration":"3 Years","Course Degree":"Degree","Course Graduation":"Graduation","Course Time":"Full Time","Course Rating":"","Application Fees":"\u20b9 4,3201st Yr Fees"},{"Course Name":"Bachelor of Arts [BA]","Course Duration":"3 Years","Course Degree":"Degree","Course Graduation":"Graduation","Course Time":"Full Time","Course Rating":"","Application Fees":"\u20b9 3,2201st Yr Fees"}]},{"College_Name":"DM College of Science, Imphal","College_Logo":"https:\/\/images.collegedunia.com\/public\/college_data\/images\/logos\/1562307383tlogo.png?h=80&w=80&mode=stretch","Upper_Section_Details":{"Place":"Imphal,  Manipur","Approval":"UGC","Establishment":"Estd 1946","University Type":"Private"},"College_Rating":6.4,"College_Summary":"","Fees_and_Eligibility":null,"Courses_Details":[{"Course Name":"Bachelor of Science [B.Sc] {Hons.}","Course Duration":"3 Years","Course Degree":"Degree","Course Graduation":"Graduation","Course Time":"Full Time","Course Rating":"5.5","Course Review":"10 Reviews","Application Fees":"\u20b9 3,2011st Yr Fees"},{"Course Name":"Master of Science [M.Sc]","Course Duration":"2 Years","Course Degree":"Degree","Course Graduation":"Post Graduation","Course Time":"Full Time","Course Rating":"7.0","Course Review":"1 Reviews"},{"Course Name":"Bachelor of Physical Education and Sports [BPES]","Course Duration":"3 Years","Course Degree":"Degree","Course Graduation":"Graduation","Course Time":"Full Time","Course Rating":""},{"Course Name":"Bachelor of Science [B.Sc] (Physical Sciences)","Course Duration":"3 Years","Course Degree":"Degree","Course Graduation":"Graduation","Course Time":"Full Time","Course Rating":"5.5","Course Review":"10 Reviews"},{"Course Name":"Master of Physical Education and Sports [MPES]","Course Duration":"2 Years","Course Degree":"Degree","Course Graduation":"Post Graduation","Course Time":"Full Time","Course Rating":"5.3","Course Review":"1 Reviews"}]},{"College_Name":"Imphal College, Imphal","College_Logo":"https:\/\/images.collegedunia.com\/public\/college_data\/images\/logos\/col16595.jpg?h=80&w=80&mode=stretch","Upper_Section_Details":{"Place":"Imphal,  Manipur","Approval":"","Establishment":"Estd 1952","University Type":"Private"},"College_Rating":6.9,"College_Summary":"","Fees_and_Eligibility":null,"Courses_Details":[{"Course Name":"Bachelor of Arts [BA]","Course Duration":"3 Years","Course Degree":"Degree","Course Graduation":"Graduation","Course Time":"Full Time","Course Rating":"5.8","Course Review":"6 Reviews"},{"Course Name":"Bachelor of Science [B.Sc]","Course Duration":"3 Years","Course Degree":"Degree","Course Graduation":"Graduation","Course Time":"Full Time","Course Rating":"6.3","Course Review":"1 Reviews"}]},{"College_Name":"Institute of Bioresources and Sustainable Development - [IBSD], Imphal","College_Logo":"https:\/\/images.collegedunia.com\/public\/college_data\/images\/logos\/1426575652ibsd-logo1.jpg?h=80&w=80&mode=stretch","Upper_Section_Details":{"Place":"Imphal,  Manipur","Approval":"AICTE, UGC","Establishment":"Estd 1992","University Type":"Private (Autonomous)"},"College_Rating":7.2,"College_Summary":"","Fees_and_Eligibility":null,"Courses_Details":[{"Course Name":"Ph.D. (Biological Sciences)","Course Duration":"3 Years","Course Degree":"Degree","Course Graduation":"Doctorate\/M.Phil","Course Time":"Full Time","Course Rating":"7.3","Course Review":"1 Reviews"}]},{"College_Name":"Dhanamanjuri College of Teacher Education, Imphal","College_Logo":"https:\/\/images.collegedunia.com\/public\/college_data\/images\/logos\/1424428937ert.png?h=80&w=80&mode=stretch","Upper_Section_Details":{"Place":"Imphal,  Manipur","Approval":"NCTE","Establishment":"Estd 1980","University Type":"Public"},"College_Rating":7.8,"College_Summary":"","Fees_and_Eligibility":null,"Courses_Details":[{"Course Name":"Bachelor of Education [B.Ed]","Course Duration":"2 Years","Course Degree":"Degree","Course Graduation":"Graduation","Course Time":"Full Time","Course Rating":"","Application Fees":"\u20b9 27,0221st Yr Fees"},{"Course Name":"Master of Education [M.Ed]","Course Duration":"2 Years","Course Degree":"Degree","Course Graduation":"Post Graduation","Course Time":"Full Time","Course Rating":"","Application Fees":"\u20b9 30,4261st Yr Fees"}]},{"College_Name":"RK Sanatombi Devi College of Education, Imphal","College_Logo":"https:\/\/images.collegedunia.com\/public\/college_data\/images\/logos\/?h=80&w=80&mode=stretch","Upper_Section_Details":{"Place":"Imphal,  Manipur","Approval":"NCTE","Establishment":"Estd 2003","University Type":"Private"},"College_Rating":"","College_Summary":"","Fees_and_Eligibility":null,"Courses_Details":[{"Course Name":"Bachelor of Education [B.Ed]","Course Duration":"1 Year","Course Degree":"Degree","Course Graduation":"Graduation","Course Time":"Full Time","Course Rating":""},{"Course Name":"Master of Education [M.Ed]","Course Duration":"2 Years","Course Degree":"Degree","Course Graduation":"Post Graduation","Course Time":"Full Time","Course Rating":""}]},{"College_Name":"Waikhom Mani Girl's College, Thoubal","College_Logo":"https:\/\/images.collegedunia.com\/public\/college_data\/images\/logos\/1424077290Logo.jpg?h=80&w=80&mode=stretch","Upper_Section_Details":{"Place":"Thoubal,  Manipur","Approval":"NCTE","Establishment":"Estd 1980","University Type":"Private"},"College_Rating":"","College_Summary":"","Fees_and_Eligibility":null,"Courses_Details":[{"Course Name":"Bachelor of Education [B.Ed]","Course Duration":"1 Year","Course Degree":"Degree","Course Graduation":"Graduation","Course Time":"Full Time","Course Rating":""},{"Course Name":"Bachelor of Science [B.Sc]","Course Duration":"3 Years","Course Degree":"Degree","Course Graduation":"Graduation","Course Time":"Full Time","Course Rating":""},{"Course Name":"Bachelor of Arts [BA]","Course Duration":"3 Years","Course Degree":"Degree","Course Graduation":"Graduation","Course Time":"Full Time","Course Rating":""}]},{"College_Name":"Manipur University","College_Logo":"https:\/\/images.collegedunia.com\/public\/college_data\/images\/logos\/1421256424download.jpg?h=80&w=80&mode=stretch","Upper_Section_Details":{"Place":"Imphal,  Manipur","Approval":"UGC","Establishment":"Estd 1980","University Type":"Central University"},"College_Rating":7.2,"College_Summary":"Manipur University is a Central University established in 1980 in the capital of Manipur, Imphal. NAAC accredited grade \u2018A\u2019 to the UGC recognised Central University. Manipur University has 119 affiliated colleges including 2 medical colleges. Moreover, the Manipur Institute of Technology (MIT) comes under the School Of Engineering as a constituent college. The campus spreads across 287.5 acres sheltered in the scenic location of Imphal.","Fees_and_Eligibility":[{"Course":"MBA","Fees":"\u20b946,000 (1st Year Fees) ","Eligibility":"Graduation"},{"Course":"M.Sc","Fees":"\u20b98,450 (1st Year Fees) ","Eligibility":"Graduation"},{"Course":"MA","Fees":"\u20b96,450 (1st Year Fees) ","Eligibility":"Graduation"},{"Course":"PG Program","Fees":"\u20b946,000 (Total Fees) ","Eligibility":"Graduation"},{"Course":"BE","Fees":"\u20b963,250 (1st Year Fees) ","Eligibility":"10+2"},{"Course":"B.Voc","Fees":"\u20b920,350 (1st Year Fees) ","Eligibility":"10+2"}],"Courses_Details":[{"Course Name":"Master of Business Administration [MBA]","Course Duration":"2 Years","Course Degree":"Degree","Course Graduation":"Post Graduation","Course Time":"Full Time","Course Rating":"7.3","Course Review":"2 Reviews","Exam Accepted":"CUET PG","Application Date":"26 Dec - 10 Feb 2024","Application Fees":"\u20b9 46,0001st Yr Fees"},{"Course Name":"Ph.D","Course Duration":"3 Years","Course Degree":"Degree","Course Graduation":"Doctorate\/M.Phil","Course Time":"Full Time","Course Rating":"","Application Date":"8 Jan - 08 Feb 2024"},{"Course Name":"Master of Computer Applications [M.C.A]","Course Duration":"3 Years","Course Degree":"Degree","Course Graduation":"Post Graduation","Course Time":"Full Time","Course Rating":"","Exam Accepted":"CUET PG","Application Date":"26 Dec - 10 Feb 2024","Application Fees":"\u20b9 11,4501st Yr Fees"},{"Course Name":"Master of Science [M.Sc]","Course Duration":"2 Years","Course Degree":"Degree","Course Graduation":"Post Graduation","Course Time":"Full Time","Course Rating":"6.0","Course Review":"2 Reviews","Exam Accepted":"CUET PG","Application Date":"26 Dec - 10 Feb 2024","Application Fees":"\u20b9 8,4501st Yr Fees"},{"Course Name":"Master of Arts [MA]","Course Duration":"2 Years","Course Degree":"Degree","Course Graduation":"Post Graduation","Course Time":"Full Time","Course Rating":"6.7","Course Review":"4 Reviews","Exam Accepted":"CUET PG","Application Date":"26 Dec - 10 Feb 2024","Application Fees":"\u20b9 6,4501st Yr Fees"}]},{"College_Name":"CIPET","College_Logo":"https:\/\/images.collegedunia.com\/public\/college_data\/images\/logos\/16843995563409722509706989407324955037850273940154102n.jpg?h=80&w=80&mode=stretch","Upper_Section_Details":{"Place":"Imphal,  Manipur","Approval":"","Establishment":"Estd 1988","University Type":""},"College_Rating":"","College_Summary":"","Fees_and_Eligibility":null,"Courses_Details":[{"Course Name":"Diploma in Engineering (Polytechnic)","Course Duration":"3 Years","Course Degree":"Diploma","Course Graduation":"10th","Course Time":"Full Time","Course Rating":"","Application Fees":"\u20b9 33,4001st Yr Fees"},{"Course Name":"Post Graduate Diploma in Plastics Processing and Testing","Course Duration":"2 Years","Course Degree":"Diploma","Course Graduation":"Post Graduation","Course Time":"Full Time","Course Rating":"","Application Fees":"\u20b9 40,0001st Yr Fees"}]},{"College_Name":"JNIMS Imphal","College_Logo":"https:\/\/images.collegedunia.com\/public\/college_data\/images\/logos\/1482746898Logo.jpg?h=80&w=80&mode=stretch","Upper_Section_Details":{"Place":"Imphal,  Manipur","Approval":"MCI","Establishment":"Estd 2009","University Type":"Government"},"College_Rating":8.5,"College_Summary":"Some of the important highlights of JNIMS Imphal is mentioned below:","Fees_and_Eligibility":null,"Courses_Details":[{"Course Name":"M.B.B.S.","Course Duration":"4 Years 6 Months","Course Degree":"Degree","Course Graduation":"Graduation","Course Time":"Full Time","Course Rating":"8.5","Course Review":"2 Reviews","Exam Accepted":"NEET","Application Date":"9 Feb - 16 Mar 2024"},{"Course Name":"Bachelor of Dental Surgery [BDS]","Course Duration":"4 Years","Course Degree":"Degree","Course Graduation":"Graduation","Course Time":"Full Time","Course Rating":"","Exam Accepted":"NEET","Application Date":"9 Feb - 16 Mar 2024"},{"Course Name":"Master of Surgery [MS]","Course Duration":"3 Years","Course Degree":"Degree","Course Graduation":"Post Graduation","Course Time":"Full Time","Course Rating":"","Exam Accepted":"NEET PG"},{"Course Name":"Doctorate of Medicine [MD]","Course Duration":"3 Years","Course Degree":"Degree","Course Graduation":"Post Graduation","Course Time":"Full Time","Course Rating":"","Exam Accepted":"NEET PG"}]},{"College_Name":"Lilong Haoreibi College, Imphal","College_Logo":"https:\/\/images.collegedunia.com\/public\/college_data\/images\/logos\/1487317215logo.jpg?h=80&w=80&mode=stretch","Upper_Section_Details":{"Place":"Imphal,  Manipur","Approval":"UGC","Establishment":"Estd 1976","University Type":"Government"},"College_Rating":6.3,"College_Summary":"","Fees_and_Eligibility":[{"Course":"BA","Fees":"\u20b92,245 (1st Year Fees) ","Eligibility":"10+2"},{"Course":"B.Sc","Fees":"\u20b92,695 (1st Year Fees) ","Eligibility":"10+2"},{"Course":"BA {Hons.}","Fees":"\u20b92,245 (1st Year Fees) ","Eligibility":"10+2"},{"Course":"B.Sc {Hons.}","Fees":"\u20b92,745 (1st Year Fees) ","Eligibility":"10+2"}],"Courses_Details":[{"Course Name":"Bachelor of Arts [BA]","Course Duration":"3 Years","Course Degree":"Degree","Course Graduation":"Graduation","Course Time":"Full Time","Course Rating":"5.0","Course Review":"1 Reviews","Application Fees":"\u20b9 2,2451st Yr Fees"},{"Course Name":"Bachelor of Science [B.Sc]","Course Duration":"3 Years","Course Degree":"Degree","Course Graduation":"Graduation","Course Time":"Full Time","Course Rating":"","Application Fees":"\u20b9 2,6951st Yr Fees"},{"Course Name":"Bachelor of Science [B.Sc] {Hons.}","Course Duration":"3 Years","Course Degree":"Degree","Course Graduation":"Graduation","Course Time":"Full Time","Course Rating":"","Application Fees":"\u20b9 2,7451st Yr Fees"},{"Course Name":"Bachelor of Arts [BA] {Hons.}","Course Duration":"3 Years","Course Degree":"Degree","Course Graduation":"Graduation","Course Time":"Full Time","Course Rating":"5.0","Course Review":"1 Reviews","Application Fees":"\u20b9 2,2451st Yr Fees"}]},{"College_Name":"The Modern College, Imphal","College_Logo":"https:\/\/images.collegedunia.com\/public\/college_data\/images\/logos\/15469446881240580360743277391038612384252n.jpg?h=80&w=80&mode=stretch","Upper_Section_Details":{"Place":"Imphal,  Manipur","Approval":"","Establishment":"Estd 1963","University Type":"Private"},"College_Rating":6.2,"College_Summary":"","Fees_and_Eligibility":null,"Courses_Details":[{"Course Name":"Bachelor of Science [B.Sc]","Course Duration":"3 Years","Course Degree":"Degree","Course Graduation":"Graduation","Course Time":"Full Time","Course Rating":"2 Reviews","Course Review":"2 Reviews"},{"Course Name":"Bachelor of Arts [BA]","Course Duration":"3 Years","Course Degree":"Degree","Course Graduation":"Graduation","Course Time":"Full Time","Course Rating":"5.3","Course Review":"1 Reviews"}]},{"College_Name":"National Sports University Imphal","College_Logo":"https:\/\/images.collegedunia.com\/public\/college_data\/images\/logos\/1558093549nsulogo.png?h=80&w=80&mode=stretch","Upper_Section_Details":{"Place":"Imphal,  Manipur","Approval":"UGC","Establishment":"Estd 2018","University Type":"Central University"},"College_Rating":7.2,"College_Summary":"National Sports University (NSU) situated in Imphal, Manipur is the first, and as of now the only central university in India which focuses solely on sports education. The popular courses offered by National Sports University (NSU), Manipur include B.Sc. Sports Coaching, BPES, and M.Sc. Sports Coaching etc. The university is equipped with a modern sports library that includes sections of national and international sports journals, print books, and an E-library electronic database with various multimedia resources. The admission of the candidates in this university is purely based on the merit and the marks obtained in the admission test. This admission test encounters written spots proficiency and physical fitness tests.","Fees_and_Eligibility":null,"Courses_Details":[{"Course Name":"Bachelor of Science [B.Sc] (Sports Management)","Course Duration":"4 Years","Course Degree":"Degree","Course Graduation":"Graduation","Course Time":"Full Time","Course Rating":"5.7","Course Review":"1 Reviews","Exam Accepted":"CUET","Application Fees":"\u20b9 92,8001st Yr Fees"},{"Course Name":"Bachelor of Physical Education and Sports [BPES]","Course Duration":"3 Years","Course Degree":"Degree","Course Graduation":"Graduation","Course Time":"Full Time","Course Rating":"10.0","Course Review":"1 Reviews","Application Fees":"\u20b9 92,8001st Yr Fees"},{"Course Name":"Master of Science [M.Sc]","Course Duration":"2 Years","Course Degree":"Degree","Course Graduation":"Post Graduation","Course Time":"Full Time","Course Rating":"","Exam Accepted":"CUET PG","Application Date":"26 Dec - 10 Feb 2024","Application Fees":"\u20b9 88,1001st Yr Fees"}]},{"College_Name":"Dhanamanjuri University, Imphal","College_Logo":"https:\/\/images.collegedunia.com\/public\/college_data\/images\/logos\/1560249374logooooo.jpg?h=80&w=80&mode=stretch","Upper_Section_Details":{"Place":"Imphal,  Manipur","Approval":"UGC","Establishment":"Estd 2018","University Type":"State University"},"College_Rating":7.4,"College_Summary":"Dhanamanjuri University was established in 2018 which is a new private university in Imphal, Manipur. It is a state university recognised by University Grants Commission. The University was established under the National Scheme of Rashtriya Uchchatar Shiksha Abhiyan (RUSA) to convert colleges to cluster Universities. The University is associated with Association of Indian Universities (AIU).","Fees_and_Eligibility":null,"Courses_Details":[{"Course Name":"Bachelor of Science [B.Sc]","Course Duration":"3 Years","Course Degree":"Degree","Course Graduation":"Graduation","Course Time":"Full Time","Course Rating":"7.3","Course Review":"2 Reviews","Application Fees":"\u20b9 4,0211st Yr Fees"},{"Course Name":"Master of Science [M.Sc]","Course Duration":"2 Years","Course Degree":"Degree","Course Graduation":"Post Graduation","Course Time":"Full Time","Course Rating":""},{"Course Name":"Bachelor of Law [L.L.B]","Course Duration":"3 Years","Course Degree":"Degree","Course Graduation":"Graduation","Course Time":"Full Time","Course Rating":""},{"Course Name":"Bachelor of Arts [BA]","Course Duration":"3 Years","Course Degree":"Degree","Course Graduation":"Graduation","Course Time":"Full Time","Course Rating":"2 Reviews","Course Review":"2 Reviews"},{"Course Name":"Master of Arts [MA]","Course Duration":"2 Years","Course Degree":"Degree","Course Graduation":"Post Graduation","Course Time":"Full Time","Course Rating":""}]},{"College_Name":"Government Polytechnic, Imphal","College_Logo":"https:\/\/images.collegedunia.com\/public\/college_data\/images\/logos\/1599823645poly3.gif?h=80&w=80&mode=stretch","Upper_Section_Details":{"Place":"Imphal,  Manipur","Approval":"AICTE","Establishment":"Estd 1956","University Type":"Government"},"College_Rating":"","College_Summary":"","Fees_and_Eligibility":null,"Courses_Details":null},{"College_Name":"Manipur University of Culture - [MUC], Imphal","College_Logo":"https:\/\/images.collegedunia.com\/public\/college_data\/images\/logos\/1600421523ManipurUniversityofCulture1.jpg?h=80&w=80&mode=stretch","Upper_Section_Details":{"Place":"Imphal,  Manipur","Approval":"","Establishment":"Estd 2015","University Type":"State University"},"College_Rating":"","College_Summary":"Manipur University of Culture was set up in 2015 as a Model University in the field of Art and Culture in the history of Indian academia. The university offers undergraduate and postgraduate courses in the field of Arts. MUC offers BA and MA courses in various disciplines in full time mode. The admissions to these courses are based on a written test conducted by the university itself. Additionally, the university also offers research level courses for postgraduate students.\u00a0","Fees_and_Eligibility":null,"Courses_Details":[{"Course Name":"Bachelor of Arts [BA]","Course Duration":"3 Years","Course Degree":"Degree","Course Graduation":"Graduation","Course Time":"Full Time","Course Rating":"","Application Fees":"\u20b9 5,0001st Yr Fees"}]},{"College_Name":"Bir Tikendrajit University, Imphal","College_Logo":"https:\/\/images.collegedunia.com\/public\/college_data\/images\/logos\/16167590755946920e9234e40ca915a088283a8e5c.png?h=80&w=80&mode=stretch","Upper_Section_Details":{"Place":"Imphal,  Manipur","Approval":"AICTE, PCI, UGC, AIU","Establishment":"Estd 2020","University Type":"Private University"},"College_Rating":"","College_Summary":"","Fees_and_Eligibility":[{"Course":"Diploma","Fees":"\u20b920,000 (Total Fees) ","Eligibility":"10+2"},{"Course":"B.Tech","Fees":"\u20b91.6 Lakhs (1st Year Fees) ","Eligibility":"10+2"},{"Course":"Ph.D","Fees":"\u20b91.8 Lakhs (1st Year Fees) ","Eligibility":"Post Graduation"},{"Course":"B.Ed","Fees":"\u20b980,000 (1st Year Fees) ","Eligibility":"10+2"},{"Course":"D.Pharm","Fees":"\u20b920,000 (1st Year Fees) ","Eligibility":"10+2"},{"Course":"M.Tech","Fees":"\u20b91.6 Lakhs (1st Year Fees) ","Eligibility":"Graduation"},{"Course":"M.Sc","Fees":"\u20b940,000 (1st Year Fees) ","Eligibility":"Graduation"}],"Courses_Details":[{"Course Name":"Diploma","Course Duration":"1 Year","Course Degree":"Diploma","Course Graduation":"10+2","Course Time":"Full Time","Course Rating":"","Application Fees":"\u20b9 20,000Total Fees"},{"Course Name":"Bachelor of Technology [B.Tech]","Course Duration":"4 Years","Course Degree":"Degree","Course Graduation":"Graduation","Course Time":"Full Time","Course Rating":"","Application Fees":"\u20b9 160,0001st Yr Fees"},{"Course Name":"Bachelor of Education [B.Ed]","Course Duration":"2 Years","Course Degree":"Degree","Course Graduation":"Graduation","Course Time":"Full Time","Course Rating":"","Application Fees":"\u20b9 80,0001st Yr Fees"},{"Course Name":"Diploma in Pharmacy [D.Pharm]","Course Duration":"2 Years","Course Degree":"Diploma","Course Graduation":"10+2","Course Time":"Full Time","Course Rating":"","Application Fees":"\u20b9 20,0001st Yr Fees"},{"Course Name":"Master of Technology [M.Tech]","Course Duration":"2 Years","Course Degree":"Degree","Course Graduation":"Post Graduation","Course Time":"Full Time","Course Rating":"","Application Fees":"\u20b9 160,0001st Yr Fees"}]},{"College_Name":"Ibotombi Institute of Education  - [IIE], Imphal","College_Logo":"https:\/\/images.collegedunia.com\/public\/college_data\/images\/logos\/1623914500download.jpg?h=80&w=80&mode=stretch","Upper_Section_Details":{"Place":"Imphal,  Manipur","Approval":"","Establishment":"Estd 2008","University Type":"Private Institute"},"College_Rating":"","College_Summary":"","Fees_and_Eligibility":null,"Courses_Details":[{"Course Name":"Diploma in Elementary Education [D.El.Ed.]","Course Duration":"2 Years","Course Degree":"Diploma","Course Graduation":"Graduation","Course Time":"Full Time","Course Rating":"","Application Fees":"\u20b9 65,000Total Fees"},{"Course Name":"Bachelor of Education [B.Ed]","Course Duration":"2 Years","Course Degree":"Degree","Course Graduation":"Graduation","Course Time":"Full Time","Course Rating":"","Application Fees":"\u20b9 80,000Total Fees"}]},{"College_Name":"Rayburn College, Churachandpur","College_Logo":"https:\/\/images.collegedunia.com\/public\/college_data\/images\/logos\/1635756104croppedRayburnCollegeLogoTranspareny100x1001.png?h=80&w=80&mode=stretch","Upper_Section_Details":{"Place":"Churachandpur,  Manipur","Approval":"UGC","Establishment":"Estd 1994","University Type":"Private"},"College_Rating":5.5,"College_Summary":"","Fees_and_Eligibility":[{"Course":"BA","Fees":"\u20b928,000 (1st Year Fees) ","Eligibility":"10+2"},{"Course":"B.Sc","Fees":"\u20b930,000 (1st Year Fees) ","Eligibility":"10+2"},{"Course":"B.Sc {Hons.}","Fees":"\u20b930,000 (1st Year Fees) ","Eligibility":"10+2"},{"Course":"MA","Fees":"\u20b935,000 (1st Year Fees) ","Eligibility":"Graduation"},{"Course":"B.Com {Hons.}","Fees":"\u20b928,000 (1st Year Fees) ","Eligibility":"10+2"},{"Course":"BA {Hons.}","Fees":"\u20b928,000 (1st Year Fees) ","Eligibility":"10+2"},{"Course":"M.Com {Hons.}","Fees":"\u20b935,000 (1st Year Fees) ","Eligibility":"Graduation"}],"Courses_Details":[{"Course Name":"Bachelor of Science [B.Sc]","Course Duration":"3 Years","Course Degree":"Degree","Course Graduation":"Graduation","Course Time":"Full Time","Course Rating":"1 Reviews","Course Review":"1 Reviews","Application Fees":"\u20b9 30,0001st Yr Fees"},{"Course Name":"Bachelor of Science [B.Sc] {Hons.}","Course Duration":"3 Years","Course Degree":"Degree","Course Graduation":"Graduation","Course Time":"Full Time","Course Rating":"1 Reviews","Course Review":"1 Reviews","Application Fees":"\u20b9 30,0001st Yr Fees"},{"Course Name":"Bachelor of Arts [BA]","Course Duration":"3 Years","Course Degree":"Degree","Course Graduation":"Graduation","Course Time":"Full Time","Course Rating":"","Application Fees":"\u20b9 28,0001st Yr Fees"},{"Course Name":"Master of Arts [MA]","Course Duration":"2 Years","Course Degree":"Degree","Course Graduation":"Post Graduation","Course Time":"Full Time","Course Rating":"","Application Fees":"\u20b9 35,0001st Yr Fees"},{"Course Name":"Bachelor of Commerce [B.Com] {Hons.}","Course Duration":"3 Years","Course Degree":"Degree","Course Graduation":"Graduation","Course Time":"Full Time","Course Rating":"","Application Fees":"\u20b9 28,0001st Yr Fees"}]},{"College_Name":"Shija Academy of Health Sciences - [SAHS], Imphal","College_Logo":"https:\/\/images.collegedunia.com\/public\/college_data\/images\/logos\/1648532819Screenshot20220329111639.png?h=80&w=80&mode=stretch","Upper_Section_Details":{"Place":"Imphal,  Manipur","Approval":"","Establishment":"Estd 2021","University Type":""},"College_Rating":9.7,"College_Summary":"","Fees_and_Eligibility":null,"Courses_Details":[{"Course Name":"M.B.B.S.","Course Duration":"4 Years 6 Months","Course Degree":"Degree","Course Graduation":"Graduation","Course Time":"Full Time","Course Rating":"1 Reviews","Course Review":"1 Reviews","Application Fees":"\u20b9 475,000#1st Yr Fees"}]},{"College_Name":"Khongnangthaba University, Imphal","College_Logo":"https:\/\/images.collegedunia.com\/public\/college_data\/images\/logos\/1660904197l1.png?h=80&w=80&mode=stretch","Upper_Section_Details":{"Place":"Imphal,  Manipur","Approval":"","Establishment":"Estd 2021","University Type":"Private University"},"College_Rating":"","College_Summary":"","Fees_and_Eligibility":[{"Course":"MBA","Fees":"\u20b980,000 (1st Year Fees) ","Eligibility":"Graduation"},{"Course":"M.S.","Fees":"\u20b970,000 (1st Year Fees) ","Eligibility":"Graduation"},{"Course":"Certification","Fees":"\u20b960,000 (Total Fees) ","Eligibility":"10+2"},{"Course":"MMC","Fees":"\u20b970,000 (1st Year Fees) ","Eligibility":"Graduation"},{"Course":"Master in Environmen","Fees":"\u20b970,000 (1st Year Fees) ","Eligibility":"Graduation"},{"Course":"MCA","Fees":"\u20b970,000 (1st Year Fees) ","Eligibility":"Graduation"}],"Courses_Details":[{"Course Name":"Master of Business Administration [MBA]","Course Duration":"2 Years","Course Degree":"Degree","Course Graduation":"Post Graduation","Course Time":"Full Time","Course Rating":"","Application Fees":"\u20b9 80,0001st Yr Fees"},{"Course Name":"Master in Environmental Sciences","Course Duration":"2 Years","Course Degree":"Degree","Course Graduation":"Post Graduation","Course Time":"Full Time","Course Rating":"","Application Fees":"\u20b9 70,0001st Yr Fees"},{"Course Name":"Master of Science [M.S.] (Disaster Management)","Course Duration":"2 Years","Course Degree":"Degree","Course Graduation":"Post Graduation","Course Time":"Full Time","Course Rating":"","Application Fees":"\u20b9 70,000#1st Yr Fees"},{"Course Name":"Master of Computer Applications [M.C.A]","Course Duration":"2 Years","Course Degree":"Degree","Course Graduation":"Post Graduation","Course Time":"Full Time","Course Rating":"","Application Fees":"\u20b9 70,0001st Yr Fees"},{"Course Name":"Certification","Course Duration":"1 Year","Course Degree":"Certification","Course Graduation":"10+2","Course Time":"Full Time","Course Rating":"","Application Fees":"\u20b9 60,000Total Fees"}]}]