[{"College_Name":"IIM Shillong","College_Logo":"https:\/\/images.collegedunia.com\/public\/college_data\/images\/logos\/1504004914logo.jpg?h=80&w=80&mode=stretch","Upper_Section_Details":{"Place":"Shillong,  Meghalaya","Approval":"UGC","Establishment":"Estd 2007","University Type":"Autonomous University"},"College_Rating":8.1,"College_Summary":"IIM Shillong established in 2007 is a public management institution, affiliated with the North Eastern Hill University (NEHU). IIM Shillong has been ranked 26th among the top management institutes in India by NIRF Ranking 2023. The institute has a strong employment track record, with alumni being hired by top Indian and worldwide organisations. Check: Is IIM Shillong worth joining?","Fees_and_Eligibility":[{"Course":"PGPM","Fees":"\u20b915 Lakhs (Total Fees) ","Eligibility":"Graduation + CAT"},{"Course":"Ph.D","Fees":"\u20b910 Lakhs (Total Fees) ","Eligibility":"Post Graduation with 55%"},{"Course":"PG Certificate","Fees":"\u20b91.7 Lakhs (Total Fees) ","Eligibility":"Graduation"},{"Course":"EMBA","Fees":"\u20b912 Lakhs (Total Fees) ","Eligibility":"Graduation + CAT"},{"Course":"PGPEX","Fees":"\u20b922.71 Lakhs (Total Fees) ","Eligibility":"Graduation + CAT \/ GMAT"}],"Courses_Details":[{"Course Name":"Post Graduate Program in Management [PGPM]","Course Duration":"2 Years","Course Degree":"Degree","Course Graduation":"Post Graduation","Course Time":"Full Time","Course Rating":"8.4","Course Review":"29 Reviews","Exam Accepted":"CAT","Application Date":"18 Jan - 24 Jan 2024","Application Fees":"\u20b9 1,500,000Total Fees"},{"Course Name":"Ph.D","Course Duration":"3 Years","Course Degree":"Degree","Course Graduation":"Doctorate\/M.Phil","Course Time":"Full Time","Course Rating":"Rated #12\n          out of 272\n          by\n        India Today in Management","Application Date":"1 Nov - 05 Mar 2024","Application Fees":"\u20b9 1,000,000Total Fees"},{"Course Name":"Master of Business Administration [MBA] Working Executives","Course Duration":"2 Years","Course Degree":"Degree","Course Graduation":"Post Graduation","Course Time":"Full Time","Course Rating":"Rated #12\n          out of 272\n          by\n        India Today in Management","Application Date":"8 Sept - 30 Jan 2024","Application Fees":"\u20b9 1,200,000Total Fees"},{"Course Name":"Post Graduate Program for Executives[PGPEX]","Course Duration":"1 Year","Course Degree":"Degree","Course Graduation":"Post Graduation","Course Time":"Full Time","Course Rating":"Rated #12\n          out of 272\n          by\n        India Today in Management","Application Date":"8 Sept - 30 Jan 2024","Application Fees":"\u20b9 2,271,000Total Fees"},{"Course Name":"Management Development Programme","Course Duration":"","Course Degree":"Diploma","Course Graduation":"Post Graduation","Course Time":"Full Time","Course Rating":"Rated #12\n          out of 272\n          by\n        India Today in Management","Application Fees":"\u20b9 30,000Total Fees"}]},{"College_Name":"NIFT Shillong","College_Logo":"https:\/\/images.collegedunia.com\/public\/college_data\/images\/logos\/1486122019Logo.jpg?h=80&w=80&mode=stretch","Upper_Section_Details":{"Place":"Shillong,  Meghalaya","Approval":"AICTE","Establishment":"Estd 2008","University Type":"Public"},"College_Rating":8.7,"College_Summary":"National Institute of fashion technology (NIFT) Shillong, a new entrant in the consortium of the NIFTs, was established in 2008. There are only 16 NIFTs in India, NIFT Shillong being one of them is a leader in the fashion education industry in the state of Meghalaya. Currently, the institute offers two four year UG programs- Fashion Design and Accessory design and one two year PG program- Master of Fashion Management. It is an autonomous institute and it is approved by the Ministry of Textiles, Government of India. NIFT Shillong is the first premier fashion institute in North East India. It was ranked 13th among all the participating institutes by the survey conducted by The Week in 2022.","Fees_and_Eligibility":null,"Courses_Details":[{"Course Name":"Bachelor of Design [B.Des]","Course Duration":"4 Years","Course Degree":"Degree","Course Graduation":"Graduation","Course Time":"Full Time","Course Rating":"8.3","Course Review":"3 Reviews","Exam Accepted":"NIFT","Application Date":"5 Dec - 30 Apr 2024","Application Fees":"\u20b9 326,3001st Yr Fees"},{"Course Name":"Master of Fashion Management [MFM]","Course Duration":"2 Years","Course Degree":"Degree","Course Graduation":"Post Graduation","Course Time":"Full Time","Course Rating":"8.7","Course Review":"1 Reviews","Exam Accepted":"NIFT","Application Date":"5 Dec - 30 Apr 2024","Application Fees":"\u20b9 560,000Total Fees"}]},{"College_Name":"NIT Meghalaya","College_Logo":"https:\/\/images.collegedunia.com\/public\/college_data\/images\/logos\/1435313747jpjpjp.jpg?h=80&w=80&mode=stretch","Upper_Section_Details":{"Place":"Shillong,  Meghalaya","Approval":"AICTE","Establishment":"Estd 2010","University Type":"Autonomous University"},"College_Rating":7.5,"College_Summary":"NIT Meghalaya is one of the new IITs created in 2010 as an Institution of National Importance. NIT Meghalaya is currently operating out of its temporary site in Shillong. The permanent campus of NIT Meghalaya is being built in the city of Cherapunji. According to the NIRF Ranking 2023, NIT Meghalaya is rated 72nd\u00a0among the engineering colleges in India. NIT Meghalaya also provides PhD, M.Sc., and M.Tech. programmes at the postgraduate level.","Fees_and_Eligibility":[{"Course":"B.Tech","Fees":"\u20b91.55 Lakhs (1st Year Fees) ","Eligibility":"10+2 with 75% + JEE Main"},{"Course":"Ph.D","Fees":"\u20b945,150 (1st Year Fees) ","Eligibility":"Post Graduation"},{"Course":"M.Sc","Fees":"\u20b942,150 (1st Year Fees) ","Eligibility":"Graduation with 55% + IIT JAM"},{"Course":"M.Tech","Fees":"\u20b91 Lakh (1st Year Fees) ","Eligibility":"Pass in Graduation + GATE"}],"Courses_Details":[{"Course Name":"Bachelor of Technology [B.Tech]","Course Duration":"4 Years","Course Degree":"Degree","Course Graduation":"Graduation","Course Time":"Full Time","Course Rating":"7.4","Course Review":"23 Reviews","Exam Accepted":"JEE Main","Application Date":"19 June - 31 Jul 2024","Application Fees":"\u20b9 155,1501st Yr Fees"},{"Course Name":"Ph.D","Course Duration":"3 Years","Course Degree":"Degree","Course Graduation":"Doctorate\/M.Phil","Course Time":"Full Time","Course Rating":"","Application Fees":"\u20b9 45,1501st Yr Fees"},{"Course Name":"Master of Science [M.Sc]","Course Duration":"2 Years","Course Degree":"Degree","Course Graduation":"Post Graduation","Course Time":"Full Time","Course Rating":"8.0","Course Review":"3 Reviews","Exam Accepted":"IIT JAM","Application Date":"5 June - 26 Jun 2024","Application Fees":"\u20b9 42,1501st Yr Fees"},{"Course Name":"Master of Technology [M.Tech]","Course Duration":"2 Years","Course Degree":"Degree","Course Graduation":"Post Graduation","Course Time":"Full Time","Course Rating":"6.7","Course Review":"1 Reviews","Exam Accepted":"GATE","Application Date":"5 June - 26 Jun 2024","Application Fees":"\u20b9 100,1501st Yr Fees"}]},{"College_Name":"Martin Luther Chirstian University","College_Logo":"https:\/\/images.collegedunia.com\/public\/college_data\/images\/logos\/1638767832logo.png?h=80&w=80&mode=stretch","Upper_Section_Details":{"Place":"Shillong,  Meghalaya","Approval":"UGC","Establishment":"Estd 2005","University Type":"Private University"},"College_Rating":8.2,"College_Summary":"Martin Luther Christian University (MLCU) was established in Shillong, the capital city of Meghalaya in July 2005. The creation of the university is in accordance with the University Grant Commission (UGC). The university ranked 48th in the top 50 private universities in the country by Outlook, 2023. MLCU offers high-quality education that enables students to graduate as well-rounded professionals, ready to serve with purpose, integrity, and efficiency globally. Emphasizing Skills and Experiential Learning, MLCU provides hands-on development projects for students to acquire not just knowledge and skills but also the practical expertise necessary for pursuing rewarding and fulfilling careers.\u00a0","Fees_and_Eligibility":[{"Course":"MA","Fees":"\u20b91.68 Lakhs (1st Year Fees) ","Eligibility":"Graduation"},{"Course":"M.Sc","Fees":"\u20b91.63 Lakhs (1st Year Fees) ","Eligibility":"Graduation"},{"Course":"B.Sc","Fees":"\u20b91.51 Lakhs (1st Year Fees) ","Eligibility":"10+2"},{"Course":"MBA","Fees":"\u20b92.06 Lakhs (1st Year Fees) ","Eligibility":"Graduation"},{"Course":"Diploma","Fees":"\u20b954,800 (1st Year Fees) ","Eligibility":"10+2"},{"Course":"Ph.D","Fees":"\u20b91.75 Lakhs (1st Year Fees) ","Eligibility":"Post Graduation"},{"Course":"BCA","Fees":"\u20b91.16 Lakhs (1st Year Fees) ","Eligibility":"10+2"}],"Courses_Details":[{"Course Name":"Master of Arts [MA]","Course Duration":"2 Years","Course Degree":"Degree","Course Graduation":"Post Graduation","Course Time":"Full Time","Course Rating":"","Application Fees":"\u20b9 167,7401st Yr Fees"},{"Course Name":"Master of Science [M.Sc]","Course Duration":"2 Years","Course Degree":"Degree","Course Graduation":"Post Graduation","Course Time":"Full Time","Course Rating":"Rated #153\n          out of 178\n          by\n        India Today in Science","Application Fees":"\u20b9 162,7401st Yr Fees"},{"Course Name":"Bachelor of Science [B.Sc]","Course Duration":"4 Years","Course Degree":"Degree","Course Graduation":"Graduation","Course Time":"Full Time","Course Rating":"Rated #153\n          out of 178\n          by\n        India Today in Science","Application Fees":"\u20b9 151,1501st Yr Fees"},{"Course Name":"Master of Business Administration [MBA]","Course Duration":"2 Years","Course Degree":"Degree","Course Graduation":"Post Graduation","Course Time":"Full Time","Course Rating":"2.7","Course Review":"1 Reviews","Application Fees":"\u20b9 206,4001st Yr Fees"},{"Course Name":"Diploma","Course Duration":"2 Years","Course Degree":"Diploma","Course Graduation":"10+2","Course Time":"Full Time","Course Rating":"","Application Fees":"\u20b9 54,8001st Yr Fees"}]},{"College_Name":"CMJ University","College_Logo":"https:\/\/images.collegedunia.com\/public\/college_data\/images\/logos\/1588586778mylogo.png?h=80&w=80&mode=stretch","Upper_Section_Details":{"Place":"Ri-Bhoi,  Meghalaya","Approval":"PCI, BCI, ICAR, UGC","Establishment":"Estd 2009","University Type":"Private University"},"College_Rating":8.3,"College_Summary":"CMJ University is a private university founded in the year 2009 at the Ribhoi district of Meghalaya. It is recognized by UGC & offers a variety of UG, PG, Doctoral & Diploma programs in the field of Engineering & Technology, Arts, Science, Commerce, Management, Health Sciences, Nursing, Law, Arts & Crafts, etc. The university boasts excellent infrastructural facilities to create a better learning atmosphere","Fees_and_Eligibility":[{"Course":"D.Pharm","Fees":"\u20b91 Lakh (1st Year Fees) ","Eligibility":"10+2 with Biology"},{"Course":"Diploma","Fees":"\u20b920,000 (1st Year Fees) ","Eligibility":"10+2"},{"Course":"M.Sc","Fees":"\u20b935,000 (1st Year Fees) ","Eligibility":"Graduation"},{"Course":"B.Sc","Fees":"\u20b920,000 (1st Year Fees) ","Eligibility":"10+2"},{"Course":"B.Ed","Fees":"\u20b950,000 (1st Year Fees) ","Eligibility":"Graduation"},{"Course":"Certification","Fees":"\u20b920,000 (Total Fees) ","Eligibility":"10th"},{"Course":"MA","Fees":"\u20b930,000 (1st Year Fees) ","Eligibility":"Graduation"}],"Courses_Details":[{"Course Name":"Diploma in Pharmacy [D.Pharm]","Course Duration":"2 Years","Course Degree":"Diploma","Course Graduation":"10+2","Course Time":"Full Time","Course Rating":"","Application Fees":"\u20b9 100,0001st Yr Fees"},{"Course Name":"Diploma","Course Duration":"2 Years","Course Degree":"Diploma","Course Graduation":"10+2","Course Time":"Full Time","Course Rating":"","Application Fees":"\u20b9 20,0001st Yr Fees"},{"Course Name":"Master of Science [M.Sc]","Course Duration":"2 Years","Course Degree":"Degree","Course Graduation":"Post Graduation","Course Time":"Full Time","Course Rating":"","Application Fees":"\u20b9 35,0001st Yr Fees"},{"Course Name":"Bachelor of Science [B.Sc]","Course Duration":"3 Years","Course Degree":"Degree","Course Graduation":"Graduation","Course Time":"Full Time","Course Rating":"","Application Fees":"\u20b9 20,0001st Yr Fees"},{"Course Name":"Bachelor of Education [B.Ed]","Course Duration":"2 Years","Course Degree":"Degree","Course Graduation":"Graduation","Course Time":"Full Time","Course Rating":"","Application Fees":"\u20b9 50,0001st Yr Fees"}]},{"College_Name":"NEHU","College_Logo":"https:\/\/images.collegedunia.com\/public\/college_data\/images\/logos\/1463133442North-Eastern-Hill-University-Shillong.jpg?h=80&w=80&mode=stretch","Upper_Section_Details":{"Place":"Shillong,  Meghalaya","Approval":"UGC","Establishment":"Estd 1973","University Type":"Central University"},"College_Rating":7.5,"College_Summary":"North Eastern Hill University, popularly known as NEHU, is a public central university in Shillong, Meghalaya. Established in 1973, NEHU has two campuses, one at Mawkynroh-Umshing, Shillong, and another at Chasingre, Tura. The main campus is located in Shillong which is spread over 1225 acres of land. The university is recognized by the UGC and accredited with an \u2018A\u2019 grade by the NAAC. NEHU is ranked 80 among the top universities in India in NIRF Rankings 2023.\u00a0","Fees_and_Eligibility":[{"Course":"MA","Fees":"\u20b95,230 (1st Year Fees) ","Eligibility":"26 Dec - 10 Feb 2024"},{"Course":"Ph.D","Fees":"\u20b913,710 (1st Year Fees) ","Eligibility":" - "},{"Course":"M.Sc","Fees":"\u20b96,220 (1st Year Fees) ","Eligibility":"26 Dec - 10 Feb 2024"},{"Course":"B.Tech","Fees":"\u20b949,600 (1st Year Fees) ","Eligibility":" - "},{"Course":"M.Com","Fees":"\u20b97,760 (1st Year Fees) ","Eligibility":" - "},{"Course":"PG Diploma","Fees":"\u20b94,810 (Total Fees) ","Eligibility":" - "}],"Courses_Details":[{"Course Name":"Master of Arts [MA]","Course Duration":"2 Years","Course Degree":"Degree","Course Graduation":"Post Graduation","Course Time":"Full Time","Course Rating":"7.4","Course Review":"4 Reviews","Exam Accepted":"CUET PG","Application Date":"26 Dec - 10 Feb 2024","Application Fees":"\u20b9 5,2301st Yr Fees"},{"Course Name":"Ph.D","Course Duration":"2 Years","Course Degree":"Degree","Course Graduation":"Doctorate\/M.Phil","Course Time":"Full Time","Course Rating":"","Application Fees":"\u20b9 13,7101st Yr Fees"},{"Course Name":"Master of Science [M.Sc]","Course Duration":"2 Years","Course Degree":"Degree","Course Graduation":"Post Graduation","Course Time":"Full Time","Course Rating":"7.4","Course Review":"4 Reviews","Exam Accepted":"CUET PG","Application Date":"26 Dec - 10 Feb 2024","Application Fees":"\u20b9 6,2201st Yr Fees"},{"Course Name":"Bachelor of Arts + Bachelor of Laws [BALLB] {Hons.}","Course Duration":"5 Years","Course Degree":"Degree","Course Graduation":"Graduation","Course Time":"Full Time","Course Rating":"1 Reviews","Course Review":"1 Reviews","Exam Accepted":"CUET","Application Date":"27 Feb - 26 Mar 2024","Application Fees":"\u20b9 25,3601st Yr Fees"},{"Course Name":"Bachelor of Technology [B.Tech]","Course Duration":"4 Years","Course Degree":"Degree","Course Graduation":"Graduation","Course Time":"Full Time","Course Rating":"6.7","Course Review":"6 Reviews","Exam Accepted":"JEE Main","Application Fees":"\u20b9 49,6001st Yr Fees"}]},{"College_Name":"University of Science and Technology Meghalaya","College_Logo":"https:\/\/images.collegedunia.com\/public\/college_data\/images\/logos\/1421309174University_of_Science_and_Technology,_Meghalaya_seal.jpg?h=80&w=80&mode=stretch","Upper_Section_Details":{"Place":"Ri-Bhoi,  Meghalaya","Approval":"NCTE, AICTE, BCI, UGC, AIU","Establishment":"Estd 2008","University Type":"Private University"},"College_Rating":8.5,"College_Summary":"The University of Science and Technology, also known as USTM in Meghalaya has been renowned for being the first Private University based on Science and Technology in North East India. Approved by UGC and AICTE, the university came into existence in the year 2008. The university has 11 undergraduate, 12 postgraduate, and 10 Ph.D. specializations. Admissions are done on merit basis for various UG and PG courses. Some courses need university prescribed entrance test merit marks. Admission to MBA is done via USTM-CAT followed by group discussion and personal interview. For selection to Ph.D., candidates are selected based on performance in academics, entrance tests, and interviews.","Fees_and_Eligibility":[{"Course":"MBA","Fees":"\u20b91.45 Lakhs (1st Year Fees) ","Eligibility":"Graduation"},{"Course":"Ph.D","Fees":"\u20b92.1 Lakhs (1st Year Fees) ","Eligibility":"Post Graduation"},{"Course":"M.Sc","Fees":"\u20b91.48 Lakhs (1st Year Fees) ","Eligibility":"Graduation"},{"Course":"B.Ed","Fees":"\u20b92.37 Lakhs (1st Year Fees) ","Eligibility":"Graduation"},{"Course":"B.Sc","Fees":"\u20b91.01 Lakhs (1st Year Fees) ","Eligibility":"10+2"},{"Course":"MA","Fees":"\u20b91.35 Lakhs (1st Year Fees) ","Eligibility":"Graduation"},{"Course":"BBA","Fees":"\u20b988,000 (1st Year Fees) ","Eligibility":"10+2"}],"Courses_Details":[{"Course Name":"Master of Business Administration [MBA]","Course Duration":"2 Years","Course Degree":"Degree","Course Graduation":"Post Graduation","Course Time":"Full Time","Course Rating":"","Exam Accepted":"CAT","Application Fees":"\u20b9 145,0001st Yr Fees"},{"Course Name":"Ph.D","Course Duration":"3 Years","Course Degree":"Degree","Course Graduation":"Doctorate\/M.Phil","Course Time":"Full Time","Course Rating":"","Application Fees":"\u20b9 210,0001st Yr Fees"},{"Course Name":"Master of Science [M.Sc]","Course Duration":"2 Years","Course Degree":"Degree","Course Graduation":"Post Graduation","Course Time":"Full Time","Course Rating":"8.7","Course Review":"2 Reviews","Application Fees":"\u20b9 148,0001st Yr Fees"},{"Course Name":"Bachelor of Education [B.Ed]","Course Duration":"2 Years","Course Degree":"Degree","Course Graduation":"Graduation","Course Time":"Full Time","Course Rating":"","Application Fees":"\u20b9 237,0001st Yr Fees"},{"Course Name":"Bachelor of Science [B.Sc]","Course Duration":"3 Years","Course Degree":"Degree","Course Graduation":"Graduation","Course Time":"Full Time","Course Rating":"8.0","Course Review":"1 Reviews","Application Fees":"\u20b9 101,0001st Yr Fees"}]},{"College_Name":"William Carey University, Shillong","College_Logo":"https:\/\/images.collegedunia.com\/public\/college_data\/images\/logos\/1626441262wculogo.jpg?h=80&w=80&mode=stretch","Upper_Section_Details":{"Place":"Shillong,  Meghalaya","Approval":"UGC","Establishment":"Estd 2005","University Type":"Private University"},"College_Rating":8.5,"College_Summary":"William Carey University was established in 2005 in Shillong. The University currently has 11 departments and offers 107 courses.\u00a0","Fees_and_Eligibility":[{"Course":"B.Tech","Fees":"\u20b981,000 (1st Year Fees) ","Eligibility":"10+2"},{"Course":"MA","Fees":"\u20b962,000 (1st Year Fees) ","Eligibility":"Graduation"},{"Course":"M.Sc","Fees":"\u20b972,000 (1st Year Fees) ","Eligibility":"Graduation"},{"Course":"Diploma","Fees":"\u20b960,000 (Total Fees) ","Eligibility":"10 + 2"},{"Course":"MBA","Fees":"\u20b984,000 (Total Fees) ","Eligibility":"Graduation"},{"Course":"D.Pharm","Fees":"\u20b981,000 (1st Year Fees) ","Eligibility":"10 +2"},{"Course":"BA","Fees":"\u20b967,000 (1st Year Fees) ","Eligibility":"10+2"}],"Courses_Details":[{"Course Name":"Bachelor of Technology [B.Tech]","Course Duration":"4 Years","Course Degree":"Degree","Course Graduation":"Graduation","Course Time":"Full Time","Course Rating":"8.7","Course Review":"2 Reviews","Application Fees":"\u20b9 81,0001st Yr Fees"},{"Course Name":"Master of Arts [MA]","Course Duration":"2 Years","Course Degree":"Degree","Course Graduation":"Post Graduation","Course Time":"Full Time","Course Rating":"","Application Fees":"\u20b9 62,0001st Yr Fees"},{"Course Name":"Master of Science [M.Sc]","Course Duration":"2 Years","Course Degree":"Degree","Course Graduation":"Post Graduation","Course Time":"Full Time","Course Rating":"","Application Fees":"\u20b9 72,0001st Yr Fees"},{"Course Name":"Diploma","Course Duration":"1 Year","Course Degree":"Diploma","Course Graduation":"10+2","Course Time":"Full Time","Course Rating":"","Application Fees":"\u20b9 60,000Total Fees"},{"Course Name":"Master of Business Administration [MBA]","Course Duration":"2 Years","Course Degree":"Degree","Course Graduation":"Post Graduation","Course Time":"Full Time","Course Rating":"","Application Fees":"\u20b9 84,000Total Fees"}]},{"College_Name":"Mahatma Gandhi University - [MGU], Ri-Bhoi","College_Logo":"https:\/\/images.collegedunia.com\/public\/college_data\/images\/logos\/1506342835logo.jpg?h=80&w=80&mode=stretch","Upper_Section_Details":{"Place":"Ri-Bhoi,  Meghalaya","Approval":"PCI, BCI, UGC, DEB, AIU","Establishment":"Estd 2010","University Type":"Private University"},"College_Rating":7.5,"College_Summary":"Established in 2010, Mahatma Gandhi University (MGU) is situated in Ri-Bhoi district of Meghalaya. Spread over a sprawling campus of over 15 acres, the college is one of the leading Universities in India. It is successfully running various Institutions in the discipline of Law, Arts, Science, and Commerce. It is approved by\u00a0","Fees_and_Eligibility":[{"Course":"Ph.D","Fees":"\u20b93 Lakhs (Total Fees) ","Eligibility":"Post Graduation"},{"Course":"BA","Fees":"\u20b996,000 (1st Year Fees) ","Eligibility":"10+2"},{"Course":"D.Pharm","Fees":"\u20b92.02 Lakhs (1st Year Fees) ","Eligibility":"10+2 with 50%"},{"Course":"L.L.M","Fees":"\u20b91 Lakh (1st Year Fees) ","Eligibility":"L.L.B."},{"Course":"MBA","Fees":"\u20b91.66 Lakhs (1st Year Fees) ","Eligibility":"Graduation"},{"Course":"M.Sc","Fees":"\u20b91.14 Lakhs (1st Year Fees) ","Eligibility":"Graduation"},{"Course":"B.Com","Fees":"\u20b91.16 Lakhs (1st Year Fees) ","Eligibility":"10+2"}],"Courses_Details":[{"Course Name":"Ph.D","Course Duration":"3 Years","Course Degree":"Degree","Course Graduation":"Doctorate\/M.Phil","Course Time":"Full Time","Course Rating":"","Application Fees":"\u20b9 300,000Total Fees"},{"Course Name":"Bachelor of Physiotherapy [BPT]","Course Duration":"4 Years 6 Months","Course Degree":"Degree","Course Graduation":"Graduation","Course Time":"Full Time","Course Rating":"","Application Fees":"\u20b9 96,0001st Yr Fees"},{"Course Name":"Bachelor of Pharmacy [B.Pharma]","Course Duration":"4 Years","Course Degree":"Degree","Course Graduation":"Graduation","Course Time":"Full Time","Course Rating":"","Application Fees":"\u20b9 176,0001st Yr Fees"},{"Course Name":"Diploma in Pharmacy [D.Pharm]","Course Duration":"2 Years","Course Degree":"Diploma","Course Graduation":"10+2","Course Time":"Full Time","Course Rating":"","Application Fees":"\u20b9 202,0001st Yr Fees"},{"Course Name":"Bachelor of Arts [BA]","Course Duration":"3 Years","Course Degree":"Degree","Course Graduation":"Graduation","Course Time":"Full Time","Course Rating":"","Application Fees":"\u20b9 96,0001st Yr Fees"}]},{"College_Name":"ICFAI University, Shillong","College_Logo":"https:\/\/images.collegedunia.com\/public\/college_data\/images\/logos\/1465534350Capture.jpg?h=80&w=80&mode=stretch","Upper_Section_Details":{"Place":"Shillong,  Meghalaya","Approval":"UGC, AIU","Establishment":"Estd 2005","University Type":"Private University"},"College_Rating":7.1,"College_Summary":"Institute of Chartered Financial Analysts of India University (ICFAI), Meghalaya was established in 2005 and is approved by UGC. The institute offers undergraduate and postgraduate courses in the discipline of Business Administration, Tourism Management, Computer Applications and Commerce. Admission to ICFAI University is done on the basis of CAT\/MAT\/IBSAT\/AIMA UGAT scores. The candidates can apply for registration through online mode.","Fees_and_Eligibility":[{"Course":"MBA","Fees":"\u20b91.19 Lakhs (1st Year Fees) ","Eligibility":"Graduation with 45%"},{"Course":"MA","Fees":"\u20b950,000 (1st Year Fees) ","Eligibility":"Graduation with 45%"},{"Course":"M.Com","Fees":"\u20b960,000 (1st Year Fees) ","Eligibility":"Graduation with 45%"},{"Course":"BCA","Fees":"\u20b951,000 (1st Year Fees) ","Eligibility":"10+2"},{"Course":"BA","Fees":"\u20b920,000 (1st Year Fees) ","Eligibility":"10+2"},{"Course":"B.Com","Fees":"\u20b922,000 (1st Year Fees) ","Eligibility":"10+2"},{"Course":"BBA","Fees":"\u20b941,000 (1st Year Fees) ","Eligibility":"10+2"}],"Courses_Details":[{"Course Name":"Master of Business Administration [MBA]","Course Duration":"2 Years","Course Degree":"Degree","Course Graduation":"Post Graduation","Course Time":"Full Time","Course Rating":"6.6","Course Review":"4 Reviews","Exam Accepted":"CAT","Application Date":"2 Apr 2024","Application Fees":"\u20b9 119,0001st Yr Fees"},{"Course Name":"Master of Arts [MA]","Course Duration":"2 Years","Course Degree":"Degree","Course Graduation":"Post Graduation","Course Time":"Full Time","Course Rating":"10.0","Course Review":"1 Reviews","Application Date":"19 June 2024","Application Fees":"\u20b9 50,0001st Yr Fees"},{"Course Name":"Master of Commerce [M.Com]","Course Duration":"2 Years","Course Degree":"Degree","Course Graduation":"Post Graduation","Course Time":"Full Time","Course Rating":"","Application Date":"19 June 2024","Application Fees":"\u20b9 60,0001st Yr Fees"},{"Course Name":"Bachelor of Computer Applications [BCA]","Course Duration":"3 Years","Course Degree":"Degree","Course Graduation":"Graduation","Course Time":"Full Time","Course Rating":"6.7","Course Review":"2 Reviews","Application Date":"19 June 2024","Application Fees":"\u20b9 51,0001st Yr Fees"},{"Course Name":"Bachelor of Arts [BA]","Course Duration":"3 Years","Course Degree":"Degree","Course Graduation":"Graduation","Course Time":"Full Time","Course Rating":"6.3","Course Review":"1 Reviews","Application Date":"19 June 2024","Application Fees":"\u20b9 20,0001st Yr Fees"}]},{"College_Name":"MIT University- Shillong","College_Logo":"https:\/\/images.collegedunia.com\/public\/college_data\/images\/logos\/1661000746logo.png?h=80&w=80&mode=stretch","Upper_Section_Details":{"Place":"Shillong,  Meghalaya","Approval":"UGC","Establishment":"Estd 2011","University Type":"Private University"},"College_Rating":"","College_Summary":"MIT University Shillong is a private university which was established in 2011. MIT University offers BBA, BA, B. Com and BCA, B. Des., LLB and BBA-LLB Integrated programs at the UG level, MBA, MCA at the PG level. Admission to MBA is one the basis of valid scores in CAT\/CMAT\/MAT\/GMAT. MIT University is sponsored by the Maharashtra Academy of Engineering and Education Research and is managed by MIT Group of Institutions, Pune which provides 100% placement assistance to students. The strength of MIT Group of Institutions is its 4 Universities, 70+ institutions, 50000+ students, 3000+ faculty and 100000+ Alumni.","Fees_and_Eligibility":[{"Course":"MBA","Fees":"\u20b91.15 Lakhs (1st Year Fees) ","Eligibility":"Graduation"},{"Course":"B.Des","Fees":"\u20b92.65 Lakhs (Total Fees) ","Eligibility":"10+2"},{"Course":"BBA","Fees":"\u20b955,000 (1st Year Fees) ","Eligibility":"10+2"},{"Course":"EMBA","Fees":"\u20b91.75 Lakhs (Total Fees) ","Eligibility":"Graduation"},{"Course":"B.Com","Fees":"\u20b945,000 (1st Year Fees) ","Eligibility":"10+2"},{"Course":"BBA","Fees":"\u20b938,700 (1st Year Fees) ","Eligibility":"10+2"}],"Courses_Details":[{"Course Name":"Master of Business Administration [MBA]","Course Duration":"2 Years","Course Degree":"Degree","Course Graduation":"Post Graduation","Course Time":"Full Time","Course Rating":"","Application Date":"31 July 2024","Application Fees":"\u20b9 115,0001st Yr Fees"},{"Course Name":"Bachelor of Design [B.Des]","Course Duration":"4 Years","Course Degree":"Degree","Course Graduation":"Graduation","Course Time":"Full Time","Course Rating":"","Application Date":"31 July 2024","Application Fees":"\u20b9 265,000Total Fees"},{"Course Name":"Bachelor of Business Administration [BBA]","Course Duration":"3 Years","Course Degree":"Degree","Course Graduation":"Graduation","Course Time":"Full Time","Course Rating":"","Application Date":"31 July 2024","Application Fees":"\u20b9 55,0001st Yr Fees"},{"Course Name":"Bachelor of Commerce [B.Com]","Course Duration":"3 Years","Course Degree":"Degree","Course Graduation":"Graduation","Course Time":"Full Time","Course Rating":"","Application Date":"31 July 2024","Application Fees":"\u20b9 45,0001st Yr Fees"},{"Course Name":"Executive Master of Business Administration [EMBA]","Course Duration":"2 Years 3 Months","Course Degree":"Degree","Course Graduation":"Post Graduation","Course Time":"Full Time","Course Rating":"","Application Fees":"\u20b9 175,000Total Fees"}]},{"College_Name":"Jaintia Eastern College - [JEC], Jaintia Hills","College_Logo":"https:\/\/images.collegedunia.com\/public\/college_data\/images\/logos\/1626168112logo.jpeg?h=80&w=80&mode=stretch","Upper_Section_Details":{"Place":"Jaintia Hills,  Meghalaya","Approval":"UGC","Establishment":"Estd 1992","University Type":"Private"},"College_Rating":"","College_Summary":"","Fees_and_Eligibility":null,"Courses_Details":[{"Course Name":"Bachelor of Arts [BA]","Course Duration":"3 Years","Course Degree":"Degree","Course Graduation":"Graduation","Course Time":"Full Time","Course Rating":"","Application Fees":"\u20b9 15,0001st Yr Fees"},{"Course Name":"Bachelor of Commerce [B.Com]","Course Duration":"3 Years","Course Degree":"Degree","Course Graduation":"Graduation","Course Time":"Full Time","Course Rating":"","Application Fees":"\u20b9 15,2001st Yr Fees"}]},{"College_Name":"Lady Keane College, Shillong","College_Logo":"https:\/\/images.collegedunia.com\/public\/college_data\/images\/logos\/1624530893LKClogo.jpg?h=80&w=80&mode=stretch","Upper_Section_Details":{"Place":"Shillong,  Meghalaya","Approval":"UGC","Establishment":"Estd 1935","University Type":"Public"},"College_Rating":8.0,"College_Summary":"","Fees_and_Eligibility":[{"Course":"B.Sc","Fees":"\u20b932,120 (1st Year Fees) ","Eligibility":"10+2"},{"Course":"BA","Fees":"\u20b919,870 (1st Year Fees) ","Eligibility":"10+2"},{"Course":"BCA","Fees":"\u20b933,220 (1st Year Fees) ","Eligibility":"10+2"},{"Course":"BA {Hons.}","Fees":"\u20b919,870 (1st Year Fees) ","Eligibility":"10+2"},{"Course":"B.Sc {Hons.}","Fees":"\u20b932,120 (1st Year Fees) ","Eligibility":"10+2"},{"Course":"Certification","Fees":"\u20b9700 (Total Fees) ","Eligibility":"10+2"}],"Courses_Details":[{"Course Name":"Bachelor of Science [B.Sc]","Course Duration":"3 Years","Course Degree":"Degree","Course Graduation":"Graduation","Course Time":"Full Time","Course Rating":"","Application Fees":"\u20b9 32,1201st Yr Fees"},{"Course Name":"Bachelor of Tourism and Travel Management [BTTM]","Course Duration":"4 Years","Course Degree":"Degree","Course Graduation":"Graduation","Course Time":"Full Time","Course Rating":"","Application Fees":"\u20b9 44,5201st Yr Fees"},{"Course Name":"Bachelor of Computer Applications [BCA]","Course Duration":"3 Years","Course Degree":"Degree","Course Graduation":"Graduation","Course Time":"Full Time","Course Rating":"","Application Fees":"\u20b9 33,2201st Yr Fees"},{"Course Name":"Bachelor of Arts [BA]","Course Duration":"3 Years","Course Degree":"Degree","Course Graduation":"Graduation","Course Time":"Full Time","Course Rating":"1 Reviews","Course Review":"1 Reviews","Application Fees":"\u20b9 19,8701st Yr Fees"},{"Course Name":"Bachelor of Arts [BA] {Hons.}","Course Duration":"3 Years","Course Degree":"Degree","Course Graduation":"Graduation","Course Time":"Full Time","Course Rating":"1 Reviews","Course Review":"1 Reviews","Application Fees":"\u20b9 19,8701st Yr Fees"}]},{"College_Name":"Northeast Adventist College, Jaintia Hills","College_Logo":"https:\/\/images.collegedunia.com\/public\/college_data\/images\/logos\/1626337286HigherSecondar.png?h=80&w=80&mode=stretch","Upper_Section_Details":{"Place":"Jaintia Hills,  Meghalaya","Approval":"","Establishment":"Estd 1999","University Type":"Private"},"College_Rating":7.3,"College_Summary":"Northeast Adventist College, Jaintia Hills was established in 1941 by the Pr. O.W Lange. The college is affiliated with North-Eastern Hill University (NEHU) and approved by AICTE. The college offers UG and PG degree courses in the discipline of Science and Commerce across various specializations. Admission to the courses is done based on candidate's previous exam scores.\u00a0","Fees_and_Eligibility":[{"Course":"MA","Fees":"\u20b968,000 (1st Year Fees) ","Eligibility":"Graduation"},{"Course":"B.Sc","Fees":"\u20b958,000 (1st Year Fees) ","Eligibility":"10+2"},{"Course":"BA","Fees":"\u20b941,000 (1st Year Fees) ","Eligibility":"10+2"},{"Course":"BBA","Fees":"\u20b952,000 (1st Year Fees) ","Eligibility":"10+2"},{"Course":"B.Com","Fees":"\u20b948,000 (1st Year Fees) ","Eligibility":"10+2"},{"Course":"BMLT","Fees":"\u20b978,000 (1st Year Fees) ","Eligibility":"10+2"},{"Course":"B.P.T","Fees":"\u20b968,000 (1st Year Fees) ","Eligibility":"10+2"}],"Courses_Details":[{"Course Name":"Master of Arts [MA]","Course Duration":"2 Years","Course Degree":"Degree","Course Graduation":"Post Graduation","Course Time":"Full Time","Course Rating":"1 Reviews","Course Review":"1 Reviews","Application Fees":"\u20b9 68,0001st Yr Fees"},{"Course Name":"Bachelor of Science [B.Sc]","Course Duration":"3 Years","Course Degree":"Degree","Course Graduation":"Graduation","Course Time":"Full Time","Course Rating":"","Application Fees":"\u20b9 58,0001st Yr Fees"},{"Course Name":"Bachelor in Medical Laboratory Technology [BMLT]","Course Duration":"3 Years","Course Degree":"Degree","Course Graduation":"Graduation","Course Time":"Full Time","Course Rating":"","Application Fees":"\u20b9 78,0001st Yr Fees"},{"Course Name":"Bachelor of Physiotherapy [BPT]","Course Duration":"4 Years","Course Degree":"Degree","Course Graduation":"Graduation","Course Time":"Full Time","Course Rating":"","Application Fees":"\u20b9 68,0001st Yr Fees"},{"Course Name":"Bachelor of Arts [BA]","Course Duration":"3 Years","Course Degree":"Degree","Course Graduation":"Graduation","Course Time":"Full Time","Course Rating":"","Application Fees":"\u20b9 41,0001st Yr Fees"}]},{"College_Name":"Sankardev College, Shillong","College_Logo":"https:\/\/images.collegedunia.com\/public\/college_data\/images\/logos\/col4067.jpg?h=80&w=80&mode=stretch","Upper_Section_Details":{"Place":"Shillong,  Meghalaya","Approval":"","Establishment":"Estd 1962","University Type":"Public"},"College_Rating":8.1,"College_Summary":"","Fees_and_Eligibility":null,"Courses_Details":[{"Course Name":"Bachelor of Arts [BA] {Hons.}","Course Duration":"3 Years","Course Degree":"Degree","Course Graduation":"Graduation","Course Time":"Full Time","Course Rating":"8.0","Course Review":"2 Reviews","Application Fees":"\u20b9 14,5101st Yr Fees"},{"Course Name":"Bachelor of Science [B.Sc] {Hons.}","Course Duration":"3 Years","Course Degree":"Degree","Course Graduation":"Graduation","Course Time":"Full Time","Course Rating":"8.2","Course Review":"2 Reviews","Application Fees":"\u20b9 19,9101st Yr Fees"}]},{"College_Name":"St. Anthony' s College Shillong","College_Logo":"https:\/\/images.collegedunia.com\/public\/college_data\/images\/logos\/1422954973loooo.png?h=80&w=80&mode=stretch","Upper_Section_Details":{"Place":"Shillong,  Meghalaya","Approval":"AICTE, UGC","Establishment":"Estd 1934","University Type":"Public"},"College_Rating":8.2,"College_Summary":"St. Anthony's College\u00a0offers courses at UG, PG levels. All these courses are provided in several departments like, Biochemistry, Commerce, Chemistry, Economics, English, Mathematics and a lot more.\u00a0","Fees_and_Eligibility":null,"Courses_Details":[{"Course Name":"Bachelor of Science [B.Sc]","Course Duration":"3 Years","Course Degree":"Degree","Course Graduation":"Graduation","Course Time":"Full Time","Course Rating":"7.7","Course Review":"8 Reviews"},{"Course Name":"Bachelor of Commerce [B.Com]","Course Duration":"3 Years","Course Degree":"Degree","Course Graduation":"Graduation","Course Time":"Full Time","Course Rating":"8.7","Course Review":"6 Reviews"},{"Course Name":"Bachelor of Arts [BA] {Hons.}","Course Duration":"3 Years","Course Degree":"Degree","Course Graduation":"Graduation","Course Time":"Full Time","Course Rating":"8.4","Course Review":"6 Reviews"},{"Course Name":"Bachelor of Business Administration [BBA]","Course Duration":"3 Years","Course Degree":"Degree","Course Graduation":"Graduation","Course Time":"Full Time","Course Rating":""},{"Course Name":"Post Graduate Diploma in Computer Applications [PGDCA]","Course Duration":"1 Year","Course Degree":"Degree","Course Graduation":"Post Graduation","Course Time":"Full Time","Course Rating":""}]},{"College_Name":"St Mary's College, Shillong","College_Logo":"https:\/\/images.collegedunia.com\/public\/college_data\/images\/logos\/1395123112a1.png?h=80&w=80&mode=stretch","Upper_Section_Details":{"Place":"Shillong,  Meghalaya","Approval":"","Establishment":"Estd 1937","University Type":"Private"},"College_Rating":7.3,"College_Summary":"","Fees_and_Eligibility":[{"Course":"BA","Fees":"\u20b919,970 (1st Year Fees) ","Eligibility":"10+2"},{"Course":"B.Sc","Fees":"\u20b930,620 (1st Year Fees) ","Eligibility":"10+2"},{"Course":"BA {Hons.}","Fees":"\u20b919,970 (1st Year Fees) ","Eligibility":"10+2"},{"Course":"BCA","Fees":"\u20b940,650 (1st Year Fees) ","Eligibility":"10+2"},{"Course":"B.Com","Fees":"\u20b919,320 (1st Year Fees) ","Eligibility":"10+2"},{"Course":"B.Sc {Hons.}","Fees":"\u20b930,620 (1st Year Fees) ","Eligibility":"10+2"},{"Course":"B.Com {Hons.}","Fees":"\u20b919,320 (1st Year Fees) ","Eligibility":"10+2"}],"Courses_Details":[{"Course Name":"Bachelor of Arts [BA]","Course Duration":"3 Years","Course Degree":"Degree","Course Graduation":"Graduation","Course Time":"Full Time","Course Rating":"2 Reviews","Course Review":"2 Reviews","Application Fees":"\u20b9 19,970*1st Yr Fees"},{"Course Name":"Bachelor of Science [B.Sc]","Course Duration":"3 Years","Course Degree":"Degree","Course Graduation":"Graduation","Course Time":"Full Time","Course Rating":"7.2","Course Review":"3 Reviews","Application Fees":"\u20b9 30,620*1st Yr Fees"},{"Course Name":"Bachelor of Computer Applications [BCA]","Course Duration":"3 Years","Course Degree":"Degree","Course Graduation":"Graduation","Course Time":"Full Time","Course Rating":"","Application Fees":"\u20b9 40,650*1st Yr Fees"},{"Course Name":"Bachelor of Arts [BA] {Hons.}","Course Duration":"3 Years","Course Degree":"Degree","Course Graduation":"Graduation","Course Time":"Full Time","Course Rating":"2 Reviews","Course Review":"2 Reviews","Application Fees":"\u20b9 19,970*1st Yr Fees"},{"Course Name":"Bachelor of Commerce [B.Com]","Course Duration":"3 Years","Course Degree":"Degree","Course Graduation":"Graduation","Course Time":"Full Time","Course Rating":"","Application Fees":"\u20b9 19,320*1st Yr Fees"}]},{"College_Name":"Synod College, Shillong","College_Logo":"https:\/\/images.collegedunia.com\/public\/college_data\/images\/logos\/1626241699images.jpg?h=80&w=80&mode=stretch","Upper_Section_Details":{"Place":"Shillong,  Meghalaya","Approval":"","Establishment":"Estd 1965","University Type":"Private"},"College_Rating":3.5,"College_Summary":"","Fees_and_Eligibility":null,"Courses_Details":[{"Course Name":"Bachelor of Computer Applications [BCA]","Course Duration":"3 Years","Course Degree":"Degree","Course Graduation":"Graduation","Course Time":"Full Time","Course Rating":""},{"Course Name":"Bachelor of Arts [BA] {Hons.}","Course Duration":"3 Years","Course Degree":"Degree","Course Graduation":"Graduation","Course Time":"Full Time","Course Rating":"3.3","Course Review":"4 Reviews"},{"Course Name":"Bachelor of Science [B.Sc] {Hons.}","Course Duration":"3 Years","Course Degree":"Degree","Course Graduation":"Graduation","Course Time":"Full Time","Course Rating":""},{"Course Name":"Bachelor of Commerce [B.Com] {Hons.}","Course Duration":"3 Years","Course Degree":"Degree","Course Graduation":"Graduation","Course Time":"Full Time","Course Rating":""}]},{"College_Name":"Umshyrpi College, Shillong","College_Logo":"https:\/\/images.collegedunia.com\/public\/college_data\/images\/logos\/1626354911logo3.jpg?h=80&w=80&mode=stretch","Upper_Section_Details":{"Place":"Shillong,  Meghalaya","Approval":"","Establishment":"Estd 1994","University Type":"Private"},"College_Rating":7.6,"College_Summary":"Umshyrpi\u00a0College, Shillong, Meghalaya is a century old minority college that supports the education development program of the Muslim community in the northeastern region of Meghalaya. The College was recognized in the year 1994 and is guided by the Shillong Muslim Union. The mission statement of the college revolves around preparing students to face the challenges put forward by life with all their courage and dignity. The College offers pre-graduate and graduate honors programs in arts, science, and commerce.","Fees_and_Eligibility":null,"Courses_Details":[{"Course Name":"Bachelor of Arts [BA]","Course Duration":"3 Years","Course Degree":"Degree","Course Graduation":"Graduation","Course Time":"Full Time","Course Rating":"","Application Fees":"\u20b9 24,5501st Yr Fees"},{"Course Name":"Bachelor of Commerce [B.Com]","Course Duration":"3 Years","Course Degree":"Degree","Course Graduation":"Graduation","Course Time":"Full Time","Course Rating":"8.0","Course Review":"2 Reviews","Application Fees":"\u20b9 24,5501st Yr Fees"},{"Course Name":"Certification","Course Duration":"3 Months","Course Degree":"Certification","Course Graduation":"10+2","Course Time":"Full Time","Course Rating":""},{"Course Name":"Bachelor of Arts [BA] {Hons.}","Course Duration":"3 Years","Course Degree":"Degree","Course Graduation":"Graduation","Course Time":"Full Time","Course Rating":"","Application Fees":"\u20b9 24,5501st Yr Fees"}]},{"College_Name":"Union Christian College, Shillong","College_Logo":"https:\/\/images.collegedunia.com\/public\/college_data\/images\/logos\/13975445335206.JPG?h=80&w=80&mode=stretch","Upper_Section_Details":{"Place":"Shillong,  Meghalaya","Approval":"UGC","Establishment":"Estd 1952","University Type":"Private"},"College_Rating":8.1,"College_Summary":"Union Christian College, established in 1952 is a private college affiliated to NEHU, Shillong and is approved by UGC. The college offers UG hons. courses in Science, Arts and Commerce Stream. UCC also offers one certification course in 6 specializations including mushroom production, Apiculture, etc. Admission to the courses offered by UCC is done based on the candidate\u2019s performance in the previous qualifying examination.\u00a0","Fees_and_Eligibility":null,"Courses_Details":[{"Course Name":"Bachelor of Arts [BA] {Hons.}","Course Duration":"3 Years","Course Degree":"Degree","Course Graduation":"Graduation","Course Time":"Full Time","Course Rating":"8.7","Course Review":"1 Reviews","Application Fees":"\u20b9 21,5401st Yr Fees"},{"Course Name":"Bachelor of Science [B.Sc] {Hons.}","Course Duration":"3 Years","Course Degree":"Degree","Course Graduation":"Graduation","Course Time":"Full Time","Course Rating":"8.2","Course Review":"3 Reviews","Application Fees":"\u20b9 27,5401st Yr Fees"},{"Course Name":"Certification","Course Duration":"","Course Degree":"Certification","Course Graduation":"10+2","Course Time":"Full Time","Course Rating":""},{"Course Name":"Bachelor of Commerce [B.Com] {Hons.}","Course Duration":"3 Years","Course Degree":"Degree","Course Graduation":"Graduation","Course Time":"Full Time","Course Rating":"9.0","Course Review":"1 Reviews","Application Fees":"\u20b9 21,5401st Yr Fees"}]},{"College_Name":"Harding Theological College, West Garo Hills","College_Logo":"https:\/\/images.collegedunia.com\/public\/college_data\/images\/logos\/?h=80&w=80&mode=stretch","Upper_Section_Details":{"Place":"West Garo Hills,  Meghalaya","Approval":"","Establishment":"Estd 1919","University Type":"Private"},"College_Rating":"","College_Summary":"","Fees_and_Eligibility":null,"Courses_Details":[{"Course Name":"Bachelor of Divinity [B.Div]","Course Duration":"4 Years","Course Degree":"Degree","Course Graduation":"Graduation","Course Time":"Full Time","Course Rating":""},{"Course Name":"Bachelor of Theology [B.Th]","Course Duration":"3 Years","Course Degree":"Degree","Course Graduation":"Graduation","Course Time":"Full Time","Course Rating":""},{"Course Name":"Master of Theology [M.Th]","Course Duration":"2 Years","Course Degree":"Degree","Course Graduation":"Post Graduation","Course Time":"Full Time","Course Rating":""}]},{"College_Name":"IHM Shillong","College_Logo":"https:\/\/images.collegedunia.com\/public\/college_data\/images\/logos\/1646393819673680592371359723139730668755287347298304n.jpg?h=80&w=80&mode=stretch","Upper_Section_Details":{"Place":"Shillong,  Meghalaya","Approval":"","Establishment":"Estd 2001","University Type":"Public"},"College_Rating":8.0,"College_Summary":"The Institute of Hotel Management, Catering Technology and Applied Nutrition, Shillong, was established in 2001 in Meghalaya. IHM Shillong offers 3 undergraduate diplomas and one Bachelor of Science Course in Hospitality and Hotel Administration. Admissions to the diploma programs are made on the basis of the merits achieved by the applicant in the qualifying examination i.e. the 12th Board Examinations. Admissions to the B.Sc course is made on the basis of the rank received in the NCHMCT JEE Exam\u00a0","Fees_and_Eligibility":null,"Courses_Details":[{"Course Name":"Bachelor of Science [B.Sc] (Hospitality and Hotel Administration)","Course Duration":"3 Years","Course Degree":"Degree","Course Graduation":"Graduation","Course Time":"Full Time","Course Rating":"8.0","Course Review":"3 Reviews","Exam Accepted":"NCHMCT JEE","Application Date":"10 Apr 2024","Application Fees":"\u20b9 94,3001st Yr Fees"},{"Course Name":"Diploma","Course Duration":"1 Year 6 Months","Course Degree":"Diploma","Course Graduation":"10+2","Course Time":"Full Time","Course Rating":"","Application Date":"10 Apr 2024","Application Fees":"\u20b9 55,000*Total Fees"},{"Course Name":"Craftsmanship Course","Course Duration":"1 Year 6 Months","Course Degree":"Certification","Course Graduation":"10th","Course Time":"Full Time","Course Rating":"","Application Date":"10 Apr 2024","Application Fees":"\u20b9 29,000Total Fees"}]},{"College_Name":"College of Teacher Education - [PGT], Shillong","College_Logo":"https:\/\/images.collegedunia.com\/public\/college_data\/images\/logos\/1424433737logo.jpg?h=80&w=80&mode=stretch","Upper_Section_Details":{"Place":"Shillong,  Meghalaya","Approval":"","Establishment":"Estd 1963","University Type":"Private"},"College_Rating":"","College_Summary":"","Fees_and_Eligibility":null,"Courses_Details":[{"Course Name":"Bachelor of Education [B.Ed]","Course Duration":"2 Years","Course Degree":"Degree","Course Graduation":"Graduation","Course Time":"Full Time","Course Rating":"","Application Fees":"\u20b9 54,150#1st Yr Fees"}]},{"College_Name":"Montfort Centre for Education, West Garo Hills","College_Logo":"https:\/\/images.collegedunia.com\/public\/college_data\/images\/logos\/1427966654logo.jpg?h=80&w=80&mode=stretch","Upper_Section_Details":{"Place":"West Garo Hills,  Meghalaya","Approval":"","Establishment":"Estd 2010","University Type":"Private"},"College_Rating":"","College_Summary":"","Fees_and_Eligibility":null,"Courses_Details":[{"Course Name":"Bachelor of Education [B.Ed]","Course Duration":"1 Year","Course Degree":"Degree","Course Graduation":"Graduation","Course Time":"Full Time","Course Rating":""},{"Course Name":"Diploma","Course Duration":"2 Years","Course Degree":"Diploma","Course Graduation":"Graduation","Course Time":"Full Time","Course Rating":"","Application Fees":"\u20b9 25,0001st Yr Fees"}]},{"College_Name":"St Mary's College of Teacher Education, Shillong","College_Logo":"https:\/\/images.collegedunia.com\/public\/college_data\/images\/logos\/1626174080unnamed.png?h=80&w=80&mode=stretch","Upper_Section_Details":{"Place":"Shillong,  Meghalaya","Approval":"","Establishment":"Estd 1937","University Type":"Private"},"College_Rating":"","College_Summary":"","Fees_and_Eligibility":null,"Courses_Details":[{"Course Name":"Bachelor of Education [B.Ed]","Course Duration":"2 Years","Course Degree":"Degree","Course Graduation":"Graduation","Course Time":"Full Time","Course Rating":"","Application Fees":"\u20b9 81,0001st Yr Fees"}]},{"College_Name":"English and Foreign Languages University - [EFLU], Shillong","College_Logo":"https:\/\/images.collegedunia.com\/public\/college_data\/images\/logos\/uv25738.jpg?h=80&w=80&mode=stretch","Upper_Section_Details":{"Place":"Shillong,  Meghalaya","Approval":"","Establishment":"Estd 1973","University Type":"Central University"},"College_Rating":8.3,"College_Summary":"English and Foreign Languages University Shillong Campus was started as Central institute of English and Foreign Languages. It was established with an aim of cater the linguistic and research needs and also to provide high quality training for teachers. University has cultural diversities as students in campus come from various parts of country.","Fees_and_Eligibility":null,"Courses_Details":[{"Course Name":"Master of Arts [MA]","Course Duration":"2 Years","Course Degree":"Degree","Course Graduation":"Post Graduation","Course Time":"Full Time","Course Rating":"8.7","Course Review":"1 Reviews"},{"Course Name":"Bachelor of Arts [BA]","Course Duration":"3 Years","Course Degree":"Degree","Course Graduation":"Graduation","Course Time":"Full Time","Course Rating":"8.5","Course Review":"2 Reviews"},{"Course Name":"Ph.D. (English Literature)","Course Duration":"3 Years","Course Degree":"Degree","Course Graduation":"Doctorate\/M.Phil","Course Time":"Full Time","Course Rating":""}]},{"College_Name":"Shillong College","College_Logo":"https:\/\/images.collegedunia.com\/public\/college_data\/images\/logos\/1464866041logo.jpg?h=80&w=80&mode=stretch","Upper_Section_Details":{"Place":"Shillong,  Meghalaya","Approval":"","Establishment":"Estd 1956","University Type":"Public"},"College_Rating":7.0,"College_Summary":"Shillong College is a private college in Meghalaya which was established on August 15, 1956. The college offers popular Undergraduate level programs with various specializations including Business Administration, Science, Commerce, IT Humanities or Arts, and Mass Communication. The admission for all the popular courses like BBA, BCA, B.Com, B.A., etc. is done based on the merit in the qualifying examinations. Students can apply for admission through the online and offline modes of the application process. Check Shillong College Admission","Fees_and_Eligibility":[{"Course":"B.Sc","Fees":"\u20b932,610 (1st Year Fees) ","Eligibility":"10+2"},{"Course":"MA","Fees":"\u20b934,110 (1st Year Fees) ","Eligibility":"BA"},{"Course":"BA {Hons.}","Fees":"\u20b920,730 (1st Year Fees) ","Eligibility":"10+2"},{"Course":"BA","Fees":"\u20b920,730 (1st Year Fees) ","Eligibility":"10+2"},{"Course":"BBA","Fees":"\u20b935,310 (1st Year Fees) ","Eligibility":"10+2"},{"Course":"B.Com","Fees":"\u20b920,730 (1st Year Fees) ","Eligibility":"10+2"},{"Course":"BCA","Fees":"\u20b957,170 (1st Year Fees) ","Eligibility":"10+2"}],"Courses_Details":[{"Course Name":"Bachelor of Science [B.Sc]","Course Duration":"3 Years","Course Degree":"Degree","Course Graduation":"Graduation","Course Time":"Full Time","Course Rating":"4.6","Course Review":"3 Reviews","Application Fees":"\u20b9 32,6101st Yr Fees"},{"Course Name":"Master of Arts [MA] (English)","Course Duration":"2 Years","Course Degree":"Degree","Course Graduation":"Post Graduation","Course Time":"Full Time","Course Rating":"","Application Fees":"\u20b9 34,1101st Yr Fees"},{"Course Name":"Bachelor of Arts [BA] {Hons.}","Course Duration":"3 Years","Course Degree":"Degree","Course Graduation":"Graduation","Course Time":"Full Time","Course Rating":"7.3","Course Review":"1 Reviews","Application Fees":"\u20b9 20,7301st Yr Fees"},{"Course Name":"Bachelor of Arts [BA]","Course Duration":"3 Years","Course Degree":"Degree","Course Graduation":"Graduation","Course Time":"Full Time","Course Rating":"7.3","Course Review":"1 Reviews","Application Fees":"\u20b9 20,7301st Yr Fees"},{"Course Name":"Bachelor of Business Administration [BBA]","Course Duration":"3 Years","Course Degree":"Degree","Course Graduation":"Graduation","Course Time":"Full Time","Course Rating":"6.3","Course Review":"1 Reviews","Application Fees":"\u20b9 35,3101st Yr Fees"}]},{"College_Name":"Techno Global University - [TGU], Shillong","College_Logo":"https:\/\/images.collegedunia.com\/public\/college_data\/images\/logos\/1477568897Capture.jpg?h=80&w=80&mode=stretch","Upper_Section_Details":{"Place":"Shillong,  Meghalaya","Approval":"UGC","Establishment":"Estd 2008","University Type":"Private University"},"College_Rating":8.1,"College_Summary":"Techno Global University (TGU) was established in the year 2008 by Meghalaya State legislative Act, 2008. It is a private university located in Shillong, Meghalaya. The university is also recognized by UGC. Techno Global University is a large lush-green campus equipped with all the facilities needed for the students. Techno Global University offers postgraduate courses including M.Phil and Ph.D. programmes in various academic disciplines i.e. Arts, Humanities, Science, Social Sciences, Commerce, Education, Engineering, Management, Computer Applications, Pharmacy, Allied Health Sciences, Journalism & Mass Communications, and other relevant subjects. TGU is associated with two foreign universities Colorado Heights University and Northwestern Polytechnic.","Fees_and_Eligibility":[{"Course":"MA","Fees":"\u20b92.5 Lakhs (1st Year Fees) ","Eligibility":"Graduation"},{"Course":"B.Sc + M.Sc","Fees":"\u20b92.4 Lakhs (1st Year Fees) ","Eligibility":"10+2"},{"Course":"Ph.D","Fees":"\u20b94 Lakhs (1st Year Fees) ","Eligibility":"Post Graduation"},{"Course":"M.Sc","Fees":"\u20b92.5 Lakhs (1st Year Fees) ","Eligibility":"Graduation"},{"Course":"M.Phil","Fees":"\u20b93 Lakhs (Total Fees) ","Eligibility":"Post Graduation"},{"Course":"M.R.M","Fees":"\u20b93 Lakhs (1st Year Fees) ","Eligibility":"Graduation"},{"Course":"MTTM","Fees":"\u20b93 Lakhs (1st Year Fees) ","Eligibility":"Graduation"}],"Courses_Details":[{"Course Name":"Master of Arts [MA]","Course Duration":"2 Years","Course Degree":"Degree","Course Graduation":"Post Graduation","Course Time":"Full Time","Course Rating":"","Application Fees":"\u20b9 250,0001st Yr Fees"},{"Course Name":"Bachelor of Science [B.Sc] + Master of Science [M.Sc] (Agriculture)","Course Duration":"5 Years","Course Degree":"Degree","Course Graduation":"Graduation","Course Time":"Full Time","Course Rating":"","Application Fees":"\u20b9 240,0001st Yr Fees"},{"Course Name":"Ph.D","Course Duration":"3 Years","Course Degree":"Degree","Course Graduation":"Doctorate\/M.Phil","Course Time":"Full Time","Course Rating":"","Application Fees":"\u20b9 400,0001st Yr Fees"},{"Course Name":"Master of Science [M.Sc] (Agriculture)","Course Duration":"2 Years","Course Degree":"Degree","Course Graduation":"Post Graduation","Course Time":"Full Time","Course Rating":"","Application Fees":"\u20b9 250,0001st Yr Fees"},{"Course Name":"Master of Rural Development","Course Duration":"2 Years","Course Degree":"Degree","Course Graduation":"Post Graduation","Course Time":"Full Time","Course Rating":"","Application Fees":"\u20b9 300,0001st Yr Fees"}]},{"College_Name":"NEIGRIHMS","College_Logo":"https:\/\/images.collegedunia.com\/public\/college_data\/images\/logos\/15088240981482488118Logo.jpg?h=80&w=80&mode=stretch","Upper_Section_Details":{"Place":"Shillong,  Meghalaya","Approval":"MCI","Establishment":"Estd 1987","University Type":"Government"},"College_Rating":8.5,"College_Summary":"North Eastern Indira Gandhi Regional Institute of Health and Medical Science (NEIGRIHMS) is a medical institute located in Shillong, Meghalaya. The institute was established in the year 1987 by the Government of India. NEIGRIHMS is an autonomous institute under the Ministry of Health and Family Welfare, Government of India. The institute is affiliated with North Eastern Hill University, (NEHU Shillong. NEIGRIHMS offers UG, PG and Super-Speciality Courses in various specializations. It also offers B.Sc and M.Sc in Nursing for eligible candidates.\u00a0","Fees_and_Eligibility":[{"Course":"MBBS","Fees":"\u20b942,600 (1st Year Fees) ","Eligibility":"10+2"},{"Course":"B.Sc (Nursing)","Fees":"\u20b928,215 (1st Year Fees) ","Eligibility":"10+2"},{"Course":"M.Sc","Fees":"\u20b951,165 (1st Year Fees) ","Eligibility":"Graduation"},{"Course":"M.D","Fees":"\u20b957,000 (1st Year Fees) ","Eligibility":"Post Graduation"},{"Course":"M.S","Fees":"\u20b95,225 (1st Year Fees) ","Eligibility":"Graduation"},{"Course":"DM","Fees":"\u20b957,000 (1st Year Fees) ","Eligibility":"Graduation"},{"Course":"M.D","Fees":"\u20b957,000 (1st Year Fees) ","Eligibility":"Graduation"}],"Courses_Details":[{"Course Name":"M.B.B.S.","Course Duration":"5 Years","Course Degree":"Degree","Course Graduation":"Graduation","Course Time":"Full Time","Course Rating":"8.4","Course Review":"35 Reviews","Exam Accepted":"NEET","Application Date":"9 Feb - 16 Mar 2024","Application Fees":"\u20b9 42,6001st Yr Fees"},{"Course Name":"Bachelor of Science [B.Sc] (Nursing)","Course Duration":"4 Years","Course Degree":"Degree","Course Graduation":"Graduation","Course Time":"Full Time","Course Rating":"5.8","Course Review":"2 Reviews","Application Fees":"\u20b9 28,2151st Yr Fees"},{"Course Name":"Master of Science [M.Sc]","Course Duration":"2 Years","Course Degree":"Degree","Course Graduation":"Post Graduation","Course Time":"Full Time","Course Rating":"","Application Fees":"\u20b9 51,1651st Yr Fees"},{"Course Name":"Doctorate of Medicine [MD]","Course Duration":"3 Years","Course Degree":"Degree","Course Graduation":"Post Graduation","Course Time":"Full Time","Course Rating":"","Exam Accepted":"NEET PG","Application Fees":"\u20b9 57,0001st Yr Fees"},{"Course Name":"Master of Surgery [MS]","Course Duration":"3 Years","Course Degree":"Degree","Course Graduation":"Post Graduation","Course Time":"Full Time","Course Rating":"","Exam Accepted":"NEET PG","Application Fees":"\u20b9 5,2251st Yr Fees"}]},{"College_Name":"Regional Institute of Science and Technology - [RIST], Ri-Bhoi","College_Logo":"https:\/\/images.collegedunia.com\/public\/college_data\/images\/logos\/159100889913962745943530319107381108864895580614975n.jpg?h=80&w=80&mode=stretch","Upper_Section_Details":{"Place":"Ri-Bhoi,  Meghalaya","Approval":"AICTE","Establishment":"Estd 2009","University Type":"Private"},"College_Rating":8.3,"College_Summary":"","Fees_and_Eligibility":null,"Courses_Details":[{"Course Name":"Bachelor of Technology [B.Tech]","Course Duration":"4 Years","Course Degree":"Degree","Course Graduation":"Graduation","Course Time":"Full Time","Course Rating":"8.8","Course Review":"2 Reviews","Application Fees":"\u20b9 105,0001st Yr Fees"},{"Course Name":"Bachelor of Technology [B.Tech] {Lateral}","Course Duration":"3 Years","Course Degree":"Degree","Course Graduation":"Graduation","Course Time":"Full Time","Course Rating":"8.8","Course Review":"2 Reviews","Application Fees":"\u20b9 80,0001st Yr Fees"}]},{"College_Name":"Tura Polytechnic College, Tura","College_Logo":"https:\/\/images.collegedunia.com\/public\/college_data\/images\/logos\/1599652054logo.jpg?h=80&w=80&mode=stretch","Upper_Section_Details":{"Place":"Tura,  Meghalaya","Approval":"","Establishment":"Estd 2003","University Type":"Government"},"College_Rating":"","College_Summary":"","Fees_and_Eligibility":null,"Courses_Details":null},{"College_Name":"Shillong Polytechnic, Mawlai","College_Logo":"https:\/\/images.collegedunia.com\/public\/college_data\/images\/logos\/1599712912th1.jpg?h=80&w=80&mode=stretch","Upper_Section_Details":{"Place":"Mawlai,  Meghalaya","Approval":"AICTE","Establishment":"Estd 1965","University Type":"Government"},"College_Rating":"","College_Summary":"","Fees_and_Eligibility":null,"Courses_Details":null},{"College_Name":"Jowai Polytechnic, Jowai","College_Logo":"https:\/\/images.collegedunia.com\/public\/college_data\/images\/logos\/1599732648unnamed.png?h=80&w=80&mode=stretch","Upper_Section_Details":{"Place":"Jowai,  Meghalaya","Approval":"AICTE","Establishment":"Estd 2001","University Type":"Government"},"College_Rating":"","College_Summary":"","Fees_and_Eligibility":null,"Courses_Details":null},{"College_Name":"Indian Institute of Public Health - [IIPH], Shillong","College_Logo":"https:\/\/images.collegedunia.com\/public\/college_data\/images\/logos\/1607059875PHFIlogo.jpg?h=80&w=80&mode=stretch","Upper_Section_Details":{"Place":"Shillong,  Meghalaya","Approval":"","Establishment":"Estd 2019","University Type":"Private"},"College_Rating":"","College_Summary":"Indian Institute of Public Health (IIPH) Shillong was established by the Public Health Foundation of India (PHFI) in collaboration with the Government of Meghalaya (GoM). The institute aims to redress the limited institutional and systems capacity in public health in the northeast region of India. The institute offers a full-time two-year Master's degree program in Public Health. Apart from IIPH Shillong, the institute has a campus situated in the following cities:","Fees_and_Eligibility":null,"Courses_Details":[{"Course Name":"Master of Public Health [MPH]","Course Duration":"2 Years","Course Degree":"Degree","Course Graduation":"Post Graduation","Course Time":"Full Time","Course Rating":"","Application Fees":"\u20b9 187,500*1st Yr Fees"},{"Course Name":"Post Graduate Diploma in Public Health","Course Duration":"1 Year","Course Degree":"Diploma","Course Graduation":"Post Graduation","Course Time":"Full Time","Course Rating":"","Application Fees":"\u20b9 260,0001st Yr Fees"}]},{"College_Name":"St. Edmund's College, Shillong","College_Logo":"https:\/\/images.collegedunia.com\/public\/college_data\/images\/logos\/1624359349logo.jpeg?h=80&w=80&mode=stretch","Upper_Section_Details":{"Place":"Shillong,  Meghalaya","Approval":"","Establishment":"Estd 1924","University Type":""},"College_Rating":7.3,"College_Summary":"St. Edmund's College, Shillong, established in 1923, is one of the premier institutions in North East of India and Meghalaya. It offers undergraduate courses in the discipline of Arts, Commerce, Social Work, Science. Admission to St. Edmund College is based on the performance of the candidates in the previous qualifying examination. The faculty at the college are highly qualified and well experienced. Check: St. Edmund\u2019s College Courses and Fees","Fees_and_Eligibility":[{"Course":"B.Sc {Hons.}","Fees":"\u20b972,220 (1st Year Fees) ","Eligibility":"Apply Now "},{"Course":"BA {Hons.}","Fees":"\u20b928,620 (1st Year Fees) ","Eligibility":"Apply Now "},{"Course":"B.Com","Fees":"\u20b941,820 (1st Year Fees) ","Eligibility":"Apply Now "},{"Course":"BCA","Fees":"\u20b950,280 (1st Year Fees) ","Eligibility":"Apply Now "},{"Course":"B.S.W","Fees":"\u20b942,220 (1st Year Fees) ","Eligibility":"Apply Now "}],"Courses_Details":[{"Course Name":"Bachelor of Science [B.Sc] {Hons.}","Course Duration":"3 Years","Course Degree":"Degree","Course Graduation":"Graduation","Course Time":"Full Time","Course Rating":"2 Reviews","Course Review":"2 Reviews","Application Fees":"\u20b9 72,2201st Yr Fees"},{"Course Name":"Bachelor of Arts [BA] {Hons.}","Course Duration":"3 Years","Course Degree":"Degree","Course Graduation":"Graduation","Course Time":"Full Time","Course Rating":"","Application Fees":"\u20b9 28,6201st Yr Fees"},{"Course Name":"Master of Social Work [MSW]","Course Duration":"2 Years","Course Degree":"Degree","Course Graduation":"Post Graduation","Course Time":"Full Time","Course Rating":"6.3","Course Review":"1 Reviews"},{"Course Name":"Bachelor of Commerce [B.Com]","Course Duration":"3 Years","Course Degree":"Degree","Course Graduation":"Graduation","Course Time":"Full Time","Course Rating":"1 Reviews","Course Review":"1 Reviews","Application Fees":"\u20b9 41,8201st Yr Fees"},{"Course Name":"Bachelor of Computer Applications [BCA]","Course Duration":"3 Years","Course Degree":"Degree","Course Graduation":"Graduation","Course Time":"Full Time","Course Rating":"","Application Fees":"\u20b9 50,2801st Yr Fees"}]},{"College_Name":"Nongtalang College, Jaintia Hills","College_Logo":"https:\/\/images.collegedunia.com\/public\/college_data\/images\/logos\/1626260278download1.jpg?h=80&w=80&mode=stretch","Upper_Section_Details":{"Place":"Jaintia Hills,  Meghalaya","Approval":"UGC","Establishment":"Estd 1988","University Type":"Private"},"College_Rating":"","College_Summary":"Nongtalang College, established in 1988, is a private college affiliated to North-Eastern Hill University (NEHU), Shillong. It is recognised by UGC under section 2(f) and 12B and accredited by NAAC with a grade \u201cB\u201d. It offers a number of courses in the field of Arts. It focuses both on academic as well as personality development of the students. The experienced and qualified faculty of Nongtalang College along with the carefully designed and updated curriculum ensure that the students receive the best quality of education which help them to emerge as qualified professionals.","Fees_and_Eligibility":null,"Courses_Details":[{"Course Name":"Bachelor of Arts [BA] {Hons.}","Course Duration":"3 Years","Course Degree":"Degree","Course Graduation":"Graduation","Course Time":"Full Time","Course Rating":"","Application Fees":"\u20b9 10,0001st Yr Fees"}]},{"College_Name":"Shillong Polytechnic, Shillong","College_Logo":"https:\/\/images.collegedunia.com\/public\/college_data\/images\/logos\/1626330350download2.jpg?h=80&w=80&mode=stretch","Upper_Section_Details":{"Place":"Shillong,  Meghalaya","Approval":"AICTE","Establishment":"Estd 1965","University Type":"Government"},"College_Rating":9.0,"College_Summary":"","Fees_and_Eligibility":null,"Courses_Details":[{"Course Name":"Diploma in Engineering (Polytechnic)","Course Duration":"3 Years","Course Degree":"Diploma","Course Graduation":"10th","Course Time":"Full Time","Course Rating":"","Application Fees":"\u20b9 6,5861st Yr Fees"}]},{"College_Name":"Kiang Nangbah Government College","College_Logo":"https:\/\/images.collegedunia.com\/public\/college_data\/images\/logos\/16269495601626782547download6.jpg?h=80&w=80&mode=stretch","Upper_Section_Details":{"Place":"Jowai,  Meghalaya","Approval":"","Establishment":"Estd 1967","University Type":"Government"},"College_Rating":"","College_Summary":"Kiang Nangbah Government College, established in 1967, is affiliated to the North Eastern Hill University, Shillong and approved by AICTE. The college offers UG degree courses in the discipline of Arts, Science and Commerce across 12 specializations including languages like Khasi and English, Political Science, Economics, Zoology, Physics, etc. Candidates are selected for KNGC\u2019s courses based on their performance in previous examinations.\u00a0","Fees_and_Eligibility":null,"Courses_Details":[{"Course Name":"Bachelor of Science [B.Sc] {Hons.}","Course Duration":"3 Years","Course Degree":"Degree","Course Graduation":"Graduation","Course Time":"Full Time","Course Rating":"","Application Fees":"\u20b9 6,080#1st Yr Fees"},{"Course Name":"Bachelor of Arts [BA] {Hons.}","Course Duration":"3 Years","Course Degree":"Degree","Course Graduation":"Graduation","Course Time":"Full Time","Course Rating":"","Application Fees":"\u20b9 5,880#1st Yr Fees"},{"Course Name":"Bachelor of Commerce [B.Com] {Hons.} (Accounting and Finance)","Course Duration":"3 Years","Course Degree":"Degree","Course Graduation":"Graduation","Course Time":"Full Time","Course Rating":"","Application Fees":"\u20b9 5,880#1st Yr Fees"}]},{"College_Name":"NEIAH Shillong","College_Logo":"https:\/\/images.collegedunia.com\/public\/college_data\/images\/logos\/1627192091l1.jpeg?h=80&w=80&mode=stretch","Upper_Section_Details":{"Place":"Shillong,  Meghalaya","Approval":"","Establishment":"Estd 2008","University Type":"Private Institute (Autonomous)"},"College_Rating":7.9,"College_Summary":"North Eastern Institute of Ayurveda and Homeopathy, Shillong was established in the year of 2008, affiliated to North-Eastern Hill University (NEHU), Shillong. It offers undergraduate courses in the field of Ayurveda and Homeopathic Medicine. Admission to NEIAH depends on the performance of the candidates in NEET. The faculty at the institute are highly qualified and experienced.\u00a0","Fees_and_Eligibility":null,"Courses_Details":[{"Course Name":"Bachelor of Ayurvedic Medicine and Surgery","Course Duration":"4 Years 6 Months","Course Degree":"Degree","Course Graduation":"Graduation","Course Time":"Full Time","Course Rating":"7.2","Course Review":"7 Reviews","Exam Accepted":"NEET","Application Fees":"\u20b9 81,2001st Yr Fees"},{"Course Name":"Bachelor of Homeopathic Medicine & Surgery [BHMS]","Course Duration":"4 Years 5 Months","Course Degree":"Degree","Course Graduation":"Graduation","Course Time":"Full Time","Course Rating":"7.3","Course Review":"2 Reviews","Exam Accepted":"NEET"},{"Course Name":"Certificate Course in Panchakarma","Course Duration":"1 Year","Course Degree":"Certification","Course Graduation":"Graduation","Course Time":"Full Time","Course Rating":""},{"Course Name":"Doctorate of Medicine [MD] (Homoeopathic - Repertory)","Course Duration":"2 Years","Course Degree":"Degree","Course Graduation":"Post Graduation","Course Time":"Full Time","Course Rating":""}]},{"College_Name":"K L Bajoria College, Shillong","College_Logo":"https:\/\/images.collegedunia.com\/public\/college_data\/images\/logos\/1627451158logo.png?h=80&w=80&mode=stretch","Upper_Section_Details":{"Place":"Shillong,  Meghalaya","Approval":"","Establishment":"Estd 2004","University Type":"Private"},"College_Rating":6.0,"College_Summary":"K.L. Bajoria College (KLBC), Shillong is a self-financed and privately managed institution established in the year 2004. It is affiliated to North Eastern Hill University and recognized by UGC. The college provides a co-educational curriculum and it is sponsored by the K.L. Bajoria non-profitable trust. The college offers many undergraduate courses in the discipline of Arts such as English, Political Science, History, Economics, Sociology and Education. Admission into the KL Bajoria College is done purely on merit basis. The marks scored in the previous qualifying examination are taken into account while offering admission into the undergraduate programs. The college has a group of highly qualified and experienced faculty.","Fees_and_Eligibility":null,"Courses_Details":[{"Course Name":"Certification","Course Duration":"6 Months","Course Degree":"Certification","Course Graduation":"10+2","Course Time":"Full Time","Course Rating":""},{"Course Name":"Bachelor of Arts [BA] {Hons.}","Course Duration":"3 Years","Course Degree":"Degree","Course Graduation":"Graduation","Course Time":"Full Time","Course Rating":"1 Reviews","Course Review":"1 Reviews","Application Fees":"\u20b9 24,3001st Yr Fees"}]},{"College_Name":"Kazi & Zaman College - [KZC], West Garo Hills","College_Logo":"https:\/\/images.collegedunia.com\/public\/college_data\/images\/logos\/1633587363logo7.png?h=80&w=80&mode=stretch","Upper_Section_Details":{"Place":"West Garo Hills,  Meghalaya","Approval":"","Establishment":"Estd 1990","University Type":"Private"},"College_Rating":"","College_Summary":"","Fees_and_Eligibility":null,"Courses_Details":[{"Course Name":"Bachelor of Arts [BA]","Course Duration":"3 Years","Course Degree":"Degree","Course Graduation":"Graduation","Course Time":"Full Time","Course Rating":"","Application Fees":"\u20b9 16,1501st Yr Fees"}]},{"College_Name":"Mendipathar College, Mendipathar","College_Logo":"https:\/\/images.collegedunia.com\/public\/college_data\/images\/logos\/1635768063Screenshot20211101172652.png?h=80&w=80&mode=stretch","Upper_Section_Details":{"Place":"Mendipathar,  Meghalaya","Approval":"","Establishment":"Estd 1971","University Type":"Private"},"College_Rating":"","College_Summary":"","Fees_and_Eligibility":null,"Courses_Details":[{"Course Name":"Bachelor of Arts [BA] {Hons.}","Course Duration":"3 Years","Course Degree":"Degree","Course Graduation":"Graduation","Course Time":"Full Time","Course Rating":"","Application Fees":"\u20b9 12,4001st Yr Fees"}]},{"College_Name":"Nongstoin College, West Khasi Hills","College_Logo":"https:\/\/images.collegedunia.com\/public\/college_data\/images\/logos\/1635767040Screenshot20211101171137.jpg?h=80&w=80&mode=stretch","Upper_Section_Details":{"Place":"West Khasi Hills,  Meghalaya","Approval":"","Establishment":"Estd 1978","University Type":"Private"},"College_Rating":"","College_Summary":"","Fees_and_Eligibility":null,"Courses_Details":[{"Course Name":"Bachelor of Science [B.Sc]","Course Duration":"3 Years","Course Degree":"Degree","Course Graduation":"Graduation","Course Time":"Full Time","Course Rating":"","Application Fees":"\u20b9 37,8301st Yr Fees"},{"Course Name":"Bachelor of Arts [BA]","Course Duration":"3 Years","Course Degree":"Degree","Course Graduation":"Graduation","Course Time":"Full Time","Course Rating":"","Application Fees":"\u20b9 31,5301st Yr Fees"},{"Course Name":"Bachelor of Commerce [B.Com]","Course Duration":"3 Years","Course Degree":"Degree","Course Graduation":"Graduation","Course Time":"Full Time","Course Rating":"","Application Fees":"\u20b9 31,5301st Yr Fees"}]},{"College_Name":"NIPS Hotel Management, Shillong","College_Logo":"https:\/\/images.collegedunia.com\/public\/college_data\/images\/logos\/16806824913273378448372426075254462369074387172008031n.png?h=80&w=80&mode=stretch","Upper_Section_Details":{"Place":"Shillong,  Meghalaya","Approval":"","Establishment":"","University Type":""},"College_Rating":"","College_Summary":"","Fees_and_Eligibility":null,"Courses_Details":[{"Course Name":"Master of Business Administration [MBA] (Hospitality Management)","Course Duration":"2 Years","Course Degree":"Degree","Course Graduation":"Post Graduation","Course Time":"Full Time","Course Rating":"","Application Fees":"\u20b9 220,000Total Fees"},{"Course Name":"Diploma in Hotel Management & Catering Technology","Course Duration":"3 Years","Course Degree":"Diploma","Course Graduation":"10+2","Course Time":"Full Time","Course Rating":"","Application Fees":"\u20b9 180,000Total Fees"},{"Course Name":"Bachelor of Arts [BA] (Hospitality Management)","Course Duration":"3 Years","Course Degree":"Degree","Course Graduation":"Graduation","Course Time":"Full Time","Course Rating":"","Application Fees":"\u20b9 240,000Total Fees"}]},{"College_Name":"Mount Olive Culinary Art and Hospitality Management - [MOCAHM], Shillong","College_Logo":"https:\/\/images.collegedunia.com\/public\/college_data\/images\/logos\/1683720472image1.png?h=80&w=80&mode=stretch","Upper_Section_Details":{"Place":"Shillong,  Meghalaya","Approval":"","Establishment":"","University Type":"Private"},"College_Rating":"","College_Summary":"","Fees_and_Eligibility":[{"Course":"BHM","Fees":"\u20b91.55 Lakhs (1st Year Fees) ","Eligibility":"10+2"},{"Course":"Certification","Fees":"\u20b965,000 (Total Fees) ","Eligibility":"10+2"},{"Course":"Diploma","Fees":"\u20b92.9 Lakhs (Total Fees) ","Eligibility":"10+2"},{"Course":"Bachelors","Fees":"\u20b92.15 Lakhs (1st Year Fees) ","Eligibility":"10+2"},{"Course":"Advanced Diploma","Fees":"\u20b93.7 Lakhs (Total Fees) ","Eligibility":"10+2"}],"Courses_Details":[{"Course Name":"Bachelor of Hospitality Management [BHM]","Course Duration":"3 Years","Course Degree":"Degree","Course Graduation":"Graduation","Course Time":"Full Time","Course Rating":"","Application Date":"10 Apr 2024","Application Fees":"\u20b9 155,0001st Yr Fees"},{"Course Name":"Certification","Course Duration":"3 Months","Course Degree":"Certification","Course Graduation":"10+2","Course Time":"Full Time","Course Rating":"","Application Date":"10 Apr 2024","Application Fees":"\u20b9 65,000Total Fees"},{"Course Name":"Diploma","Course Duration":"1 Year","Course Degree":"Diploma","Course Graduation":"10+2","Course Time":"Full Time","Course Rating":"","Application Date":"10 Apr 2024","Application Fees":"\u20b9 290,000#Total Fees"},{"Course Name":"Bachelor of Culinary Arts","Course Duration":"3 Years","Course Degree":"Degree","Course Graduation":"Graduation","Course Time":"Full Time","Course Rating":"","Application Date":"10 Apr 2024","Application Fees":"\u20b9 215,0001st Yr Fees"},{"Course Name":"Advanced Diploma in Culinary Arts","Course Duration":"2 Years","Course Degree":"Certification","Course Graduation":"10+2","Course Time":"Full Time","Course Rating":"","Application Date":"10 Apr 2024","Application Fees":"\u20b9 370,000Total Fees"}]},{"College_Name":"National Law University, Meghalaya - [NLU MEG]","College_Logo":"https:\/\/images.collegedunia.com\/public\/college_data\/images\/logos\/17059920091000007940.jpg?h=80&w=80&mode=stretch","Upper_Section_Details":{"Place":"Shillong,  Meghalaya","Approval":"","Establishment":"","University Type":""},"College_Rating":"","College_Summary":"National Law University is a Shillong-based University which was founded with the aim to provide best quality Law education and make youths ready for an unpredictable society. The University offers Integrated and Interdisciplinary Undergraduate and Postgraduate courses across various disciplines like General and Corporate Law, Science, Data Science, Arts and Business Administration, etc.\u00a0","Fees_and_Eligibility":[{"Course":"BBALLB {Hons.}","Fees":"\u20b91.75 Lakhs (1st Year Fees) ","Eligibility":"10+2 with 60%"},{"Course":"L.L.M","Fees":"\u20b91.75 Lakhs (1st Year Fees) ","Eligibility":"Graduation with 60%"},{"Course":"BALLB {Hons.}","Fees":"\u20b91.75 Lakhs (1st Year Fees) ","Eligibility":"10+2 with 60%"},{"Course":"B.Sc. LLB {Hons.}","Fees":"\u20b91.75 Lakhs (1st Year Fees) ","Eligibility":"10+2 with 60%"}],"Courses_Details":[{"Course Name":"Bachelor of Business Administration + Bachelor of Laws [BBALLB] {Hons.}","Course Duration":"5 Years","Course Degree":"Degree","Course Graduation":"Graduation","Course Time":"Full Time","Course Rating":"","Application Fees":"\u20b9 175,0001st Yr Fees"},{"Course Name":"Bachelor of Science + Bachelor of Laws [B.Sc L.L.B.] {Hons.}","Course Duration":"5 Years","Course Degree":"Degree","Course Graduation":"Graduation","Course Time":"Full Time","Course Rating":"","Application Fees":"\u20b9 175,0001st Yr Fees"},{"Course Name":"Master of Laws [L.L.M.] (Corporate Law)","Course Duration":"2 Years","Course Degree":"Degree","Course Graduation":"Post Graduation","Course Time":"Full Time","Course Rating":"","Application Fees":"\u20b9 175,0001st Yr Fees"},{"Course Name":"Ph.D. (Law)","Course Duration":"3 Years","Course Degree":"Degree","Course Graduation":"Doctorate\/M.Phil","Course Time":"Full Time","Course Rating":""},{"Course Name":"Bachelor of Arts + Bachelor of Laws [BALLB] {Hons.}","Course Duration":"5 Years","Course Degree":"Degree","Course Graduation":"Graduation","Course Time":"Full Time","Course Rating":"","Application Fees":"\u20b9 175,0001st Yr Fees"}]}]