[{"College_Name":"Sikkim Manipal Institute of Medical Sciences","College_Logo":"https:\/\/images.collegedunia.com\/public\/college_data\/images\/logos\/1474115196photo.jpg1.jpg?h=80&w=80&mode=stretch","Upper_Section_Details":{"Place":"Gangtok,  Sikkim","Approval":"MCI","Establishment":"Estd 1997","University Type":"Private"},"College_Rating":7.2,"College_Summary":"","Fees_and_Eligibility":[{"Course":"MBBS","Fees":"\u20b917.2 Lakhs (1st Year Fees) ","Eligibility":"10+2 with 50% + NEET"},{"Course":"M.D","Fees":"\u20b95 Lakhs (1st Year Fees) ","Eligibility":"MBBS  + NEET"},{"Course":"B.Sc + M.Sc","Fees":"\u20b998,000 (1st Year Fees) ","Eligibility":"10+2"},{"Course":"M.Sc","Fees":"\u20b91.03 Lakhs (1st Year Fees) ","Eligibility":"Graduation"},{"Course":"M.S","Fees":"\u20b928.8 Lakhs (1st Year Fees) ","Eligibility":"MBBS + NEET"},{"Course":"B.Sc","Fees":"\u20b91.22 Lakhs (1st Year Fees) ","Eligibility":"10+2"}],"Courses_Details":[{"Course Name":"M.B.B.S.","Course Duration":"4 Years 6 Months","Course Degree":"Degree","Course Graduation":"Graduation","Course Time":"Full Time","Course Rating":"7.9","Course Review":"9 Reviews","Exam Accepted":"NEET","Application Fees":"\u20b9 1,720,0001st Yr Fees"},{"Course Name":"Doctorate of Medicine [MD]","Course Duration":"3 Years","Course Degree":"Degree","Course Graduation":"Post Graduation","Course Time":"Full Time","Course Rating":"Rated #36\n          out of 57\n          by\n        India Today in Medical","Application Fees":"\u20b9 500,0001st Yr Fees"},{"Course Name":"Bachelor of Science [B.Sc] + Master of Science [M.Sc] (Medical Biotechnology)","Course Duration":"5 Years","Course Degree":"Degree","Course Graduation":"Graduation","Course Time":"Full Time","Course Rating":"Rated #36\n          out of 57\n          by\n        India Today in Medical","Application Fees":"\u20b9 98,0001st Yr Fees"},{"Course Name":"Master of Science [M.Sc]","Course Duration":"2 Years","Course Degree":"Degree","Course Graduation":"Post Graduation","Course Time":"Full Time","Course Rating":"3.0","Course Review":"1 Reviews","Application Date":"25 July - 25 Sept 2024","Application Fees":"\u20b9 102,8001st Yr Fees"},{"Course Name":"Master of Surgery [MS]","Course Duration":"3 Years","Course Degree":"Degree","Course Graduation":"Post Graduation","Course Time":"Full Time","Course Rating":"Rated #36\n          out of 57\n          by\n        India Today in Medical","Application Fees":"\u20b9 2,880,0001st Yr Fees"}]},{"College_Name":"ICFAI University, Gangtok","College_Logo":"https:\/\/images.collegedunia.com\/public\/college_data\/images\/logos\/1482816709logo_sikkim.jpg?h=80&w=80&mode=stretch","Upper_Section_Details":{"Place":"Gangtok,  Sikkim","Approval":"BCI, UGC, DEB","Establishment":"Estd 2004","University Type":"Deemed University"},"College_Rating":6.9,"College_Summary":"This university is famous for international tie-ups and industry collaborations for students. \u00a0It is one of the top-ranked private universities. University is also a member of AIU.","Fees_and_Eligibility":[{"Course":"MBA","Fees":"\u20b91.62 Lakhs (1st Year Fees) ","Eligibility":"Graduation"},{"Course":"BA {Hons.}","Fees":"\u20b952,000 (1st Year Fees) ","Eligibility":"10+2"},{"Course":"BBA","Fees":"\u20b966,000 (1st Year Fees) ","Eligibility":"10+2"},{"Course":"B.Sc","Fees":"\u20b966,000 (1st Year Fees) ","Eligibility":"10+2"},{"Course":"BCA","Fees":"\u20b972,000 (1st Year Fees) ","Eligibility":"10+2"},{"Course":"MA","Fees":"\u20b970,000 (1st Year Fees) ","Eligibility":"Graduation"},{"Course":"B.Com {Hons.}","Fees":"\u20b952,000 (1st Year Fees) ","Eligibility":"10+2"}],"Courses_Details":[{"Course Name":"Master of Business Administration [MBA]","Course Duration":"2 Years","Course Degree":"Degree","Course Graduation":"Post Graduation","Course Time":"Full Time","Course Rating":"6.8","Course Review":"4 Reviews","Exam Accepted":"CUET PG","Application Date":"10 Feb 2024","Application Fees":"\u20b9 162,0001st Yr Fees"},{"Course Name":"Bachelor of Arts [BA] {Hons.}","Course Duration":"3 Years","Course Degree":"Degree","Course Graduation":"Graduation","Course Time":"Full Time","Course Rating":"8.7","Course Review":"1 Reviews","Application Date":"16 Sept 2024","Application Fees":"\u20b9 52,0001st Yr Fees"},{"Course Name":"Bachelor of Science [B.Sc] (Culinary Arts)","Course Duration":"3 Years","Course Degree":"Degree","Course Graduation":"Graduation","Course Time":"Full Time","Course Rating":"","Application Date":"16 Sept 2024","Application Fees":"\u20b9 66,0001st Yr Fees"},{"Course Name":"Bachelor of Business Administration [BBA]","Course Duration":"3 Years","Course Degree":"Degree","Course Graduation":"Graduation","Course Time":"Full Time","Course Rating":"6.3","Course Review":"1 Reviews","Application Date":"16 Sept 2024","Application Fees":"\u20b9 66,0001st Yr Fees"},{"Course Name":"Bachelor of Computer Applications [BCA]","Course Duration":"3 Years","Course Degree":"Degree","Course Graduation":"Graduation","Course Time":"Full Time","Course Rating":"6.8","Course Review":"2 Reviews","Application Date":"16 Sept 2024","Application Fees":"\u20b9 72,0001st Yr Fees"}]},{"College_Name":"National Research Centre for Orchids - [ICAR], East Sikkim","College_Logo":"https:\/\/images.collegedunia.com\/public\/college_data\/images\/logos\/1422251501logogff.jpg?h=80&w=80&mode=stretch","Upper_Section_Details":{"Place":"East Sikkim,  Sikkim","Approval":"ICAR","Establishment":"Estd 1996","University Type":"Public Institute"},"College_Rating":"","College_Summary":"","Fees_and_Eligibility":null,"Courses_Details":[{"Course Name":"Ph.D. (Agriculture)","Course Duration":"3 Years","Course Degree":"Degree","Course Graduation":"Doctorate\/M.Phil","Course Time":"Full Time","Course Rating":""}]},{"College_Name":"Sikkim Manipal University","College_Logo":"","Upper_Section_Details":{"Place":"South Sikkim,  Sikkim","Approval":"AICTE, UGC","Establishment":"Estd 2010","University Type":"Autonomous University"},"College_Rating":7.8,"College_Summary":"NIT Sikkim is UGC recognised autonomous university. Established in 2010, NIT Sikkim is ranked 151 in the engineering category by NIRF 2023. NIT Sikkim offers undergraduate, postgraduate and doctorate degrees. NIT Sikkim has been accorded the status of an Institution of National Importance by the Government of India and approved by AICTE. The most popular program of NIT Sikkim is BTech CSE. NIT Sikkim offers 8 specialization in the BTech course. Admission to the NIT Sikkim BTech course is done on the basis of JEE Mains rank. The admission procedure is then followed by a counselling procedure.\u00a0The overall cutoff for JEE-Main 2023\u00a0is 162246\u00a0- 475866\u00a0rank for general category. Check: NIT Sikkim Admission","Fees_and_Eligibility":[{"Course":"B.Tech","Fees":"\u20b91.51 Lakhs (1st Year Fees) ","Eligibility":"10+2 with 75% + JEE Main"},{"Course":"Ph.D","Fees":"\u20b944,650 (1st Year Fees) ","Eligibility":"Post Graduation"},{"Course":"M.Sc","Fees":"\u20b939,100 (1st Year Fees) ","Eligibility":"Graduation"},{"Course":"M.Tech","Fees":"\u20b993,310 (1st Year Fees) ","Eligibility":"Graduation + GATE"}],"Courses_Details":[{"Course Name":"Bachelor of Technology [B.Tech]","Course Duration":"4 Years","Course Degree":"Degree","Course Graduation":"Graduation","Course Time":"Full Time","Course Rating":"7.8","Course Review":"37 Reviews","Exam Accepted":"JEE Main","Application Date":"19 June - 31 Jul 2024","Application Fees":"\u20b9 150,9301st Yr Fees"},{"Course Name":"Ph.D","Course Duration":"3 Years","Course Degree":"Degree","Course Graduation":"Doctorate\/M.Phil","Course Time":"Full Time","Course Rating":"","Application Fees":"\u20b9 44,6501st Yr Fees"},{"Course Name":"Master of Science [M.Sc] (Chemistry)","Course Duration":"2 Years","Course Degree":"Degree","Course Graduation":"Post Graduation","Course Time":"Full Time","Course Rating":"","Exam Accepted":"IIT JAM","Application Date":"5 June - 26 Jun 2024","Application Fees":"\u20b9 39,1001st Yr Fees"},{"Course Name":"Master of Technology [M.Tech]","Course Duration":"2 Years","Course Degree":"Degree","Course Graduation":"Post Graduation","Course Time":"Full Time","Course Rating":"8.7","Course Review":"2 Reviews","Exam Accepted":"GATE","Application Date":"5 June - 26 Jun 2024","Application Fees":"\u20b9 93,3101st Yr Fees"}]},{"College_Name":"NIT Sikkim","College_Logo":"https:\/\/images.collegedunia.com\/public\/college_data\/images\/logos\/1568355249download.png?h=80&w=80&mode=stretch","Upper_Section_Details":{"Place":"Gangtok,  Sikkim","Approval":"","Establishment":"Estd 2008","University Type":"Private University"},"College_Rating":7.8,"College_Summary":"Vinayaka Missions Sikkim University (VMSU)\u00a0 was set up in the year 2008, and it is approved by UGC. The latest achievement of the college includes the \u201cTeaching Excellence Award.\u201d This university is primarily famous for Management Studies, Humanities, and Science. It provides both the mode of education facilities direct education and distance education. The university offers undergraduate, postgraduate, doctorate, and diplomas courses across four streams. Some of the popular courses are BA, B.Com, MBA, B.Sc.The admission in this college strictly depends upon the merit of the students. Application to the college can be filled online as well as offline mode.","Fees_and_Eligibility":[{"Course":"BA","Fees":"\u20b91.18 Lakhs (Total Fees) ","Eligibility":"Apply Now "},{"Course":"B.Sc","Fees":"\u20b91.18 Lakhs (Total Fees) ","Eligibility":"Apply Now "},{"Course":"D.Pharm","Fees":"\u20b91.76 Lakhs (Total Fees) ","Eligibility":"Apply Now "},{"Course":"MBA","Fees":"\u20b91.62 Lakhs (Total Fees) ","Eligibility":"Apply Now "},{"Course":"BBA","Fees":"\u20b91.18 Lakhs (Total Fees) ","Eligibility":"Apply Now "},{"Course":"B.Com","Fees":"\u20b91.18 Lakhs (Total Fees) ","Eligibility":"Apply Now "}],"Courses_Details":[{"Course Name":"Bachelor of Arts [BA]","Course Duration":"3 Years","Course Degree":"Degree","Course Graduation":"Graduation","Course Time":"Full Time","Course Rating":"","Application Fees":"\u20b9 118,000Total Fees"},{"Course Name":"Bachelor of Science [B.Sc]","Course Duration":"3 Years","Course Degree":"Degree","Course Graduation":"Graduation","Course Time":"Full Time","Course Rating":"","Application Fees":"\u20b9 118,000Total Fees"},{"Course Name":"Diploma in Pharmacy [D.Pharm]","Course Duration":"2 Years","Course Degree":"Diploma","Course Graduation":"10+2","Course Time":"Full Time","Course Rating":"","Application Fees":"\u20b9 176,000Total Fees"},{"Course Name":"Bachelor of Computer Applications [BCA]","Course Duration":"3 Years","Course Degree":"Degree","Course Graduation":"Graduation","Course Time":"Full Time","Course Rating":""},{"Course Name":"Master of Business Administration [MBA]","Course Duration":"2 Years","Course Degree":"Degree","Course Graduation":"Post Graduation","Course Time":"Full Time","Course Rating":"7.7","Course Review":"1 Reviews","Application Fees":"\u20b9 162,000Total Fees"}]},{"College_Name":"Vinayaka Missions Sikkim University - [VMSU], Gangtok","College_Logo":"https:\/\/images.collegedunia.com\/public\/college_data\/images\/logos\/1428918165jpeg.jpg?h=80&w=80&mode=stretch","Upper_Section_Details":{"Place":"Gangtok,  Sikkim","Approval":"UGC","Establishment":"Estd 2013","University Type":"Private University"},"College_Rating":8.1,"College_Summary":"Shri Ramasamy Memorial University - [SRM], Sikkim at Gangtok is a private university established in the year 2013. The university was established under Shri Ramasamy Memorial University, Sikkim Act 2013. It is affiliated by UGC and NAAC-B. It is also placed in the A category by the Ministry of Human Resource Development.\u00a0","Fees_and_Eligibility":[{"Course":"B.Sc","Fees":"\u20b943,000 (1st Year Fees) ","Eligibility":"10+2"},{"Course":"MBA","Fees":"\u20b91.3 Lakhs (1st Year Fees) ","Eligibility":"Graduation"},{"Course":"MA","Fees":"\u20b955,000 (1st Year Fees) ","Eligibility":"Graduation"},{"Course":"BA {Hons.}","Fees":"\u20b938,000 (1st Year Fees) ","Eligibility":"10+2"},{"Course":"BCA","Fees":"\u20b960,000 (1st Year Fees) ","Eligibility":"10+2"},{"Course":"BBA","Fees":"\u20b960,000 (1st Year Fees) ","Eligibility":"10+2"},{"Course":"M.Com","Fees":"\u20b955,000 (1st Year Fees) ","Eligibility":"Graduation"}],"Courses_Details":[{"Course Name":"Bachelor of Science [B.Sc]","Course Duration":"3 Years","Course Degree":"Degree","Course Graduation":"Graduation","Course Time":"Full Time","Course Rating":"6.7","Course Review":"4 Reviews","Application Fees":"\u20b9 43,0001st Yr Fees"},{"Course Name":"Master of Business Administration [MBA]","Course Duration":"2 Years","Course Degree":"Degree","Course Graduation":"Post Graduation","Course Time":"Full Time","Course Rating":"","Application Fees":"\u20b9 130,0001st Yr Fees"},{"Course Name":"Master of Arts [MA]","Course Duration":"2 Years","Course Degree":"Degree","Course Graduation":"Post Graduation","Course Time":"Full Time","Course Rating":"","Application Fees":"\u20b9 55,0001st Yr Fees"},{"Course Name":"Bachelor of Arts [BA] {Hons.} (English)","Course Duration":"3 Years","Course Degree":"Degree","Course Graduation":"Graduation","Course Time":"Full Time","Course Rating":"9.0","Course Review":"1 Reviews","Application Fees":"\u20b9 38,0001st Yr Fees"},{"Course Name":"Bachelor of Computer Applications [BCA]","Course Duration":"3 Years","Course Degree":"Degree","Course Graduation":"Graduation","Course Time":"Full Time","Course Rating":"7.3","Course Review":"1 Reviews","Application Fees":"\u20b9 60,0001st Yr Fees"}]},{"College_Name":"SRM University Sikkim, Gangtok","College_Logo":"https:\/\/images.collegedunia.com\/public\/college_data\/images\/logos\/1506504412images.png?h=80&w=80&mode=stretch","Upper_Section_Details":{"Place":"East Sikkim,  Sikkim","Approval":"AICTE, NBA","Establishment":"Estd 1997","University Type":"Private"},"College_Rating":8.7,"College_Summary":"","Fees_and_Eligibility":null,"Courses_Details":[{"Course Name":"Bachelor of Technology [B.Tech]","Course Duration":"4 Years","Course Degree":"Degree","Course Graduation":"Graduation","Course Time":"Full Time","Course Rating":"8.5","Course Review":"117 Reviews","Exam Accepted":"JEE Main","Application Date":"15 Nov - 12 Apr 2024","Application Fees":"\u20b9 340,0001st Yr Fees"},{"Course Name":"Bachelor of Computer Applications [BCA]","Course Duration":"3 Years","Course Degree":"Degree","Course Graduation":"Graduation","Course Time":"Full Time","Course Rating":"9.0","Course Review":"26 Reviews","Application Date":"15 Nov - 10 Jun 2024","Application Fees":"\u20b9 110,0001st Yr Fees"},{"Course Name":"Master of Computer Applications [M.C.A]","Course Duration":"2 Years","Course Degree":"Degree","Course Graduation":"Post Graduation","Course Time":"Full Time","Course Rating":"","Application Date":"15 Nov - 25 Jun 2024","Application Fees":"\u20b9 160,0001st Yr Fees"},{"Course Name":"Master of Science [M.Sc]","Course Duration":"2 Years","Course Degree":"Degree","Course Graduation":"Post Graduation","Course Time":"Full Time","Course Rating":"9.0","Course Review":"4 Reviews","Application Date":"15 Nov - 09 Jul 2024","Application Fees":"\u20b9 105,0001st Yr Fees"},{"Course Name":"Master of Technology [M.Tech]","Course Duration":"2 Years","Course Degree":"Degree","Course Graduation":"Post Graduation","Course Time":"Full Time","Course Rating":"9.6","Course Review":"9 Reviews","Exam Accepted":"GATE","Application Date":"15 Nov - 09 Jul 2024","Application Fees":"\u20b9 190,0001st Yr Fees"}]},{"College_Name":"SMIT Sikkim","College_Logo":"https:\/\/images.collegedunia.com\/public\/college_data\/images\/logos\/1611209243smitlogosmall1png.png?h=80&w=80&mode=stretch","Upper_Section_Details":{"Place":"Gangtok,  Sikkim","Approval":"","Establishment":"Estd 2006","University Type":"Public"},"College_Rating":6.5,"College_Summary":"","Fees_and_Eligibility":null,"Courses_Details":[{"Course Name":"Bachelor of Technology [B.Tech]","Course Duration":"4 Years","Course Degree":"Degree","Course Graduation":"Graduation","Course Time":"Full Time","Course Rating":"8.0","Course Review":"2 Reviews","Application Fees":"\u20b9 4,2801st Yr Fees"},{"Course Name":"Master of Technology [M.Tech]","Course Duration":"2 Years","Course Degree":"Degree","Course Graduation":"Post Graduation","Course Time":"Full Time","Course Rating":"4.3","Course Review":"1 Reviews"},{"Course Name":"Ph.D","Course Duration":"2 Years","Course Degree":"Degree","Course Graduation":"Post Graduation","Course Time":"Full Time","Course Rating":""}]},{"College_Name":"CAEPHT Sikkim","College_Logo":"https:\/\/images.collegedunia.com\/public\/college_data\/images\/logos\/1561534392croppedlogote1467129688972.png?h=80&w=80&mode=stretch","Upper_Section_Details":{"Place":"East Sikkim,  Sikkim","Approval":"AICTE, UGC","Establishment":"Estd 1994","University Type":"Private Institute"},"College_Rating":8.0,"College_Summary":"","Fees_and_Eligibility":null,"Courses_Details":[{"Course Name":"Bachelor of Library and Information Science [B.Lib.I.Sc]","Course Duration":"1 Year","Course Degree":"Degree","Course Graduation":"Graduation","Course Time":"Full Time","Course Rating":"8.0","Course Review":"1 Reviews"},{"Course Name":"Bachelor of Science [B.Sc] (Information Technology)","Course Duration":"3 Years","Course Degree":"Degree","Course Graduation":"Graduation","Course Time":"Full Time","Course Rating":""},{"Course Name":"Bachelor of Arts [BA]","Course Duration":"3 Years","Course Degree":"Degree","Course Graduation":"Graduation","Course Time":"Full Time","Course Rating":"8.0","Course Review":"1 Reviews"},{"Course Name":"Bachelor of Arts [BA] {Hons.}","Course Duration":"3 Years","Course Degree":"Degree","Course Graduation":"Graduation","Course Time":"Full Time","Course Rating":"8.0","Course Review":"1 Reviews"}]},{"College_Name":"Damber Singh College, East Sikkim","College_Logo":"https:\/\/images.collegedunia.com\/public\/college_data\/images\/logos\/col949.jpg?h=80&w=80&mode=stretch","Upper_Section_Details":{"Place":"East Sikkim,  Sikkim","Approval":"","Establishment":"","University Type":"Private Institute"},"College_Rating":7.6,"College_Summary":"Nar Bahadur Bhandari Degree College, previously known as Sikkim Government College was founded in the year 1977. It is governed by the Directorate of Higher Education, HRDD, Govt. of Sikkim and is affiliated to Sikkim University. The college offers 19 UG programs and 5 PG programs to satisfy the need for quality education in Sikkim. Admission to the programs takes place following an administered and transparent process. Its campus is spread over 22 acres with well-organized classrooms, labs, computers to create a conducive academic environment.","Fees_and_Eligibility":null,"Courses_Details":[{"Course Name":"Bachelor of Commerce [B.Com] {Hons.}","Course Duration":"3 Years","Course Degree":"Degree","Course Graduation":"Graduation","Course Time":"Full Time","Course Rating":"1 Reviews","Course Review":"1 Reviews","Application Fees":"\u20b9 1,6921st Yr Fees"},{"Course Name":"Bachelor of Arts [BA] {Hons.}","Course Duration":"3 Years","Course Degree":"Degree","Course Graduation":"Graduation","Course Time":"Full Time","Course Rating":"7.3","Course Review":"2 Reviews","Application Fees":"\u20b9 1,5921st Yr Fees"},{"Course Name":"Master of Science [M.Sc] (Physics)","Course Duration":"2 Years","Course Degree":"Degree","Course Graduation":"Post Graduation","Course Time":"Full Time","Course Rating":""},{"Course Name":"Bachelor of Science [B.Sc] {Hons.}","Course Duration":"3 Years","Course Degree":"Degree","Course Graduation":"Graduation","Course Time":"Full Time","Course Rating":"6.8","Course Review":"2 Reviews","Application Fees":"\u20b9 1,7921st Yr Fees"},{"Course Name":"Master of Arts [MA]","Course Duration":"2 Years","Course Degree":"Degree","Course Graduation":"Post Graduation","Course Time":"Full Time","Course Rating":"","Exam Accepted":"CUET PG","Application Date":"26 Dec - 10 Feb 2024"}]},{"College_Name":"Nar Bahadur Bhandari Degree College","College_Logo":"https:\/\/images.collegedunia.com\/public\/college_data\/images\/logos\/1427533854186.jpg?h=80&w=80&mode=stretch","Upper_Section_Details":{"Place":"East Sikkim,  Sikkim","Approval":"AICTE, PCI","Establishment":"Estd 2007","University Type":"Private"},"College_Rating":7.4,"College_Summary":"","Fees_and_Eligibility":null,"Courses_Details":[{"Course Name":"Bachelor of Pharmacy [B.Pharma]","Course Duration":"4 Years","Course Degree":"Degree","Course Graduation":"Graduation","Course Time":"Full Time","Course Rating":"8.4","Course Review":"7 Reviews"},{"Course Name":"Diploma in Pharmacy [D.Pharm]","Course Duration":"2 Years","Course Degree":"Diploma","Course Graduation":"Graduation","Course Time":"Full Time","Course Rating":"7.0","Course Review":"3 Reviews"},{"Course Name":"Master of Pharmacy [M.Pharm] (Pharmaceutical Analysis and Quality Assurance)","Course Duration":"2 Years","Course Degree":"Degree","Course Graduation":"Post Graduation","Course Time":"Full Time","Course Rating":"Rated #98\n          out of 125\n          by\n        NIRF in Pharmacy","Exam Accepted":"CUET PG","Application Date":"26 Dec - 10 Feb 2024"},{"Course Name":"Master of Pharmacy [M.Pharma]","Course Duration":"2 Years","Course Degree":"Degree","Course Graduation":"Post Graduation","Course Time":"Full Time","Course Rating":"Rated #98\n          out of 125\n          by\n        NIRF in Pharmacy","Exam Accepted":"CUET PG","Application Date":"26 Dec - 10 Feb 2024"}]},{"College_Name":"Himalayan Pharmacy Institute","College_Logo":"https:\/\/images.collegedunia.com\/public\/college_data\/images\/logos\/1425361216col9489.png?h=80&w=80&mode=stretch","Upper_Section_Details":{"Place":"Gangtok,  Sikkim","Approval":"IAP","Establishment":"Estd 2001","University Type":"Private"},"College_Rating":8.5,"College_Summary":"","Fees_and_Eligibility":null,"Courses_Details":[{"Course Name":"Bachelor of Physiotherapy [BPT]","Course Duration":"4 Years","Course Degree":"Degree","Course Graduation":"Graduation","Course Time":"Full Time","Course Rating":"8.7","Course Review":"1 Reviews","Application Date":"15 Nov - 25 Sept 2024","Application Fees":"\u20b9 156,0001st Yr Fees"},{"Course Name":"Master of Physiotherapy [MPT]","Course Duration":"2 Years","Course Degree":"Degree","Course Graduation":"Post Graduation","Course Time":"Full Time","Course Rating":"","Application Date":"15 Nov - 25 Sept 2024","Application Fees":"\u20b9 226,0001st Yr Fees"}]},{"College_Name":"Sikkim Manipal College of Physiotherapy - [SMCPT], Gangtok","College_Logo":"https:\/\/images.collegedunia.com\/public\/college_data\/images\/logos\/1474012647photo.jpg1.jpg?h=80&w=80&mode=stretch","Upper_Section_Details":{"Place":"Gangtok,  Sikkim","Approval":"INC","Establishment":"Estd 2001","University Type":"Private"},"College_Rating":8.1,"College_Summary":"","Fees_and_Eligibility":null,"Courses_Details":[{"Course Name":"Bachelor of Science [B.Sc] (Nursing)","Course Duration":"4 Years","Course Degree":"Degree","Course Graduation":"Graduation","Course Time":"Full Time","Course Rating":"8.7","Course Review":"1 Reviews","Application Date":"15 May 2024","Application Fees":"\u20b9 136,0001st Yr Fees"},{"Course Name":"Master of Science [M.Sc]","Course Duration":"2 Years","Course Degree":"Degree","Course Graduation":"Post Graduation","Course Time":"Full Time","Course Rating":"1 Reviews","Course Review":"1 Reviews","Application Date":"15 July 2024","Application Fees":"\u20b9 126,0001st Yr Fees"}]},{"College_Name":"Sikkim Manipal College of Nursing - [SMCON], Gangtok","College_Logo":"https:\/\/images.collegedunia.com\/public\/college_data\/images\/logos\/1626096095smconlogo2020.png?h=80&w=80&mode=stretch","Upper_Section_Details":{"Place":"East Sikkim,  Sikkim","Approval":"NCTE, UGC","Establishment":"Estd 2003","University Type":"Private"},"College_Rating":8.2,"College_Summary":"","Fees_and_Eligibility":null,"Courses_Details":[{"Course Name":"Bachelor of Education [B.Ed]","Course Duration":"2 Years","Course Degree":"Degree","Course Graduation":"Graduation","Course Time":"Full Time","Course Rating":"7.7","Course Review":"2 Reviews","Application Fees":"\u20b9 185,000Total Fees"},{"Course Name":"Master of Education [M.Ed]","Course Duration":"2 Years","Course Degree":"Degree","Course Graduation":"Post Graduation","Course Time":"Full Time","Course Rating":"","Application Fees":"\u20b9 185,000Total Fees"},{"Course Name":"Ph.D","Course Duration":"3 Years","Course Degree":"Degree","Course Graduation":"Doctorate\/M.Phil","Course Time":"Full Time","Course Rating":"","Application Fees":"\u20b9 100,0001st Yr Fees"}]},{"College_Name":"Harkamaya College of Education, East Sikkim","College_Logo":"https:\/\/images.collegedunia.com\/public\/college_data\/images\/logos\/1423891391p..png?h=80&w=80&mode=stretch","Upper_Section_Details":{"Place":"South Sikkim,  Sikkim","Approval":"NCTE","Establishment":"","University Type":"Private"},"College_Rating":"","College_Summary":"","Fees_and_Eligibility":null,"Courses_Details":[{"Course Name":"Bachelor of Education [B.Ed]","Course Duration":"1 Year","Course Degree":"Degree","Course Graduation":"Graduation","Course Time":"Full Time","Course Rating":"","Exam Accepted":"CUET PG","Application Date":"26 Dec - 10 Feb 2024"}]},{"College_Name":"Loyola College of Education, South Sikkim","College_Logo":"https:\/\/images.collegedunia.com\/public\/college_data\/images\/logos\/?h=80&w=80&mode=stretch","Upper_Section_Details":{"Place":"Gangtok,  Sikkim","Approval":"UGC","Establishment":"Estd 2007","University Type":"Central University"},"College_Rating":7.9,"College_Summary":"Sikkim University is a central university located in Gangtok. Established in 2007, the university is recognised by the UGC and ranked 151 among top 2000 universities in NIRF 2023 rankings. The permanent campus of Sikkim University is built at Yangang in Namchi district, about 56 km from Gangtok.","Fees_and_Eligibility":[{"Course":"BA","Fees":"\u20b97,282 (1st Year Fees) ","Eligibility":"10+2"},{"Course":"MBA","Fees":"\u20b916,102 (1st Year Fees) ","Eligibility":"Graduation with 50% + CAT"},{"Course":"Ph.D","Fees":"\u20b919,822 (1st Year Fees) ","Eligibility":"Post Graduation"},{"Course":"M.Sc","Fees":"\u20b97,852 (1st Year Fees) ","Eligibility":"Graduation"},{"Course":"MA","Fees":"\u20b95,230 (1st Year Fees) ","Eligibility":"Graduation"},{"Course":"B.Sc","Fees":"\u20b97,282 (1st Year Fees) ","Eligibility":"10+2"},{"Course":"M.Com","Fees":"\u20b97,852 (1st Year Fees) ","Eligibility":"Graduation"}],"Courses_Details":[{"Course Name":"Bachelor of Arts [BA]","Course Duration":"3 Years","Course Degree":"Degree","Course Graduation":"Graduation","Course Time":"Full Time","Course Rating":"8.3","Course Review":"2 Reviews","Exam Accepted":"CUET","Application Date":"27 Feb - 26 Mar 2024","Application Fees":"\u20b9 7,2821st Yr Fees"},{"Course Name":"Master of Business Administration [MBA]","Course Duration":"2 Years","Course Degree":"Degree","Course Graduation":"Post Graduation","Course Time":"Full Time","Course Rating":"","Exam Accepted":"CAT","Application Fees":"\u20b9 16,1021st Yr Fees"},{"Course Name":"Ph.D","Course Duration":"3 Years","Course Degree":"Degree","Course Graduation":"Doctorate\/M.Phil","Course Time":"Full Time","Course Rating":"","Application Fees":"\u20b9 19,8221st Yr Fees"},{"Course Name":"Master of Science [M.Sc]","Course Duration":"2 Years","Course Degree":"Degree","Course Graduation":"Post Graduation","Course Time":"Full Time","Course Rating":"","Exam Accepted":"CUET PG","Application Date":"26 Dec - 10 Feb 2024","Application Fees":"\u20b9 7,8521st Yr Fees"},{"Course Name":"Master of Arts [MA]","Course Duration":"2 Years","Course Degree":"Degree","Course Graduation":"Post Graduation","Course Time":"Full Time","Course Rating":"4.7","Course Review":"4 Reviews","Exam Accepted":"CUET PG","Application Date":"26 Dec - 10 Feb 2024","Application Fees":"\u20b9 5,2301st Yr Fees"}]},{"College_Name":"Sikkim University","College_Logo":"https:\/\/images.collegedunia.com\/public\/college_data\/images\/logos\/1394440204Sikkim University.png?h=80&w=80&mode=stretch","Upper_Section_Details":{"Place":"Gangtok,  Sikkim","Approval":"","Establishment":"Estd 1990","University Type":"Public"},"College_Rating":7.7,"College_Summary":"Institute of Hotel Management (IHM), Gangtok was established in the year 1990 as a food craft institute. It was upgraded into the\u00a0Institute of Hotel Management during the year 2000 and got affiliated to NCHMCT under the Ministry of Tourism, Govt. of India. The institute offers B.Sc. in Hospitality and Hotel Administration, Diploma and Certificate courses. All the programs are well-structured and taught under the guidance of qualified faculties. The degree or Diploma holders get employment in the most reputed hotels in the country and abroad.","Fees_and_Eligibility":null,"Courses_Details":[{"Course Name":"Bachelor of Science [B.Sc] (Hospitality and Hotel Administration)","Course Duration":"3 Years","Course Degree":"Degree","Course Graduation":"Graduation","Course Time":"Full Time","Course Rating":"Rated #37\n          out of 67\n          by\n        India Today in Hotel Management","Exam Accepted":"NCHMCT JEE","Application Fees":"\u20b9 110,0001st Yr Fees"},{"Course Name":"Certificate Course in Cookery","Course Duration":"1 Year","Course Degree":"Certification","Course Graduation":"10+2","Course Time":"Full Time","Course Rating":""},{"Course Name":"Diploma","Course Duration":"1 Year 6 Months","Course Degree":"Diploma","Course Graduation":"10+2","Course Time":"Full Time","Course Rating":"Rated #37\n          out of 67\n          by\n        India Today in Hotel Management","Application Fees":"\u20b9 55,000Total Fees"},{"Course Name":"Craftsmanship Course","Course Duration":"6 Months","Course Degree":"Certification","Course Graduation":"10+2","Course Time":"Full Time","Course Rating":"Rated #37\n          out of 67\n          by\n        India Today in Hotel Management","Application Fees":"\u20b9 63,400Total Fees"}]},{"College_Name":"IHM Gangtok","College_Logo":"https:\/\/images.collegedunia.com\/public\/college_data\/images\/logos\/13941048772q.png?h=80&w=80&mode=stretch","Upper_Section_Details":{"Place":"East Sikkim,  Sikkim","Approval":"UGC","Establishment":"Estd 2001","University Type":"Private"},"College_Rating":8.3,"College_Summary":"Sikkim Manipal University Distance Education [SMU-DE]\u00a0has been awarded as the \u201cBest University in Distance Learning\u201d\u00a0by ASSOCHAM India. It has also won Silver Award in Digital Learning Transformation Category in 2018. The university offers total 6\u00a0undergraduate and postgraduate level courses in Management and Information Technology in distance mode. SMUDE has a vibrant alumni community with over 5 lakh alumni members.\u00a0Check out other top distance MBA colleges and courses in India","Fees_and_Eligibility":[{"Course":"MCA","Fees":"\u20b936,500 (1st Year Fees) ","Eligibility":"Graduation"},{"Course":"BCA","Fees":"\u20b932,500 (1st Year Fees) ","Eligibility":"10+2"},{"Course":"M.Sc","Fees":"\u20b940,000 (1st Year Fees) ","Eligibility":"Graduation"},{"Course":"MBA","Fees":"\u20b942,500 (1st Year Fees) ","Eligibility":"Graduation"},{"Course":"B.Sc","Fees":"\u20b932,500 (1st Year Fees) ","Eligibility":"10+2"},{"Course":"BBA","Fees":"\u20b932,500 (1st Year Fees) ","Eligibility":"10+2"}],"Courses_Details":[{"Course Name":"Master of Computer Applications [MCA]","Course Duration":"2 Years","Course Degree":"Degree","Course Graduation":"Post Graduation","Course Time":"Part Time","Course Rating":"","Application Fees":"\u20b9 36,500*1st Yr Fees"},{"Course Name":"Bachelor of Computer Applications [BCA]","Course Duration":"3 Years","Course Degree":"Degree","Course Graduation":"Graduation","Course Time":"Part Time","Course Rating":"","Application Fees":"\u20b9 32,5001st Yr Fees"},{"Course Name":"Master of Science [M.Sc] (Information Technology)","Course Duration":"2 Years","Course Degree":"Degree","Course Graduation":"Post Graduation","Course Time":"Part Time","Course Rating":"","Application Fees":"\u20b9 40,0001st Yr Fees"},{"Course Name":"Master of Business Administration [MBA]","Course Duration":"2 Years","Course Degree":"Degree","Course Graduation":"Post Graduation","Course Time":"Part Time","Course Rating":"8.1","Course Review":"4 Reviews","Exam Accepted":"CAT","Application Fees":"\u20b9 42,500*1st Yr Fees"},{"Course Name":"Bachelor of Science [B.Sc] (Information Technology)","Course Duration":"3 Years","Course Degree":"Degree","Course Graduation":"Graduation","Course Time":"Part Time","Course Rating":"10.0","Course Review":"1 Reviews","Application Fees":"\u20b9 32,5001st Yr Fees"}]},{"College_Name":"Directorate of Distance Education Sikkim Manipal University - [SMU-DE], East Sikkim","College_Logo":"https:\/\/images.collegedunia.com\/public\/college_data\/images\/logos\/1536047162ManipalLogo.jpg?h=80&w=80&mode=stretch","Upper_Section_Details":{"Place":"Gangtok,  Sikkim","Approval":"UGC","Establishment":"Estd 2003","University Type":"State University"},"College_Rating":"","College_Summary":"Sikkim University is presently located in Gangtok, the capital town of Sikkim. The permanent campus measuring 300 acres is coming up at Yangang which is about 56 kms away from Gangtok in South Sikkim. The nearest airport is Bagdogra and railway station is New Jalpaiguri.\u00a0","Fees_and_Eligibility":null,"Courses_Details":[{"Course Name":"Master of Philosophy [M.Phil]","Course Duration":"1 Year","Course Degree":"Degree","Course Graduation":"Doctorate\/M.Phil","Course Time":"Full Time","Course Rating":""},{"Course Name":"Ph.D","Course Duration":"2 Years","Course Degree":"Degree","Course Graduation":"Doctorate\/M.Phil","Course Time":"Full Time","Course Rating":""}]},{"College_Name":"Sikkim State University - [SSU], Gangtok","College_Logo":"https:\/\/images.collegedunia.com\/public\/college_data\/images\/logos\/1584080771sikkimlogonew.png?h=80&w=80&mode=stretch","Upper_Section_Details":{"Place":"West Sikkim,  Sikkim","Approval":"","Establishment":"Estd 2008","University Type":"Private University"},"College_Rating":9.0,"College_Summary":"","Fees_and_Eligibility":[{"Course":"M.Sc","Fees":"\u20b936,000 (1st Year Fees) ","Eligibility":"Graduation with 50% marks"},{"Course":"B.Sc","Fees":"\u20b924,000 (1st Year Fees) ","Eligibility":"10+2 with 50% marks"},{"Course":"B.Tech","Fees":"\u20b972,000 (1st Year Fees) ","Eligibility":"10+2 with 50% marks"},{"Course":"MA","Fees":"\u20b924,000 (1st Year Fees) ","Eligibility":"Graduation with 50% marks"},{"Course":"BCA","Fees":"\u20b932,000 (1st Year Fees) ","Eligibility":"10+2 with 50% marks"},{"Course":"MBA","Fees":"\u20b970,000 (1st Year Fees) ","Eligibility":"Graduation with 50% marks"},{"Course":"BBA","Fees":"\u20b936,000 (1st Year Fees) ","Eligibility":"10+2 with 50% marks"}],"Courses_Details":[{"Course Name":"Master of Science [M.Sc]","Course Duration":"2 Years","Course Degree":"Degree","Course Graduation":"Post Graduation","Course Time":"Full Time","Course Rating":"","Exam Accepted":"CUET PG","Application Date":"26 Dec - 10 Feb 2024","Application Fees":"\u20b9 36,0001st Yr Fees"},{"Course Name":"Bachelor of Science [B.Sc]","Course Duration":"3 Years","Course Degree":"Degree","Course Graduation":"Graduation","Course Time":"Full Time","Course Rating":"","Application Fees":"\u20b9 24,0001st Yr Fees"},{"Course Name":"Bachelor of Pharmacy [B.Pharma]","Course Duration":"4 Years","Course Degree":"Degree","Course Graduation":"Graduation","Course Time":"Full Time","Course Rating":"","Application Fees":"\u20b9 80,0001st Yr Fees"},{"Course Name":"Bachelor of Technology [B.Tech]","Course Duration":"4 Years","Course Degree":"Degree","Course Graduation":"Graduation","Course Time":"Full Time","Course Rating":"","Application Fees":"\u20b9 72,0001st Yr Fees"},{"Course Name":"Master of Arts [MA]","Course Duration":"2 Years","Course Degree":"Degree","Course Graduation":"Post Graduation","Course Time":"Full Time","Course Rating":"","Exam Accepted":"CUET PG","Application Date":"26 Dec - 10 Feb 2024","Application Fees":"\u20b9 24,0001st Yr Fees"}]},{"College_Name":"Sikkim Professional University, West Sikkim","College_Logo":"https:\/\/images.collegedunia.com\/public\/college_data\/images\/logos\/1627969475logo.jpg?h=80&w=80&mode=stretch","Upper_Section_Details":{"Place":"South Sikkim,  Sikkim","Approval":"","Establishment":"Estd 2021","University Type":"Private University"},"College_Rating":"","College_Summary":"","Fees_and_Eligibility":null,"Courses_Details":[{"Course Name":"Master of Business Administration [MBA]","Course Duration":"2 Years","Course Degree":"Degree","Course Graduation":"Post Graduation","Course Time":"Full Time","Course Rating":""},{"Course Name":"Bachelor of Education [B.Ed]","Course Duration":"2 Years","Course Degree":"Degree","Course Graduation":"Graduation","Course Time":"Full Time","Course Rating":""},{"Course Name":"Diploma in Pharmacy [D.Pharm]","Course Duration":"2 Years","Course Degree":"Degree","Course Graduation":"Doctorate\/M.Phil","Course Time":"Full Time","Course Rating":""},{"Course Name":"Bachelor of Science [B.Sc]","Course Duration":"3 Years","Course Degree":"Degree","Course Graduation":"Graduation","Course Time":"Full Time","Course Rating":""},{"Course Name":"Bachelor of Arts [BA] (English)","Course Duration":"3 Years","Course Degree":"Degree","Course Graduation":"Graduation","Course Time":"Full Time","Course Rating":""}]},{"College_Name":"Sikkim Skill University, South Sikkim","College_Logo":"https:\/\/images.collegedunia.com\/public\/college_data\/images\/logos\/1669119229download.png?h=80&w=80&mode=stretch","Upper_Section_Details":{"Place":"East Sikkim,  Sikkim","Approval":"UGC","Establishment":"Estd 2021","University Type":"Private University"},"College_Rating":8.9,"College_Summary":"","Fees_and_Eligibility":[{"Course":"MBA","Fees":"\u20b91.5 Lakhs (1st Year Fees) ","Eligibility":"Graduation"},{"Course":"B.Sc","Fees":"\u20b990,000 (1st Year Fees) ","Eligibility":"10+2"},{"Course":"Diploma","Fees":"\u20b990,000 (1st Year Fees) ","Eligibility":"10+2"},{"Course":"EMBA","Fees":"\u20b91.2 Lakhs (1st Year Fees) ","Eligibility":"Graduation"},{"Course":"BBA","Fees":"\u20b980,000 (1st Year Fees) ","Eligibility":"10+2"},{"Course":"BCA","Fees":"\u20b990,000 (1st Year Fees) ","Eligibility":"10+2"},{"Course":"PG Diploma","Fees":"\u20b980,000 (Total Fees) ","Eligibility":"Graduation"}],"Courses_Details":[{"Course Name":"Master of Business Administration [MBA]","Course Duration":"2 Years","Course Degree":"Degree","Course Graduation":"Post Graduation","Course Time":"Full Time","Course Rating":"","Application Fees":"\u20b9 150,0001st Yr Fees"},{"Course Name":"Bachelor of Science [B.Sc]","Course Duration":"3 Years","Course Degree":"Degree","Course Graduation":"Graduation","Course Time":"Full Time","Course Rating":"7.0","Course Review":"2 Reviews","Application Fees":"\u20b9 90,0001st Yr Fees"},{"Course Name":"Diploma","Course Duration":"2 Years","Course Degree":"Diploma","Course Graduation":"10+2","Course Time":"Full Time","Course Rating":"","Application Fees":"\u20b9 90,0001st Yr Fees"},{"Course Name":"Bachelor of Physiotherapy [BPT]","Course Duration":"4 Years","Course Degree":"Degree","Course Graduation":"Graduation","Course Time":"Full Time","Course Rating":"","Application Fees":"\u20b9 90,0001st Yr Fees"},{"Course Name":"Executive Master of Business Administration [EMBA]","Course Duration":"2 Years 6 Months","Course Degree":"Degree","Course Graduation":"Post Graduation","Course Time":"Full Time","Course Rating":"","Application Fees":"\u20b9 120,0001st Yr Fees"}]},{"College_Name":"Medhavi Skills University, East Sikkim","College_Logo":"https:\/\/images.collegedunia.com\/public\/college_data\/images\/logos\/1671533299c09d1c70e00047c882ff3adf812a283b.jpg?h=80&w=80&mode=stretch","Upper_Section_Details":null,"College_Rating":null,"College_Summary":null,"Fees_and_Eligibility":null,"Courses_Details":null}]