[{"College_Name":"ICFAI University Tripura","College_Logo":"https:\/\/images.collegedunia.com\/public\/college_data\/images\/logos\/1611488262Logo.jpg?h=80&w=80&mode=stretch","Upper_Section_Details":{"Place":"West Tripura,  Tripura","Approval":"AICTE","Establishment":"Estd 2004","University Type":"Private University"},"College_Rating":8.0,"College_Summary":"The Institute of Chartered Financial Analyst of India (ICFAI) University, Tripura is a Deemed-to-be University offering 18\u00a0Undergraduate, 15\u00a0Postgraduate, 1\u00a0Postgraduate Diploma, and 4 Paramedical Courses in the fields of\u00a0Business, Finance, Management, Technology, and Education. The university is ranked:","Fees_and_Eligibility":[{"Course":"MBA","Fees":"\u20b91.6 Lakhs (1st Year Fees) ","Eligibility":"Graduation with 45% + CAT"},{"Course":"Ph.D","Fees":"\u20b91.11 Lakhs (1st Year Fees) ","Eligibility":"Post Graduation"},{"Course":"L.L.M","Fees":"\u20b970,000 (1st Year Fees) ","Eligibility":"Graduation"},{"Course":"B.Tech","Fees":"\u20b91.3 Lakhs (1st Year Fees) ","Eligibility":"10+2  with 55% + IUTAT"},{"Course":"B.Ed","Fees":"\u20b91.1 Lakhs (1st Year Fees) ","Eligibility":"Graduation with 50%"},{"Course":"BCA","Fees":"\u20b958,000 (1st Year Fees) ","Eligibility":"10+2"},{"Course":"BA {Hons.}","Fees":"\u20b970,000 (1st Year Fees) ","Eligibility":"10+2 with 50%"}],"Courses_Details":[{"Course Name":"Master of Business Administration [MBA]","Course Duration":"2 Years","Course Degree":"Degree","Course Graduation":"Post Graduation","Course Time":"Full Time","Course Rating":"8.4","Course Review":"7 Reviews","Exam Accepted":"CAT","Application Date":"2 Apr 2024","Application Fees":"\u20b9 160,0001st Yr Fees"},{"Course Name":"Ph.D","Course Duration":"3 Years","Course Degree":"Degree","Course Graduation":"Doctorate\/M.Phil","Course Time":"Full Time","Course Rating":"Rated #173\n          out of 197\n          by\n        India Today in Science","Application Fees":"\u20b9 111,0001st Yr Fees"},{"Course Name":"Master of Laws [L.L.M]","Course Duration":"2 Years","Course Degree":"Degree","Course Graduation":"Post Graduation","Course Time":"Full Time","Course Rating":"Rated #40\n          out of 70\n          by\n        India Today in Law","Application Date":"31 July 2024","Application Fees":"\u20b9 70,0001st Yr Fees"},{"Course Name":"Bachelor of Technology [B.Tech]","Course Duration":"4 Years","Course Degree":"Degree","Course Graduation":"Graduation","Course Time":"Full Time","Course Rating":"7.7","Course Review":"47 Reviews","Exam Accepted":"ITSAT","Application Date":"31 July 2024","Application Fees":"\u20b9 130,0001st Yr Fees"},{"Course Name":"Bachelor of Education [B.Ed]","Course Duration":"2 Years","Course Degree":"Degree","Course Graduation":"Graduation","Course Time":"Full Time","Course Rating":"","Application Date":"31 July 2024","Application Fees":"\u20b9 110,0001st Yr Fees"}]},{"College_Name":"NIT Agartala (NITA)","College_Logo":"https:\/\/images.collegedunia.com\/public\/college_data\/images\/logos\/1509604414cgdvshbcjhdszkdnckj.png?h=80&w=80&mode=stretch","Upper_Section_Details":{"Place":"Agartala,  Tripura","Approval":"AICTE","Establishment":"Estd 1965","University Type":"Autonomous University"},"College_Rating":8.0,"College_Summary":"NIT Agartala is a public engineering college\u00a0established in 1965 as Tripura Engineering College. The NIT Agartala offers a variety of UG and PG programs in the fields of engineering, management, fundamental science, and humanities. NIT Agartala is renowned for its B.Tech curriculum and has received rankings and recognition from NIRF and ARIIA. NIT Agartala is ranked 91 for BTech by NIRF Ranking 2023. Also, check\u00a0NIT Agartala Admission.","Fees_and_Eligibility":[{"Course":"B.Tech","Fees":"\u20b91.51 Lakhs (1st Year Fees) ","Eligibility":"10+2 with 75% + JEE Main"},{"Course":"M.Tech","Fees":"\u20b91.04 Lakhs (1st Year Fees) ","Eligibility":"Graduation with 60% + GATE"},{"Course":"M.Sc","Fees":"\u20b926,450 (1st Year Fees) ","Eligibility":"Graduation with 60% + IIT JAM"},{"Course":"MBA","Fees":"\u20b969,620 (1st Year Fees) ","Eligibility":"Graduation with 60% + CAT"},{"Course":"MCA","Fees":"\u20b989,800 (1st Year Fees) ","Eligibility":"Graduation with 60% + NIMCET"},{"Course":"Ph.D","Fees":"\u20b928,800 (1st Year Fees) ","Eligibility":"Post Graduation"},{"Course":"BS + MS","Fees":"\u20b931,800 (1st Year Fees) ","Eligibility":"10+2 with 75% + JEE"}],"Courses_Details":[{"Course Name":"Bachelor of Technology [B.Tech]","Course Duration":"4 Years","Course Degree":"Degree","Course Graduation":"Graduation","Course Time":"Full Time","Course Rating":"8.0","Course Review":"257 Reviews","Exam Accepted":"JEE Main","Application Date":"19 June - 31 Jul 2024","Application Fees":"\u20b9 150,5501st Yr Fees"},{"Course Name":"Master of Technology [M.Tech]","Course Duration":"2 Years","Course Degree":"Degree","Course Graduation":"Post Graduation","Course Time":"Full Time","Course Rating":"8.2","Course Review":"5 Reviews","Exam Accepted":"GATE","Application Date":"5 June - 26 Jun 2024","Application Fees":"\u20b9 103,6501st Yr Fees"},{"Course Name":"Master of Science [M.Sc]","Course Duration":"2 Years","Course Degree":"Degree","Course Graduation":"Post Graduation","Course Time":"Full Time","Course Rating":"8.7","Course Review":"1 Reviews","Exam Accepted":"IIT JAM","Application Date":"5 June - 26 Jun 2024","Application Fees":"\u20b9 26,4501st Yr Fees"},{"Course Name":"Master of Business Administration [MBA]","Course Duration":"2 Years","Course Degree":"Degree","Course Graduation":"Post Graduation","Course Time":"Full Time","Course Rating":"8.6","Course Review":"12 Reviews","Exam Accepted":"CAT","Application Fees":"\u20b9 69,6201st Yr Fees"},{"Course Name":"Master of Computer Applications [M.C.A]","Course Duration":"2 Years","Course Degree":"Degree","Course Graduation":"Post Graduation","Course Time":"Full Time","Course Rating":"9.3","Course Review":"1 Reviews","Exam Accepted":"NIMCET","Application Date":"6 Mar - 20 Apr 2024","Application Fees":"\u20b9 89,800*1st Yr Fees"}]},{"College_Name":"IIIT Agartala","College_Logo":"https:\/\/images.collegedunia.com\/public\/college_data\/images\/logos\/1632204039IndianInstituteofInformationTechnologyAgartalaLogo.png?h=80&w=80&mode=stretch","Upper_Section_Details":{"Place":"Agartala,  Tripura","Approval":"MHRD","Establishment":"Estd 2018","University Type":"Government"},"College_Rating":8.3,"College_Summary":"IIIT Agartala is a government university, established in 2018. IIIT Agartala is mentored by NIT Agartala. IIIT Agartala is designated as the Institute of National Importance. IIIT Agartala is currently operating on the NIT Agartala campus until the construction of its permanent premises is completed. IIIT Agartala is constructing a permanent campus on 52 acres near Agartala in Bodhjungnagarat. IIIT Agartala currently offers an undergraduate degree, namely BTech.\u00a0","Fees_and_Eligibility":null,"Courses_Details":[{"Course Name":"Bachelor of Technology [B.Tech] (Computer Science  and Engineering)","Course Duration":"4 Years","Course Degree":"Degree","Course Graduation":"Graduation","Course Time":"Full Time","Course Rating":"8.3","Course Review":"5 Reviews","Exam Accepted":"JEE Main","Application Date":"19 June - 31 Jul 2024","Application Fees":"\u20b9 221,5501st Yr Fees"}]},{"College_Name":"Tripura Institute Of Technology","College_Logo":"https:\/\/images.collegedunia.com\/public\/college_data\/images\/logos\/1421840939logo1.jpg?h=80&w=80&mode=stretch","Upper_Section_Details":{"Place":"Agartala,  Tripura","Approval":"AICTE","Establishment":"Estd 1958","University Type":"Private Institute"},"College_Rating":7.6,"College_Summary":"Tripura Institute of Technology (TIT), earlier known as Polytechnic Institute. It was started with conventional branches of Civil, Electrical and Mechanical Engineering. In 1995, Electronics & Tele-Communication Engineering was introduced. Now, the college offers 5 Bachelor Degree in (Civil Engineering, Computer Science & Engineering, Electronics & Tele-Communication Engineering, Mechanical Engineering and Electrical Engineering) and 8 Diploma courses (Automobile Engineering, Civil Engineering, Computer Science & Technology, Electrical Engineering, Electronics & Tele-Communication Engineering, Food Processing Technology, Mechanical Engineering and Architectural Assistantship).","Fees_and_Eligibility":[{"Course":"BE","Fees":"\u20b912,180 (1st Year Fees) ","Eligibility":"Apply Now "},{"Course":"Diploma","Fees":"\u20b96,751 (Total Fees) ","Eligibility":"Apply Now "},{"Course":"Polytechnic","Fees":"\u20b96,751 (1st Year Fees) ","Eligibility":"Apply Now "},{"Course":"M.Tech","Fees":"\u20b957,000 (1st Year Fees) ","Eligibility":"Apply Now "}],"Courses_Details":[{"Course Name":"Bachelor of Engineering [BE]","Course Duration":"4 Years","Course Degree":"Degree","Course Graduation":"Graduation","Course Time":"Full Time","Course Rating":"7.6","Course Review":"19 Reviews","Exam Accepted":"Tripura JEE","Application Fees":"\u20b9 12,1801st Yr Fees"},{"Course Name":"Diploma in Food Processing","Course Duration":"1 Year","Course Degree":"Diploma","Course Graduation":"10+2","Course Time":"Full Time","Course Rating":"","Application Fees":"\u20b9 6,751Total Fees"},{"Course Name":"Diploma in Engineering (Polytechnic)","Course Duration":"3 Years","Course Degree":"Diploma","Course Graduation":"10th","Course Time":"Full Time","Course Rating":"7.7","Course Review":"1 Reviews","Application Fees":"\u20b9 6,7511st Yr Fees"},{"Course Name":"Master of Technology [M.Tech]","Course Duration":"2 Years","Course Degree":"Degree","Course Time":"Full Time","Course Rating":"","Application Fees":"\u20b9 57,0001st Yr Fees"}]},{"College_Name":"Techno College of Engineering Agartala - [TCEA], Agartala","College_Logo":"https:\/\/images.collegedunia.com\/public\/college_data\/images\/logos\/1602673324Logo.png?h=80&w=80&mode=stretch","Upper_Section_Details":{"Place":"Agartala,  Tripura","Approval":"AICTE, MHRD","Establishment":"Estd 2014","University Type":"Private"},"College_Rating":7.5,"College_Summary":"","Fees_and_Eligibility":null,"Courses_Details":[{"Course Name":"Bachelor of Technology [B.Tech]","Course Duration":"4 Years","Course Degree":"Degree","Course Graduation":"Graduation","Course Time":"Full Time","Course Rating":"8.0","Course Review":"9 Reviews","Exam Accepted":"JEE Main","Application Fees":"\u20b9 78,0001st Yr Fees"},{"Course Name":"Bachelor of Technology [B.Tech] {Lateral}","Course Duration":"3 Years","Course Degree":"Degree","Course Graduation":"Graduation","Course Time":"Full Time","Course Rating":"8.0","Course Review":"9 Reviews","Exam Accepted":"JEE Main","Application Fees":"\u20b9 98,0001st Yr Fees"},{"Course Name":"Bachelor of Technology [B.Tech] {Lateral} (Electrical Engineering)","Course Duration":"3 Years","Course Degree":"Degree","Course Graduation":"Graduation","Course Time":"Part Time","Course Rating":"8.0","Course Review":"9 Reviews","Exam Accepted":"JEE Main","Application Fees":"\u20b9 98,0001st Yr Fees"}]},{"College_Name":"Bhavan's Tripura College of Science and Technology - [BTCST], Agartala","College_Logo":"https:\/\/images.collegedunia.com\/public\/college_data\/images\/logos\/1619769747Untitled.png?h=80&w=80&mode=stretch","Upper_Section_Details":{"Place":"Agartala,  Tripura","Approval":"","Establishment":"Estd 2003","University Type":"Private"},"College_Rating":4.3,"College_Summary":"Bhavan's Tripura College of Science and Technology, Agartala is the pioneer College in the field of Science and technology. The College was requested by the Government of Tripura to set up a college of Science & Technology to teach non-conventional subjects that are not being taught at other colleges in the State and that the College would be self-financing.","Fees_and_Eligibility":[{"Course":"B.Sc","Fees":"\u20b917,000 (1st Year Fees) ","Eligibility":"10+2"},{"Course":"BBA","Fees":"\u20b927,000 (1st Year Fees) ","Eligibility":"10+2 with 45%"},{"Course":"Diploma","Fees":"\u20b915,000 (Total Fees) ","Eligibility":"10+2"},{"Course":"BCA","Fees":"\u20b929,000 (1st Year Fees) ","Eligibility":"10+2 with 45%"},{"Course":"B.Sc {Hons.}","Fees":"\u20b929,000 (1st Year Fees) ","Eligibility":"10+2 with 45%"},{"Course":"M.Sc","Fees":"\u20b955,000 (1st Year Fees) ","Eligibility":"Graduation"},{"Course":"BIT","Fees":"\u20b927,000 (1st Year Fees) ","Eligibility":"10+2 with 45%"}],"Courses_Details":[{"Course Name":"Bachelor of Science [B.Sc]","Course Duration":"3 Years","Course Degree":"Degree","Course Graduation":"Graduation","Course Time":"Full Time","Course Rating":"","Application Fees":"\u20b9 17,0001st Yr Fees"},{"Course Name":"Bachelor of Business Administration [BBA]","Course Duration":"3 Years","Course Degree":"Degree","Course Graduation":"Graduation","Course Time":"Full Time","Course Rating":"","Application Fees":"\u20b9 27,0001st Yr Fees"},{"Course Name":"Diploma","Course Duration":"1 Year","Course Degree":"Diploma","Course Graduation":"10+2","Course Time":"Full Time","Course Rating":"","Application Fees":"\u20b9 15,000Total Fees"},{"Course Name":"Bachelor of Computer Applications [BCA]","Course Duration":"3 Years","Course Degree":"Degree","Course Graduation":"Graduation","Course Time":"Full Time","Course Rating":"","Application Fees":"\u20b9 29,0001st Yr Fees"},{"Course Name":"Bachelor of Information Technology [BIT]","Course Duration":"3 Years","Course Degree":"Degree","Course Graduation":"Graduation","Course Time":"Full Time","Course Rating":"","Application Fees":"\u20b9 27,0001st Yr Fees"}]},{"College_Name":"Bir Bikram Memorial College - [BBMC], Agartala","College_Logo":"https:\/\/images.collegedunia.com\/public\/college_data\/images\/logos\/1415165868logo123.jpg?h=80&w=80&mode=stretch","Upper_Section_Details":{"Place":"Agartala,  Tripura","Approval":"UGC","Establishment":"Estd 1969","University Type":"Government"},"College_Rating":7.8,"College_Summary":"","Fees_and_Eligibility":null,"Courses_Details":[{"Course Name":"Bachelor of Commerce [B.Com] {Hons.} (Accountancy)","Course Duration":"3 Years","Course Degree":"Degree","Course Graduation":"Graduation","Course Time":"Full Time","Course Rating":""},{"Course Name":"Bachelor of Arts [BA]","Course Duration":"3 Years","Course Degree":"Degree","Course Graduation":"Graduation","Course Time":"Full Time","Course Rating":"7.7","Course Review":"2 Reviews"},{"Course Name":"Bachelor of Science [B.Sc]","Course Duration":"3 Years","Course Degree":"Degree","Course Graduation":"Graduation","Course Time":"Full Time","Course Rating":"7.7","Course Review":"2 Reviews"},{"Course Name":"Bachelor of Science [B.Sc] {Hons.}","Course Duration":"3 Years","Course Degree":"Degree","Course Graduation":"Graduation","Course Time":"Full Time","Course Rating":"7.7","Course Review":"2 Reviews"},{"Course Name":"Bachelor of Arts [BA] {Hons.}","Course Duration":"3 Years","Course Degree":"Degree","Course Graduation":"Graduation","Course Time":"Full Time","Course Rating":"7.7","Course Review":"2 Reviews"}]},{"College_Name":"Dasarath Deb Memorial College - [DDMC], West Tripura","College_Logo":"https:\/\/images.collegedunia.com\/public\/college_data\/images\/logos\/1395664455Dasarath Dev Memorial College.png?h=80&w=80&mode=stretch","Upper_Section_Details":{"Place":"West Tripura,  Tripura","Approval":"UGC","Establishment":"Estd 1979","University Type":"Government"},"College_Rating":6.0,"College_Summary":"","Fees_and_Eligibility":null,"Courses_Details":[{"Course Name":"Bachelor of Commerce [B.Com]","Course Duration":"3 Years","Course Degree":"Degree","Course Graduation":"Graduation","Course Time":"Full Time","Course Rating":""},{"Course Name":"Bachelor of Commerce [B.Com] {Hons.}","Course Duration":"3 Years","Course Degree":"Degree","Course Graduation":"Graduation","Course Time":"Full Time","Course Rating":""},{"Course Name":"Bachelor of Science [B.Sc]","Course Duration":"3 Years","Course Degree":"Degree","Course Graduation":"Graduation","Course Time":"Full Time","Course Rating":""},{"Course Name":"Bachelor of Arts [BA]","Course Duration":"3 Years","Course Degree":"Degree","Course Graduation":"Graduation","Course Time":"Full Time","Course Rating":"5.7","Course Review":"4 Reviews"},{"Course Name":"Bachelor of Science [B.Sc] {Hons.}","Course Duration":"3 Years","Course Degree":"Degree","Course Graduation":"Graduation","Course Time":"Full Time","Course Rating":""}]},{"College_Name":"Holy Cross College, Agartala","College_Logo":"https:\/\/images.collegedunia.com\/public\/college_data\/images\/logos\/1393581979Holy Cross College.png?h=80&w=80&mode=stretch","Upper_Section_Details":{"Place":"Agartala,  Tripura","Approval":"","Establishment":"Estd 2009","University Type":"Private"},"College_Rating":7.6,"College_Summary":"Holy Cross College is a co-educational college and located in Agartala city, State of Tripura. This institution provides opportunities of scholarship for academically qualified high school graduates predominantly from the state of Tripura and the northeastern region of India. It is affiliated to Tripura University (a Central University) and offers graduate level courses in arts, science and Computer Applications streams. The library has 8000+ books, a well-furnished reading room, computer lab with internet facilities, and 7 SMART lecture halls with multi-media facilities.","Fees_and_Eligibility":[{"Course":"BA","Fees":"\u20b947,000 (1st Year Fees) ","Eligibility":"10+2"},{"Course":"B.Ed","Fees":"\u20b941,000 (1st Year Fees) ","Eligibility":"Graduation"},{"Course":"B.Sc","Fees":"\u20b947,000 (1st Year Fees) ","Eligibility":"10+2"},{"Course":"BBA","Fees":"\u20b948,000 (1st Year Fees) ","Eligibility":"10+2"},{"Course":"B.Com {Hons.}","Fees":"\u20b947,000 (1st Year Fees) ","Eligibility":"10+2"},{"Course":"B.Com","Fees":"\u20b947,000 (1st Year Fees) ","Eligibility":"10+2"},{"Course":"BA {Hons.}","Fees":"\u20b947,000 (1st Year Fees) ","Eligibility":"10+2"}],"Courses_Details":[{"Course Name":"Bachelor of Arts [BA]","Course Duration":"3 Years","Course Degree":"Degree","Course Graduation":"Graduation","Course Time":"Full Time","Course Rating":"7.5","Course Review":"14 Reviews","Application Fees":"\u20b9 47,0001st Yr Fees"},{"Course Name":"Bachelor of Education [B.Ed]","Course Duration":"2 Years","Course Degree":"Degree","Course Graduation":"Graduation","Course Time":"Full Time","Course Rating":"5.0","Course Review":"1 Reviews","Application Fees":"\u20b9 41,000*1st Yr Fees"},{"Course Name":"Bachelor of Science [B.Sc]","Course Duration":"3 Years","Course Degree":"Degree","Course Graduation":"Graduation","Course Time":"Full Time","Course Rating":"4.3","Course Review":"2 Reviews","Application Fees":"\u20b9 47,0001st Yr Fees"},{"Course Name":"Bachelor of Arts [BA] {Hons.}","Course Duration":"3 Years","Course Degree":"Degree","Course Graduation":"Graduation","Course Time":"Full Time","Course Rating":"7.5","Course Review":"14 Reviews","Application Fees":"\u20b9 47,0001st Yr Fees"},{"Course Name":"Bachelor of Business Administration [BBA]","Course Duration":"3 Years","Course Degree":"Degree","Course Graduation":"Graduation","Course Time":"Full Time","Course Rating":"7.3","Course Review":"2 Reviews","Application Fees":"\u20b9 48,0001st Yr Fees"}]},{"College_Name":"Netaji Subhash Mahavidyalaya, Udaipur","College_Logo":"https:\/\/images.collegedunia.com\/public\/college_data\/images\/logos\/col32840.png?h=80&w=80&mode=stretch","Upper_Section_Details":{"Place":"Udaipur,  Tripura","Approval":"UGC","Establishment":"Estd 1979","University Type":"Private"},"College_Rating":7.5,"College_Summary":"","Fees_and_Eligibility":null,"Courses_Details":[{"Course Name":"Bachelor of Commerce [B.Com]","Course Duration":"3 Years","Course Degree":"Degree","Course Graduation":"Graduation","Course Time":"Full Time","Course Rating":""},{"Course Name":"Bachelor of Commerce [B.Com] {Hons.}","Course Duration":"3 Years","Course Degree":"Degree","Course Graduation":"Graduation","Course Time":"Full Time","Course Rating":""},{"Course Name":"Bachelor of Science [B.Sc] {Hons.}","Course Duration":"3 Years","Course Degree":"Degree","Course Graduation":"Graduation","Course Time":"Full Time","Course Rating":""},{"Course Name":"Bachelor of Arts [BA]","Course Duration":"3 Years","Course Degree":"Degree","Course Graduation":"Graduation","Course Time":"Full Time","Course Rating":"1 Reviews","Course Review":"1 Reviews"},{"Course Name":"Bachelor of Arts [BA] {Hons.}","Course Duration":"3 Years","Course Degree":"Degree","Course Graduation":"Graduation","Course Time":"Full Time","Course Rating":"1 Reviews","Course Review":"1 Reviews"}]},{"College_Name":"Ramthakur College, West Tripura","College_Logo":"https:\/\/images.collegedunia.com\/public\/college_data\/images\/logos\/col3723.jpg?h=80&w=80&mode=stretch","Upper_Section_Details":{"Place":"West Tripura,  Tripura","Approval":"","Establishment":"Estd 1967","University Type":"Public"},"College_Rating":7.1,"College_Summary":"Ramthakur College, an affiliated college of the University of Tripura, is a co-educational institution and teaches at the graduate level in different subjects.","Fees_and_Eligibility":null,"Courses_Details":[{"Course Name":"Bachelor of Arts [BA]","Course Duration":"3 Years","Course Degree":"Degree","Course Graduation":"Graduation","Course Time":"Full Time","Course Rating":"6.8","Course Review":"7 Reviews","Application Fees":"\u20b9 7,500Total Fees"},{"Course Name":"Bachelor of Commerce [B.Com] {Hons.}","Course Duration":"3 Years","Course Degree":"Degree","Course Graduation":"Graduation","Course Time":"Full Time","Course Rating":"6.0","Course Review":"3 Reviews"},{"Course Name":"Bachelor of Commerce [B.Com]","Course Duration":"3 Years","Course Degree":"Degree","Course Graduation":"Graduation","Course Time":"Full Time","Course Rating":"6.0","Course Review":"3 Reviews"},{"Course Name":"Bachelor of Arts [BA] {Hons.}","Course Duration":"3 Years","Course Degree":"Degree","Course Graduation":"Graduation","Course Time":"Full Time","Course Rating":"6.8","Course Review":"7 Reviews"},{"Course Name":"Bachelor of Science [B.Sc] {Hons.}","Course Duration":"3 Years","Course Degree":"Degree","Course Graduation":"Graduation","Course Time":"Full Time","Course Rating":"7.3","Course Review":"1 Reviews"}]},{"College_Name":"Womens College, Agartala","College_Logo":"https:\/\/images.collegedunia.com\/public\/college_data\/images\/logos\/1423985741gf.jpg?h=80&w=80&mode=stretch","Upper_Section_Details":{"Place":"Agartala,  Tripura","Approval":"","Establishment":"Estd 1965","University Type":"Private Institute"},"College_Rating":7.5,"College_Summary":"","Fees_and_Eligibility":null,"Courses_Details":[{"Course Name":"Bachelor of Science [B.Sc]","Course Duration":"3 Years","Course Degree":"Degree","Course Graduation":"Graduation","Course Time":"Full Time","Course Rating":""},{"Course Name":"Bachelor of Arts [BA]","Course Duration":"3 Years","Course Degree":"Degree","Course Graduation":"Graduation","Course Time":"Full Time","Course Rating":"6.3","Course Review":"1 Reviews"},{"Course Name":"Bachelor of Science [B.Sc] {Hons.}","Course Duration":"3 Years","Course Degree":"Degree","Course Graduation":"Graduation","Course Time":"Full Time","Course Rating":""},{"Course Name":"Bachelor of Arts [BA] {Hons.}","Course Duration":"3 Years","Course Degree":"Degree","Course Graduation":"Graduation","Course Time":"Full Time","Course Rating":"6.3","Course Review":"1 Reviews"},{"Course Name":"Certificate Course in Spoken English","Course Duration":"6 Months","Course Degree":"Certification","Course Graduation":"10+2","Course Time":"Full Time","Course Rating":""}]},{"College_Name":"Agartala Government Medical College, Agartala","College_Logo":"https:\/\/images.collegedunia.com\/public\/college_data\/images\/logos\/1635768059agmclogofullsize.png?h=80&w=80&mode=stretch","Upper_Section_Details":{"Place":"Agartala,  Tripura","Approval":"MCI","Establishment":"Estd 2005","University Type":"Public"},"College_Rating":7.6,"College_Summary":"Agartala Government Medical College, founded in 2005 has played a significant role in providing Medical Education to students of the State of Agartala and North East India. The college is affiliated to the Tripura University and the courses offered are recognized by the Medical Council of India.\u00a0","Fees_and_Eligibility":null,"Courses_Details":[{"Course Name":"M.B.B.S.","Course Duration":"5 Years","Course Degree":"Degree","Course Graduation":"Graduation","Course Time":"Full Time","Course Rating":"8.0","Course Review":"52 Reviews","Exam Accepted":"NEET","Application Date":"9 Feb - 16 Mar 2024","Application Fees":"\u20b9 105,500*1st Yr Fees"},{"Course Name":"Master of Surgery [MS]","Course Duration":"3 Years","Course Degree":"Degree","Course Graduation":"Post Graduation","Course Time":"Full Time","Course Rating":"","Exam Accepted":"NEET PG","Application Fees":"\u20b9 190,000*1st Yr Fees"},{"Course Name":"Doctorate of Medicine [MD]","Course Duration":"3 Years","Course Degree":"Degree","Course Graduation":"Post Graduation","Course Time":"Full Time","Course Rating":"","Exam Accepted":"NEET PG","Application Fees":"\u20b9 190,000*1st Yr Fees"}]},{"College_Name":"Tripura Medical College, West Tripura","College_Logo":"https:\/\/images.collegedunia.com\/public\/college_data\/images\/logos\/1430889987tripura.jpg?h=80&w=80&mode=stretch","Upper_Section_Details":{"Place":"West Tripura,  Tripura","Approval":"MCI","Establishment":"Estd 2006","University Type":"Private"},"College_Rating":7.3,"College_Summary":"Tripura Medical College is recognized as one of the best medical institutions in India as it is recognized by the Medical Council Of India(MCI), the Ministry of Health, the and Government Of India. The Institution offers Both UG and PG courses. The course offered at the UG level is MBBS and\u00a0MD\u00a0and MS course at PG Level and it provides specialization in Medical Science, General Medicine, Pathology, and\u00a0Otorhinolaryngology. A well-known Dr.B.R. Ambedkar Memorial Teaching hospital is inside the campus. Many students of the Institution have made remarkable achievements by securing many great positions on various occasions that were held by the University. The most popular program offered by the\u00a0Tripura Medical College\u00a0is MBBS and a rotary internship program 2021 is organized every year. The admission will be done based on the aggregate score based on UG Neet and PG Neet .80% of seats are for state domicile seats and 20% of seats are for students of other states. Students belonging to the General - PH Category will be eligible for 5% relaxation marks in the aggregate score.","Fees_and_Eligibility":null,"Courses_Details":[{"Course Name":"M.B.B.S.","Course Duration":"5 Years","Course Degree":"Degree","Course Graduation":"Graduation","Course Time":"Full Time","Course Rating":"7.5","Course Review":"48 Reviews","Exam Accepted":"NEET","Application Fees":"\u20b9 1,439,7201st Yr Fees"},{"Course Name":"Doctorate of Medicine [MD]","Course Duration":"3 Years","Course Degree":"Degree","Course Graduation":"Post Graduation","Course Time":"Full Time","Course Rating":"","Application Fees":"\u20b9 4,886,5001st Yr Fees"},{"Course Name":"Master of Surgery [MS] (E.N.T.)","Course Duration":"3 Years","Course Degree":"Degree","Course Graduation":"Post Graduation","Course Time":"Full Time","Course Rating":"","Application Fees":"\u20b9 2,021,0001st Yr Fees"}]},{"College_Name":"Government Degree College, North Tripura","College_Logo":"https:\/\/images.collegedunia.com\/public\/college_data\/images\/logos\/1423905681Capture.jpg?h=80&w=80&mode=stretch","Upper_Section_Details":{"Place":"North Tripura,  Tripura","Approval":"","Establishment":"Estd 1979","University Type":"Government"},"College_Rating":7.4,"College_Summary":"","Fees_and_Eligibility":[{"Course":"BA","Fees":"\u20b9360 (1st Year Fees) ","Eligibility":"10+2"},{"Course":"BCA","Fees":"\u20b9702 (1st Year Fees) ","Eligibility":"10+2"},{"Course":"BA {Hons.}","Fees":"\u20b9362 (1st Year Fees) ","Eligibility":"10+2"},{"Course":"B.Com","Fees":"\u20b9362 (1st Year Fees) ","Eligibility":"10+2"},{"Course":"B.Sc","Fees":"\u20b9702 (1st Year Fees) ","Eligibility":"10+2"},{"Course":"B.Sc {Hons.}","Fees":"\u20b9702 (1st Year Fees) ","Eligibility":"10+2"},{"Course":"B.Com {Hons.}","Fees":"\u20b9362 (1st Year Fees) ","Eligibility":"10+2"}],"Courses_Details":[{"Course Name":"Bachelor of Arts [BA]","Course Duration":"3 Years","Course Degree":"Degree","Course Graduation":"Graduation","Course Time":"Full Time","Course Rating":"6.0","Course Review":"1 Reviews","Application Fees":"\u20b9 3601st Yr Fees"},{"Course Name":"Bachelor of Computer Applications [BCA]","Course Duration":"3 Years","Course Degree":"Degree","Course Graduation":"Graduation","Course Time":"Full Time","Course Rating":"","Application Fees":"\u20b9 7021st Yr Fees"},{"Course Name":"Bachelor of Arts [BA] {Hons.}","Course Duration":"3 Years","Course Degree":"Degree","Course Graduation":"Graduation","Course Time":"Full Time","Course Rating":"6.0","Course Review":"1 Reviews","Application Fees":"\u20b9 3621st Yr Fees"},{"Course Name":"Bachelor of Commerce [B.Com]","Course Duration":"3 Years","Course Degree":"Degree","Course Graduation":"Graduation","Course Time":"Full Time","Course Rating":"","Application Fees":"\u20b9 3621st Yr Fees"},{"Course Name":"Bachelor of Science [B.Sc]","Course Duration":"3 Years","Course Degree":"Degree","Course Graduation":"Graduation","Course Time":"Full Time","Course Rating":"5.3","Course Review":"7 Reviews","Application Fees":"\u20b9 7021st Yr Fees"}]},{"College_Name":"Bhavans Tripura College of Teacher Education - [BTCTE], Agartala","College_Logo":"https:\/\/images.collegedunia.com\/public\/college_data\/images\/logos\/1562565708logo.png?h=80&w=80&mode=stretch","Upper_Section_Details":{"Place":"Agartala,  Tripura","Approval":"NCTE","Establishment":"Estd 2005","University Type":"Private Institute"},"College_Rating":8.2,"College_Summary":"","Fees_and_Eligibility":null,"Courses_Details":[{"Course Name":"Bachelor of Education [B.Ed]","Course Duration":"2 Years","Course Degree":"Degree","Course Graduation":"Graduation","Course Time":"Full Time","Course Rating":"8.7","Course Review":"1 Reviews","Application Fees":"\u20b9 105,0001st Yr Fees"},{"Course Name":"Diploma in Elementary Education [D.El.Ed.]","Course Duration":"2 Years","Course Degree":"Diploma","Course Graduation":"10+2","Course Time":"Full Time","Course Rating":""}]},{"College_Name":"Tripura University","College_Logo":"https:\/\/images.collegedunia.com\/public\/college_data\/images\/logos\/1421832220download.jpg?h=80&w=80&mode=stretch","Upper_Section_Details":{"Place":"West Tripura,  Tripura","Approval":"","Establishment":"Estd 1987","University Type":"Central University"},"College_Rating":7.2,"College_Summary":"Tripura University is a UGC approved Central University located in Agartala, Tripura. Established in 1987, Tripura University was formerly a part of Calcutta University. With more than 40 affiliated colleges, the main campus is spread across a respectable 75 acres of land.\u00a0","Fees_and_Eligibility":[{"Course":"M.A","Fees":"\u20b97,800 (1st Year Fees) ","Eligibility":"26 Dec - 10 Feb 2024"},{"Course":"B.Ed","Fees":"\u20b960,300 (1st Year Fees) ","Eligibility":"26 Dec - 10 Feb 2024"},{"Course":"MBA","Fees":"\u20b959,300 (1st Year Fees) ","Eligibility":"26 Dec - 10 Feb 2024"},{"Course":"M.Tech","Fees":"\u20b955,300 (1st Year Fees) ","Eligibility":"26 Dec - 10 Feb 2024"},{"Course":"BBA","Fees":"\u20b959,300 (1st Year Fees) ","Eligibility":"27 Feb - 26 Mar 2024"},{"Course":"M.Sc","Fees":"\u20b99,800 (1st Year Fees) ","Eligibility":"26 Dec - 10 Feb 2024"}],"Courses_Details":[{"Course Name":"Master of Arts [M.A]","Course Duration":"2 Years","Course Degree":"Degree","Course Graduation":"Post Graduation","Course Time":"Full Time","Course Rating":"9 Reviews","Course Review":"9 Reviews","Exam Accepted":"CUET PG","Application Date":"26 Dec - 10 Feb 2024","Application Fees":"\u20b9 7,8001st Yr Fees"},{"Course Name":"Bachelor of Education [B.Ed]","Course Duration":"2 Years","Course Degree":"Degree","Course Graduation":"Graduation","Course Time":"Full Time","Course Rating":"1 Reviews","Course Review":"1 Reviews","Exam Accepted":"CUET PG","Application Date":"26 Dec - 10 Feb 2024","Application Fees":"\u20b9 60,3001st Yr Fees"},{"Course Name":"Master of Business Administration [MBA]","Course Duration":"2 Years","Course Degree":"Degree","Course Graduation":"Post Graduation","Course Time":"Full Time","Course Rating":"8.4","Course Review":"5 Reviews","Exam Accepted":"MAT","Application Date":"26 Dec - 10 Feb 2024","Application Fees":"\u20b9 59,3001st Yr Fees"},{"Course Name":"Master of Technology [M.Tech]","Course Duration":"2 Years","Course Degree":"Degree","Course Graduation":"Post Graduation","Course Time":"Full Time","Course Rating":"7.3","Course Review":"1 Reviews","Exam Accepted":"CUET PG","Application Date":"26 Dec - 10 Feb 2024","Application Fees":"\u20b9 55,3001st Yr Fees"},{"Course Name":"Bachelor of Business Administration [BBA]","Course Duration":"3 Years","Course Degree":"Degree","Course Graduation":"Graduation","Course Time":"Full Time","Course Rating":"1 Reviews","Course Review":"1 Reviews","Exam Accepted":"CUET","Application Date":"27 Feb - 26 Mar 2024","Application Fees":"\u20b9 59,3001st Yr Fees"}]},{"College_Name":"Maharaja Bir Bikram College","College_Logo":"https:\/\/images.collegedunia.com\/public\/college_data\/images\/logos\/1487841765logo..jpg?h=80&w=80&mode=stretch","Upper_Section_Details":{"Place":"Agartala,  Tripura","Approval":"UGC","Establishment":"Estd 1947","University Type":"Public"},"College_Rating":6.5,"College_Summary":"Maharaja Bir Bikram University (MBBU) has started the admission process for the Integrated Master Degree (IMD) Program in Commerce for the Academic Session 2020-21.\u00a0Apply Now","Fees_and_Eligibility":[{"Course":"B.Sc {Hons.}","Fees":"\u20b94,000 (1st Year Fees) ","Eligibility":"10+2"},{"Course":"B.Sc","Fees":"\u20b94,000 (1st Year Fees) ","Eligibility":"10+2"},{"Course":"BA {Hons.}","Fees":"\u20b92,500 (1st Year Fees) ","Eligibility":"10+2"},{"Course":"BA","Fees":"\u20b92,500 (1st Year Fees) ","Eligibility":"10+2"},{"Course":"B.Com {Hons.}","Fees":"\u20b93,000 (1st Year Fees) ","Eligibility":"10+2"},{"Course":"B.Com","Fees":"\u20b93,000 (1st Year Fees) ","Eligibility":"10+2"}],"Courses_Details":[{"Course Name":"Bachelor of Science [B.Sc] {Hons.}","Course Duration":"3 Years","Course Degree":"Degree","Course Graduation":"Graduation","Course Time":"Full Time","Course Rating":"6.8","Course Review":"8 Reviews","Application Fees":"\u20b9 4,0001st Yr Fees"},{"Course Name":"Bachelor of Science [B.Sc]","Course Duration":"3 Years","Course Degree":"Degree","Course Graduation":"Graduation","Course Time":"Full Time","Course Rating":"6.8","Course Review":"8 Reviews","Application Fees":"\u20b9 4,0001st Yr Fees"},{"Course Name":"Bachelor of Arts [BA] {Hons.}","Course Duration":"3 Years","Course Degree":"Degree","Course Graduation":"Graduation","Course Time":"Full Time","Course Rating":"6.1","Course Review":"8 Reviews","Application Fees":"\u20b9 2,5001st Yr Fees"},{"Course Name":"Bachelor of Commerce [B.Com] {Hons.}","Course Duration":"3 Years","Course Degree":"Degree","Course Graduation":"Graduation","Course Time":"Full Time","Course Rating":"6.3","Course Review":"1 Reviews","Application Fees":"\u20b9 3,0001st Yr Fees"},{"Course Name":"Bachelor of Arts [BA]","Course Duration":"3 Years","Course Degree":"Degree","Course Graduation":"Graduation","Course Time":"Full Time","Course Rating":"6.1","Course Review":"8 Reviews","Application Fees":"\u20b9 2,5001st Yr Fees"}]},{"College_Name":"ICFAI University, Directorate of Distance Education, Tripura","College_Logo":"https:\/\/images.collegedunia.com\/public\/college_data\/images\/logos\/1543828429iclogo.jpg?h=80&w=80&mode=stretch","Upper_Section_Details":{"Place":"Agartala,  Tripura","Approval":"DEB","Establishment":"","University Type":"Private"},"College_Rating":8.1,"College_Summary":"ICFAI University, Directorate of Distance Education, Agartala, Tripura was launched in the year 2007 to provide flexible learning options to those unable to attend full time courses. It offers courses such as BBA, MBA, MBA Executive, PG Diploma and Diploma in the field of Management. Admission to the university is done on the basis of merit. Interested candidates can apply in online or offline mode.","Fees_and_Eligibility":null,"Courses_Details":[{"Course Name":"Master of Business Administration [MBA]","Course Duration":"2 Years","Course Degree":"Degree","Course Graduation":"Post Graduation","Course Time":"Part Time","Course Rating":"8.3","Course Review":"2 Reviews","Application Date":"10 Feb 2024","Application Fees":"\u20b9 150,0001st Yr Fees"},{"Course Name":"Bachelor of Business Administration [BBA]","Course Duration":"3 Years","Course Degree":"Degree","Course Graduation":"Graduation","Course Time":"Part Time","Course Rating":"7.7","Course Review":"1 Reviews","Application Fees":"\u20b9 14,0001st Yr Fees"},{"Course Name":"Diploma","Course Duration":"1 Year","Course Degree":"Diploma","Course Graduation":"10+2","Course Time":"Part Time","Course Rating":"","Application Fees":"\u20b9 18,5001st Yr Fees"}]},{"College_Name":"Institute of Advanced Studies in Education-[IASE], Agartala","College_Logo":"https:\/\/images.collegedunia.com\/public\/college_data\/images\/logos\/1546584968downloadnew.png?h=80&w=80&mode=stretch","Upper_Section_Details":{"Place":"Agartala,  Tripura","Approval":"NCTE, MHRD","Establishment":"Estd 1964","University Type":"Government"},"College_Rating":8.3,"College_Summary":"IASE was established in 1964 and is affiliated to Tripura University. It's a Government Institute and is recognized by NCTE. The Institute offers B.Ed and M.Ed courses. IASE is equipped with all the required facilities and equipment needed to create a holistic learning environment for the students. Admission to both these courses is based on merit. Interested candidates can apply to this Institute online.\u00a0","Fees_and_Eligibility":null,"Courses_Details":[{"Course Name":"Bachelor of Education [B.Ed]","Course Duration":"2 Years","Course Degree":"Degree","Course Graduation":"Graduation","Course Time":"Full Time","Course Rating":"7.0","Course Review":"1 Reviews","Application Fees":"\u20b9 601st Yr Fees"},{"Course Name":"Master of Education [M.Ed]","Course Duration":"2 Years","Course Degree":"Degree","Course Graduation":"Post Graduation","Course Time":"Full Time","Course Rating":"","Application Fees":"\u20b9 1,1001st Yr Fees"}]},{"College_Name":"TTAADC Polytechnic Institute, West Tripura","College_Logo":"https:\/\/images.collegedunia.com\/public\/college_data\/images\/logos\/1597139241logo.png?h=80&w=80&mode=stretch","Upper_Section_Details":{"Place":"West Tripura,  Tripura","Approval":"","Establishment":"Estd 2016","University Type":"Government"},"College_Rating":7.3,"College_Summary":"TTAADC Polytechnic Institute was established in 2016 and is the leading Government College located in Khumulwng. The institute offers a wide range of academic courses and programmes approved by AICTE. The college is affiliated to Tripura University, Agartala and is recognized for its spectacular academic standards.","Fees_and_Eligibility":null,"Courses_Details":null},{"College_Name":"College of Teacher Education, Kumarghat","College_Logo":"https:\/\/images.collegedunia.com\/public\/college_data\/images\/logos\/?h=80&w=80&mode=stretch","Upper_Section_Details":{"Place":"Kumarghat,  Tripura","Approval":"NCTE","Establishment":"Estd 2015","University Type":"Government"},"College_Rating":"","College_Summary":"","Fees_and_Eligibility":null,"Courses_Details":[{"Course Name":"Bachelor of Education [B.Ed]","Course Duration":"2 Years","Course Degree":"Degree","Course Graduation":"Graduation","Course Time":"Full Time","Course Rating":""},{"Course Name":"Diploma in Elementary Education [D.El.Ed.]","Course Duration":"2 Years","Course Degree":"Diploma","Course Graduation":"10+2","Course Time":"Full Time","Course Rating":""}]},{"College_Name":"Directorate of Distance Education, Tripura University, West Tripura","College_Logo":"https:\/\/images.collegedunia.com\/public\/college_data\/images\/logos\/1615285299TU.jpg?h=80&w=80&mode=stretch","Upper_Section_Details":{"Place":"West Tripura,  Tripura","Approval":"","Establishment":"Estd 1987","University Type":"Government"},"College_Rating":"","College_Summary":"","Fees_and_Eligibility":null,"Courses_Details":[{"Course Name":"Bachelor of Arts [BA]","Course Duration":"3 Years","Course Degree":"Degree","Course Graduation":"Graduation","Course Time":"Part Time","Course Rating":""},{"Course Name":"Master of Arts [MA]","Course Duration":"2 Years","Course Degree":"Degree","Course Graduation":"Post Graduation","Course Time":"Part Time","Course Rating":""}]},{"College_Name":"Government Degree College, Dhalai","College_Logo":"https:\/\/images.collegedunia.com\/public\/college_data\/images\/logos\/1615543829GDCKlogo.png?h=80&w=80&mode=stretch","Upper_Section_Details":{"Place":"Dhalai,  Tripura","Approval":"","Establishment":"Estd 1987","University Type":"Government"},"College_Rating":8.5,"College_Summary":"","Fees_and_Eligibility":[{"Course":"B.A {Hons.}","Fees":"\u20b9322 (1st Year Fees) ","Eligibility":"10+2"},{"Course":"B.Sc {Hons.}","Fees":"\u20b9320 (1st Year Fees) ","Eligibility":"10+2"},{"Course":"B.Sc","Fees":"\u20b9320 (1st Year Fees) ","Eligibility":"10+2"},{"Course":"BA","Fees":"\u20b9320 (1st Year Fees) ","Eligibility":"10+2"}],"Courses_Details":[{"Course Name":"Bachelor of Arts [B.A] {Hons.}","Course Duration":"3 Years","Course Degree":"Degree","Course Graduation":"Graduation","Course Time":"Full Time","Course Rating":"1 Reviews","Course Review":"1 Reviews","Application Fees":"\u20b9 3221st Yr Fees"},{"Course Name":"Bachelor of Science [B.Sc] {Hons.}","Course Duration":"3 Years","Course Degree":"Degree","Course Graduation":"Graduation","Course Time":"Full Time","Course Rating":"","Application Fees":"\u20b9 3201st Yr Fees"},{"Course Name":"Bachelor of Science [B.Sc]","Course Duration":"3 Years","Course Degree":"Degree","Course Graduation":"Graduation","Course Time":"Full Time","Course Rating":"","Application Fees":"\u20b9 3201st Yr Fees"},{"Course Name":"Bachelor of Arts [BA]","Course Duration":"3 Years","Course Degree":"Degree","Course Graduation":"Graduation","Course Time":"Full Time","Course Rating":"1 Reviews","Course Review":"1 Reviews","Application Fees":"\u20b9 3201st Yr Fees"}]},{"College_Name":"Kabi Nazrul Mahavidyalaya - [KNM], Sonamura","College_Logo":"https:\/\/images.collegedunia.com\/public\/college_data\/images\/logos\/1616064866knmtripuralogo.jpg?h=80&w=80&mode=stretch","Upper_Section_Details":{"Place":"Sonamura,  Tripura","Approval":"UGC","Establishment":"Estd 1988","University Type":"Government"},"College_Rating":"","College_Summary":"","Fees_and_Eligibility":null,"Courses_Details":[{"Course Name":"Bachelor of Arts [BA] {Hons.}","Course Duration":"3 Years","Course Degree":"Degree","Course Graduation":"Graduation","Course Time":"Full Time","Course Rating":""},{"Course Name":"Bachelor of Science [B.Sc]","Course Duration":"3 Years","Course Degree":"Degree","Course Graduation":"Graduation","Course Time":"Full Time","Course Rating":""},{"Course Name":"Bachelor of Arts [BA]","Course Duration":"3 Years","Course Degree":"Degree","Course Graduation":"Graduation","Course Time":"Full Time","Course Rating":""},{"Course Name":"Bachelor of Science [B.Sc] {Hons.}","Course Duration":"3 Years","Course Degree":"Degree","Course Graduation":"Graduation","Course Time":"Full Time","Course Rating":""}]},{"College_Name":"Adwaita Malla Barman Smriti Mahavidyalaya (AMBS), Amarpur","College_Logo":"https:\/\/images.collegedunia.com\/public\/college_data\/images\/logos\/1616499447AMBSlogo.png?h=80&w=80&mode=stretch","Upper_Section_Details":{"Place":"Amarpur,  Tripura","Approval":"UGC","Establishment":"Estd 1988","University Type":""},"College_Rating":"","College_Summary":"","Fees_and_Eligibility":null,"Courses_Details":[{"Course Name":"Bachelor of Science [B.Sc]","Course Duration":"3 Years","Course Degree":"Degree","Course Graduation":"Graduation","Course Time":"Full Time","Course Rating":"","Application Fees":"\u20b9 9681st Yr Fees"},{"Course Name":"Bachelor of Arts [BA] {Hons.}","Course Duration":"3 Years","Course Degree":"Degree","Course Graduation":"Graduation","Course Time":"Full Time","Course Rating":"","Application Fees":"\u20b9 9701st Yr Fees"},{"Course Name":"Bachelor of Arts [BA]","Course Duration":"3 Years","Course Degree":"Degree","Course Graduation":"Graduation","Course Time":"Full Time","Course Rating":"","Application Fees":"\u20b9 9681st Yr Fees"}]},{"College_Name":"Maharaja Bir Bikram University, Agartala","College_Logo":"https:\/\/images.collegedunia.com\/public\/college_data\/images\/logos\/1626417855logo.png?h=80&w=80&mode=stretch","Upper_Section_Details":{"Place":"Agartala,  Tripura","Approval":"UGC","Establishment":"Estd 2015","University Type":"State University"},"College_Rating":7.9,"College_Summary":"","Fees_and_Eligibility":null,"Courses_Details":[{"Course Name":"Master of Library and Information Science [M.Lib.I.Sc]","Course Duration":"2 Years","Course Degree":"Degree","Course Graduation":"Post Graduation","Course Time":"Full Time","Course Rating":"4 Reviews","Course Review":"4 Reviews","Exam Accepted":"CUET PG","Application Date":"26 Dec - 10 Feb 2024"},{"Course Name":"Master of Arts [MA]","Course Duration":"2 Years","Course Degree":"Degree","Course Graduation":"Post Graduation","Course Time":"Full Time","Course Rating":"4 Reviews","Course Review":"4 Reviews","Exam Accepted":"CUET PG","Application Date":"26 Dec - 10 Feb 2024"},{"Course Name":"Master of Science [M.Sc] (Applied Mathematics)","Course Duration":"2 Years","Course Degree":"Degree","Course Graduation":"Post Graduation","Course Time":"Full Time","Course Rating":"","Exam Accepted":"CUET PG","Application Date":"26 Dec - 10 Feb 2024"},{"Course Name":"Bachelor of Library and Information Science [B.Lib.I.Sc]","Course Duration":"3 Years","Course Degree":"Degree","Course Graduation":"Graduation","Course Time":"Full Time","Course Rating":""}]},{"College_Name":"Women's Polytechnic, Agartala","College_Logo":"https:\/\/images.collegedunia.com\/public\/college_data\/images\/logos\/1635769914Screenshot20211101180056.jpg?h=80&w=80&mode=stretch","Upper_Section_Details":{"Place":"Agartala,  Tripura","Approval":"AICTE","Establishment":"Estd 2003","University Type":""},"College_Rating":"","College_Summary":"Women's Polytechnic, established in 2003 is affiliated to Tripura University and is approved by AICTE. The college offers Diploma courses in various specializations. Admission to the courses is done based on the candidate's score in the previous qualifying examination.","Fees_and_Eligibility":null,"Courses_Details":[{"Course Name":"Diploma in Engineering (Polytechnic)","Course Duration":"3 Years","Course Degree":"Diploma","Course Graduation":"10th","Course Time":"Full Time","Course Rating":"","Application Fees":"\u20b9 8,9711st Yr Fees"},{"Course Name":"Diploma in Medical Lab Technology","Course Duration":"3 Years","Course Degree":"Diploma","Course Graduation":"10th","Course Time":"Full Time","Course Rating":"","Application Fees":"\u20b9 8,9711st Yr Fees"}]},{"College_Name":"Dhalai District Polytechnic, Dhalai","College_Logo":"https:\/\/images.collegedunia.com\/public\/college_data\/images\/logos\/1635829846logo.png?h=80&w=80&mode=stretch","Upper_Section_Details":{"Place":"Dhalai,  Tripura","Approval":"AICTE","Establishment":"Estd 2010","University Type":""},"College_Rating":"","College_Summary":"","Fees_and_Eligibility":null,"Courses_Details":[{"Course Name":"Diploma in Engineering (Polytechnic)","Course Duration":"3 Years","Course Degree":"Diploma","Course Graduation":"10th","Course Time":"Full Time","Course Rating":"","Application Fees":"\u20b9 7,3421st Yr Fees"}]},{"College_Name":"CIPET","College_Logo":"https:\/\/images.collegedunia.com\/public\/college_data\/images\/logos\/1555567597logocipet1.jpeg?h=80&w=80&mode=stretch","Upper_Section_Details":{"Place":"Agartala,  Tripura","Approval":"","Establishment":"Estd 2017","University Type":""},"College_Rating":"","College_Summary":"","Fees_and_Eligibility":null,"Courses_Details":[{"Course Name":"Diploma in Engineering (Polytechnic)","Course Duration":"3 Years","Course Degree":"Diploma","Course Graduation":"10th","Course Time":"Full Time","Course Rating":"","Application Date":"1 Jan 1970","Application Fees":"\u20b9 33,4001st Yr Fees"}]},{"College_Name":"National Law University - [NLUT], Agartala","College_Logo":"https:\/\/images.collegedunia.com\/public\/college_data\/images\/logos\/1704447301logo.png?h=80&w=80&mode=stretch","Upper_Section_Details":{"Place":"Agartala,  Tripura","Approval":"","Establishment":"Estd 2022","University Type":"State University"},"College_Rating":"","College_Summary":"","Fees_and_Eligibility":null,"Courses_Details":[{"Course Name":"Master of Laws [L.L.M]","Course Duration":"1 Year","Course Degree":"Degree","Course Graduation":"Post Graduation","Course Time":"Full Time","Course Rating":"","Exam Accepted":"CLAT PG","Application Date":"12 Dec - 22 Dec 2023","Application Fees":"\u20b9 134,0001st Yr Fees"},{"Course Name":"Bachelor of Arts + Bachelor of Laws [BALLB] {Hons.}","Course Duration":"5 Years","Course Degree":"Degree","Course Graduation":"Graduation","Course Time":"Full Time","Course Rating":"","Exam Accepted":"CLAT","Application Date":"12 Dec - 22 Dec 2023","Application Fees":"\u20b9 161,0001st Yr Fees"}]}]