[{"Institute_Name":"Nile Migration","Institute_Centres":["New Delhi"],"Institute_Logo":"https:\/\/images.collegedunia.com\/public\/image\/institute\/logo_1620415419Nile Logo.png?h=75&w=75&mode=stretch","Institute_City":"New Delhi","Institute_Rating":9.8,"Institute_Type":null,"Exams\/Courses":["Visa Services","Immigration Services"],"Course_Fees":["\u20b9 15,000","\u20b9 15,000"],"Course_Time":["",""],"Program_Type":["Regular Classroom Programs","Regular Classroom Programs"]},{"Institute_Name":"Plenier Consulting Private Limited","Institute_Centres":["Bangalore"],"Institute_Logo":"https:\/\/images.collegedunia.com\/public\/image\/institute\/logo_1620416247LOGO.jpg?h=75&w=75&mode=stretch","Institute_City":"Bangalore","Institute_Rating":9.0,"Institute_Type":null,"Exams\/Courses":["Immigration Consultancy"],"Course_Fees":["\u20b9 75,000"],"Course_Time":["4 Weeks"],"Program_Type":["Regular Classroom Programs"]},{"Institute_Name":"SmartPrep Education Pvt Ltd","Institute_Centres":["New Delhi"],"Institute_Logo":"https:\/\/images.collegedunia.com\/public\/image\/institute\/logo_1620459099SmartPrep Logo.jpg?h=75&w=75&mode=stretch","Institute_City":"New Delhi","Institute_Rating":null,"Institute_Type":null,"Exams\/Courses":["Telugu Literature","Current Affairs in Telugu"],"Course_Fees":["",""],"Course_Time":["",""],"Program_Type":["Online Learning Programs","Online Learning Programs"]},{"Institute_Name":"Avnet Technology Solutions","Institute_Centres":["New Delhi"],"Institute_Logo":"https:\/\/images.collegedunia.com\/public\/image\/institute\/logo_1620460564LOGO.png?h=75&w=75&mode=stretch","Institute_City":"New Delhi","Institute_Rating":null,"Institute_Type":null,"Exams\/Courses":["IoT Training Regular Classroom"],"Course_Fees":["\u20b9 15,000"],"Course_Time":["2 Months"],"Program_Type":["Regular Classroom Programs"]},{"Institute_Name":"Selenium Training Institute","Institute_Centres":["Bangalore"],"Institute_Logo":"https:\/\/images.collegedunia.com\/public\/image\/institute\/logo_1620473399Logo (67).PNG?h=75&w=75&mode=stretch","Institute_City":"Bangalore","Institute_Rating":null,"Institute_Type":null,"Exams\/Courses":["Python","Tally","SAP"],"Course_Fees":["\u20b9 25,000","\u20b9 15,000","\u20b9 35,000"],"Course_Time":["3 Months","2 Months","6 Months"],"Program_Type":["Regular Classroom Programs","Regular Classroom Programs","Regular Classroom Programs"]},{"Institute_Name":"Erigo Holidays","Institute_Centres":["Bangalore"],"Institute_Logo":"https:\/\/images.collegedunia.com\/public\/image\/institute\/logo_1620481830Logo.jpg?h=75&w=75&mode=stretch","Institute_City":"Bangalore","Institute_Rating":null,"Institute_Type":null,"Exams\/Courses":["Visa Conselling"],"Course_Fees":["\u20b9 15,000"],"Course_Time":["6 Months"],"Program_Type":["Regular Classroom Programs"]},{"Institute_Name":"A S Academy","Institute_Centres":["Faridabad"],"Institute_Logo":"https:\/\/images.collegedunia.com\/public\/image\/institute\/logo_1620498956LOGO.png?h=75&w=75&mode=stretch","Institute_City":"Faridabad","Institute_Rating":null,"Institute_Type":null,"Exams\/Courses":["Class XI","Class XII"],"Course_Fees":["\u20b9 100,000","\u20b9 50,000"],"Course_Time":["2 Years","1 Year"],"Program_Type":["Regular Classroom Programs","Regular Classroom Programs"]},{"Institute_Name":"Bulls Eye Jaipur","Institute_Centres":["Jaipur"],"Institute_Logo":"https:\/\/images.collegedunia.com\/public\/image\/institute\/logo_1620503281LOGO.png?h=75&w=75&mode=stretch","Institute_City":"Jaipur","Institute_Rating":null,"Institute_Type":null,"Exams\/Courses":["GMAT Training","GRE Training"],"Course_Fees":["\u20b9 18,000","\u20b9 12,000"],"Course_Time":["32 Days","24 Weeks"],"Program_Type":["Regular Classroom Programs","Regular Classroom Programs"]},{"Institute_Name":"Coactive IT Solutions (P) Ltd","Institute_Centres":["Kolkata"],"Institute_Logo":"https:\/\/images.collegedunia.com\/public\/image\/institute\/logo_1620557985Coactive Logo.jpg?h=75&w=75&mode=stretch","Institute_City":"Kolkata","Institute_Rating":null,"Institute_Type":null,"Exams\/Courses":["E-Commerce Website","Mobile Application Course Program"],"Course_Fees":["\u20b9 25,000","\u20b9 45,000"],"Course_Time":["1 Year","1 Year"],"Program_Type":["Online Learning Programs","Online Learning Programs"]},{"Institute_Name":"Immiways Migration Advisory Services Private Limited","Institute_Centres":["Hyderabad"],"Institute_Logo":"https:\/\/images.collegedunia.com\/public\/image\/institute\/logo_1620558845Immiways Migration Logo.jpg?h=75&w=75&mode=stretch","Institute_City":"Hyderabad","Institute_Rating":null,"Institute_Type":null,"Exams\/Courses":["Visa Services Program","Immigration Services Program"],"Course_Fees":["\u20b9 15,000","\u20b9 15,000"],"Course_Time":["",""],"Program_Type":["Regular Classroom Programs","Online Learning Programs"]},{"Institute_Name":"Velammal NewGen Cbse School Madipakkam","Institute_Centres":["Chennai"],"Institute_Logo":"https:\/\/images.collegedunia.com\/public\/image\/institute\/logo_1620563618Logo (53).jpg?h=75&w=75&mode=stretch","Institute_City":"Chennai","Institute_Rating":null,"Institute_Type":null,"Exams\/Courses":["NEET Coaching Classes","IIT-JEE"],"Course_Fees":["\u20b9 110,000","\u20b9 110,000"],"Course_Time":["2 Years","2 Years"],"Program_Type":["Regular Classroom Programs","Regular Classroom Programs"]},{"Institute_Name":"Visa Assistance","Institute_Centres":["Bangalore"],"Institute_Logo":"https:\/\/images.collegedunia.com\/public\/image\/institute\/logo_1620564289Travel day Cover.jpg?h=75&w=75&mode=stretch","Institute_City":"Bangalore","Institute_Rating":null,"Institute_Type":null,"Exams\/Courses":["Visa Consultancy Program","Overseas Travel Insurance"],"Course_Fees":["\u20b9 15,000","\u20b9 5,000"],"Course_Time":["",""],"Program_Type":["Regular Classroom Programs","Regular Classroom Programs"]},{"Institute_Name":"Visa Consultancy Services","Institute_Centres":["Hyderabad"],"Institute_Logo":"https:\/\/images.collegedunia.com\/public\/image\/institute\/logo_1620565074logo.png?h=75&w=75&mode=stretch","Institute_City":"Hyderabad","Institute_Rating":null,"Institute_Type":null,"Exams\/Courses":["Visa Assistance Program","Immigration Services Program"],"Course_Fees":["\u20b9 10,000","\u20b9 10,000"],"Course_Time":["",""],"Program_Type":["Regular Classroom Programs","Regular Classroom Programs"]},{"Institute_Name":"Cambridge Assessment English","Institute_Centres":["Chennai"],"Institute_Logo":"https:\/\/images.collegedunia.com\/public\/image\/institute\/logo_1620566460cambridge Logo.png?h=75&w=75&mode=stretch","Institute_City":"Chennai","Institute_Rating":null,"Institute_Type":null,"Exams\/Courses":["IELTS","PTE","TOEFS"],"Course_Fees":["\u20b9 15,000","\u20b9 15,000","\u20b9 20,000"],"Course_Time":["3 Months","2 Months","3 Months"],"Program_Type":["Regular Classroom Programs","Regular Classroom Programs","Regular Classroom Programs"]},{"Institute_Name":"RGCSM Computer Education","Institute_Centres":["Kota"],"Institute_Logo":"https:\/\/images.collegedunia.com\/public\/image\/institute\/logo_1620577630Logo.png?h=75&w=75&mode=stretch","Institute_City":"Noida","Institute_Rating":null,"Institute_Type":null,"Exams\/Courses":["Advance Diploma In Computer Application","Diploma In Computer Application","Diploma In Office Automation & Publishing"],"Course_Fees":["\u20b9 120,000","\u20b9 55,000","\u20b9 40,000"],"Course_Time":["1 Year","6 Months","1 Year"],"Program_Type":["Regular Classroom Programs","Regular Classroom Programs","Regular Classroom Programs"]},{"Institute_Name":"ZS Career Academy","Institute_Centres":["Hyderabad"],"Institute_Logo":"https:\/\/images.collegedunia.com\/public\/image\/institute\/logo_1620586297Logo (2).png?h=75&w=75&mode=stretch","Institute_City":"Hyderabad","Institute_Rating":null,"Institute_Type":null,"Exams\/Courses":["IELTS","PTE"],"Course_Fees":["\u20b9 15,000","\u20b9 10,000"],"Course_Time":["4 Weeks","4 Weeks"],"Program_Type":["Regular Classroom Programs","Regular Classroom Programs"]},{"Institute_Name":"The SmartMove2UK","Institute_Centres":["Mumbai"," New Delhi"],"Institute_Logo":"https:\/\/images.collegedunia.com\/public\/image\/institute\/logo_1620625390Logo (1).jpg?h=75&w=75&mode=stretch","Institute_City":"Bangalore","Institute_Rating":null,"Institute_Type":null,"Exams\/Courses":["UK visa appeals & refusals service","Immigration Services"],"Course_Fees":["\u20b9 15,000","\u20b9 15,000"],"Course_Time":["",""],"Program_Type":["Regular Classroom Programs","Regular Classroom Programs"]},{"Institute_Name":"Virtuous Trustworthy Tutoring Service","Institute_Centres":["New Delhi"],"Institute_Logo":"https:\/\/images.collegedunia.com\/public\/image\/institute\/logo_1620664687LOGO.jpg?h=75&w=75&mode=stretch","Institute_City":"New Delhi","Institute_Rating":null,"Institute_Type":null,"Exams\/Courses":["12th Standard","Engg. preparation, PMT entrance exams"],"Course_Fees":["\u20b9 2,000","\u20b9 2,500"],"Course_Time":["1 Year","2 Years"],"Program_Type":["Regular Classroom Programs","Regular Classroom Programs"]},{"Institute_Name":"Maya Institute for Information Technology","Institute_Centres":["Kolkata"],"Institute_Logo":"https:\/\/images.collegedunia.com\/public\/image\/institute\/logo_1620665250LOGO.jpg?h=75&w=75&mode=stretch","Institute_City":"Kolkata","Institute_Rating":null,"Institute_Type":null,"Exams\/Courses":["Blue J","MSword2007"],"Course_Fees":["\u20b9 8,000","\u20b9 6,000"],"Course_Time":["2 Months","3 Months"],"Program_Type":["Online Learning Programs","Online Learning Programs"]},{"Institute_Name":"Hi Skill","Institute_Centres":["Pune"],"Institute_Logo":"https:\/\/images.collegedunia.com\/public\/image\/institute\/logo_1620675132logo (2).jpg?h=75&w=75&mode=stretch","Institute_City":"Pune","Institute_Rating":null,"Institute_Type":null,"Exams\/Courses":["Big Data\/Hadoop","Selenium with Java","Core Java","Microsoft Excel Training","Microsoft VBA Training"],"Course_Fees":["\u20b9 5,000","\u20b9 12,000","\u20b9 10,000","\u20b9 5,000","\u20b9 5,000"],"Course_Time":["16 Hours","40 Hours","30 Hours","30 Hours","30 Hours"],"Program_Type":["Online Learning Programs","Online Learning Programs","Online Learning Programs","Online Learning Programs","Online Learning Programs"]},{"Institute_Name":"Megamind Consultants","Institute_Centres":["New Delhi"],"Institute_Logo":"https:\/\/images.collegedunia.com\/public\/image\/institute\/logo_1620678218mm-logo.png?h=75&w=75&mode=stretch","Institute_City":"New Delhi","Institute_Rating":null,"Institute_Type":null,"Exams\/Courses":["IELTS Advance Course","IELTS-Premium Course"],"Course_Fees":["\u20b9 6,000","\u20b9 10,000"],"Course_Time":["2 Weeks","4 Weeks"],"Program_Type":["Online Learning Programs","Online Learning Programs"]},{"Institute_Name":"Amaranthine","Institute_Centres":["New Delhi"],"Institute_Logo":"https:\/\/images.collegedunia.com\/public\/image\/institute\/logo_1620723987Logo.png?h=75&w=75&mode=stretch","Institute_City":"New Delhi","Institute_Rating":null,"Institute_Type":null,"Exams\/Courses":["C++ Programming Course","Java Programming Sessions","Python Programming Course"],"Course_Fees":["\u20b9 10,000","\u20b9 10,000","\u20b9 10,000"],"Course_Time":["2 Months","2 Months","2 Months"],"Program_Type":["Online Learning Programs","Online Learning Programs","Online Learning Programs"]},{"Institute_Name":"PERIDOT SYSTEMS","Institute_Centres":["Chennai"],"Institute_Logo":"https:\/\/images.collegedunia.com\/public\/image\/institute\/logo_1620729430Logo.jpeg?h=75&w=75&mode=stretch","Institute_City":"Chennai","Institute_Rating":null,"Institute_Type":null,"Exams\/Courses":["C++ Course","Java Course Programming","Python Course Programming"],"Course_Fees":["\u20b9 10,000","\u20b9 10,000","\u20b9 10,000"],"Course_Time":["2 Months","2 Months","2 Months"],"Program_Type":["Online Learning Programs","Online Learning Programs","Online Learning Programs"]},{"Institute_Name":"PXNEDU","Institute_Centres":["Chennai"],"Institute_Logo":"https:\/\/images.collegedunia.com\/public\/image\/institute\/logo_1620731333Logo.png?h=75&w=75&mode=stretch","Institute_City":"Chennai","Institute_Rating":null,"Institute_Type":null,"Exams\/Courses":["SEO Training Course","Affiliate Marketing Training"],"Course_Fees":["\u20b9 10,000","\u20b9 10,000"],"Course_Time":["2 Months","2 Months"],"Program_Type":["Online Learning Programs","Online Learning Programs"]},{"Institute_Name":"Xcademy","Institute_Centres":["Gurgaon"],"Institute_Logo":"https:\/\/images.collegedunia.com\/public\/image\/institute\/logo_1620732893Logo.png?h=75&w=75&mode=stretch","Institute_City":"Gurgaon","Institute_Rating":null,"Institute_Type":null,"Exams\/Courses":["SEO Course Sessions","Affiliate Marketing Training Courses"],"Course_Fees":["\u20b9 10,000","\u20b9 10,000"],"Course_Time":["2 Months","2 Months"],"Program_Type":["Online Learning Programs","Online Learning Programs"]},{"Institute_Name":"ASSAYER","Institute_Centres":["Noida"],"Institute_Logo":"https:\/\/images.collegedunia.com\/public\/image\/institute\/logo_1620737031assayer Logo.png?h=75&w=75&mode=stretch","Institute_City":"Noida","Institute_Rating":null,"Institute_Type":null,"Exams\/Courses":["Master of Arts","Master Of Education"],"Course_Fees":["\u20b9 140,000","\u20b9 90,000"],"Course_Time":["2 Years","2 Years"],"Program_Type":["Online Learning Programs","Online Learning Programs"]},{"Institute_Name":"Hadoop training online","Institute_Centres":["Hyderabad"],"Institute_Logo":"https:\/\/images.collegedunia.com\/public\/image\/institute\/logo_1620753189Logo.png?h=75&w=75&mode=stretch","Institute_City":"Hyderabad","Institute_Rating":null,"Institute_Type":null,"Exams\/Courses":["Big Data Hadoop Programming Course"],"Course_Fees":["\u20b9 25,000"],"Course_Time":["3 Months"],"Program_Type":["Online Learning Programs"]},{"Institute_Name":"Impulse Classes","Institute_Centres":["Bangalore"],"Institute_Logo":"https:\/\/images.collegedunia.com\/public\/image\/institute\/logo_1620796021Logo.png?h=75&w=75&mode=stretch","Institute_City":"Bangalore","Institute_Rating":null,"Institute_Type":null,"Exams\/Courses":["GATE Coaching Course","Bank Exam Coaching"],"Course_Fees":["\u20b9 25,000","\u20b9 20,000"],"Course_Time":["3 Months","3 Months"],"Program_Type":["Correspondence Programs","Correspondence Programs"]},{"Institute_Name":"Aaditya Singh Social Services","Institute_Centres":["New Delhi"],"Institute_Logo":"https:\/\/images.collegedunia.com\/public\/image\/institute\/logo_1620801427Logo.jpg?h=75&w=75&mode=stretch","Institute_City":"New Delhi","Institute_Rating":null,"Institute_Type":null,"Exams\/Courses":["Class 12th Science Classes","Class 12th Commerce Classes"],"Course_Fees":["\u20b9 14,400","\u20b9 13,200"],"Course_Time":["1 Year","1 Year"],"Program_Type":["Regular Classroom Programs","Regular Classroom Programs"]},{"Institute_Name":"Bullet Technologies","Institute_Centres":["Rohtak"],"Institute_Logo":"https:\/\/images.collegedunia.com\/public\/image\/institute\/logo_1620802062logo.jpg?h=75&w=75&mode=stretch","Institute_City":"Rohtak","Institute_Rating":null,"Institute_Type":null,"Exams\/Courses":["Advance Java Program","Corporate Java Program"],"Course_Fees":["\u20b9 12,000","\u20b9 22,000"],"Course_Time":["5 Months","3 Months"],"Program_Type":["Regular Classroom Programs","Regular Classroom Programs"]},{"Institute_Name":"Shri Saphtagiri Institute of Mathematics","Institute_Centres":["Chennai"],"Institute_Logo":"https:\/\/images.collegedunia.com\/public\/image\/institute\/logo_1620805522Logo.png?h=75&w=75&mode=stretch","Institute_City":"Chennai","Institute_Rating":null,"Institute_Type":null,"Exams\/Courses":["B.Tech Course Training","B.COM Course"],"Course_Fees":["\u20b9 30,000",""],"Course_Time":["1 Year","1 Year"],"Program_Type":["Regular Classroom Programs","Regular Classroom Programs"]},{"Institute_Name":"SI-UK India","Institute_Centres":["Bangalore"," Mumbai"],"Institute_Logo":"https:\/\/images.collegedunia.com\/public\/image\/institute\/logo_1666348732SI-UK Logo-1_75x75.jpg?h=75&w=75&mode=stretch","Institute_City":"New Delhi","Institute_Rating":null,"Institute_Type":null,"Exams\/Courses":["UK Prep Course","Free Study Abroad Consultation","Pearson Test for English (PTE) Preparation","UK University Application Service","Premium Application Service","Oxbridge Application Service","Art and Design Portfolio Service","PhD Application Service"],"Course_Fees":["","","","","","","",""],"Course_Time":["1 Year","","","","","","",""],"Program_Type":["Online Learning Programs","Regular Classroom Programs","Regular Classroom Programs","Regular Classroom Programs","Regular Classroom Programs","Regular Classroom Programs","Regular Classroom Programs","Regular Classroom Programs"]},{"Institute_Name":"Career Pundits","Institute_Centres":["Hyderabad"],"Institute_Logo":"https:\/\/images.collegedunia.com\/public\/image\/institute\/logo_1620809710Logo.gif?h=75&w=75&mode=stretch","Institute_City":"Hyderabad","Institute_Rating":null,"Institute_Type":null,"Exams\/Courses":["Aptitude Coaching Course","Spoken English Course"],"Course_Fees":["\u20b9 28,000","\u20b9 15,000"],"Course_Time":["4 Months","3 Months"],"Program_Type":["Regular Classroom Programs","Regular Classroom Programs"]},{"Institute_Name":"Test Funda","Institute_Centres":["Mumbai"],"Institute_Logo":"https:\/\/images.collegedunia.com\/public\/image\/institute\/logo_1622287132Logo.png?h=75&w=75&mode=stretch","Institute_City":"Mumbai","Institute_Rating":null,"Institute_Type":null,"Exams\/Courses":["CAT Comprehensive Program 2021","MHCET Comprehensive Program 2021","MBA Comprehensive Program 2021"],"Course_Fees":["\u20b9 6,500","\u20b9 5,000","\u20b9 9,500"],"Course_Time":["1 Year","1 Year","1 Year"],"Program_Type":["Online Learning Programs","Online Learning Programs","Online Learning Programs"]},{"Institute_Name":"TCY Online","Institute_Centres":["Ludhiana"],"Institute_Logo":"https:\/\/images.collegedunia.com\/public\/image\/institute\/logo_1623570212TC.PNG?h=75&w=75&mode=stretch","Institute_City":"Ludhiana","Institute_Rating":null,"Institute_Type":null,"Exams\/Courses":["PTE Course Sessions","GRE Course sessions","GATE Course Sessions","Banking Course Sessions"],"Course_Fees":["\u20b9 1,000","\u20b9 1,999","\u20b9 1,500","\u20b9 999"],"Course_Time":["2 Months","12 Months","12 Months","12 Months"],"Program_Type":["Online Learning Programs","Online Learning Programs","Online Learning Programs","Online Learning Programs"]},{"Institute_Name":"Tiwari Academy - A Step towards free Education","Institute_Centres":["New Delhi"],"Institute_Logo":"https:\/\/images.collegedunia.com\/public\/image\/institute\/logo_1624001460ta.jpg?h=75&w=75&mode=stretch","Institute_City":"New Delhi","Institute_Rating":null,"Institute_Type":null,"Exams\/Courses":["NCERT For Class 10th","NCERT For Class 11th","NCERT For Class 12th"],"Course_Fees":["","",""],"Course_Time":["12 Months","12 Months","12 Months"],"Program_Type":["Online Learning Programs","Online Learning Programs","Online Learning Programs"]},{"Institute_Name":"Verzeo Institute","Institute_Centres":["Bangalore"],"Institute_Logo":"https:\/\/images.collegedunia.com\/public\/image\/institute\/logo_1624461616ver.jpg?h=75&w=75&mode=stretch","Institute_City":"Bangalore","Institute_Rating":null,"Institute_Type":null,"Exams\/Courses":["Data Science Courses","Machine Learning Courses","Digital Marketing Courses"],"Course_Fees":["\u20b9 15,000","\u20b9 15,000","\u20b9 15,000"],"Course_Time":["2 Months","2 Months","2 Months"],"Program_Type":["Online Learning Programs","Online Learning Programs","Online Learning Programs"]},{"Institute_Name":"MAAC Dilsukhnagar","Institute_Centres":["Hyderabad"],"Institute_Logo":"https:\/\/images.collegedunia.com\/public\/image\/institute\/logo_1624610260maac-logo-about-us.png?h=75&w=75&mode=stretch","Institute_City":"Hyderabad","Institute_Rating":null,"Institute_Type":null,"Exams\/Courses":["Program in 3D Animation Filmmaking","Diploma in Animation & Filmmaking","MAYAPRO","MAXPRO","Advance Program in 3D Animation & Visual effect","Program in visual effects","Program in Compositing & Editing","Compositing Plus"],"Course_Fees":["\u20b9 250,000","\u20b9 130,000","\u20b9 105,000","\u20b9 80,000","\u20b9 310,000","\u20b9 250,000","\u20b9 130,000","\u20b9 89,000"],"Course_Time":["","","","","","","",""],"Program_Type":["Regular Classroom Programs","Regular Classroom Programs","Regular Classroom Programs","Regular Classroom Programs","Regular Classroom Programs","Regular Classroom Programs","Regular Classroom Programs","Regular Classroom Programs"]},{"Institute_Name":"ACE Engineering Academy","Institute_Centres":["New Delhi"],"Institute_Logo":"https:\/\/images.collegedunia.com\/public\/image\/institute\/logo_1625053764Logo.jpg?h=75&w=75&mode=stretch","Institute_City":"New Delhi","Institute_Rating":null,"Institute_Type":null,"Exams\/Courses":["GATE","UPSC ENGINEERING SERVICES (ESE)","UPSC INDIAN RAILWAY MANAGEMENT SERVICE (IRMS)","APPSC\/TSPSC-AEE\/AE"],"Course_Fees":["\u20b9 55,000","\u20b9 53,000","\u20b9 50,000","\u20b9 50,000"],"Course_Time":["5 Months","6 Months","6 Months","6 Months"],"Program_Type":["Regular Classroom Programs","Regular Classroom Programs","Regular Classroom Programs","Regular Classroom Programs"]},{"Institute_Name":"CMA CGM","Institute_Centres":["New Delhi"],"Institute_Logo":"https:\/\/images.collegedunia.com\/public\/image\/institute\/logo_1625133650logo.png?h=75&w=75&mode=stretch","Institute_City":"New Delhi","Institute_Rating":null,"Institute_Type":null,"Exams\/Courses":["CMA CGM LEAD Program"],"Course_Fees":["\u20b9 50,000"],"Course_Time":["6 Months"],"Program_Type":["Regular Classroom Programs"]},{"Institute_Name":"WiFi Study","Institute_Centres":["New Delhi"],"Institute_Logo":"https:\/\/images.collegedunia.com\/public\/image\/institute\/logo_1625230164logo.png?h=75&w=75&mode=stretch","Institute_City":"New Delhi","Institute_Rating":null,"Institute_Type":null,"Exams\/Courses":["SSC","SBI Clerk","IBPS SO Prelims","RRB JE","TNPSC","KPSC"],"Course_Fees":["\u20b9 15,000","\u20b9 10,000","\u20b9 10,000","\u20b9 15,000","\u20b9 20,000","\u20b9 20,000"],"Course_Time":["3 Months","3 Months","3 Months","3 Months","3 Months","3 Months"],"Program_Type":["Online Learning Programs","Online Learning Programs","Online Learning Programs","Online Learning Programs","Online Learning Programs","Online Learning Programs"]},{"Institute_Name":"Mahesh Tutorials","Institute_Centres":["Thane"],"Institute_Logo":"https:\/\/images.collegedunia.com\/public\/image\/institute\/logo_1625670933Logo.png?h=75&w=75&mode=stretch","Institute_City":"Thane","Institute_Rating":null,"Institute_Type":null,"Exams\/Courses":["Foundation Course","Mathematical Olympiad Program","9th,10th CBSE School","11th, 12th Commerce Course","9th and 10th for ICSE"],"Course_Fees":["\u20b9 125,000","\u20b9 7,000","\u20b9 40,000","\u20b9 55,000","\u20b9 45,000"],"Course_Time":["2 Years","3 Months","2 Years","2 Years","2 Years"],"Program_Type":["Online Learning Programs","Online Learning Programs","Online Learning Programs","Online Learning Programs","Online Learning Programs"]},{"Institute_Name":"Achievers Academy","Institute_Centres":["Hyderabad"],"Institute_Logo":"https:\/\/images.collegedunia.com\/public\/image\/institute\/logo_1626433051Logo.jpg?h=75&w=75&mode=stretch","Institute_City":"Hyderabad","Institute_Rating":null,"Institute_Type":null,"Exams\/Courses":["APPSC Group 1","APPSC Group 2","AP DSC SGT","AP TET DSC Cum DSC S.A.","TS TET"],"Course_Fees":["\u20b9 6,999","\u20b9 6,999","\u20b9 2,499","\u20b9 2,999","\u20b9 2,999"],"Course_Time":["1 Year","1 Year","1 Year","1 Year","1 Year"],"Program_Type":["Online Learning Programs","Online Learning Programs","Online Learning Programs","Online Learning Programs","Online Learning Programs"]},{"Institute_Name":"Designenterence.com","Institute_Centres":["New Delhi"],"Institute_Logo":"https:\/\/images.collegedunia.com\/public\/image\/institute\/logo_1627245524qwert.PNG?h=75&w=75&mode=stretch","Institute_City":"New Delhi","Institute_Rating":null,"Institute_Type":null,"Exams\/Courses":["NIFT Course"],"Course_Fees":["\u20b9 48,000"],"Course_Time":["6 Months"],"Program_Type":["Regular Classroom Programs"]},{"Institute_Name":"Techourse","Institute_Centres":["Bangalore"],"Institute_Logo":"https:\/\/images.collegedunia.com\/public\/image\/institute\/logo_1629091249thlogo.png?h=75&w=75&mode=stretch","Institute_City":"Bangalore","Institute_Rating":null,"Institute_Type":null,"Exams\/Courses":["Ethical Hacking Course | CEH V11 Certification Training","Cyber Security Expert Certification Course","Certified Penetration Testing Professional (CPENT V1)","Ethical Hacking Course","Diploma in Cyber Security"],"Course_Fees":["\u20b9 39,000","\u20b9 60,000","\u20b9 46,000","\u20b9 7,500","\u20b9 120,000"],"Course_Time":["40 Days","90 Days","40 Days","40 Days","1 Year"],"Program_Type":["Online Learning Programs","Online Learning Programs","Online Learning Programs","Online Learning Programs","Online Learning Programs"]},{"Institute_Name":"Kone Elevator","Institute_Centres":["Chennai"],"Institute_Logo":"https:\/\/images.collegedunia.com\/public\/image\/institute\/logo_1629303166Logo.png?h=75&w=75&mode=stretch","Institute_City":"Chennai","Institute_Rating":null,"Institute_Type":null,"Exams\/Courses":["The KONE Service Training"],"Course_Fees":["\u20b9 79,000"],"Course_Time":["4 Months"],"Program_Type":["Regular Classroom Programs"]},{"Institute_Name":"The Renaissance","Institute_Centres":["Pune"],"Institute_Logo":"https:\/\/images.collegedunia.com\/public\/image\/institute\/logo_1629448496Logo.jpg?h=75&w=75&mode=stretch","Institute_City":"Pune","Institute_Rating":null,"Institute_Type":null,"Exams\/Courses":["NATA (National Aptitude Test in Architecture) coaching classes","NID ( National Institute of Design) coaching classes","NIFT (National Institute of Fashion Technology) coaching classes","CEED (Common Entrance Examination for Design) coaching classes"],"Course_Fees":["\u20b9 20,000","\u20b9 25,000","\u20b9 42,000","\u20b9 35,000"],"Course_Time":["1 Month","9 Months","1 Year","9 Months"],"Program_Type":["Regular Classroom Programs","Regular Classroom Programs","Regular Classroom Programs","Regular Classroom Programs"]},{"Institute_Name":"Success Mantra Academy","Institute_Centres":["New Delhi"],"Institute_Logo":"https:\/\/images.collegedunia.com\/public\/image\/institute\/logo_1629810211success mantra.jpeg?h=75&w=75&mode=stretch","Institute_City":"New Delhi","Institute_Rating":null,"Institute_Type":null,"Exams\/Courses":["CLAT I AILET - SM","CTET Preparation Classes","BBA Classes"],"Course_Fees":["\u20b9 131,600","\u20b9 17,900","\u20b9 89,500"],"Course_Time":["2 Years","1 Year","2 Years"],"Program_Type":["Regular Classroom Programs","Regular Classroom Programs","Regular Classroom Programs"]},{"Institute_Name":"MAAC, Bangalore","Institute_Centres":["Bangalore"],"Institute_Logo":"https:\/\/images.collegedunia.com\/public\/image\/institute\/logo_1629698397maaclogo.PNG?h=75&w=75&mode=stretch","Institute_City":"Bangalore","Institute_Rating":null,"Institute_Type":null,"Exams\/Courses":["3D Animation Coaching","VFX Class"],"Course_Fees":["\u20b9 280,000","\u20b9 192,000"],"Course_Time":["2 Years","18 Months"],"Program_Type":["Regular Classroom Programs","Regular Classroom Programs"]},{"Institute_Name":"Paramount Overseas","Institute_Centres":["New Delhi"],"Institute_Logo":"https:\/\/images.collegedunia.com\/public\/image\/institute\/logo_1629975759PARAL.png?h=75&w=75&mode=stretch","Institute_City":"New Delhi","Institute_Rating":null,"Institute_Type":null,"Exams\/Courses":["SMO Classes","SEO Classes"],"Course_Fees":["\u20b9 25,000","\u20b9 25,000"],"Course_Time":["3 Months","3 Months"],"Program_Type":["Regular Classroom Programs","Regular Classroom Programs"]},{"Institute_Name":"SaSTAT","Institute_Centres":["Ahmedabad"],"Institute_Logo":"https:\/\/images.collegedunia.com\/public\/image\/institute\/logo_1633069557Screenshot 2021-10-01 115158.png?h=75&w=75&mode=stretch","Institute_City":"Ahmedabad","Institute_Rating":null,"Institute_Type":null,"Exams\/Courses":["Clinical Data Science with SAS"],"Course_Fees":["\u20b9 150,000"],"Course_Time":[""],"Program_Type":["Regular Classroom Programs"]},{"Institute_Name":"IIHT","Institute_Centres":["Chennai"],"Institute_Logo":"https:\/\/images.collegedunia.com\/public\/image\/institute\/logo_1633785738logo.jpg?h=75&w=75&mode=stretch","Institute_City":"Chennai","Institute_Rating":null,"Institute_Type":null,"Exams\/Courses":["DevOps","Cloud Computing","GIMS","CCNA"],"Course_Fees":["\u20b9 30,000","\u20b9 40,000","\u20b9 50,000","\u20b9 40,000"],"Course_Time":["4 Months","6 Months","280 Hours","6 Months"],"Program_Type":["Regular Classroom Programs","Regular Classroom Programs","Regular Classroom Programs","Regular Classroom Programs"]},{"Institute_Name":"Invisor Learning","Institute_Centres":["Chennai"," Pune"],"Institute_Logo":"https:\/\/images.collegedunia.com\/public\/image\/institute\/logo_1634543662invisor-logo.png?h=75&w=75&mode=stretch","Institute_City":"Cochin","Institute_Rating":null,"Institute_Type":null,"Exams\/Courses":["CMA USA - Certified Management Accountant Course","Certified Public Accountants \u2013 (CPA) USA  Course","Certified Internal Auditor\u2013 (CIA) USA  Course","Financial Modelling & Valuation Analyst (FMVA) Course","Certified Banking & Credit Analyst (CBCA) Course","Capital Markets & Securities Analyst (CMSA) Course","Crash Course - Corporate Training Programme (CTP)","Crash Course - Advance Excel for Finance Professional"],"Course_Fees":["\u20b9 110,000","\u20b9 110,000","\u20b9 45,000","\u20b9 37,449","\u20b9 37,449","\u20b9 37,449","\u20b9 7,500","\u20b9 4,500"],"Course_Time":["3 Years","9 Months","","1 Year","1 Year","1 Year","1 Week","1 Week"],"Program_Type":["Online Learning Programs","Regular Classroom Programs","Online Learning Programs","Online Learning Programs","Online Learning Programs","Online Learning Programs","Regular Classroom Programs","Regular Classroom Programs"]},{"Institute_Name":"Rus Education","Institute_Centres":["New Delhi"],"Institute_Logo":"https:\/\/images.collegedunia.com\/public\/image\/institute\/logo_1634900757Logo.jpg?h=75&w=75&mode=stretch","Institute_City":"New Delhi","Institute_Rating":null,"Institute_Type":null,"Exams\/Courses":["Russian Language","Counselling Sessions"],"Course_Fees":["\u20b9 30,000",""],"Course_Time":["3 Months","3 Months"],"Program_Type":["Regular Classroom Programs","Regular Classroom Programs"]},{"Institute_Name":"Prithvi Academy","Institute_Centres":["Thane"],"Institute_Logo":"https:\/\/images.collegedunia.com\/public\/image\/institute\/logo_1635088334Logo.jpeg?h=75&w=75&mode=stretch","Institute_City":"Thane","Institute_Rating":null,"Institute_Type":null,"Exams\/Courses":["UPSC","MPSC"],"Course_Fees":["\u20b9 82,000","\u20b9 58,000"],"Course_Time":["1 Year","1 Year"],"Program_Type":["Regular Classroom Programs","Regular Classroom Programs"]},{"Institute_Name":"Skill-Lync","Institute_Centres":["Chennai"],"Institute_Logo":"https:\/\/images.collegedunia.com\/public\/image\/institute\/logo_1638345191logox-slider.png?h=75&w=75&mode=stretch","Institute_City":"Chennai","Institute_Rating":null,"Institute_Type":null,"Exams\/Courses":["Master's Certification Program in Hybrid Electric Vehicle Design and Analysis - Mechanical","CFD Engineer Master's Certification Program - Mechanical","Design Engineer Master's Certification Program - Mechanical","CAE Master's Certification Program - Mechanical","Master's Certification in Computational Design and Pre-processing - Mechanical","Master's Certification in Complete Passenger Car Design & Product Development - Mechanical","Master's Certification in External Aerodynamics Simulations - Mechanical","Master's Certification in BIW Fixture & Plastic Design - Mechanical"],"Course_Fees":["\u20b9 350,000","\u20b9 350,000","\u20b9 350,000","\u20b9 350,000","\u20b9 250,000","\u20b9 250,000","\u20b9 250,000","\u20b9 250,000"],"Course_Time":["8 Months","1 Year","","1 Year","6 Months","6 Months","6 Months",""],"Program_Type":["Online Learning Programs","Online Learning Programs","Online Learning Programs","Online Learning Programs","Online Learning Programs","Online Learning Programs","Online Learning Programs","Online Learning Programs"]},{"Institute_Name":"Prepleaf by Masai","Institute_Centres":["Bangalore"],"Institute_Logo":"https:\/\/images.collegedunia.com\/public\/image\/institute\/logo_1642158381Screenshot 2022-01-14 163220.png?h=75&w=75&mode=stretch","Institute_City":"Bangalore","Institute_Rating":null,"Institute_Type":null,"Exams\/Courses":["Analytics and Data Science Job Guarantee Program","Competitive Programming Job Assist Program","Part Time Program - Full Stack Web Development","Part Time Program - Android App Development"],"Course_Fees":["","\u20b9 24,000","",""],"Course_Time":["7 Months","6 Months","30 Weeks","30 Weeks"],"Program_Type":["Online Learning Programs","Online Learning Programs","Correspondence Programs","Correspondence Programs"]},{"Institute_Name":"Nisha Natthani Fashion Designing Academy - [NNFDA]","Institute_Centres":["Raipur"],"Institute_Logo":"https:\/\/images.collegedunia.com\/public\/image\/institute\/logo_1643720245unnamed.jpg?h=75&w=75&mode=stretch","Institute_City":"Raipur","Institute_Rating":null,"Institute_Type":null,"Exams\/Courses":["Advanced Fashion Designing Training","Basic Fashion Designing Training","Stitching Course in Fashion Designing (Specialization)","Embroidery Course in Fashion Designing (Specialization)","Crash Course in Fashion Designing","Jewellery Design Course","Digital & Hand Illustration Course"],"Course_Fees":["\u20b9 83,000","\u20b9 67,000","\u20b9 25,600","\u20b9 32,000","\u20b9 25,000","\u20b9 25,000","\u20b9 25,000"],"Course_Time":["16 Weeks","12 Weeks","6 Weeks","6 Weeks","4 Weeks","4 Weeks","4 Weeks"],"Program_Type":["Regular Classroom Programs","Regular Classroom Programs","Regular Classroom Programs","Regular Classroom Programs","Crash Course (if coaching)","Regular Classroom Programs","Regular Classroom Programs"]},{"Institute_Name":"Tantalum Academy","Institute_Centres":["Bangalore"],"Institute_Logo":"https:\/\/images.collegedunia.com\/public\/image\/institute\/logo_1642869173Logo-PNG-300-Resolution-with-n.jpg?h=75&w=75&mode=stretch","Institute_City":"Bangalore","Institute_Rating":null,"Institute_Type":null,"Exams\/Courses":["IGNITED + ILLUMINED Program","IGNITED Program"],"Course_Fees":["\u20b9 19,940","\u20b9 7,250"],"Course_Time":["15 Hours","10 Hours"],"Program_Type":["Online Learning Programs","Online Learning Programs"]},{"Institute_Name":"Animatrix Academy of Media Studies","Institute_Centres":["Kolkata"],"Institute_Logo":"https:\/\/images.collegedunia.com\/public\/image\/institute\/logo_1643701828logo_aams.png?h=75&w=75&mode=stretch","Institute_City":"Kolkata","Institute_Rating":null,"Institute_Type":null,"Exams\/Courses":["Certificate in 2D Digital Animation","Certificate in Graphic Design","Certificate in Video editing and Post production","Diploma in Graphics, 2D Animation and Post Production"],"Course_Fees":["\u20b9 45,000","\u20b9 30,000","\u20b9 25,000","\u20b9 90,000"],"Course_Time":["6 Months","6 Months","6 Months","1 Year"],"Program_Type":["Regular Classroom Programs","Regular Classroom Programs","Regular Classroom Programs","Regular Classroom Programs"]},{"Institute_Name":"Expertrons","Institute_Centres":["Mumbai"],"Institute_Logo":"https:\/\/images.collegedunia.com\/public\/image\/institute\/logo_1645254510Untitled.png?h=75&w=75&mode=stretch","Institute_City":"Andheri East","Institute_Rating":null,"Institute_Type":null,"Exams\/Courses":["Expertrons PRO","Expertrons PLUS"],"Course_Fees":["\u20b9 75,000","\u20b9 29,900"],"Course_Time":["",""],"Program_Type":["Regular Classroom Programs","Regular Classroom Programs"]},{"Institute_Name":"TechnoFusion Point (Education Division of Mu Analytics)","Institute_Centres":["Surat"],"Institute_Logo":"https:\/\/images.collegedunia.com\/public\/image\/institute\/logo_1649245435Screenshot 2022-04-06 170526.png?h=75&w=75&mode=stretch","Institute_City":"Surat","Institute_Rating":null,"Institute_Type":null,"Exams\/Courses":["Professional Certificate in Banking"],"Course_Fees":["\u20b9 40,000"],"Course_Time":["3 Months"],"Program_Type":["Regular Classroom Programs"]},{"Institute_Name":"Creoverse","Institute_Centres":["Bangalore"],"Institute_Logo":"https:\/\/images.collegedunia.com\/public\/image\/institute\/logo_1685514631Creoverse TM Logo (1).jpg?h=75&w=75&mode=stretch","Institute_City":"Bangalore","Institute_Rating":null,"Institute_Type":null,"Exams\/Courses":["Professional Course in Animation with JAINx Certificate","Professional Course in VFX\twith JAINx Certificate","AFD (Animation Film Design) Course with JAINx Certificate","Graphic Design and Multimedia Course with JAINx Certificate","Professional Course in Web and Graphics with JAINx Certificate","Professional Course in Compositing and Editing with JAINx Certificate","Professional Course in UI\/UX Design with JAINx Certificate","Professional Course in Game Art and Design with JAINx Certificate"],"Course_Fees":["\u20b9 218,520","\u20b9 218,520","\u20b9 218,520","\u20b9 89,000","\u20b9 90,000","\u20b9 112,620","\u20b9 98,140","\u20b9 150,120"],"Course_Time":["22 Months","22 Months","22 Months","8 Months","8 Months","1 Year","9 Months","15 Months"],"Program_Type":["Regular Classroom Programs","Regular Classroom Programs","Regular Classroom Programs","Regular Classroom Programs","Regular Classroom Programs","Regular Classroom Programs","Regular Classroom Programs","Regular Classroom Programs"]},{"Institute_Name":"Center for Artificial Intelligence and Advanced Analytics","Institute_Centres":["Chennai"],"Institute_Logo":"https:\/\/images.collegedunia.com\/public\/image\/institute\/logo_1649827989Dark-Logo.png?h=75&w=75&mode=stretch","Institute_City":"Pune","Institute_Rating":null,"Institute_Type":null,"Exams\/Courses":["Data Engineering Program for Artificial Intelligence and Advanced Analytics","Data Science Program for Artificial Intelligence and Advanced Analytics","Integrated Data Science for\u00a0Artificial Intelligence and Advanced Analytics"],"Course_Fees":["\u20b9 119,185","\u20b9 150,000",""],"Course_Time":["440 Hours","693 Hours","150 Hours"],"Program_Type":["Online Learning Programs","Online Learning Programs","Online Learning Programs"]},{"Institute_Name":"Institute of Real Estate and Finance - [IREF]","Institute_Centres":["Pune"],"Institute_Logo":"https:\/\/images.collegedunia.com\/public\/image\/institute\/logo_165097652862391006_1742305309206022_6868253597998514176_n.png?h=75&w=75&mode=stretch","Institute_City":"Pune","Institute_Rating":null,"Institute_Type":null,"Exams\/Courses":["Post Graduate Program In Real Estate, Construction and Finance Management + MBA in Real Estate, Construction and Project Management (SVU University)","International Master In Construction Management\u00a0[MCM] + Post Graduate Program In Real Estate, Construction And Finance Management [PGP-RECFM]","International Master In Project Management [MPM] + Post Graduate Program In Real Estate, Construction And Finance Management [PGP-RECFM]","MBA (ZIMCA, Zeal) + Post Graduate Program In Real Estate,\u00a0Construction And Finance Management\u00a0[PGP-RECFM]","Master's Program In Real Estate, Construction And Finance Management","Certificate Program in Advance Construction Management","Post Graduate Program In Real Estate, Construction and Finance Management + MBA in Real Estate, Construction and Finance (SVU University)","Master of Business Administration [MBA] (Real Estate, Construction and Finance Management)"],"Course_Fees":["\u20b9 566,000","\u20b9 442,000","\u20b9 664,000","\u20b9 540,000","\u20b9 352,000","\u20b9 1,899","\u20b9 546,000","\u20b9 120,000"],"Course_Time":["2 Years","1 Year 6 Months","2 Years","2 Years","1 Year 6 Months","2 Months","2 Years","2 Years"],"Program_Type":["Regular Classroom Programs","Regular Classroom Programs","Regular Classroom Programs","Regular Classroom Programs","Regular Classroom Programs","Online Learning Programs","Regular Classroom Programs","Correspondence Programs"]},{"Institute_Name":"SecurEyes Techno Services Pvt. Ltd.","Institute_Centres":["Bangalore"],"Institute_Logo":"https:\/\/images.collegedunia.com\/public\/image\/institute\/logo_1651492112SE - Blue Bkgrd.PNG?h=75&w=75&mode=stretch","Institute_City":"Bangalore","Institute_Rating":null,"Institute_Type":null,"Exams\/Courses":["SecurEyes Cybersecurity Certification Program [SE-CSCP]"],"Course_Fees":["\u20b9 100,000"],"Course_Time":["3 Months"],"Program_Type":["Online Learning Programs"]},{"Institute_Name":"Indira Gandhi Computer College","Institute_Centres":["Satna"],"Institute_Logo":"https:\/\/images.collegedunia.com\/public\/image\/institute\/logo_1652169401Screenshot 2022-05-10 132504.png?h=75&w=75&mode=stretch","Institute_City":"Satna","Institute_Rating":null,"Institute_Type":null,"Exams\/Courses":["Diploma in Computer Applications [DCA]","Post Graduate Diploma in Computer Application [PGDCA]","Short Term Course in Tally","Short Term Course in CPCT"],"Course_Fees":["\u20b9 9,000","\u20b9 10,000","\u20b9 999","\u20b9 999"],"Course_Time":["1 Year","1 Year","3 Months","3 Months"],"Program_Type":["Regular Classroom Programs","Regular Classroom Programs","Regular Classroom Programs","Regular Classroom Programs"]},{"Institute_Name":"Suraasa","Institute_Centres":["Gurgaon"],"Institute_Logo":"https:\/\/images.collegedunia.com\/public\/image\/institute\/logo_1652250737Screenshot 2022-05-11 115852.png?h=75&w=75&mode=stretch","Institute_City":"Gurgaon","Institute_Rating":null,"Institute_Type":null,"Exams\/Courses":["Professional graduate Certificate in Teaching & Learning (PgCTL)","Boosting Employability Course","Mandatory Professional Development Course","Assessment and Evaluation Techniques Course","Child Protection and Safeguarding Course","Child Development, Learning Styles and Learning Taxonomies Course","Curriculum Design and Development Course","Delivering Teaching and Learning Online Course"],"Course_Fees":["\u20b9 336,300","\u20b9 49,999","\u20b9 4,920","\u20b9 7,500","\u20b9 6,000","\u20b9 7,500","\u20b9 24,000","\u20b9 24,000"],"Course_Time":["10 Months","20 Days","50 Days","21 Days","14 Days","21 Days","15 Days","21 Days"],"Program_Type":["Online Learning Programs","Online Learning Programs","Online Learning Programs","Online Learning Programs","Online Learning Programs","Online Learning Programs","Online Learning Programs","Online Learning Programs"]},{"Institute_Name":"Gray Spark Audio Academy","Institute_Centres":["Pune"],"Institute_Logo":"https:\/\/images.collegedunia.com\/public\/image\/institute\/logo_1652441042195c13a0-de0e-a8e9-76c9-d3767f9483f3.png?h=75&w=75&mode=stretch","Institute_City":"Pune","Institute_Rating":null,"Institute_Type":null,"Exams\/Courses":["Certificate in Audio Engineering and Music Production","Advanced Certificate in Audio Engineering and Music Production"],"Course_Fees":["\u20b9 202,000",""],"Course_Time":["1 Year",""],"Program_Type":["Regular Classroom Programs","Regular Classroom Programs"]},{"Institute_Name":"One Source Overseas","Institute_Centres":["Mumbai"],"Institute_Logo":"https:\/\/images.collegedunia.com\/public\/image\/institute\/logo_1654189704oso logo.png?h=75&w=75&mode=stretch","Institute_City":"Mumbai","Institute_Rating":null,"Institute_Type":null,"Exams\/Courses":["IELTS","GRE","Career Counseling and Analysis"],"Course_Fees":["\u20b9 12,000","\u20b9 15,000",""],"Course_Time":["1 Month","1 Month","2 Weeks"],"Program_Type":["Online Learning Programs","Online Learning Programs","Online Learning Programs"]},{"Institute_Name":"School of Policy and Governance","Institute_Centres":["Bangalore"],"Institute_Logo":"https:\/\/images.collegedunia.com\/public\/image\/institute\/logo_1654602055SPG_logo.png?h=75&w=75&mode=stretch","Institute_City":"Bangalore","Institute_Rating":null,"Institute_Type":null,"Exams\/Courses":["Certificate Course In Public Policy"],"Course_Fees":["\u20b9 25,000"],"Course_Time":["3 Months"],"Program_Type":["Online Learning Programs"]},{"Institute_Name":"Saaz Studio","Institute_Centres":["Nagpur"],"Institute_Logo":"https:\/\/images.collegedunia.com\/public\/image\/institute\/logo_1655119465logo.png?h=75&w=75&mode=stretch","Institute_City":"Nagpur","Institute_Rating":null,"Institute_Type":null,"Exams\/Courses":["Course in Graphic Design","Course in Digital Architecture & Interior Design","Course in UI\/UX Design","Course in 2D\/3D Animation","Course in Game Design","Course in VFX and Film Making","Course in Product Design"],"Course_Fees":["\u20b9 35,000","\u20b9 35,000","\u20b9 35,000","\u20b9 160,000","\u20b9 230,000","\u20b9 190,000","\u20b9 45,000"],"Course_Time":["1 Year","6 Months","6 Months","2 Years","2 Years","2 Years","1 Year"],"Program_Type":["Regular Classroom Programs","Regular Classroom Programs","Regular Classroom Programs","Regular Classroom Programs","Regular Classroom Programs","Regular Classroom Programs","Regular Classroom Programs"]},{"Institute_Name":"Manimekalai Educational Institute","Institute_Centres":["Chennai"],"Institute_Logo":"https:\/\/images.collegedunia.com\/public\/image\/institute\/logo_1655548100logo_manimekalai.png?h=75&w=75&mode=stretch","Institute_City":"Chennai","Institute_Rating":null,"Institute_Type":null,"Exams\/Courses":["NEBOSH IGC","IOSH","Diploma in Fire & Safety Engineering","Diploma in Industrial Safety","Diploma in Health Environment & Safety Engineering","Diploma in Fire & Industrial Safety Engineering","PG Diploma in Fire & Safety Engineering","PG Diploma in Fire & Industrial Safety Engineering"],"Course_Fees":["\u20b9 42,500","\u20b9 10,500","\u20b9 11,500","\u20b9 11,500","\u20b9 15,500","\u20b9 18,500","\u20b9 18,500","\u20b9 22,500"],"Course_Time":["","","","","","","",""],"Program_Type":["Regular Classroom Programs","Regular Classroom Programs","Regular Classroom Programs","Regular Classroom Programs","Regular Classroom Programs","Regular Classroom Programs","Regular Classroom Programs","Regular Classroom Programs"]},{"Institute_Name":"Anibrain School of Media Design","Institute_Centres":["Pune"],"Institute_Logo":"https:\/\/images.collegedunia.com\/public\/image\/institute\/logo_1655879361school-of-media-logo.png?h=75&w=75&mode=stretch","Institute_City":"Pune","Institute_Rating":null,"Institute_Type":null,"Exams\/Courses":["Gaming + AR & VR Course","Game Design and Development Course","VFX & Animation (3D for VFX) Course","VFX for Films Course","Advanced 3D for VFX Course","Short Term Course - Rotoscoping","Short Term Course - Paint","Short Term Course - Modeling"],"Course_Fees":["\u20b9 210,000","\u20b9 169,000","\u20b9 245,000","\u20b9 125,500","\u20b9 152,000","\u20b9 35,500","\u20b9 50,500","\u20b9 25,500"],"Course_Time":["1 Year 4 Months","1 Year 1 Month","2 Years","10 Months","1 Year","3 Months","4 Months","1 Month"],"Program_Type":["Regular Classroom Programs","Regular Classroom Programs","Regular Classroom Programs","Regular Classroom Programs","Regular Classroom Programs","Regular Classroom Programs","Regular Classroom Programs","Regular Classroom Programs"]},{"Institute_Name":"GLOBAL LEARNING AND CAREER COUNSELING (GLCC)","Institute_Centres":["Jaipur"],"Institute_Logo":"https:\/\/images.collegedunia.com\/public\/image\/institute\/logo_1657171049LOGO_GLCC.JPG?h=75&w=75&mode=stretch","Institute_City":"Jaipur","Institute_Rating":null,"Institute_Type":null,"Exams\/Courses":["Distance MBA","Distance Diploma"],"Course_Fees":["\u20b9 141,200","\u20b9 71,200"],"Course_Time":["2 Years","1 Year"],"Program_Type":["Online Learning Programs","Online Learning Programs"]},{"Institute_Name":"MED-IIT","Institute_Centres":["New Delhi"],"Institute_Logo":"https:\/\/images.collegedunia.com\/public\/image\/institute\/logo_1662105504301517608_411642354405128_6380966438676892940_n.png?h=75&w=75&mode=stretch","Institute_City":"New Delhi","Institute_Rating":null,"Institute_Type":null,"Exams\/Courses":["NEET for 11th Class","JEE Mains + Advanced for 11th Class","NEET for 12th Class","NEET for Droppers","JEE Mains + Advanced for Droppers","Individual Physics Classes for 11th+12th+droppers NEET\/JEE MAINS + ADVANCED"],"Course_Fees":["\u20b9 150,000","\u20b9 140,000","\u20b9 75,000","\u20b9 110,000","\u20b9 110,000","\u20b9 90,000"],"Course_Time":["2 Years","2 Years","1 Year","1 Year","1 Year",""],"Program_Type":["Regular Classroom Programs","Regular Classroom Programs","Regular Classroom Programs","Regular Classroom Programs","Regular Classroom Programs","Regular Classroom Programs"]},{"Institute_Name":"Galaxy Educational Services","Institute_Centres":["Bangalore"],"Institute_Logo":"https:\/\/images.collegedunia.com\/public\/image\/institute\/logo_1663316180galaxy logo.jpg?h=75&w=75&mode=stretch","Institute_City":"Bangalore","Institute_Rating":null,"Institute_Type":null,"Exams\/Courses":["BBA","MBA","BCA","MCA","B.Com","M.Com"],"Course_Fees":["","","","","",""],"Course_Time":["3 Years","2 Years","3 Years","3 Years","3 Years","2 Years"],"Program_Type":["Regular Classroom Programs","Regular Classroom Programs","Regular Classroom Programs","Regular Classroom Programs","Regular Classroom Programs","Regular Classroom Programs"]},{"Institute_Name":"AttainU","Institute_Centres":["Lucknow"],"Institute_Logo":"https:\/\/images.collegedunia.com\/public\/image\/institute\/logo_1663231731Document1.jpg?h=75&w=75&mode=stretch","Institute_City":"Bangalore","Institute_Rating":null,"Institute_Type":null,"Exams\/Courses":["Full Stack Web Development"],"Course_Fees":["\u20b9 68,000"],"Course_Time":["7 Months"],"Program_Type":["Online Learning Programs"]},{"Institute_Name":"UDX Institute","Institute_Centres":["Pune"],"Institute_Logo":"https:\/\/images.collegedunia.com\/public\/image\/institute\/logo_1666008274logo__5_-removebg-preview.png?h=75&w=75&mode=stretch","Institute_City":"Pune","Institute_Rating":null,"Institute_Type":null,"Exams\/Courses":["UDX CLAT Master Blaster","UDX CJ+CLAT Combo","CLAT 2-year program","UDX NET","CLAT 1-year program","UDX Speed NET"],"Course_Fees":["\u20b9 95,990","\u20b9 109,901","\u20b9 89,000","\u20b9 55,000","\u20b9 49,000","\u20b9 44,000"],"Course_Time":["9 Months","9 Months","2 Years","5 Months","1 Year","3 Months"],"Program_Type":["Regular Classroom Programs","Regular Classroom Programs","Regular Classroom Programs","Regular Classroom Programs","Regular Classroom Programs","Regular Classroom Programs"]},{"Institute_Name":"Veta Academy","Institute_Centres":["Mumbai"],"Institute_Logo":"https:\/\/images.collegedunia.com\/public\/image\/institute\/logo_1667287641veta academy logo.png?h=75&w=75&mode=stretch","Institute_City":"Mumbai","Institute_Rating":null,"Institute_Type":null,"Exams\/Courses":["Fluent English Level 1","Fluent English Level 2 Vol 1","IELTS"],"Course_Fees":["\u20b9 9,900","\u20b9 9,900","\u20b9 15,000"],"Course_Time":["120 Hours","120 Hours","40 Hours"],"Program_Type":["Regular Classroom Programs","Regular Classroom Programs","Regular Classroom Programs"]},{"Institute_Name":"Swasti Yoga Centre","Institute_Centres":["Pune"],"Institute_Logo":"https:\/\/images.collegedunia.com\/public\/image\/institute\/logo_1681806424s1.jpg?h=75&w=75&mode=stretch","Institute_City":"Pune","Institute_Rating":null,"Institute_Type":null,"Exams\/Courses":["Yoga Therapy TTC (Level 1)","Yoga Therapy TTC (Level 2)","Online Kids Yoga Teacher Training Course","Online Pregnancy Yoga Teacher Training Course","Yoga Foundation Course","Level 1 Yoga TTC (Yoga Protocol Instructor)","Level 2 Yoga TTC (Yoga Wellness Instructor)","Yoga Volunteer Course."],"Course_Fees":["\u20b9 20,000","\u20b9 60,000","\u20b9 20,000","\u20b9 20,000","\u20b9 15,000","\u20b9 30,000","\u20b9 50,000",""],"Course_Time":["2 Months","8 Months","2 Months","2 Months","12 Days","15 Days","30 Days",""],"Program_Type":["Online Learning Programs","Online Learning Programs","Online Learning Programs","Online Learning Programs","Online Learning Programs","Online Learning Programs","Online Learning Programs","Regular Classroom Programs"]},{"Institute_Name":"Dapp Foundery","Institute_Centres":["Jaipur"],"Institute_Logo":"https:\/\/images.collegedunia.com\/public\/image\/institute\/logo_1684389819d logo.jpg?h=75&w=75&mode=stretch","Institute_City":"Jaipur","Institute_Rating":null,"Institute_Type":null,"Exams\/Courses":["Full Stack Web3 Development"],"Course_Fees":["\u20b9 24,999"],"Course_Time":["30 Weeks"],"Program_Type":["Online Learning Programs"]},{"Institute_Name":"Vidhaan Residential Home","Institute_Centres":["Dewas"],"Institute_Logo":"https:\/\/images.collegedunia.com\/public\/image\/institute\/logo_1685684581v logo.png?h=75&w=75&mode=stretch","Institute_City":"Dewas","Institute_Rating":null,"Institute_Type":null,"Exams\/Courses":["IIT JEE - VIII","IIT JEE - IX","IIT JEE - X","IIT JEE - XI","IIT JEE - XII","NEET - IX","NEET - X","NEET - XI"],"Course_Fees":["\u20b9 496,000","\u20b9 522,000","\u20b9 547,000","\u20b9 662,000","\u20b9 702,000","\u20b9 590,000","\u20b9 620,000","\u20b9 706,000"],"Course_Time":["1 Year","1 Year","1 Year","1 Year","1 Year","1 Year","1 Year","1 Year"],"Program_Type":["Regular Classroom Programs","Regular Classroom Programs","Regular Classroom Programs","Regular Classroom Programs","Regular Classroom Programs","Regular Classroom Programs","Regular Classroom Programs","Regular Classroom Programs"]},{"Institute_Name":"TIME Institute","Institute_Centres":["Visakhapatnam"],"Institute_Logo":"https:\/\/images.collegedunia.com\/public\/image\/institute\/logo_1688188781t1.png?h=75&w=75&mode=stretch","Institute_City":"Visakhapatnam","Institute_Rating":null,"Institute_Type":null,"Exams\/Courses":["Regular (2023)","Regular +100 Videos (2023)","Advanced (2023)","Advanced +200 Videos (2023)","Material with online practice Qs (2023)"],"Course_Fees":["\u20b9 11,250","\u20b9 14,750","\u20b9 14,950","\u20b9 20,450","\u20b9 8,950"],"Course_Time":["","","","",""],"Program_Type":["Regular Classroom Programs","Regular Classroom Programs","Regular Classroom Programs","Regular Classroom Programs","Regular Classroom Programs"]},{"Institute_Name":"T.I.M.E","Institute_Centres":["Hyderabad"],"Institute_Logo":"https:\/\/images.collegedunia.com\/public\/image\/institute\/logo_1690962752logo_1658729482logo.webp?h=75&w=75&mode=stretch","Institute_City":"Hyderabad","Institute_Rating":null,"Institute_Type":null,"Exams\/Courses":["Bank SBI & IBPS","Bank Exams 2023-24","Bank Exams 2023-24 + SSC CGLE 2024 Tier I and Tier II (Paper I)","Bank Exams 2023-24 + SSC CGLE 2024 Tier I and Tier II (Paper II)","CAT 2023"],"Course_Fees":["\u20b9 3,950","\u20b9 8,750","\u20b9 10,950","\u20b9 12,450","\u20b9 34,950"],"Course_Time":["2 Months","3 Months","3 Years","3 Months","1 Year"],"Program_Type":["Online Learning Programs","Online Learning Programs","Regular Classroom Programs","Regular Classroom Programs","Regular Classroom Programs"]},{"Institute_Name":"Counsel India","Institute_Centres":["Noida"],"Institute_Logo":"https:\/\/images.collegedunia.com\/public\/image\/institute\/logo_16912324113.png?h=75&w=75&mode=stretch","Institute_City":"Noida","Institute_Rating":null,"Institute_Type":null,"Exams\/Courses":["PG Diploma in Psychology","PG Diploma in Guidance and Counselling","Diploma in Career Counselling","Diploma in Child Psychology","Advance Certification in Industrial - Organizational Psychology"],"Course_Fees":["\u20b9 131,250","\u20b9 55,000","\u20b9 38,500","\u20b9 55,125","\u20b9 67,280"],"Course_Time":["24 Months","12 Months","6 Months","12 Months","6 Months"],"Program_Type":["Online Learning Programs","Online Learning Programs","Online Learning Programs","Online Learning Programs","Regular Classroom Programs"]},{"Institute_Name":"LEX MANGALAM LAW INSTITUTE","Institute_Centres":["Patna"],"Institute_Logo":"https:\/\/images.collegedunia.com\/public\/image\/institute\/logo_16914042122023-03-01.jpg?h=75&w=75&mode=stretch","Institute_City":"Patna","Institute_Rating":null,"Institute_Type":null,"Exams\/Courses":["CLAT","LLB","Judicial Services"],"Course_Fees":["\u20b9 14,900","\u20b9 39,999","\u20b9 52,999"],"Course_Time":["3 Months","6 Months","6 Months"],"Program_Type":["Regular Classroom Programs","Regular Classroom Programs","Regular Classroom Programs"]},{"Institute_Name":"London Institute of Banking & Finance India","Institute_Centres":["Gurgaon"],"Institute_Logo":"https:\/\/images.collegedunia.com\/public\/image\/institute\/logo_169346913811111.png?h=75&w=75&mode=stretch","Institute_City":"Gurgaon","Institute_Rating":null,"Institute_Type":null,"Exams\/Courses":["IBCF - International Banking & Finance Certificate - Foundation","IBCI - International Banking & Finance Certificate - Intermediate","CSME - Certificate in SME Lending and Alternative Data","FDFI - Foundations in Digital Finance & Innovation"],"Course_Fees":["\u20b9 79,760","\u20b9 79,760","\u20b9 45,400","\u20b9 42,950"],"Course_Time":["12 Months","12 Months","12 Months","12 Hours"],"Program_Type":["Online Learning Programs","Online Learning Programs","Regular Classroom Programs","Online Learning Programs"]},{"Institute_Name":"Tsaaro Academy","Institute_Centres":["Gurgaon"],"Institute_Logo":"https:\/\/images.collegedunia.com\/public\/image\/institute\/logo_1694168693output-onlinegiftools.gif?h=75&w=75&mode=stretch","Institute_City":"Gurgaon","Institute_Rating":null,"Institute_Type":null,"Exams\/Courses":["Certified \u2013 Data Protection Officer (C\u2013DPO) \u2013 Practitioner","Certified \u2013 Data Protection Officer ( C\u2013DPO) \u2013 India","Privacy Fundamentals Certification","CISM \u2013 Certified Information Security Manager"],"Course_Fees":["\u20b9 44,999","\u20b9 39,999","\u20b9 7,999","\u20b9 17,700"],"Course_Time":["","","",""],"Program_Type":["Online Learning Programs","Online Learning Programs","Online Learning Programs","Online Learning Programs"]},{"Institute_Name":"Byju's","Institute_Centres":["Bangalore"],"Institute_Logo":"https:\/\/images.collegedunia.com\/public\/image\/institute\/logo_169872750511.png?h=75&w=75&mode=stretch","Institute_City":"Bangalore","Institute_Rating":null,"Institute_Type":null,"Exams\/Courses":["NEET"],"Course_Fees":[""],"Course_Time":[""],"Program_Type":["Regular Classroom Programs"]},{"Institute_Name":"Motion Online Classes","Institute_Centres":["Kota"],"Institute_Logo":"https:\/\/images.collegedunia.com\/public\/image\/institute\/logo_169873513755.webp?h=75&w=75&mode=stretch","Institute_City":"Kota","Institute_Rating":null,"Institute_Type":null,"Exams\/Courses":["JEE (Main + Advanced) One Year Coaching for Class XI - Online"],"Course_Fees":["\u20b9 65,000"],"Course_Time":["1 Year"],"Program_Type":["Online Learning Programs"]},{"Institute_Name":"UK Versity","Institute_Centres":["Noida"],"Institute_Logo":"https:\/\/images.collegedunia.com\/public\/image\/institute\/logo_1706860072Logo-ukversity.png?h=75&w=75&mode=stretch","Institute_City":"Noida","Institute_Rating":null,"Institute_Type":null,"Exams\/Courses":["ATHE Level 3 Diploma in Business","OTHM Level 4 Diploma in Business Accounting"],"Course_Fees":["\u20b9 85,000","\u20b9 125,000"],"Course_Time":["12 Weeks","20 Weeks"],"Program_Type":["Online Learning Programs","Online Learning Programs"]},{"Institute_Name":"Courses 4 U","Institute_Centres":["New Delhi"],"Institute_Logo":"https:\/\/images.collegedunia.com\/public\/image\/institute\/logo_1707891092logoo.jpeg?h=75&w=75&mode=stretch","Institute_City":"New Delhi","Institute_Rating":null,"Institute_Type":null,"Exams\/Courses":["ATHE Level 3 Diploma in Business","OTHM Level 4 Diploma in Business Accounting"],"Course_Fees":["\u20b9 45,000","\u20b9 45,000"],"Course_Time":["36 Weeks","1 Year"],"Program_Type":["Online Learning Programs","Online Learning Programs"]},{"Institute_Name":"RGR Academy","Institute_Centres":["Chennai"],"Institute_Logo":"https:\/\/images.collegedunia.com\/public\/image\/institute\/logo_1708667789logo.png?h=75&w=75&mode=stretch","Institute_City":"Chennai","Institute_Rating":null,"Institute_Type":null,"Exams\/Courses":["JEE (Main + Advanced) Two Year Coaching for Class XI - Regular","NEET Two Year Coaching for Class XI - Regular","JEE (Main + Advanced) One Year Coaching for Class XII - Regular","NEET One Year Coaching for Class XII - Regular","JEE (Main + Advanced) One Year Coaching for Droppers & Repeaters - Regular","NEET One Year Coaching for Droppers & Repeaters - Regular","JEE (Main + Advanced)  One Year Foundation Coaching Course for Class IX - Regular","JEE (Main + Advanced)  One Year Foundation Coaching Course for Class X - Regular"],"Course_Fees":["\u20b9 120,000","\u20b9 120,000","\u20b9 70,000","\u20b9 70,000","\u20b9 70,000","\u20b9 70,000","\u20b9 35,400","\u20b9 35,400"],"Course_Time":["2 Years","2 Years","1 Year","1 Year","1 Year","1 Year","1 Year","1 Year"],"Program_Type":["Regular Classroom Programs","Regular Classroom Programs","Regular Classroom Programs","Regular Classroom Programs","Regular Classroom Programs","Regular Classroom Programs","Regular Classroom Programs","Regular Classroom Programs"]},{"Institute_Name":"Top Rankers (Judiciary Gold )","Institute_Centres":["Bhopal"],"Institute_Logo":"https:\/\/images.collegedunia.com\/public\/image\/institute\/logo_1709631476image.png?h=75&w=75&mode=stretch","Institute_City":"Bhopal","Institute_Rating":null,"Institute_Type":null,"Exams\/Courses":["Judiciary Gold Batch","Judiciary Comprehensive Batch","Jharkhand Crash Course for Prelims Examination","Haryana Judiciary Services (HJS) Crash Course","MPCJ Mains Crash course","Chhattisgarh Crash Course for Mains Examination"],"Course_Fees":["\u20b9 94,499","\u20b9 98,999","\u20b9 6,999","\u20b9 9,999","\u20b9 6,999","\u20b9 6,999"],"Course_Time":["800 Hours","1200 Hours","","","",""],"Program_Type":["Regular Classroom Programs","Online Learning Programs","Online Learning Programs","Crash Course (if coaching)","Crash Course (if coaching)","Crash Course (if coaching)"]},{"Institute_Name":"Aptech Computer & Aviation Training Institute","Institute_Centres":["New Delhi"],"Institute_Logo":"https:\/\/images.collegedunia.com\/public\/image\/institute\/logo_1710311331070021EA841DA351BFCAA81F98_1670239424754 (1).webp?h=75&w=75&mode=stretch","Institute_City":"New Delhi","Institute_Rating":null,"Institute_Type":null,"Exams\/Courses":["Vidya (Basic of Computers - MS Office, Emailing, Google etc.)","Advanced Excel","Programming in C","Programming in C++","Responsive Web Development","Programming in C#","Web Application Development in .NET","Java Programming"],"Course_Fees":["\u20b9 6,200","\u20b9 5,400","\u20b9 3,800","\u20b9 7,200","\u20b9 10,300","\u20b9 8,900","\u20b9 13,500","\u20b9 10,200"],"Course_Time":["40 Hours","24 Hours","40 Hours","32 Hours","46 Hours","40 Hours","40 Hours","72 Hours"],"Program_Type":["Regular Classroom Programs","Regular Classroom Programs","Regular Classroom Programs","Regular Classroom Programs","Regular Classroom Programs","Regular Classroom Programs","Regular Classroom Programs","Regular Classroom Programs"]},{"Institute_Name":"CM Education Hub","Institute_Centres":["New Delhi"],"Institute_Logo":"https:\/\/images.collegedunia.com\/public\/image\/institute\/logo_1710481818CM edu hub logo.png?h=75&w=75&mode=stretch","Institute_City":"Laxmi Nagar","Institute_Rating":null,"Institute_Type":null,"Exams\/Courses":["JEE Advanced Course for Class 11","JEE Main Course for Class 11","SSC Exam","Banking Exam","BBA","B.Com"],"Course_Fees":["\u20b9 20,000","\u20b9 20,000","\u20b9 18,000","\u20b9 18,000","\u20b9 25,000","\u20b9 25,000"],"Course_Time":["2 Years","2 Years","1 Year","1 Year","1 Year","1 Year"],"Program_Type":["Regular Classroom Programs","Regular Classroom Programs","Regular Classroom Programs","Regular Classroom Programs","Regular Classroom Programs","Regular Classroom Programs"]},{"Institute_Name":"CS Anoop Jain Classes, Delhi","Institute_Centres":["New Delhi"],"Institute_Logo":"https:\/\/images.collegedunia.com\/public\/image\/institute\/logo_1710485588111.jpg?h=75&w=75&mode=stretch","Institute_City":"New Delhi","Institute_Rating":null,"Institute_Type":null,"Exams\/Courses":["CS Executive Group-1  - CAFM","CS Executive Group-1 - Company Law","CS Executive Group-1 - SBIL","CS Executive Group-1 - JIGL","CS Executive Group-2 - SLCM","CS Executive Group-2 - EBIL","CS Executive Group-2 - TAX","CS Executive Both Group Combo - Offline"],"Course_Fees":["\u20b9 7,999","\u20b9 14,999","\u20b9 19,999","\u20b9 22,999","\u20b9 5,999","\u20b9 11,999","\u20b9 14,999","\u20b9 35,999"],"Course_Time":["","","","","","","",""],"Program_Type":["Regular Classroom Programs","Regular Classroom Programs","Regular Classroom Programs","Regular Classroom Programs","Regular Classroom Programs","Regular Classroom Programs","Regular Classroom Programs","Regular Classroom Programs"]},{"Institute_Name":"KWT Digital","Institute_Centres":["New Delhi"],"Institute_Logo":"https:\/\/images.collegedunia.com\/public\/image\/institute\/logo_1710496505KWT logo.jfif?h=75&w=75&mode=stretch","Institute_City":"West Delhi","Institute_Rating":null,"Institute_Type":null,"Exams\/Courses":["2D and 3D Animation Training","Digital Marketing Training","Video Editing Training","Website Designing & UI\/UX Training","YouTube Marketing and Facebook marketing Coaching","Graphics and  Graphics Animation Coaching"],"Course_Fees":["\u20b9 24,000","\u20b9 20,000","\u20b9 20,000","\u20b9 3,000","\u20b9 3,000","\u20b9 5,000"],"Course_Time":["1 Year","6 Months","6 Months","1 Month","1 Month","1 Month"],"Program_Type":["Regular Classroom Programs","Regular Classroom Programs","Regular Classroom Programs","Regular Classroom Programs","Regular Classroom Programs","Regular Classroom Programs"]},{"Institute_Name":"Arena Animation, Dilshad Garden","Institute_Centres":["New Delhi"],"Institute_Logo":"https:\/\/images.collegedunia.com\/public\/image\/institute\/logo_1711440779111.webp?h=75&w=75&mode=stretch","Institute_City":"New Delhi","Institute_Rating":null,"Institute_Type":null,"Exams\/Courses":["Motion Graphic Course","Animation  Course","VFX Training","Game Designing Course","Interior Exterior Designing Course","Video Editing Course","UI-UX Designing Course","Digital Marketing Course"],"Course_Fees":["\u20b9 7,000","\u20b9 7,000","\u20b9 7,000","\u20b9 7,000","\u20b9 7,000","\u20b9 7,000","\u20b9 7,000","\u20b9 7,000"],"Course_Time":["","","","","","","",""],"Program_Type":["Regular Classroom Programs","Regular Classroom Programs","Regular Classroom Programs","Regular Classroom Programs","Regular Classroom Programs","Regular Classroom Programs","Regular Classroom Programs","Regular Classroom Programs"]},{"Institute_Name":"Eduwingz International Bangalore","Institute_Centres":["Bangalore"],"Institute_Logo":"https:\/\/images.collegedunia.com\/public\/image\/institute\/logo_1711457869aaa.png?h=75&w=75&mode=stretch","Institute_City":"Bangalore","Institute_Rating":null,"Institute_Type":null,"Exams\/Courses":["BAMS Course","BHMS Course","BDS Course","BUMS Course","MBBS Course"],"Course_Fees":["\u20b9 35,000","\u20b9 35,000","\u20b9 35,000","\u20b9 35,000","\u20b9 125,000"],"Course_Time":["","","","",""],"Program_Type":["Regular Classroom Programs","Regular Classroom Programs","Regular Classroom Programs","Regular Classroom Programs","Regular Classroom Programs"]},{"Institute_Name":"Go Digital Institute, Andheri","Institute_Centres":["Mumbai"],"Institute_Logo":"https:\/\/images.collegedunia.com\/public\/image\/institute\/logo_1712034085Logo Go digital.jpg?h=75&w=75&mode=stretch","Institute_City":"Mumbai","Institute_Rating":null,"Institute_Type":null,"Exams\/Courses":["Go Digital Diploma In Digital Marketing Course","Go Digital Graphic, Product Shoot, Video Editing & Social Media Marketing Course","Go digital Specialization in Visual Design & Social Media Course","Go Digital Master in Digital Marketing Course","Go Digital Advanced Digital Marketing Course","Go Digital Pro in SMM Course","Go Digital Pro in SEO Course"],"Course_Fees":["\u20b9 170,000","\u20b9 105,000","\u20b9 80,000","\u20b9 70,000","\u20b9 50,000","\u20b9 20,000","\u20b9 20,000"],"Course_Time":["1 Year","9 Months","7 Months","7 Months","4 Months","2 Months","2 Months"],"Program_Type":["Regular Classroom Programs","Regular Classroom Programs","Regular Classroom Programs","Regular Classroom Programs","Regular Classroom Programs","Regular Classroom Programs","Regular Classroom Programs"]},{"Institute_Name":"Nix Study Abroad, Noida","Institute_Centres":["Noida"],"Institute_Logo":"https:\/\/images.collegedunia.com\/public\/image\/institute\/logo_1712212660WhatsApp Image 2024-03-28 at 11.36.16.jpeg?h=75&w=75&mode=stretch","Institute_City":"Noida","Institute_Rating":null,"Institute_Type":null,"Exams\/Courses":["MBBS Study Abroad Consultancy"],"Course_Fees":["\u20b9 120,000"],"Course_Time":[""],"Program_Type":["Online Learning Programs"]},{"Institute_Name":"Veritas Mundi Education, Navi Mumbai","Institute_Centres":["Mumbai"],"Institute_Logo":"https:\/\/images.collegedunia.com\/public\/image\/institute\/logo_1712666449s.jpg?h=75&w=75&mode=stretch","Institute_City":"Mumbai","Institute_Rating":null,"Institute_Type":null,"Exams\/Courses":["Study Abroad Consultancy Visa Consultants"],"Course_Fees":["\u20b9 10,000"],"Course_Time":[""],"Program_Type":["Regular Classroom Programs"]},{"Institute_Name":"Select Your University Ghaziabad","Institute_Centres":["Ghaziabad"],"Institute_Logo":"https:\/\/images.collegedunia.com\/public\/image\/institute\/logo_1713184261309313744_467391822074580_7229411001004838388_n.jpg?h=75&w=75&mode=stretch","Institute_City":"Ghaziabad","Institute_Rating":null,"Institute_Type":null,"Exams\/Courses":["Study Abroad Consultancy"],"Course_Fees":[""],"Course_Time":[""],"Program_Type":["Regular Classroom Programs"]},{"Institute_Name":"KSG India","Institute_Centres":["New Delhi"],"Institute_Logo":"https:\/\/images.collegedunia.com\/public\/image\/institute\/logo_1713354627KSG logo.jfif?h=75&w=75&mode=stretch","Institute_City":"New Delhi","Institute_Rating":null,"Institute_Type":null,"Exams\/Courses":["UPSC (Prelims + Mains) Foundation Course for GS + CSAT"],"Course_Fees":["\u20b9 157,000"],"Course_Time":["9 Months"],"Program_Type":["Regular Classroom Programs"]},{"Institute_Name":"FIITJEE","Institute_Centres":["Coimbatore"],"Institute_Logo":"https:\/\/images.collegedunia.com\/public\/image\/institute\/logo_1713522218f1.webp?h=75&w=75&mode=stretch","Institute_City":"Coimbatore","Institute_Rating":null,"Institute_Type":null,"Exams\/Courses":["JEE (Main + Advanced) Two Year Coaching for Class XI - Regular","JEE (Main + Advanced) Two Year Coaching for Class XI - Online","JEE (Main + Advanced) One Year Coaching for Droppers & Repeaters - Regular","JEE (Main + Advanced) One Year Coaching for Droppers & Repeaters - Online","JEE Main Mock Test Series For Class XI","JEE Main Mock Test Series For Droppers & Repeaters","JEE (Main + Advanced) Four Year Foundation Coaching for Class IX - Regular","JEE (Main + Advanced) Two Year Foundation Coaching for Class IX - Distance"],"Course_Fees":["\u20b9 432,200","\u20b9 224,500","\u20b9 110,000","\u20b9 125,000","\u20b9 22,000","\u20b9 19,200","\u20b9 700,000","\u20b9 19,000"],"Course_Time":["2 Years","2 Years","1 Year","1 Year","2 Years","1 Year","4 Years","2 Years"],"Program_Type":["Regular Classroom Programs","Online Learning Programs","Regular Classroom Programs","Correspondence Programs","Test Series","Test Series","Regular Classroom Programs","Correspondence Programs"]},{"Institute_Name":"Secure My Scholarship","Institute_Centres":["Mumbai"],"Institute_Logo":"https:\/\/images.collegedunia.com\/public\/image\/institute\/logo_1715253458SMSlogo_white_bgFill.jpg?h=75&w=75&mode=stretch","Institute_City":"Andheri East","Institute_Rating":null,"Institute_Type":null,"Exams\/Courses":["Bachelors Abroad Consultancy for USA","Masters Abroad Consultancy for USA","Bachelors Abroad Consultancy for UK","Masters Abroad Consultancy for UK","Bachelors Abroad Consultancy for UAE","Masters Abroad Consultancy for UAE"],"Course_Fees":["","","","","",""],"Course_Time":["","","","","",""],"Program_Type":["Regular Classroom Programs","Regular Classroom Programs","Regular Classroom Programs","Regular Classroom Programs","Regular Classroom Programs","Regular Classroom Programs"]},{"Institute_Name":"Pearson BTEC","Institute_Centres":["Bangalore"],"Institute_Logo":"https:\/\/images.collegedunia.com\/public\/image\/institute\/logo_1715338616pearson-logo-2D49F7673A-seeklogo.com.png?h=75&w=75&mode=stretch","Institute_City":"Bangalore","Institute_Rating":null,"Institute_Type":null,"Exams\/Courses":["Pearson BTEC Level 4 Course","Pearson BTEC Level 5 Course","Pearson BTEC Level 6 Course","Pearson BTEC Level 7 Course"],"Course_Fees":["","","",""],"Course_Time":["","","",""],"Program_Type":["Regular Classroom Programs","Regular Classroom Programs","Regular Classroom Programs","Regular Classroom Programs"]},{"Institute_Name":"FPA Edutech, Mumbai","Institute_Centres":["Mumbai"],"Institute_Logo":"https:\/\/images.collegedunia.com\/public\/image\/institute\/logo_1716530284FPA Logo 2.png?h=75&w=75&mode=stretch","Institute_City":"Borivali","Institute_Rating":null,"Institute_Type":null,"Exams\/Courses":["ACCA Course For 6-12 Months","CPA Course For 12-16 Months - Regular","CFP Course For 10-12 Months - Regular","CFA Course For Two Year - Regular","Certificate Course for Two Year - Regular"],"Course_Fees":["\u20b9 360,000","\u20b9 350,000","\u20b9 130,000","\u20b9 350,000","\u20b9 300,000"],"Course_Time":["12 Months","16 Months","12 Months","2 Years","2 Years"],"Program_Type":["Regular Classroom Programs","Regular Classroom Programs","Regular Classroom Programs","Regular Classroom Programs","Regular Classroom Programs"]},{"Institute_Name":"Vision IAS Chandigarh","Institute_Centres":["Chandigarh"],"Institute_Logo":"https:\/\/images.collegedunia.com\/public\/image\/institute\/logo_1716979525BryLgboy_400x400.png?h=75&w=75&mode=stretch","Institute_City":"Chandigarh","Institute_Rating":null,"Institute_Type":null,"Exams\/Courses":["UPSC (Prelims + Mains) 12 Months Foundation Coaching for GS - Regular","UPSC (Mains) 5 Week Coaching for Essay Writing - Regular","UPSC (Prelims + Mains) 16 Months Foundation Coaching for GS - Regular","UPSC (Mains) Test Series for Philosophy (Optional) - Regular","UPSC (Mains) 6 Week Coaching for Ethics - Regular","UPSC (Mains) Test Series for Sociology (Optional) - Regular","UPSC (Prelims) 3 Months Coaching for CSAT","UPSC Mains 3 Months Test Series for Public Administration (Optional) - Regular"],"Course_Fees":["\u20b9 210,000","\u20b9 6,000","\u20b9 235,000","\u20b9 11,000","\u20b9 6,000","\u20b9 11,000","\u20b9 17,000","\u20b9 11,000"],"Course_Time":["1 Year","5 Weeks","16 Months","4 Months","6 Weeks","3 Months","3 Months","3 Months"],"Program_Type":["Regular Classroom Programs","Regular Classroom Programs","Regular Classroom Programs","Test Series","Regular Classroom Programs","Test Series","Regular Classroom Programs","Test Series"]},{"Institute_Name":"MKSSS's \u2013 Sumati Deshmukh Institute of Foreign Languages, Pune","Institute_Centres":["Pune"],"Institute_Logo":"https:\/\/images.collegedunia.com\/public\/image\/institute\/logo_1717238823mksss_sdifl_logo.jpeg?h=75&w=75&mode=stretch","Institute_City":"Pune","Institute_Rating":null,"Institute_Type":null,"Exams\/Courses":["German Language Course","French Language Course","Japanese N5, N4, N3 Language Course","Spanish A1 & A2 Language Course","Introductory Courses in Foreign Language","GRE Training Course","IELTS Training Course"],"Course_Fees":["\u20b9 7,000","\u20b9 7,000","\u20b9 7,000","\u20b9 7,000","\u20b9 7,000","\u20b9 7,000","\u20b9 7,000"],"Course_Time":["1 Year","1 Year","1 Year","1 Year","1 Year","1 Year","1 Year"],"Program_Type":["Regular Classroom Programs","Regular Classroom Programs","Regular Classroom Programs","Regular Classroom Programs","Regular Classroom Programs","Regular Classroom Programs","Regular Classroom Programs"]},{"Institute_Name":"SquadLearn, Bhubaneswar","Institute_Centres":["Bhubaneswar"],"Institute_Logo":"https:\/\/images.collegedunia.com\/public\/image\/institute\/logo_1717243493download.jpeg?h=75&w=75&mode=stretch","Institute_City":"Bhubaneswar","Institute_Rating":null,"Institute_Type":null,"Exams\/Courses":["Advanced Class for 20 Weeks on UI Design Dynamics","Advanced Class for 20 Weeks on UX Jumpstart"],"Course_Fees":["\u20b9 49,999","\u20b9 39,999"],"Course_Time":["20 Weeks","20 Weeks"],"Program_Type":["Regular Classroom Programs","Regular Classroom Programs"]},{"Institute_Name":"Aerodynamiks Academy, Mangalore","Institute_Centres":["Mangalore"],"Institute_Logo":"https:\/\/images.collegedunia.com\/public\/image\/institute\/logo_1717411419aerodynamiks_logo-removebg-preview.png?h=75&w=75&mode=stretch","Institute_City":"Mangalore","Institute_Rating":null,"Institute_Type":null,"Exams\/Courses":["Diploma in Inflight Management One Year Course in Ground Staff Management","Diploma in Inflight Management One Year Course in Cabin Crew Management"],"Course_Fees":["\u20b9 100,000","\u20b9 100,000"],"Course_Time":["1 Year","1 Year"],"Program_Type":["Regular Classroom Programs","Regular Classroom Programs"]},{"Institute_Name":"Chahal Academy Ranchi","Institute_Centres":["Ranchi"],"Institute_Logo":"https:\/\/images.collegedunia.com\/public\/image\/institute\/logo_1717943439images (7).jpg?h=75&w=75&mode=stretch","Institute_City":"Ranchi","Institute_Rating":null,"Institute_Type":null,"Exams\/Courses":["UPSC (Prelims + Mains) One Year Foundation Coaching for GS - Online","UPSC (Prelims) Mock Test Series for GS + CSAT - Regular","UPSC (Prelims + Mains) Two Year Foundation Coaching for GS - Online","UPSC (Prelims) Mock Test Series for GS + CSAT - Online","UPSC (Prelims + Mains) Three Year Foundation Coaching for GS - Online","UPSC (Mains) Mock Test Series for GS + Optional - Regular","UPSC (Prelims + Mains) One Year Coaching for NCERT - Online","UPSC (Mains) Mock Test Series for GS + Optional - Online"],"Course_Fees":["\u20b9 99,000","\u20b9 5,900","\u20b9 149,000","\u20b9 5,900","\u20b9 199,000","\u20b9 22,400","\u20b9 40,000","\u20b9 22,400"],"Course_Time":["1 Year","5 Months","2 Years","5 Months","3 Years","5 Months","1 Year","5 Months"],"Program_Type":["Online Learning Programs","Test Series","Online Learning Programs","Test Series","Online Learning Programs","Test Series","Online Learning Programs","Test Series"]},{"Institute_Name":"Chahal Academy Surat","Institute_Centres":["Surat"],"Institute_Logo":"https:\/\/images.collegedunia.com\/public\/image\/institute\/logo_1717944096images (7).jpg?h=75&w=75&mode=stretch","Institute_City":"Surat","Institute_Rating":null,"Institute_Type":null,"Exams\/Courses":["UPSC (Prelims + Mains) One Year Foundation Coaching for GS - Online","UPSC (Prelims) Mock Test Series for GS + CSAT - Regular","UPSC (Prelims + Mains) Two Year Foundation Coaching for GS - Online","UPSC (Prelims) Mock Test Series for GS + CSAT - Online","UPSC (Prelims + Mains) Three Year Foundation Coaching for GS - Online","UPSC (Mains) Mock Test Series for GS + Optional - Regular","UPSC (Prelims + Mains) One Year Coaching for NCERT - Online","UPSC (Mains) Mock Test Series for GS + Optional - Online"],"Course_Fees":["\u20b9 99,000","\u20b9 5,900","\u20b9 149,000","\u20b9 5,900","\u20b9 199,000","\u20b9 22,400","\u20b9 40,000","\u20b9 22,400"],"Course_Time":["1 Year","5 Months","2 Years","5 Months","3 Years","5 Months","1 Year","5 Months"],"Program_Type":["Online Learning Programs","Test Series","Online Learning Programs","Test Series","Online Learning Programs","Test Series","Online Learning Programs","Online Learning Programs"]},{"Institute_Name":"Chahal Academy Thane","Institute_Centres":["Thane"],"Institute_Logo":"https:\/\/images.collegedunia.com\/public\/image\/institute\/logo_1717944838images (7).jpg?h=75&w=75&mode=stretch","Institute_City":"Thane","Institute_Rating":null,"Institute_Type":null,"Exams\/Courses":["UPSC (Prelims + Mains) One Year Foundation Coaching for GS - Online","UPSC (Prelims) Mock Test Series for GS + CSAT - Regular","UPSC (Prelims + Mains) Two Year Foundation Coaching for GS - Online","UPSC (Prelims) Mock Test Series for GS + CSAT - Online","UPSC (Prelims + Mains) Three Year Foundation Coaching for GS - Online","UPSC (Mains) Mock Test Series for GS + Optional - Regular","UPSC (Prelims + Mains) One Year Coaching for NCERT - Online","UPSC (Mains) Mock Test Series for GS + Optional - Online"],"Course_Fees":["\u20b9 99,000","\u20b9 5,900","\u20b9 149,000","\u20b9 5,900","\u20b9 199,000","\u20b9 22,400","\u20b9 40,000","\u20b9 22,400"],"Course_Time":["1 Year","5 Months","2 Years","5 Months","3 Years","5 Months","1 Year","5 Months"],"Program_Type":["Online Learning Programs","Test Series","Online Learning Programs","Test Series","Online Learning Programs","Test Series","Online Learning Programs","Test Series"]},{"Institute_Name":"Chahal Academy Gandhinagar","Institute_Centres":["Gandhinagar"],"Institute_Logo":"https:\/\/images.collegedunia.com\/public\/image\/institute\/logo_1717948597images (7).jpg?h=75&w=75&mode=stretch","Institute_City":"Gandhinagar","Institute_Rating":null,"Institute_Type":null,"Exams\/Courses":["UPSC (Prelims + Mains) One Year Foundation Coaching for GS - Online","UPSC (Prelims) Mock Test Series for GS + CSAT - Online","UPSC (Prelims + Mains) Two Year Foundation Coaching for GS - Online","UPSC (Mains) Mock Test Series for GS + Optional - Online","UPSC (Prelims + Mains) Three Year Foundation Coaching for GS - Online","UPSC (Mains) Mock Test Series for Ethics - Online","UPSC (Prelims + Mains) One Year Coaching for NCERT - Online","UPSC (Mains) Mock Test Series for Essay - Online"],"Course_Fees":["\u20b9 99,000","\u20b9 5,900","\u20b9 149,000","\u20b9 22,400","\u20b9 199,000","\u20b9 3,200","\u20b9 40,000","\u20b9 3,200"],"Course_Time":["1 Year","5 Months","2 Years","5 Months","3 Years","5 Months","1 Year","5 Months"],"Program_Type":["Online Learning Programs","Test Series","Online Learning Programs","Test Series","Online Learning Programs","Test Series","Online Learning Programs","Test Series"]}]